client_id,genre,age,ville,canal_acquisition,segment_marketing,nb_achats,ca_total,panier_moyen,derniere_achat,recence_jours,frequence_mensuelle,churn
1,M,21,Abidjan,Partenaire,Occasionnel,36,1114936.0,30970.444444444445,2024-11-19,42,1.0,0
2,F,28,Korhogo,Réseaux sociaux,Fidèle,40,1815481.0,45387.025,2024-12-30,1,1.1111111111111112,0
3,M,36,Abidjan,Mobile Money,Régulier,2,122029.0,61014.5,2022-09-10,843,0.05555555555555555,1
4,M,27,Abidjan,Boutique,Régulier,29,731922.0,25238.689655172413,2024-09-16,106,0.8055555555555556,1
5,F,30,Divo,Mobile Money,Occasionnel,26,834177.0,32083.73076923077,2024-09-24,98,0.7222222222222222,1
6,M,38,Abidjan,Partenaire,Occasionnel,15,448287.0,29885.8,2024-11-02,59,0.4166666666666667,0
7,M,30,Abidjan,Boutique,Nouveau,23,582523.0,25327.08695652174,2024-10-05,87,0.6388888888888888,0
8,M,36,Abidjan,Boutique,Régulier,30,892830.0,29761.0,2024-11-01,60,0.8333333333333334,0
9,F,51,Abidjan,Mobile Money,Occasionnel,30,1517688.0,50589.6,2024-12-08,23,0.8333333333333334,0
10,F,32,Abidjan,Boutique,Nouveau,31,1123557.0,36243.77419354839,2024-12-09,22,0.8611111111111112,0
11,F,46,Abidjan,Mobile Money,Nouveau,33,1405149.0,42580.27272727273,2024-09-28,94,0.9166666666666666,1
12,M,40,Abidjan,Site Web,Nouveau,24,816091.0,34003.791666666664,2024-12-22,9,0.6666666666666666,0
13,M,18,Abidjan,Boutique,Nouveau,38,1440892.0,37918.21052631579,2024-12-29,2,1.0555555555555556,0
14,M,21,Abidjan,Boutique,Nouveau,5,242626.0,48525.2,2024-09-23,99,0.1388888888888889,1
15,F,24,Abidjan,Réseaux sociaux,Occasionnel,35,833986.0,23828.17142857143,2024-12-15,16,0.9722222222222222,0
16,F,24,Divo,Mobile Money,Occasionnel,5,154013.0,30802.6,2024-06-01,213,0.1388888888888889,1
17,M,33,Abidjan,Mobile Money,Occasionnel,33,1008384.0,30557.090909090908,2024-12-02,29,0.9166666666666666,0
18,F,40,Abidjan,Boutique,Nouveau,26,707167.0,27198.73076923077,2024-10-25,67,0.7222222222222222,0
19,M,47,Korhogo,Site Web,Occasionnel,38,858427.0,22590.184210526317,2024-12-27,4,1.0555555555555556,0
20,M,37,Abidjan,Mobile Money,Régulier,34,768230.0,22595.0,2024-11-07,54,0.9444444444444444,0
21,M,29,Abidjan,Site Web,Nouveau,20,426818.0,21340.9,2024-10-13,79,0.5555555555555556,0
22,F,18,San-Pédro,Boutique,Nouveau,3,37402.0,12467.333333333334,2024-11-01,60,0.08333333333333333,1
23,M,34,Bouaké,Boutique,Occasionnel,31,775844.0,25027.225806451614,2024-10-31,61,0.8611111111111112,0
24,M,34,Abidjan,Boutique,Nouveau,2,77182.0,38591.0,2022-09-05,848,0.05555555555555555,1
25,M,36,Daloa,Mobile Money,Nouveau,23,688080.0,29916.521739130436,2024-09-22,100,0.6388888888888888,1
26,F,57,Yamoussoukro,Mobile Money,Occasionnel,27,1167058.0,43224.37037037037,2024-11-26,35,0.75,0
27,F,47,Abidjan,Site Web,Occasionnel,31,829617.0,26761.83870967742,2024-11-22,39,0.8611111111111112,0
28,F,42,Abidjan,Boutique,Régulier,3,103462.0,34487.333333333336,2023-05-21,590,0.08333333333333333,1
29,F,23,Abidjan,Boutique,Fidèle,44,1326727.0,30152.886363636364,2024-12-30,1,1.2222222222222223,0
30,M,28,San-Pédro,Partenaire,Occasionnel,1,42197.0,42197.0,2023-11-20,407,0.027777777777777776,1
31,M,32,Abidjan,Mobile Money,Occasionnel,29,1197788.0,41303.03448275862,2024-10-09,83,0.8055555555555556,0
32,M,25,Abidjan,Boutique,VIP,5,111647.0,22329.4,2023-02-24,676,0.1388888888888889,1
33,F,39,Abidjan,Boutique,Occasionnel,4,138421.0,34605.25,2023-05-03,608,0.1111111111111111,1
34,F,37,Man,Mobile Money,VIP,34,1056367.0,31069.617647058825,2024-12-30,1,0.9444444444444444,0
35,F,22,Abidjan,Partenaire,Régulier,34,1015350.0,29863.235294117647,2024-12-17,14,0.9444444444444444,0
36,F,47,Abidjan,Partenaire,Nouveau,27,1011015.0,37445.0,2024-12-01,30,0.75,0
37,F,35,Abidjan,Mobile Money,Nouveau,6,265400.0,44233.333333333336,2024-01-09,357,0.16666666666666666,1
38,F,18,Yamoussoukro,Partenaire,Nouveau,36,848316.0,23564.333333333332,2024-12-28,3,1.0,0
39,F,33,Abidjan,Mobile Money,Régulier,33,881449.0,26710.575757575756,2024-10-24,68,0.9166666666666666,0
40,M,37,Korhogo,Partenaire,Nouveau,4,137131.0,34282.75,2024-08-16,137,0.1111111111111111,1
41,F,44,Abidjan,Réseaux sociaux,Régulier,24,593049.0,24710.375,2024-12-20,11,0.6666666666666666,0
42,M,30,Abidjan,Mobile Money,Occasionnel,33,778217.0,23582.333333333332,2024-12-27,4,0.9166666666666666,0
43,M,43,Abidjan,Boutique,Fidèle,32,1069165.0,33411.40625,2024-12-10,21,0.8888888888888888,0
44,F,36,Abidjan,Site Web,Régulier,34,907553.0,26692.735294117647,2024-11-11,50,0.9444444444444444,0
45,M,19,Abidjan,Mobile Money,Nouveau,24,725855.0,30243.958333333332,2024-11-24,37,0.6666666666666666,1
46,M,18,Daloa,Boutique,Nouveau,29,864646.0,29815.379310344826,2024-12-07,24,0.8055555555555556,0
47,F,46,Abidjan,Site Web,Occasionnel,2,85852.0,42926.0,2023-12-26,371,0.05555555555555555,1
48,F,47,Daloa,Mobile Money,Régulier,26,720616.0,27716.0,2024-12-08,23,0.7222222222222222,1
49,M,37,Abidjan,Mobile Money,Régulier,5,204415.0,40883.0,2024-06-05,209,0.1388888888888889,1
50,F,50,Bouaké,Mobile Money,Occasionnel,36,839155.0,23309.86111111111,2024-12-14,17,1.0,0
51,F,45,Abidjan,Site Web,Régulier,5,267998.0,53599.6,2024-09-16,106,0.1388888888888889,1
52,F,41,Abidjan,Boutique,Occasionnel,45,1840715.0,40904.77777777778,2024-12-09,22,1.25,1
53,M,23,Abidjan,Boutique,Nouveau,28,890520.0,31804.285714285714,2024-12-26,5,0.7777777777777778,0
54,M,53,Divo,Mobile Money,Fidèle,4,102966.0,25741.5,2024-08-14,139,0.1111111111111111,1
55,M,39,Korhogo,Mobile Money,Occasionnel,20,755177.0,37758.85,2024-12-30,1,0.5555555555555556,0
56,M,29,San-Pédro,Site Web,Régulier,2,32686.0,16343.0,2024-06-15,199,0.05555555555555555,1
57,F,26,Korhogo,Mobile Money,Occasionnel,28,681516.0,24339.85714285714,2024-10-11,81,0.7777777777777778,0
58,M,36,Abidjan,Site Web,Occasionnel,32,908979.0,28405.59375,2024-12-25,6,0.8888888888888888,0
59,F,18,Abidjan,Boutique,Nouveau,31,767817.0,24768.290322580644,2024-12-29,2,0.8611111111111112,0
60,F,41,Abidjan,Site Web,Occasionnel,3,67617.0,22539.0,2024-11-10,51,0.08333333333333333,0
61,M,23,Korhogo,Boutique,Nouveau,32,1244066.0,38877.0625,2024-12-29,2,0.8888888888888888,0
62,F,38,Abidjan,Réseaux sociaux,Régulier,26,891802.0,34300.07692307692,2024-09-05,117,0.7222222222222222,1
63,M,28,Abidjan,Mobile Money,Nouveau,36,1083307.0,30091.86111111111,2024-12-13,18,1.0,1
64,M,31,Yamoussoukro,Réseaux sociaux,Nouveau,25,868144.0,34725.76,2024-11-03,58,0.6944444444444444,0
65,M,25,Abidjan,Mobile Money,Occasionnel,3,177684.0,59228.0,2024-04-14,261,0.08333333333333333,1
66,M,32,Daloa,Mobile Money,Occasionnel,2,27570.0,13785.0,2024-02-29,306,0.05555555555555555,1
67,M,54,Abidjan,Boutique,Occasionnel,24,500712.0,20863.0,2024-12-09,22,0.6666666666666666,0
68,F,49,Yamoussoukro,Mobile Money,Régulier,34,1085780.0,31934.70588235294,2024-12-16,15,0.9444444444444444,0
69,F,37,Korhogo,Boutique,Régulier,34,909067.0,26737.264705882353,2024-12-25,6,0.9444444444444444,0
70,F,33,Bouaké,Réseaux sociaux,Occasionnel,32,1045143.0,32660.71875,2024-12-24,7,0.8888888888888888,0
71,F,43,Abidjan,Site Web,Occasionnel,3,123474.0,41158.0,2024-12-08,23,0.08333333333333333,0
72,F,46,Abidjan,Site Web,Nouveau,30,1708242.0,56941.4,2024-11-08,53,0.8333333333333334,0
73,M,24,Abidjan,Partenaire,Occasionnel,24,902873.0,37619.708333333336,2024-09-05,117,0.6666666666666666,1
74,F,33,Abidjan,Boutique,Fidèle,28,1191217.0,42543.46428571428,2024-09-15,107,0.7777777777777778,1
75,F,18,Bouaké,Mobile Money,Occasionnel,1,9326.0,9326.0,2024-06-20,194,0.027777777777777776,1
76,F,46,Abidjan,Réseaux sociaux,Fidèle,38,1292714.0,34018.78947368421,2024-12-08,23,1.0555555555555556,0
77,F,56,Abidjan,Mobile Money,Nouveau,3,148900.0,49633.333333333336,2024-10-06,86,0.08333333333333333,0
78,M,34,Abidjan,Mobile Money,Régulier,35,966555.0,27615.85714285714,2024-09-12,110,0.9722222222222222,1
79,M,18,Divo,Mobile Money,Régulier,22,1045547.0,47524.86363636364,2024-11-27,34,0.6111111111111112,0
80,M,40,Abidjan,Mobile Money,Régulier,1,227874.0,227874.0,2022-10-11,812,0.027777777777777776,1
81,M,24,Abidjan,Mobile Money,Régulier,40,1553217.0,38830.425,2024-12-14,17,1.1111111111111112,0
82,F,26,Abidjan,Mobile Money,Nouveau,6,137349.0,22891.5,2024-11-18,43,0.16666666666666666,0
83,M,40,Abidjan,Boutique,Régulier,25,727260.0,29090.4,2024-10-17,75,0.6944444444444444,0
84,F,36,Man,Site Web,Occasionnel,1,9599.0,9599.0,2023-05-22,589,0.027777777777777776,1
85,F,28,Abidjan,Partenaire,Occasionnel,41,1393504.0,33987.90243902439,2024-12-11,20,1.1388888888888888,0
86,F,26,Yamoussoukro,Mobile Money,Nouveau,28,601526.0,21483.071428571428,2024-11-20,41,0.7777777777777778,0
87,M,35,Bouaké,Mobile Money,Nouveau,5,55510.0,11102.0,2024-08-05,148,0.1388888888888889,1
88,F,29,San-Pédro,Boutique,Fidèle,5,209792.0,41958.4,2024-07-04,180,0.1388888888888889,1
89,F,21,Yamoussoukro,Mobile Money,Nouveau,2,23073.0,11536.5,2024-10-05,87,0.05555555555555555,0
90,F,30,Daloa,Boutique,Occasionnel,41,977319.0,23837.048780487807,2024-12-18,13,1.1388888888888888,1
91,F,37,Abidjan,Site Web,Nouveau,21,582549.0,27740.428571428572,2024-12-15,16,0.5833333333333334,0
92,M,32,Abidjan,Site Web,Régulier,33,612621.0,18564.272727272728,2024-12-18,13,0.9166666666666666,0
93,F,18,Yamoussoukro,Mobile Money,Régulier,41,1024887.0,24997.243902439026,2024-12-05,26,1.1388888888888888,0
94,F,44,Bouaké,Site Web,Fidèle,30,774112.0,25803.733333333334,2024-12-26,5,0.8333333333333334,0
95,F,18,Abidjan,Site Web,Occasionnel,34,1399095.0,41149.85294117647,2024-12-11,20,0.9444444444444444,0
96,M,29,Abidjan,Réseaux sociaux,Nouveau,35,857854.0,24510.114285714284,2024-12-08,23,0.9722222222222222,0
97,F,27,Abidjan,Mobile Money,Nouveau,27,772500.0,28611.11111111111,2024-12-14,17,0.75,0
99,F,40,Abidjan,Site Web,Régulier,4,74691.0,18672.75,2024-10-26,66,0.1111111111111111,0
100,M,46,Abidjan,Mobile Money,VIP,31,1010026.0,32581.483870967742,2024-12-11,20,0.8611111111111112,0
101,M,26,Abidjan,Site Web,Nouveau,1,17872.0,17872.0,2024-09-18,104,0.027777777777777776,1
102,M,40,Bouaké,Site Web,Occasionnel,4,174120.0,43530.0,2024-03-17,289,0.1111111111111111,1
103,F,36,Yamoussoukro,Mobile Money,Régulier,28,941018.0,33607.78571428572,2024-12-24,7,0.7777777777777778,0
104,M,18,Bouaké,Boutique,Occasionnel,40,856214.0,21405.35,2024-11-09,52,1.1111111111111112,0
105,M,54,Yamoussoukro,Boutique,Régulier,4,178758.0,44689.5,2024-09-02,120,0.1111111111111111,1
106,M,18,Abidjan,Site Web,Occasionnel,18,577570.0,32087.222222222223,2024-12-04,27,0.5,0
107,F,38,Abidjan,Mobile Money,Nouveau,26,953945.0,36690.192307692305,2024-12-23,8,0.7222222222222222,0
108,F,38,Yamoussoukro,Boutique,Occasionnel,26,816724.0,31412.46153846154,2024-10-28,64,0.7222222222222222,0
109,F,37,San-Pédro,Mobile Money,Occasionnel,30,859697.0,28656.566666666666,2024-12-03,28,0.8333333333333334,1
110,M,28,Yamoussoukro,Site Web,Régulier,37,1122494.0,30337.675675675677,2024-11-05,56,1.0277777777777777,0
111,F,43,Yamoussoukro,Site Web,Nouveau,30,670190.0,22339.666666666668,2024-12-15,16,0.8333333333333334,0
112,F,18,Yamoussoukro,Boutique,Occasionnel,28,965945.0,34498.03571428572,2024-11-13,48,0.7777777777777778,0
113,F,33,Daloa,Boutique,VIP,3,96661.0,32220.333333333332,2023-08-09,510,0.08333333333333333,1
114,M,27,Yamoussoukro,Mobile Money,Occasionnel,31,635428.0,20497.677419354837,2024-11-09,52,0.8611111111111112,0
115,F,26,Daloa,Mobile Money,Nouveau,6,143420.0,23903.333333333332,2024-08-26,127,0.16666666666666666,1
116,M,38,Abidjan,Site Web,Fidèle,27,869276.0,32195.40740740741,2024-12-01,30,0.75,0
117,M,45,Abidjan,Mobile Money,Nouveau,2,32251.0,16125.5,2022-12-03,759,0.05555555555555555,1
118,M,30,Abidjan,Site Web,Régulier,32,1029507.0,32172.09375,2024-12-23,8,0.8888888888888888,0
119,F,42,Abidjan,Site Web,Nouveau,5,85826.0,17165.2,2023-06-20,560,0.1388888888888889,1
120,M,34,Daloa,Réseaux sociaux,Fidèle,5,91668.0,18333.6,2024-08-18,135,0.1388888888888889,1
121,M,24,Abidjan,Mobile Money,Nouveau,20,592882.0,29644.1,2024-10-24,68,0.5555555555555556,0
122,M,31,Abidjan,Boutique,Occasionnel,28,491065.0,17538.035714285714,2024-12-30,1,0.7777777777777778,0
123,F,30,Daloa,Mobile Money,VIP,1,4434.0,4434.0,2024-12-01,30,0.027777777777777776,1
124,F,26,Abidjan,Réseaux sociaux,Occasionnel,27,676867.0,25069.14814814815,2024-12-27,4,0.75,0
125,F,38,San-Pédro,Site Web,Nouveau,22,501834.0,22810.636363636364,2024-08-15,138,0.6111111111111112,1
126,F,36,Abidjan,Site Web,Nouveau,35,1218695.0,34819.857142857145,2024-12-06,25,0.9722222222222222,0
127,F,18,Abidjan,Site Web,Nouveau,1,41388.0,41388.0,2022-12-25,737,0.027777777777777776,1
128,F,18,Abidjan,Mobile Money,Nouveau,29,743180.0,25626.896551724138,2024-12-22,9,0.8055555555555556,0
129,F,38,Abidjan,Site Web,Occasionnel,24,670205.0,27925.208333333332,2024-10-23,69,0.6666666666666666,0
130,M,25,Abidjan,Réseaux sociaux,Occasionnel,31,856422.0,27626.516129032258,2024-12-30,1,0.8611111111111112,0
131,F,37,Abidjan,Mobile Money,Fidèle,43,1192958.0,27743.20930232558,2024-12-02,29,1.1944444444444444,1
132,M,42,Abidjan,Partenaire,Régulier,3,98397.0,32799.0,2024-05-14,231,0.08333333333333333,1
133,M,20,Abidjan,Réseaux sociaux,Fidèle,3,146316.0,48772.0,2024-05-08,237,0.08333333333333333,1
134,F,18,Daloa,Partenaire,Occasionnel,24,781595.0,32566.458333333332,2024-08-20,133,0.6666666666666666,1
135,M,52,Abidjan,Réseaux sociaux,Occasionnel,27,1030595.0,38170.18518518518,2024-11-09,52,0.75,0
136,F,37,Abidjan,Mobile Money,Occasionnel,22,741203.0,33691.045454545456,2024-12-27,4,0.6111111111111112,0
137,M,29,Abidjan,Boutique,Occasionnel,26,799249.0,30740.346153846152,2024-11-05,56,0.7222222222222222,0
138,F,23,Man,Mobile Money,Nouveau,3,123487.0,41162.333333333336,2024-12-16,15,0.08333333333333333,0
139,M,28,Daloa,Site Web,Fidèle,34,942286.0,27714.29411764706,2024-12-22,9,0.9444444444444444,0
140,F,20,Abengourou,Mobile Money,Régulier,38,1332101.0,35055.28947368421,2024-12-26,5,1.0555555555555556,0
141,F,43,Man,Réseaux sociaux,Nouveau,28,858272.0,30652.571428571428,2024-12-13,18,0.7777777777777778,0
142,F,25,Abidjan,Mobile Money,Occasionnel,26,536696.0,20642.153846153848,2024-12-28,3,0.7222222222222222,0
143,M,46,Yamoussoukro,Mobile Money,Nouveau,36,835344.0,23204.0,2024-11-17,44,1.0,0
144,M,29,Abidjan,Mobile Money,Occasionnel,29,760591.0,26227.275862068964,2024-12-07,24,0.8055555555555556,0
145,F,22,Korhogo,Site Web,Occasionnel,32,1443613.0,45112.90625,2024-12-28,3,0.8888888888888888,0
146,F,29,Abidjan,Mobile Money,Fidèle,2,108185.0,54092.5,2024-09-19,103,0.05555555555555555,1
147,F,18,Abidjan,Mobile Money,Occasionnel,26,774146.0,29774.846153846152,2024-12-18,13,0.7222222222222222,0
148,M,32,Man,Mobile Money,Occasionnel,4,86562.0,21640.5,2024-09-30,92,0.1111111111111111,1
149,F,32,San-Pédro,Mobile Money,Régulier,19,553566.0,29135.052631578947,2024-12-17,14,0.5277777777777778,0
150,F,43,Gagnoa,Partenaire,Fidèle,32,1012172.0,31630.375,2024-12-12,19,0.8888888888888888,0
151,M,18,Abidjan,Boutique,Régulier,4,141850.0,35462.5,2024-06-01,213,0.1111111111111111,1
152,M,46,Abidjan,Mobile Money,Occasionnel,4,161981.0,40495.25,2024-09-26,96,0.1111111111111111,1
153,F,43,Abidjan,Mobile Money,Occasionnel,28,1144472.0,40874.0,2024-12-14,17,0.7777777777777778,0
154,M,47,Abidjan,Mobile Money,Régulier,26,985050.0,37886.53846153846,2024-12-11,20,0.7222222222222222,0
155,F,33,Abidjan,Boutique,Régulier,24,814350.0,33931.25,2024-12-20,11,0.6666666666666666,0
156,M,45,Abidjan,Mobile Money,VIP,28,747091.0,26681.821428571428,2024-11-19,42,0.7777777777777778,0
157,F,18,Daloa,Mobile Money,Occasionnel,17,386532.0,22737.176470588234,2024-12-17,14,0.4722222222222222,0
158,M,41,Abidjan,Mobile Money,Régulier,19,740699.0,38984.15789473684,2024-09-30,92,0.5277777777777778,1
159,M,25,Yamoussoukro,Mobile Money,Nouveau,29,721573.0,24881.827586206895,2024-12-27,4,0.8055555555555556,0
160,M,18,San-Pédro,Site Web,Nouveau,26,731464.0,28133.23076923077,2024-12-18,13,0.7222222222222222,0
161,F,21,Bouaké,Mobile Money,Nouveau,25,563264.0,22530.56,2024-09-06,116,0.6944444444444444,1
162,M,34,Abidjan,Site Web,Nouveau,32,1497117.0,46784.90625,2024-12-19,12,0.8888888888888888,0
163,F,24,Abidjan,Site Web,Occasionnel,37,1170345.0,31630.945945945947,2024-12-16,15,1.0277777777777777,0
164,F,38,Abidjan,Réseaux sociaux,Occasionnel,7,137098.0,19585.428571428572,2024-08-24,129,0.19444444444444445,1
165,M,18,Daloa,Mobile Money,Régulier,4,103677.0,25919.25,2023-09-21,467,0.1111111111111111,1
166,F,18,Abidjan,Site Web,Régulier,30,1285601.0,42853.36666666667,2024-12-19,12,0.8333333333333334,0
167,M,49,Abidjan,Réseaux sociaux,Nouveau,24,459059.0,19127.458333333332,2024-12-18,13,0.6666666666666666,0
168,M,43,Abengourou,Partenaire,Régulier,1,33146.0,33146.0,2022-05-01,975,0.027777777777777776,1
169,F,22,Yamoussoukro,Réseaux sociaux,Nouveau,26,750812.0,28877.384615384617,2024-12-24,7,0.7222222222222222,0
170,M,33,San-Pédro,Mobile Money,Nouveau,28,785354.0,28048.35714285714,2024-11-12,49,0.7777777777777778,1
171,F,45,Abidjan,Partenaire,VIP,36,1155385.0,32094.027777777777,2024-12-23,8,1.0,0
172,F,38,Divo,Réseaux sociaux,Nouveau,27,755790.0,27992.222222222223,2024-11-22,39,0.75,0
173,F,35,Abidjan,Mobile Money,Nouveau,21,814170.0,38770.0,2024-12-26,5,0.5833333333333334,0
174,M,46,Abidjan,Mobile Money,Régulier,30,1111534.0,37051.13333333333,2024-12-04,27,0.8333333333333334,0
175,F,25,Korhogo,Partenaire,Occasionnel,33,1052507.0,31894.151515151516,2024-12-27,4,0.9166666666666666,0
176,F,34,Korhogo,Mobile Money,Occasionnel,36,1055891.0,29330.305555555555,2024-11-25,36,1.0,0
177,F,33,Abidjan,Site Web,Régulier,34,1252148.0,36827.882352941175,2024-09-09,113,0.9444444444444444,1
178,M,30,Abidjan,Boutique,Régulier,16,779869.0,48741.8125,2024-10-04,88,0.4444444444444444,0
179,M,29,Abidjan,Site Web,Occasionnel,2,81670.0,40835.0,2024-11-05,56,0.05555555555555555,1
180,M,34,Daloa,Mobile Money,Fidèle,32,1422596.0,44456.125,2024-12-15,16,0.8888888888888888,0
181,M,34,San-Pédro,Site Web,Nouveau,26,584283.0,22472.423076923078,2024-11-29,32,0.7222222222222222,0
182,M,22,Abidjan,Boutique,Occasionnel,37,1362165.0,36815.27027027027,2024-12-10,21,1.0277777777777777,0
183,F,42,Abidjan,Réseaux sociaux,Nouveau,37,1133155.0,30625.81081081081,2024-12-27,4,1.0277777777777777,0
184,F,23,Yamoussoukro,Mobile Money,Nouveau,1,15539.0,15539.0,2024-07-14,170,0.027777777777777776,1
185,M,31,Daloa,Mobile Money,VIP,3,101378.0,33792.666666666664,2024-12-04,27,0.08333333333333333,0
186,M,30,Abidjan,Mobile Money,Régulier,30,811137.0,27037.9,2024-11-16,45,0.8333333333333334,1
187,F,37,Bouaké,Mobile Money,Nouveau,28,638830.0,22815.35714285714,2024-12-30,1,0.7777777777777778,0
188,F,18,Abengourou,Partenaire,Occasionnel,35,1083046.0,30944.17142857143,2024-12-15,16,0.9722222222222222,0
189,M,43,Abidjan,Mobile Money,Nouveau,34,825113.0,24268.029411764706,2024-12-05,26,0.9444444444444444,0
190,F,26,Bouaké,Mobile Money,Régulier,22,480556.0,21843.454545454544,2024-07-13,171,0.6111111111111112,1
191,M,47,Bouaké,Réseaux sociaux,Occasionnel,23,1019857.0,44341.608695652176,2024-10-31,61,0.6388888888888888,0
192,F,28,Abidjan,Mobile Money,Fidèle,28,1002076.0,35788.42857142857,2024-12-12,19,0.7777777777777778,0
193,F,33,Korhogo,Mobile Money,Nouveau,22,569491.0,25885.954545454544,2024-09-11,111,0.6111111111111112,1
194,M,55,Bouaké,Site Web,Nouveau,19,973944.0,51260.21052631579,2024-10-22,70,0.5277777777777778,0
195,F,30,Abidjan,Boutique,Fidèle,40,1144139.0,28603.475,2024-12-29,2,1.1111111111111112,0
196,F,47,Abidjan,Réseaux sociaux,Fidèle,28,727488.0,25981.714285714286,2024-12-30,1,0.7777777777777778,0
197,M,34,Yamoussoukro,Site Web,Nouveau,28,774864.0,27673.714285714286,2024-07-25,159,0.7777777777777778,1
198,M,38,Abidjan,Mobile Money,Occasionnel,23,692932.0,30127.478260869564,2024-12-15,16,0.6388888888888888,0
199,F,34,Abidjan,Boutique,Fidèle,20,462459.0,23122.95,2024-12-13,18,0.5555555555555556,0
200,F,43,Abidjan,Réseaux sociaux,Régulier,31,872156.0,28134.064516129034,2024-12-15,16,0.8611111111111112,0
201,M,26,Bouaké,Boutique,Régulier,29,936611.0,32296.931034482757,2024-12-23,8,0.8055555555555556,0
202,M,23,Abengourou,Site Web,Régulier,25,895899.0,35835.96,2024-11-26,35,0.6944444444444444,0
203,F,26,Yamoussoukro,Boutique,Fidèle,42,1178915.0,28069.404761904763,2024-12-02,29,1.1666666666666667,0
204,F,35,San-Pédro,Boutique,Occasionnel,27,580029.0,21482.555555555555,2024-12-16,15,0.75,0
205,F,31,Abidjan,Site Web,Nouveau,21,787808.0,37514.666666666664,2024-11-19,42,0.5833333333333334,0
206,F,41,Abidjan,Mobile Money,Occasionnel,29,1198885.0,41340.862068965514,2024-11-14,47,0.8055555555555556,0
207,F,48,Gagnoa,Boutique,Régulier,32,1077344.0,33667.0,2024-11-29,32,0.8888888888888888,0
208,M,23,Abidjan,Mobile Money,Occasionnel,29,1273068.0,43898.89655172414,2024-11-03,58,0.8055555555555556,0
209,F,25,San-Pédro,Site Web,Nouveau,32,933967.0,29186.46875,2024-11-04,57,0.8888888888888888,0
210,F,18,Abidjan,Site Web,Régulier,3,83391.0,27797.0,2024-08-25,128,0.08333333333333333,1
211,M,56,Abidjan,Mobile Money,Occasionnel,1,4555.0,4555.0,2022-03-19,1018,0.027777777777777776,1
212,M,37,Bouaké,Mobile Money,VIP,7,195174.0,27882.0,2024-12-27,4,0.19444444444444445,0
213,F,39,Abidjan,Partenaire,Occasionnel,3,28954.0,9651.333333333334,2023-11-22,405,0.08333333333333333,1
214,M,19,Abidjan,Mobile Money,Régulier,27,1176715.0,43582.03703703704,2024-10-07,85,0.75,0
215,M,33,Abidjan,Mobile Money,Occasionnel,34,798514.0,23485.70588235294,2024-11-24,37,0.9444444444444444,0
216,M,39,Abidjan,Mobile Money,Nouveau,32,1083388.0,33855.875,2024-10-22,70,0.8888888888888888,1
217,F,31,Abidjan,Boutique,Occasionnel,27,587573.0,21761.962962962964,2024-11-14,47,0.75,1
218,F,45,Korhogo,Mobile Money,Nouveau,6,120309.0,20051.5,2024-09-20,102,0.16666666666666666,1
219,M,59,Abidjan,Réseaux sociaux,Régulier,5,111414.0,22282.8,2024-09-28,94,0.1388888888888889,1
220,F,23,San-Pédro,Site Web,Régulier,20,432510.0,21625.5,2024-10-27,65,0.5555555555555556,0
221,F,22,Bouaké,Mobile Money,Nouveau,2,77034.0,38517.0,2023-10-29,429,0.05555555555555555,1
222,F,24,Abidjan,Boutique,Occasionnel,30,1187983.0,39599.433333333334,2024-10-20,72,0.8333333333333334,0
223,M,51,Abidjan,Mobile Money,VIP,25,971351.0,38854.04,2024-12-24,7,0.6944444444444444,0
224,M,45,Man,Mobile Money,Nouveau,40,996027.0,24900.675,2024-11-29,32,1.1111111111111112,1
225,F,32,Bouaké,Site Web,Fidèle,2,11387.0,5693.5,2024-08-28,125,0.05555555555555555,1
226,M,34,Man,Mobile Money,Nouveau,21,689798.0,32847.52380952381,2024-12-19,12,0.5833333333333334,0
227,F,25,Abidjan,Réseaux sociaux,Nouveau,31,1075950.0,34708.06451612903,2024-12-21,10,0.8611111111111112,0
228,M,43,Yamoussoukro,Boutique,Occasionnel,28,906919.0,32389.964285714286,2024-12-16,15,0.7777777777777778,0
229,M,29,Daloa,Mobile Money,Nouveau,3,152185.0,50728.333333333336,2024-08-09,144,0.08333333333333333,1
230,F,31,Gagnoa,Partenaire,Fidèle,3,65628.0,21876.0,2024-04-23,252,0.08333333333333333,1
231,F,40,Abidjan,Boutique,Régulier,33,1213340.0,36767.878787878784,2024-12-25,6,0.9166666666666666,0
232,F,31,Divo,Mobile Money,Régulier,5,222567.0,44513.4,2024-12-01,30,0.1388888888888889,0
233,M,31,Abidjan,Boutique,Régulier,23,626664.0,27246.260869565216,2024-12-18,13,0.6388888888888888,0
234,M,34,San-Pédro,Partenaire,Régulier,1,18305.0,18305.0,2023-08-12,507,0.027777777777777776,1
235,M,42,Abidjan,Boutique,Régulier,22,405506.0,18432.090909090908,2024-12-20,11,0.6111111111111112,1
236,M,52,Bouaké,Boutique,Régulier,37,1047359.0,28307.0,2024-11-10,51,1.0277777777777777,0
237,F,40,Abidjan,Boutique,Fidèle,2,57662.0,28831.0,2024-09-13,109,0.05555555555555555,1
238,M,42,San-Pédro,Mobile Money,Occasionnel,5,201761.0,40352.2,2024-08-11,142,0.1388888888888889,1
239,F,31,Abidjan,Mobile Money,Occasionnel,36,991408.0,27539.11111111111,2024-11-23,38,1.0,0
240,F,26,Abidjan,Boutique,Occasionnel,3,23138.0,7712.666666666667,2024-10-11,81,0.08333333333333333,1
241,M,41,Bouaké,Réseaux sociaux,Occasionnel,24,498981.0,20790.875,2024-09-27,95,0.6666666666666666,1
242,M,35,Daloa,Site Web,Nouveau,23,772394.0,33582.34782608696,2024-12-16,15,0.6388888888888888,0
243,F,18,Abidjan,Mobile Money,Occasionnel,28,733331.0,26190.39285714286,2024-12-18,13,0.7777777777777778,1
244,M,30,Yamoussoukro,Boutique,Occasionnel,32,993493.0,31046.65625,2024-12-14,17,0.8888888888888888,0
245,M,33,Abidjan,Mobile Money,Nouveau,27,1153063.0,42706.03703703704,2024-12-10,21,0.75,0
246,M,28,Yamoussoukro,Mobile Money,Fidèle,31,1297301.0,41848.41935483871,2024-11-27,34,0.8611111111111112,0
247,M,50,Yamoussoukro,Site Web,Régulier,34,709050.0,20854.41176470588,2024-12-20,11,0.9444444444444444,0
248,F,39,Yamoussoukro,Mobile Money,Nouveau,28,802368.0,28656.0,2024-12-22,9,0.7777777777777778,1
249,F,49,San-Pédro,Réseaux sociaux,Fidèle,26,668036.0,25693.69230769231,2024-09-12,110,0.7222222222222222,1
250,F,36,Abidjan,Boutique,Fidèle,31,685463.0,22111.709677419356,2024-11-22,39,0.8611111111111112,0
251,M,34,Abidjan,Site Web,Fidèle,27,1015759.0,37620.7037037037,2024-12-04,27,0.75,0
252,M,23,Yamoussoukro,Réseaux sociaux,Nouveau,33,1295879.0,39269.06060606061,2024-11-06,55,0.9166666666666666,0
253,F,34,Abidjan,Site Web,Occasionnel,25,950592.0,38023.68,2024-04-08,267,0.6944444444444444,1
254,F,34,Abidjan,Réseaux sociaux,Occasionnel,35,1090314.0,31151.82857142857,2024-12-20,11,0.9722222222222222,0
255,F,18,Daloa,Réseaux sociaux,Régulier,38,1117836.0,29416.736842105263,2024-10-18,74,1.0555555555555556,0
256,M,28,Abidjan,Boutique,Régulier,4,124840.0,31210.0,2023-08-24,495,0.1111111111111111,1
257,M,30,Abidjan,Mobile Money,Régulier,6,303888.0,50648.0,2024-07-30,154,0.16666666666666666,1
258,F,38,Abengourou,Mobile Money,Régulier,38,1102032.0,29000.842105263157,2024-12-29,2,1.0555555555555556,0
259,F,39,Abidjan,Réseaux sociaux,Fidèle,33,879725.0,26658.333333333332,2024-12-28,3,0.9166666666666666,0
260,M,27,Abidjan,Mobile Money,Occasionnel,39,957773.0,24558.28205128205,2024-12-30,1,1.0833333333333333,0
261,F,39,Abidjan,Partenaire,Fidèle,34,958168.0,28181.41176470588,2024-12-29,2,0.9444444444444444,0
262,M,31,Abidjan,Mobile Money,Régulier,30,873723.0,29124.1,2024-12-18,13,0.8333333333333334,0
263,F,18,Yamoussoukro,Site Web,Nouveau,25,682647.0,27305.88,2024-08-23,130,0.6944444444444444,1
264,F,28,Daloa,Mobile Money,Régulier,26,992863.0,38187.03846153846,2024-12-23,8,0.7222222222222222,0
265,M,45,Bouaké,Partenaire,Nouveau,26,619037.0,23809.115384615383,2024-12-09,22,0.7222222222222222,0
266,F,18,Abidjan,Mobile Money,Nouveau,3,40380.0,13460.0,2024-10-06,86,0.08333333333333333,1
267,F,35,Abidjan,Boutique,VIP,31,1278258.0,41234.12903225807,2024-10-31,61,0.8611111111111112,0
268,F,51,Abidjan,Réseaux sociaux,Occasionnel,32,967308.0,30228.375,2024-12-26,5,0.8888888888888888,0
269,F,25,Yamoussoukro,Mobile Money,Occasionnel,4,35548.0,8887.0,2023-09-26,462,0.1111111111111111,1
270,F,34,Bouaké,Mobile Money,VIP,34,877067.0,25796.08823529412,2024-12-30,1,0.9444444444444444,0
271,F,19,Abidjan,Réseaux sociaux,Occasionnel,30,705328.0,23510.933333333334,2024-10-22,70,0.8333333333333334,0
272,F,51,San-Pédro,Réseaux sociaux,Nouveau,30,667442.0,22248.066666666666,2024-12-19,12,0.8333333333333334,0
273,F,33,Daloa,Mobile Money,Nouveau,22,1066867.0,48493.954545454544,2024-12-15,16,0.6111111111111112,0
274,M,34,Abidjan,Boutique,Occasionnel,36,857212.0,23811.444444444445,2024-11-28,33,1.0,0
275,M,48,Bouaké,Mobile Money,Nouveau,30,639362.0,21312.066666666666,2024-12-25,6,0.8333333333333334,0
276,F,41,Bouaké,Mobile Money,Nouveau,17,754377.0,44375.117647058825,2024-12-09,22,0.4722222222222222,0
277,F,24,Abidjan,Site Web,Régulier,26,749318.0,28819.923076923078,2024-12-09,22,0.7222222222222222,0
278,F,26,Abidjan,Mobile Money,Nouveau,29,750413.0,25876.310344827587,2024-12-02,29,0.8055555555555556,0
279,M,39,Yamoussoukro,Boutique,Occasionnel,28,634747.0,22669.535714285714,2024-12-25,6,0.7777777777777778,0
280,M,27,Man,Mobile Money,Nouveau,25,761501.0,30460.04,2024-11-17,44,0.6944444444444444,0
281,F,18,Bouaké,Réseaux sociaux,Occasionnel,22,530961.0,24134.590909090908,2024-11-20,41,0.6111111111111112,0
282,F,33,Bouaké,Boutique,Régulier,26,827776.0,31837.53846153846,2024-10-21,71,0.7222222222222222,0
283,F,18,Bouaké,Mobile Money,Occasionnel,25,490104.0,19604.16,2024-12-23,8,0.6944444444444444,0
284,F,51,Abidjan,Partenaire,Nouveau,22,832397.0,37836.22727272727,2024-08-15,138,0.6111111111111112,1
285,M,35,Abidjan,Réseaux sociaux,Nouveau,40,1131573.0,28289.325,2024-12-10,21,1.1111111111111112,0
286,F,24,Abidjan,Mobile Money,Nouveau,29,895222.0,30869.724137931036,2024-12-23,8,0.8055555555555556,0
287,F,26,Korhogo,Partenaire,Nouveau,28,922624.0,32950.857142857145,2024-12-17,14,0.7777777777777778,0
288,F,18,San-Pédro,Mobile Money,Occasionnel,24,643981.0,26832.541666666668,2024-10-30,62,0.6666666666666666,0
289,M,21,Man,Mobile Money,Nouveau,38,1216899.0,32023.657894736843,2024-12-25,6,1.0555555555555556,0
290,F,45,Abidjan,Boutique,Nouveau,27,607052.0,22483.40740740741,2024-12-28,3,0.75,0
291,M,58,Abidjan,Mobile Money,Nouveau,27,563966.0,20887.62962962963,2024-08-12,141,0.75,1
292,F,41,Bouaké,Site Web,Régulier,5,286702.0,57340.4,2024-09-09,113,0.1388888888888889,1
293,M,32,Abidjan,Boutique,Occasionnel,33,924806.0,28024.424242424244,2024-12-19,12,0.9166666666666666,0
294,F,29,Abidjan,Réseaux sociaux,Occasionnel,26,762999.0,29346.115384615383,2024-10-24,68,0.7222222222222222,0
295,M,23,Daloa,Mobile Money,Occasionnel,4,51528.0,12882.0,2024-02-15,320,0.1111111111111111,1
296,M,56,Yamoussoukro,Mobile Money,Occasionnel,34,852350.0,25069.117647058825,2024-10-02,90,0.9444444444444444,0
297,M,31,Bouaké,Boutique,Nouveau,40,1321071.0,33026.775,2024-11-20,41,1.1111111111111112,0
298,M,57,Abidjan,Mobile Money,Occasionnel,33,966964.0,29301.939393939392,2024-11-30,31,0.9166666666666666,0
299,M,49,Abidjan,Partenaire,Occasionnel,32,978201.0,30568.78125,2024-11-12,49,0.8888888888888888,0
300,M,18,Abidjan,Site Web,Occasionnel,29,980029.0,33794.10344827586,2024-12-05,26,0.8055555555555556,0
301,M,26,Abidjan,Site Web,Nouveau,6,94891.0,15815.166666666666,2024-03-09,297,0.16666666666666666,1
302,F,26,Abidjan,Site Web,Fidèle,38,1024221.0,26953.184210526317,2024-12-26,5,1.0555555555555556,0
303,M,33,Abidjan,Mobile Money,Régulier,30,808634.0,26954.466666666667,2024-10-19,73,0.8333333333333334,0
304,F,33,Gagnoa,Mobile Money,Nouveau,37,1096436.0,29633.405405405407,2024-12-13,18,1.0277777777777777,0
306,F,22,Abidjan,Réseaux sociaux,Nouveau,21,468738.0,22320.85714285714,2024-10-14,78,0.5833333333333334,0
307,F,36,Abidjan,Mobile Money,Nouveau,32,811105.0,25347.03125,2024-11-14,47,0.8888888888888888,0
308,M,40,Yamoussoukro,Mobile Money,Nouveau,28,690010.0,24643.214285714286,2024-10-26,66,0.7777777777777778,0
309,F,33,Abidjan,Site Web,Fidèle,35,1015522.0,29014.914285714287,2024-12-10,21,0.9722222222222222,0
310,F,35,Abidjan,Mobile Money,Nouveau,29,916521.0,31604.172413793105,2024-12-28,3,0.8055555555555556,0
311,F,22,Abidjan,Boutique,Régulier,3,45731.0,15243.666666666666,2024-11-25,36,0.08333333333333333,0
312,F,35,Abidjan,Mobile Money,Régulier,4,186160.0,46540.0,2024-04-08,267,0.1111111111111111,1
313,F,39,Bouaké,Boutique,Occasionnel,26,748832.0,28801.23076923077,2024-12-08,23,0.7222222222222222,0
314,F,37,Abidjan,Boutique,Occasionnel,34,1302596.0,38311.64705882353,2024-11-23,38,0.9444444444444444,0
315,F,40,Abidjan,Réseaux sociaux,Nouveau,29,894533.0,30845.96551724138,2024-12-25,6,0.8055555555555556,0
316,F,49,Daloa,Site Web,Régulier,25,681381.0,27255.24,2024-12-18,13,0.6944444444444444,0
317,F,44,Abidjan,Mobile Money,Occasionnel,29,740950.0,25550.0,2024-11-30,31,0.8055555555555556,0
318,M,34,Bouaké,Site Web,Occasionnel,31,957968.0,30902.1935483871,2024-10-02,90,0.8611111111111112,0
319,F,21,Abidjan,Site Web,Nouveau,27,968650.0,35875.92592592593,2024-12-16,15,0.75,0
320,M,27,Bouaké,Site Web,Régulier,25,550788.0,22031.52,2024-12-17,14,0.6944444444444444,0
321,M,31,Abidjan,Partenaire,Régulier,17,563202.0,33129.529411764706,2024-07-25,159,0.4722222222222222,1
322,F,36,Abidjan,Réseaux sociaux,Occasionnel,26,757092.0,29118.923076923078,2024-12-03,28,0.7222222222222222,0
323,F,28,Abidjan,Mobile Money,Occasionnel,35,980480.0,28013.714285714286,2024-12-14,17,0.9722222222222222,0
324,M,23,Abengourou,Boutique,Nouveau,32,915754.0,28617.3125,2024-12-28,3,0.8888888888888888,1
325,M,20,Abidjan,Boutique,Nouveau,32,653367.0,20417.71875,2024-12-19,12,0.8888888888888888,1
326,M,18,Man,Boutique,Nouveau,23,496413.0,21583.17391304348,2024-12-21,10,0.6388888888888888,0
327,M,31,Man,Partenaire,Régulier,35,1103693.0,31534.085714285713,2024-12-27,4,0.9722222222222222,0
328,M,18,Abidjan,Site Web,Nouveau,32,1298579.0,40580.59375,2024-12-10,21,0.8888888888888888,0
329,M,22,Abidjan,Mobile Money,Nouveau,4,146119.0,36529.75,2024-07-25,159,0.1111111111111111,1
330,F,29,Abidjan,Partenaire,Nouveau,34,936444.0,27542.470588235294,2024-11-11,50,0.9444444444444444,0
331,M,19,Abengourou,Site Web,Nouveau,30,793529.0,26450.966666666667,2024-12-05,26,0.8333333333333334,0
332,F,38,Bouaké,Mobile Money,Occasionnel,30,625520.0,20850.666666666668,2024-12-10,21,0.8333333333333334,0
333,M,42,Abidjan,Réseaux sociaux,Régulier,29,747715.0,25783.275862068964,2024-11-24,37,0.8055555555555556,0
334,M,27,Abidjan,Boutique,Occasionnel,2,36901.0,18450.5,2023-04-02,639,0.05555555555555555,1
335,F,29,San-Pédro,Boutique,Occasionnel,30,705579.0,23519.3,2024-12-05,26,0.8333333333333334,0
336,M,39,Abidjan,Boutique,Occasionnel,29,730031.0,25173.48275862069,2024-12-22,9,0.8055555555555556,0
337,F,26,Abidjan,Partenaire,Occasionnel,32,1151559.0,35986.21875,2024-11-24,37,0.8888888888888888,0
338,M,25,Abidjan,Mobile Money,Fidèle,35,1221021.0,34886.31428571429,2024-12-19,12,0.9722222222222222,0
339,F,47,Abidjan,Mobile Money,Régulier,20,426640.0,21332.0,2024-12-03,28,0.5555555555555556,0
340,M,43,Korhogo,Site Web,Fidèle,25,870230.0,34809.2,2024-12-23,8,0.6944444444444444,0
341,F,40,Daloa,Réseaux sociaux,Fidèle,4,131079.0,32769.75,2024-06-29,185,0.1111111111111111,1
342,M,44,Abidjan,Mobile Money,Fidèle,24,679176.0,28299.0,2024-11-13,48,0.6666666666666666,0
343,M,18,Abidjan,Mobile Money,Occasionnel,19,312180.0,16430.526315789473,2024-12-17,14,0.5277777777777778,0
344,M,48,Daloa,Partenaire,Occasionnel,20,647210.0,32360.5,2024-12-11,20,0.5555555555555556,0
345,M,38,Abidjan,Site Web,Régulier,28,722162.0,25791.5,2024-11-15,46,0.7777777777777778,0
346,M,45,Abidjan,Boutique,Nouveau,36,717185.0,19921.805555555555,2024-12-10,21,1.0,0
347,M,38,Abidjan,Boutique,Occasionnel,28,749119.0,26754.25,2024-12-02,29,0.7777777777777778,0
348,F,34,Bouaké,Boutique,Fidèle,29,860103.0,29658.724137931036,2024-11-25,36,0.8055555555555556,0
349,M,30,Gagnoa,Site Web,Occasionnel,29,704833.0,24304.58620689655,2024-12-30,1,0.8055555555555556,0
351,M,30,Abidjan,Site Web,Occasionnel,28,907643.0,32415.821428571428,2024-10-17,75,0.7777777777777778,1
352,F,43,Yamoussoukro,Mobile Money,Nouveau,25,1051772.0,42070.88,2024-11-15,46,0.6944444444444444,0
353,M,18,Abidjan,Réseaux sociaux,Occasionnel,31,920051.0,29679.064516129034,2024-12-19,12,0.8611111111111112,1
354,M,28,Korhogo,Mobile Money,Occasionnel,28,692110.0,24718.214285714286,2024-09-21,101,0.7777777777777778,1
355,F,56,Abidjan,Réseaux sociaux,Occasionnel,39,1098873.0,28176.23076923077,2024-11-13,48,1.0833333333333333,0
356,M,27,Abidjan,Mobile Money,Occasionnel,31,1075360.0,34689.032258064515,2024-12-24,7,0.8611111111111112,0
357,M,31,Abidjan,Mobile Money,Nouveau,35,937341.0,26781.17142857143,2024-12-25,6,0.9722222222222222,0
358,M,24,Abidjan,Mobile Money,Occasionnel,27,516228.0,19119.555555555555,2024-12-21,10,0.75,0
359,F,37,Abidjan,Mobile Money,Nouveau,26,1003211.0,38585.03846153846,2024-12-13,18,0.7222222222222222,0
360,M,25,Bouaké,Boutique,Occasionnel,26,914348.0,35167.230769230766,2024-12-05,26,0.7222222222222222,1
361,M,31,Daloa,Site Web,Régulier,3,27339.0,9113.0,2024-08-30,123,0.08333333333333333,1
362,F,43,San-Pédro,Réseaux sociaux,Nouveau,34,1103505.0,32456.029411764706,2024-12-04,27,0.9444444444444444,0
363,F,26,Abidjan,Boutique,Fidèle,38,1071424.0,28195.36842105263,2024-12-23,8,1.0555555555555556,0
364,F,42,Abidjan,Boutique,Régulier,23,579683.0,25203.608695652172,2024-12-11,20,0.6388888888888888,0
365,M,43,Abidjan,Mobile Money,Nouveau,32,1084811.0,33900.34375,2024-12-26,5,0.8888888888888888,0
366,F,45,Abidjan,Réseaux sociaux,Occasionnel,36,839338.0,23314.944444444445,2024-10-22,70,1.0,0
367,M,35,Abidjan,Mobile Money,Nouveau,30,605759.0,20191.966666666667,2024-09-10,112,0.8333333333333334,1
368,M,69,Korhogo,Mobile Money,Nouveau,2,122028.0,61014.0,2022-10-24,799,0.05555555555555555,1
369,F,45,Gagnoa,Mobile Money,Fidèle,27,910825.0,33734.25925925926,2024-12-24,7,0.75,0
370,M,37,Abidjan,Mobile Money,Régulier,38,1035764.0,27256.947368421053,2024-12-20,11,1.0555555555555556,0
371,M,24,Daloa,Boutique,Régulier,29,765880.0,26409.655172413793,2024-12-27,4,0.8055555555555556,1
372,F,32,Bouaké,Mobile Money,Régulier,1,47187.0,47187.0,2023-09-02,486,0.027777777777777776,1
373,F,49,Abidjan,Mobile Money,Fidèle,22,853813.0,38809.681818181816,2024-09-04,118,0.6111111111111112,1
374,F,52,Bouaké,Réseaux sociaux,Fidèle,1,22734.0,22734.0,2022-10-02,821,0.027777777777777776,1
375,F,50,Abidjan,Mobile Money,Nouveau,33,1082864.0,32814.06060606061,2024-12-28,3,0.9166666666666666,0
376,F,42,Abidjan,Site Web,Nouveau,27,609558.0,22576.222222222223,2024-11-25,36,0.75,0
377,M,20,Abengourou,Boutique,Occasionnel,3,109658.0,36552.666666666664,2023-09-26,462,0.08333333333333333,1
378,F,39,Bouaké,Réseaux sociaux,Nouveau,32,820842.0,25651.3125,2024-05-08,237,0.8888888888888888,1
379,F,20,Abidjan,Site Web,Occasionnel,43,1068090.0,24839.302325581397,2024-12-07,24,1.1944444444444444,0
380,M,18,Abidjan,Mobile Money,Nouveau,36,852942.0,23692.833333333332,2024-09-26,96,1.0,1
381,M,36,Divo,Réseaux sociaux,Régulier,30,956835.0,31894.5,2024-12-27,4,0.8333333333333334,0
382,M,39,Abidjan,Boutique,Nouveau,1,16636.0,16636.0,2022-07-03,912,0.027777777777777776,1
384,F,39,Korhogo,Site Web,Occasionnel,46,1342225.0,29178.804347826088,2024-12-16,15,1.2777777777777777,0
385,F,39,Abidjan,Site Web,Nouveau,34,1086991.0,31970.323529411766,2024-08-22,131,0.9444444444444444,1
386,M,23,Yamoussoukro,Mobile Money,Fidèle,28,788949.0,28176.75,2024-12-23,8,0.7777777777777778,0
387,M,32,Yamoussoukro,Boutique,Occasionnel,23,826532.0,35936.17391304348,2024-11-21,40,0.6388888888888888,0
388,M,18,Daloa,Mobile Money,Régulier,26,745271.0,28664.26923076923,2024-11-17,44,0.7222222222222222,0
389,F,18,Abidjan,Boutique,Fidèle,25,1244792.0,49791.68,2024-12-22,9,0.6944444444444444,0
390,M,42,Abidjan,Partenaire,Nouveau,4,209843.0,52460.75,2024-10-24,68,0.1111111111111111,0
391,M,25,Abidjan,Boutique,Nouveau,30,706385.0,23546.166666666668,2024-10-25,67,0.8333333333333334,0
392,F,43,Bouaké,Partenaire,Nouveau,30,994180.0,33139.333333333336,2024-12-18,13,0.8333333333333334,1
393,M,46,Daloa,Mobile Money,Nouveau,2,31608.0,15804.0,2023-05-06,605,0.05555555555555555,1
394,M,27,Daloa,Site Web,Fidèle,9,521621.0,57957.88888888889,2024-04-15,260,0.25,1
395,F,40,Bouaké,Partenaire,Régulier,22,984485.0,44749.318181818184,2024-12-02,29,0.6111111111111112,0
396,F,26,Abidjan,Site Web,Occasionnel,34,847867.0,24937.264705882353,2024-11-10,51,0.9444444444444444,0
397,M,18,Abidjan,Mobile Money,Régulier,21,599167.0,28531.761904761905,2024-03-07,299,0.5833333333333334,1
398,F,35,Daloa,Mobile Money,Fidèle,31,915611.0,29535.83870967742,2024-11-19,42,0.8611111111111112,0
399,F,28,Abidjan,Mobile Money,Nouveau,36,1574981.0,43749.47222222222,2024-12-18,13,1.0,0
400,F,29,Daloa,Site Web,Nouveau,25,677057.0,27082.28,2024-10-30,62,0.6944444444444444,0
401,F,55,Abidjan,Partenaire,Fidèle,29,982343.0,33873.89655172414,2024-12-30,1,0.8055555555555556,0
402,M,18,Abidjan,Boutique,Régulier,29,638378.0,22013.03448275862,2024-11-17,44,0.8055555555555556,0
403,M,38,Man,Mobile Money,Nouveau,4,220271.0,55067.75,2024-05-17,228,0.1111111111111111,1
404,F,23,Abidjan,Mobile Money,Occasionnel,4,44743.0,11185.75,2024-11-28,33,0.1111111111111111,1
405,M,43,Abidjan,Boutique,Nouveau,29,692875.0,23892.241379310344,2024-11-26,35,0.8055555555555556,0
406,M,37,Yamoussoukro,Boutique,Régulier,36,1203916.0,33442.11111111111,2024-12-19,12,1.0,0
407,F,38,Bouaké,Mobile Money,Régulier,18,541331.0,30073.944444444445,2024-12-17,14,0.5,0
408,M,23,Divo,Site Web,Nouveau,29,824200.0,28420.689655172413,2024-12-05,26,0.8055555555555556,0
409,F,25,Korhogo,Mobile Money,Régulier,3,72732.0,24244.0,2022-08-27,857,0.08333333333333333,1
410,M,44,Daloa,Site Web,Occasionnel,25,780566.0,31222.64,2024-11-25,36,0.6944444444444444,0
411,M,53,Abidjan,Boutique,Régulier,33,641556.0,19441.090909090908,2024-12-01,30,0.9166666666666666,0
412,M,39,Abidjan,Mobile Money,Régulier,37,952953.0,25755.486486486487,2024-12-13,18,1.0277777777777777,0
413,F,24,Korhogo,Site Web,Occasionnel,30,800783.0,26692.766666666666,2024-12-10,21,0.8333333333333334,0
414,M,37,Abidjan,Site Web,Nouveau,33,1178843.0,35722.51515151515,2024-12-30,1,0.9166666666666666,0
415,F,60,Gagnoa,Boutique,Nouveau,21,431945.0,20568.809523809523,2024-12-19,12,0.5833333333333334,0
416,F,35,Yamoussoukro,Site Web,Régulier,31,649177.0,20941.1935483871,2024-11-01,60,0.8611111111111112,0
417,F,50,Abidjan,Boutique,Régulier,20,483972.0,24198.6,2024-10-13,79,0.5555555555555556,0
418,M,25,Abidjan,Mobile Money,Nouveau,4,45833.0,11458.25,2023-09-25,463,0.1111111111111111,1
419,F,33,Yamoussoukro,Partenaire,VIP,31,1393935.0,44965.645161290326,2024-12-25,6,0.8611111111111112,0
420,M,40,Abidjan,Partenaire,Régulier,34,1184332.0,34833.294117647056,2024-12-13,18,0.9444444444444444,0
421,M,38,Abidjan,Mobile Money,Nouveau,29,654551.0,22570.724137931036,2024-12-22,9,0.8055555555555556,0
422,F,25,Yamoussoukro,Partenaire,Nouveau,4,103277.0,25819.25,2024-09-27,95,0.1111111111111111,1
423,F,25,Abidjan,Site Web,Occasionnel,22,649527.0,29523.954545454544,2024-10-11,81,0.6111111111111112,0
424,F,44,Abidjan,Mobile Money,Nouveau,35,731526.0,20900.742857142857,2024-11-25,36,0.9722222222222222,0
425,M,47,Yamoussoukro,Boutique,VIP,34,1265270.0,37213.82352941176,2024-12-13,18,0.9444444444444444,0
426,M,50,Daloa,Mobile Money,Régulier,29,907125.0,31280.172413793105,2024-12-23,8,0.8055555555555556,0
427,F,53,Abidjan,Boutique,Nouveau,3,18981.0,6327.0,2024-08-10,143,0.08333333333333333,1
428,M,35,Divo,Partenaire,Occasionnel,34,1106280.0,32537.647058823528,2024-12-09,22,0.9444444444444444,0
429,F,30,Man,Boutique,Nouveau,26,480725.0,18489.423076923078,2024-12-19,12,0.7222222222222222,0
430,M,48,Abidjan,Boutique,Occasionnel,3,61644.0,20548.0,2024-05-22,223,0.08333333333333333,1
431,M,41,Abidjan,Mobile Money,Nouveau,24,650638.0,27109.916666666668,2024-10-18,74,0.6666666666666666,0
432,M,23,Daloa,Boutique,Fidèle,28,652257.0,23294.89285714286,2024-11-22,39,0.7777777777777778,0
433,M,22,Abidjan,Réseaux sociaux,Régulier,27,764943.0,28331.222222222223,2024-10-13,79,0.75,0
434,M,39,San-Pédro,Mobile Money,Fidèle,27,927044.0,34334.96296296296,2024-11-11,50,0.75,0
435,F,32,Bouaké,Boutique,Nouveau,2,29044.0,14522.0,2023-05-06,605,0.05555555555555555,1
436,F,33,Abidjan,Boutique,Occasionnel,26,718568.0,27637.23076923077,2024-12-23,8,0.7222222222222222,0
437,F,45,Bouaké,Site Web,Régulier,27,636921.0,23589.666666666668,2024-12-02,29,0.75,0
438,F,42,Abidjan,Site Web,Occasionnel,1,28389.0,28389.0,2024-11-03,58,0.027777777777777776,0
439,M,48,Man,Site Web,Occasionnel,18,458340.0,25463.333333333332,2024-11-19,42,0.5,0
440,M,18,Abidjan,Boutique,VIP,46,1524623.0,33143.97826086957,2024-12-20,11,1.2777777777777777,0
441,M,36,Man,Boutique,Régulier,40,954624.0,23865.6,2024-12-26,5,1.1111111111111112,0
442,F,41,Abidjan,Site Web,Fidèle,33,607889.0,18420.878787878788,2024-11-21,40,0.9166666666666666,0
443,M,18,Daloa,Site Web,Occasionnel,33,964214.0,29218.60606060606,2024-12-20,11,0.9166666666666666,0
444,F,26,Man,Boutique,Occasionnel,27,837751.0,31027.814814814814,2024-12-29,2,0.75,0
445,F,24,Abidjan,Réseaux sociaux,Occasionnel,29,672806.0,23200.206896551725,2024-11-26,35,0.8055555555555556,0
446,M,34,Abidjan,Mobile Money,Occasionnel,36,1247339.0,34648.305555555555,2024-11-07,54,1.0,0
447,M,51,San-Pédro,Mobile Money,Nouveau,26,747200.0,28738.46153846154,2024-11-02,59,0.7222222222222222,0
448,M,56,San-Pédro,Partenaire,Fidèle,25,573779.0,22951.16,2024-12-25,6,0.6944444444444444,0
449,F,25,Abidjan,Mobile Money,Occasionnel,42,1338899.0,31878.54761904762,2024-12-13,18,1.1666666666666667,1
450,M,39,Abidjan,Réseaux sociaux,Occasionnel,38,935776.0,24625.684210526317,2024-12-13,18,1.0555555555555556,0
451,F,40,San-Pédro,Site Web,Fidèle,34,1038673.0,30549.20588235294,2024-09-17,105,0.9444444444444444,1
452,M,38,Abidjan,Réseaux sociaux,Régulier,29,836073.0,28830.103448275862,2024-12-11,20,0.8055555555555556,0
453,M,38,Bouaké,Boutique,Nouveau,2,13696.0,6848.0,2024-08-23,130,0.05555555555555555,1
454,F,37,Abidjan,Réseaux sociaux,Régulier,3,115852.0,38617.333333333336,2024-08-20,133,0.08333333333333333,1
455,F,52,Abidjan,Site Web,Occasionnel,39,1367084.0,35053.4358974359,2024-10-03,89,1.0833333333333333,0
456,F,46,San-Pédro,Boutique,Nouveau,5,280617.0,56123.4,2024-08-26,127,0.1388888888888889,1
457,M,22,Abidjan,Boutique,Nouveau,29,565197.0,19489.55172413793,2024-11-13,48,0.8055555555555556,1
458,F,42,Man,Mobile Money,Régulier,3,74856.0,24952.0,2024-10-27,65,0.08333333333333333,0
459,M,43,Bouaké,Mobile Money,Régulier,4,58522.0,14630.5,2024-08-23,130,0.1111111111111111,1
460,M,37,Abidjan,Partenaire,Fidèle,26,549693.0,21142.03846153846,2024-12-21,10,0.7222222222222222,0
461,M,46,Abidjan,Mobile Money,Occasionnel,25,1041619.0,41664.76,2024-12-05,26,0.6944444444444444,0
462,F,36,Abidjan,Site Web,Occasionnel,28,780835.0,27886.964285714286,2024-12-17,14,0.7777777777777778,0
463,M,36,San-Pédro,Boutique,Nouveau,30,810689.0,27022.966666666667,2024-12-26,5,0.8333333333333334,0
464,F,35,Yamoussoukro,Mobile Money,VIP,27,788555.0,29205.74074074074,2024-12-01,30,0.75,0
465,M,18,Daloa,Partenaire,Fidèle,40,1347023.0,33675.575,2024-11-04,57,1.1111111111111112,0
466,M,33,Abidjan,Mobile Money,VIP,32,995534.0,31110.4375,2024-12-21,10,0.8888888888888888,0
467,M,26,Abidjan,Boutique,Occasionnel,2,50042.0,25021.0,2022-12-22,740,0.05555555555555555,1
468,M,20,Abidjan,Boutique,Nouveau,2,50066.0,25033.0,2023-08-30,489,0.05555555555555555,1
469,F,49,Daloa,Mobile Money,Occasionnel,24,501752.0,20906.333333333332,2024-12-12,19,0.6666666666666666,0
470,F,39,Abidjan,Mobile Money,Occasionnel,32,856336.0,26760.5,2024-09-16,106,0.8888888888888888,1
471,F,33,Abidjan,Site Web,Nouveau,1,34902.0,34902.0,2023-04-23,618,0.027777777777777776,1
472,F,27,Abidjan,Mobile Money,Nouveau,24,534687.0,22278.625,2024-11-20,41,0.6666666666666666,0
473,F,37,Abidjan,Réseaux sociaux,Nouveau,3,93724.0,31241.333333333332,2024-08-12,141,0.08333333333333333,1
474,F,44,Yamoussoukro,Site Web,Occasionnel,33,931497.0,28227.18181818182,2024-07-04,180,0.9166666666666666,1
475,F,24,Bouaké,Mobile Money,Fidèle,33,1019095.0,30881.666666666668,2024-09-18,104,0.9166666666666666,1
476,F,33,Gagnoa,Mobile Money,Régulier,37,984205.0,26600.135135135137,2024-11-30,31,1.0277777777777777,0
477,F,43,Abidjan,Mobile Money,Régulier,33,824915.0,24997.424242424244,2024-12-16,15,0.9166666666666666,0
478,M,18,Bouaké,Site Web,Nouveau,24,914387.0,38099.458333333336,2024-12-28,3,0.6666666666666666,0
479,M,33,Abidjan,Boutique,Régulier,2,69642.0,34821.0,2024-07-08,176,0.05555555555555555,1
480,F,29,San-Pédro,Mobile Money,Occasionnel,33,706807.0,21418.39393939394,2024-12-13,18,0.9166666666666666,0
481,F,32,Bouaké,Boutique,Nouveau,42,1239034.0,29500.809523809523,2024-12-02,29,1.1666666666666667,0
482,F,28,Abidjan,Boutique,Occasionnel,32,1022253.0,31945.40625,2024-07-15,169,0.8888888888888888,1
483,M,35,San-Pédro,Site Web,Nouveau,33,938939.0,28452.696969696968,2024-12-26,5,0.9166666666666666,0
484,F,55,Abidjan,Mobile Money,Fidèle,34,923235.0,27153.970588235294,2024-11-17,44,0.9444444444444444,0
485,F,30,Abidjan,Mobile Money,Fidèle,30,947430.0,31581.0,2024-12-10,21,0.8333333333333334,0
486,F,37,Abidjan,Boutique,Nouveau,25,777644.0,31105.76,2024-10-06,86,0.6944444444444444,0
487,F,55,Abidjan,Site Web,Régulier,5,150877.0,30175.4,2024-11-22,39,0.1388888888888889,0
488,F,27,Korhogo,Site Web,Occasionnel,3,81464.0,27154.666666666668,2024-01-11,355,0.08333333333333333,1
489,M,53,Daloa,Mobile Money,Nouveau,26,882220.0,33931.53846153846,2024-12-30,1,0.7222222222222222,1
490,M,34,Daloa,Mobile Money,Régulier,26,933716.0,35912.153846153844,2024-12-20,11,0.7222222222222222,0
491,M,53,Korhogo,Site Web,Régulier,8,222862.0,27857.75,2024-09-17,105,0.2222222222222222,1
492,M,42,Daloa,Mobile Money,Régulier,25,677571.0,27102.84,2024-10-17,75,0.6944444444444444,0
493,M,37,Abidjan,Boutique,Nouveau,32,1240424.0,38763.25,2024-11-22,39,0.8888888888888888,0
494,F,33,Abidjan,Boutique,Occasionnel,26,673161.0,25890.80769230769,2024-12-27,4,0.7222222222222222,0
495,M,27,Abidjan,Mobile Money,Nouveau,27,671878.0,24884.37037037037,2024-12-22,9,0.75,0
496,M,34,Man,Boutique,Nouveau,32,1049303.0,32790.71875,2024-11-21,40,0.8888888888888888,0
497,F,43,Divo,Mobile Money,Nouveau,27,734147.0,27190.62962962963,2024-12-02,29,0.75,0
498,M,33,Daloa,Boutique,Nouveau,30,893333.0,29777.766666666666,2024-09-22,100,0.8333333333333334,1
499,F,30,Abidjan,Mobile Money,Nouveau,34,892456.0,26248.70588235294,2024-12-12,19,0.9444444444444444,0
500,F,31,Abidjan,Boutique,Occasionnel,29,1040016.0,35862.620689655174,2024-12-10,21,0.8055555555555556,0
501,M,44,Korhogo,Boutique,Régulier,37,1380018.0,37297.78378378379,2024-11-02,59,1.0277777777777777,0
502,M,47,Abidjan,Mobile Money,Nouveau,25,729280.0,29171.2,2024-12-27,4,0.6944444444444444,0
503,M,26,Bouaké,Site Web,Nouveau,32,920957.0,28779.90625,2024-12-25,6,0.8888888888888888,0
504,F,26,Abidjan,Site Web,Fidèle,25,840581.0,33623.24,2024-09-28,94,0.6944444444444444,1
505,M,38,Abidjan,Partenaire,Fidèle,33,1048966.0,31786.848484848484,2024-11-30,31,0.9166666666666666,0
506,M,50,Yamoussoukro,Mobile Money,Nouveau,30,829789.0,27659.633333333335,2024-12-06,25,0.8333333333333334,0
507,F,46,Divo,Mobile Money,Occasionnel,43,863634.0,20084.511627906977,2024-12-17,14,1.1944444444444444,0
508,M,20,Daloa,Mobile Money,Nouveau,25,856676.0,34267.04,2024-11-16,45,0.6944444444444444,1
509,F,31,Abidjan,Réseaux sociaux,VIP,3,67222.0,22407.333333333332,2024-05-29,216,0.08333333333333333,1
510,F,23,Abidjan,Boutique,Occasionnel,23,861125.0,37440.217391304344,2024-11-28,33,0.6388888888888888,0
511,F,31,Korhogo,Mobile Money,Nouveau,31,959111.0,30939.064516129034,2024-10-09,83,0.8611111111111112,0
512,M,51,Bouaké,Site Web,Régulier,32,850478.0,26577.4375,2024-11-15,46,0.8888888888888888,0
513,F,18,Abidjan,Mobile Money,Régulier,19,613260.0,32276.842105263157,2024-12-23,8,0.5277777777777778,1
514,F,18,Yamoussoukro,Boutique,Nouveau,5,77367.0,15473.4,2024-12-27,4,0.1388888888888889,0
515,F,24,Abidjan,Boutique,Nouveau,35,1055317.0,30151.914285714287,2024-12-25,6,0.9722222222222222,0
516,F,37,Abidjan,Site Web,Occasionnel,29,767605.0,26469.137931034482,2024-12-28,3,0.8055555555555556,0
517,F,40,San-Pédro,Site Web,Nouveau,24,474190.0,19757.916666666668,2024-12-11,20,0.6666666666666666,0
518,M,38,Bouaké,Mobile Money,Nouveau,39,951644.0,24401.128205128207,2024-12-06,25,1.0833333333333333,0
519,F,46,Abidjan,Site Web,Régulier,30,801520.0,26717.333333333332,2024-10-11,81,0.8333333333333334,0
520,M,18,Abidjan,Boutique,Régulier,38,937420.0,24668.947368421053,2024-09-23,99,1.0555555555555556,1
521,M,47,Abengourou,Mobile Money,Régulier,24,750730.0,31280.416666666668,2024-12-19,12,0.6666666666666666,0
522,F,30,Bouaké,Réseaux sociaux,Régulier,22,542915.0,24677.954545454544,2024-12-28,3,0.6111111111111112,0
523,F,42,Bouaké,Site Web,Occasionnel,6,82425.0,13737.5,2024-09-04,118,0.16666666666666666,1
524,M,19,Abidjan,Partenaire,Occasionnel,2,40597.0,20298.5,2024-10-11,81,0.05555555555555555,0
525,F,34,Gagnoa,Site Web,Régulier,28,846513.0,30232.60714285714,2024-10-26,66,0.7777777777777778,0
526,F,36,Korhogo,Mobile Money,Nouveau,37,1605063.0,43380.08108108108,2024-12-07,24,1.0277777777777777,0
527,M,46,Abidjan,Boutique,Nouveau,25,842600.0,33704.0,2024-12-04,27,0.6944444444444444,0
528,M,18,Abidjan,Boutique,Nouveau,4,118574.0,29643.5,2024-07-13,171,0.1111111111111111,1
529,M,34,Yamoussoukro,Mobile Money,Régulier,36,1217823.0,33828.416666666664,2024-12-18,13,1.0,0
530,F,22,San-Pédro,Boutique,Occasionnel,23,690248.0,30010.782608695652,2024-10-26,66,0.6388888888888888,1
531,M,39,Daloa,Boutique,Occasionnel,23,798740.0,34727.82608695652,2024-11-05,56,0.6388888888888888,0
532,M,42,Gagnoa,Mobile Money,Occasionnel,27,683000.0,25296.296296296296,2024-08-27,126,0.75,1
533,F,48,Bouaké,Réseaux sociaux,Fidèle,38,1030440.0,27116.842105263157,2024-12-03,28,1.0555555555555556,0
534,M,28,Abidjan,Mobile Money,Nouveau,39,1227980.0,31486.666666666668,2024-10-20,72,1.0833333333333333,0
535,F,44,Abidjan,Boutique,Occasionnel,38,1465239.0,38558.92105263158,2024-12-03,28,1.0555555555555556,0
536,F,48,San-Pédro,Site Web,Régulier,18,1099374.0,61076.333333333336,2024-11-04,57,0.5,0
537,M,18,Abidjan,Site Web,Régulier,27,1022274.0,37862.0,2024-10-09,83,0.75,0
538,F,40,Abidjan,Mobile Money,Occasionnel,34,954892.0,28085.058823529413,2024-12-23,8,0.9444444444444444,0
539,F,44,Yamoussoukro,Site Web,Nouveau,30,846417.0,28213.9,2024-11-15,46,0.8333333333333334,0
540,M,31,Abidjan,Site Web,Fidèle,39,977216.0,25056.82051282051,2024-11-23,38,1.0833333333333333,0
541,M,20,San-Pédro,Réseaux sociaux,Occasionnel,3,114843.0,38281.0,2024-09-04,118,0.08333333333333333,1
542,M,44,Abidjan,Mobile Money,Fidèle,33,1189953.0,36059.181818181816,2024-12-09,22,0.9166666666666666,0
543,M,20,Abidjan,Mobile Money,Régulier,41,1339149.0,32662.170731707316,2024-12-23,8,1.1388888888888888,0
545,F,33,Yamoussoukro,Mobile Money,Nouveau,31,760218.0,24523.16129032258,2024-08-29,124,0.8611111111111112,1
546,F,41,Daloa,Site Web,Occasionnel,5,43168.0,8633.6,2024-10-12,80,0.1388888888888889,1
547,F,27,Abidjan,Site Web,Nouveau,21,708047.0,33716.52380952381,2024-12-14,17,0.5833333333333334,0
548,F,26,Abidjan,Site Web,Nouveau,30,749213.0,24973.766666666666,2024-11-30,31,0.8333333333333334,0
549,M,35,Abidjan,Partenaire,Nouveau,34,952319.0,28009.382352941175,2024-12-27,4,0.9444444444444444,0
550,F,45,Yamoussoukro,Boutique,Occasionnel,30,865727.0,28857.566666666666,2024-12-28,3,0.8333333333333334,0
551,F,59,Abengourou,Réseaux sociaux,Occasionnel,3,60147.0,20049.0,2023-11-07,420,0.08333333333333333,1
552,F,18,Daloa,Site Web,Régulier,2,52510.0,26255.0,2022-12-30,732,0.05555555555555555,1
553,F,37,Abidjan,Mobile Money,Nouveau,30,594617.0,19820.566666666666,2024-10-09,83,0.8333333333333334,0
554,M,22,Bouaké,Site Web,Nouveau,28,1132914.0,40461.21428571428,2024-09-11,111,0.7777777777777778,1
555,F,45,Abidjan,Site Web,Occasionnel,27,720235.0,26675.37037037037,2024-12-05,26,0.75,0
556,F,23,Abidjan,Partenaire,Régulier,27,586553.0,21724.185185185186,2024-12-01,30,0.75,0
557,F,26,Abidjan,Mobile Money,Nouveau,30,940313.0,31343.766666666666,2024-10-29,63,0.8333333333333334,0
558,F,27,Abidjan,Mobile Money,Régulier,43,1219853.0,28368.674418604653,2024-12-29,2,1.1944444444444444,0
559,M,33,Abidjan,Réseaux sociaux,Nouveau,26,1192617.0,45869.88461538462,2024-12-13,18,0.7222222222222222,0
560,F,37,Daloa,Mobile Money,Occasionnel,34,738359.0,21716.441176470587,2024-11-22,39,0.9444444444444444,0
561,F,39,Abidjan,Site Web,Régulier,23,853689.0,37116.913043478264,2024-12-20,11,0.6388888888888888,0
562,F,33,Daloa,Boutique,Occasionnel,31,1169380.0,37721.93548387097,2024-12-21,10,0.8611111111111112,0
563,M,19,Divo,Mobile Money,Régulier,34,1100788.0,32376.117647058825,2024-12-15,16,0.9444444444444444,0
564,M,42,Bouaké,Mobile Money,Fidèle,24,551134.0,22963.916666666668,2024-12-13,18,0.6666666666666666,0
565,M,33,Abidjan,Réseaux sociaux,Nouveau,33,1043989.0,31636.030303030304,2024-12-01,30,0.9166666666666666,0
566,M,46,Daloa,Mobile Money,Nouveau,24,1197632.0,49901.333333333336,2024-12-24,7,0.6666666666666666,1
567,M,26,Abidjan,Site Web,Fidèle,40,1144498.0,28612.45,2024-11-12,49,1.1111111111111112,0
568,F,18,Abidjan,Site Web,Fidèle,2,20362.0,10181.0,2024-08-13,140,0.05555555555555555,1
569,F,33,Abidjan,Site Web,Régulier,32,896001.0,28000.03125,2024-09-04,118,0.8888888888888888,1
570,M,48,San-Pédro,Boutique,Nouveau,34,953486.0,28043.70588235294,2024-12-29,2,0.9444444444444444,0
571,F,35,San-Pédro,Mobile Money,Nouveau,34,869460.0,25572.352941176472,2024-12-22,9,0.9444444444444444,0
572,M,31,San-Pédro,Réseaux sociaux,Fidèle,1,33567.0,33567.0,2023-03-24,648,0.027777777777777776,1
573,F,24,Yamoussoukro,Mobile Money,Régulier,15,322429.0,21495.266666666666,2024-12-26,5,0.4166666666666667,0
574,M,53,Abidjan,Mobile Money,Nouveau,25,653911.0,26156.44,2024-12-01,30,0.6944444444444444,0
575,M,22,San-Pédro,Partenaire,Nouveau,37,929274.0,25115.513513513513,2024-12-06,25,1.0277777777777777,0
576,F,26,Korhogo,Mobile Money,Régulier,31,859336.0,27720.516129032258,2024-12-23,8,0.8611111111111112,1
577,M,40,Abidjan,Mobile Money,Occasionnel,8,238517.0,29814.625,2024-12-07,24,0.2222222222222222,0
578,M,18,Abengourou,Partenaire,VIP,4,49961.0,12490.25,2024-10-12,80,0.1111111111111111,1
579,M,48,Korhogo,Mobile Money,Occasionnel,2,83537.0,41768.5,2024-09-16,106,0.05555555555555555,1
580,F,40,Abidjan,Mobile Money,Nouveau,31,1040721.0,33571.645161290326,2024-12-16,15,0.8611111111111112,0
581,F,43,Abidjan,Boutique,Nouveau,29,946019.0,32621.344827586207,2024-12-17,14,0.8055555555555556,0
582,M,40,Abidjan,Site Web,Occasionnel,28,743686.0,26560.214285714286,2024-12-30,1,0.7777777777777778,0
583,F,32,Daloa,Réseaux sociaux,Nouveau,5,67648.0,13529.6,2024-08-29,124,0.1388888888888889,1
584,F,22,Abidjan,Site Web,Nouveau,36,1516794.0,42133.166666666664,2024-12-28,3,1.0,0
585,M,32,Abidjan,Partenaire,Nouveau,38,1138420.0,29958.42105263158,2024-08-29,124,1.0555555555555556,1
586,M,23,Bouaké,Mobile Money,Nouveau,3,61858.0,20619.333333333332,2024-06-22,192,0.08333333333333333,1
587,F,39,Korhogo,Site Web,Régulier,2,83313.0,41656.5,2024-06-17,197,0.05555555555555555,1
588,F,42,San-Pédro,Mobile Money,Nouveau,36,1016932.0,28248.11111111111,2024-12-14,17,1.0,0
589,F,50,Daloa,Réseaux sociaux,Occasionnel,20,669315.0,33465.75,2024-09-17,105,0.5555555555555556,1
590,F,38,Abidjan,Partenaire,Régulier,21,539346.0,25683.14285714286,2024-11-19,42,0.5833333333333334,0
591,M,44,Abidjan,Mobile Money,Nouveau,38,1360765.0,35809.60526315789,2024-11-26,35,1.0555555555555556,0
592,F,30,Yamoussoukro,Réseaux sociaux,Occasionnel,34,1310064.0,38531.294117647056,2024-12-24,7,0.9444444444444444,0
593,F,28,Abidjan,Site Web,Fidèle,34,908281.0,26714.147058823528,2024-08-30,123,0.9444444444444444,1
594,M,39,Bouaké,Mobile Money,Occasionnel,34,892284.0,26243.647058823528,2024-11-26,35,0.9444444444444444,0
595,F,29,Abengourou,Site Web,Occasionnel,3,78128.0,26042.666666666668,2024-06-28,186,0.08333333333333333,1
596,F,36,Bouaké,Partenaire,Fidèle,2,38956.0,19478.0,2024-07-21,163,0.05555555555555555,1
597,M,22,Bouaké,Mobile Money,Fidèle,5,355522.0,71104.4,2024-09-03,119,0.1388888888888889,1
598,M,24,Yamoussoukro,Mobile Money,Fidèle,4,128386.0,32096.5,2024-08-14,139,0.1111111111111111,1
599,M,40,San-Pédro,Partenaire,Occasionnel,40,1887699.0,47192.475,2024-11-27,34,1.1111111111111112,0
600,M,43,Abidjan,Boutique,Régulier,25,568243.0,22729.72,2024-10-02,90,0.6944444444444444,0
601,F,23,Abidjan,Boutique,Occasionnel,30,941218.0,31373.933333333334,2024-12-22,9,0.8333333333333334,0
602,M,41,Abidjan,Site Web,Nouveau,20,716724.0,35836.2,2024-10-30,62,0.5555555555555556,0
603,M,28,Bouaké,Site Web,Occasionnel,20,419943.0,20997.15,2024-08-30,123,0.5555555555555556,1
604,M,34,Abidjan,Mobile Money,Fidèle,29,858435.0,29601.206896551725,2024-12-27,4,0.8055555555555556,1
606,M,42,Daloa,Réseaux sociaux,Fidèle,30,921078.0,30702.6,2024-11-19,42,0.8333333333333334,0
607,M,42,Abidjan,Boutique,VIP,24,983513.0,40979.708333333336,2024-12-10,21,0.6666666666666666,0
608,F,54,Bouaké,Site Web,Nouveau,26,708251.0,27240.423076923078,2024-11-13,48,0.7222222222222222,0
609,M,26,Abidjan,Réseaux sociaux,Nouveau,37,689456.0,18633.945945945947,2024-12-22,9,1.0277777777777777,0
610,F,23,Abidjan,Mobile Money,VIP,29,900036.0,31035.724137931036,2024-10-30,62,0.8055555555555556,0
611,M,26,Abidjan,Réseaux sociaux,Nouveau,33,740940.0,22452.727272727272,2024-11-16,45,0.9166666666666666,0
612,M,31,Abidjan,Site Web,Régulier,33,966492.0,29287.636363636364,2024-12-12,19,0.9166666666666666,0
613,M,18,Abengourou,Partenaire,Nouveau,25,658966.0,26358.64,2024-10-20,72,0.6944444444444444,0
614,M,31,Abengourou,Mobile Money,Nouveau,23,514140.0,22353.91304347826,2024-11-05,56,0.6388888888888888,0
615,F,28,Yamoussoukro,Mobile Money,Nouveau,1,20821.0,20821.0,2023-05-06,605,0.027777777777777776,1
616,M,42,Bouaké,Site Web,Nouveau,33,1050358.0,31829.030303030304,2024-12-05,26,0.9166666666666666,1
617,M,37,Daloa,Partenaire,Fidèle,31,696026.0,22452.451612903227,2024-12-12,19,0.8611111111111112,0
618,F,27,Korhogo,Partenaire,Nouveau,35,1302314.0,37208.97142857143,2024-12-27,4,0.9722222222222222,0
619,F,40,Abidjan,Boutique,Nouveau,16,405817.0,25363.5625,2024-12-14,17,0.4444444444444444,0
620,F,41,Abidjan,Boutique,Régulier,4,121770.0,30442.5,2023-11-11,416,0.1111111111111111,1
621,M,25,Yamoussoukro,Mobile Money,VIP,29,816248.0,28146.48275862069,2024-11-02,59,0.8055555555555556,0
622,F,28,Abengourou,Site Web,Occasionnel,6,124767.0,20794.5,2024-05-01,244,0.16666666666666666,1
623,M,18,Abidjan,Réseaux sociaux,Régulier,3,126301.0,42100.333333333336,2024-05-16,229,0.08333333333333333,1
624,F,22,Abidjan,Site Web,Nouveau,36,687228.0,19089.666666666668,2024-11-30,31,1.0,0
625,M,25,Abidjan,Boutique,Fidèle,30,1097407.0,36580.23333333333,2024-12-14,17,0.8333333333333334,0
626,F,34,Abidjan,Partenaire,Régulier,1,25730.0,25730.0,2024-08-28,125,0.027777777777777776,1
627,M,23,Yamoussoukro,Mobile Money,Fidèle,3,142209.0,47403.0,2024-03-17,289,0.08333333333333333,1
628,F,28,Abidjan,Boutique,Régulier,27,941123.0,34856.40740740741,2024-12-29,2,0.75,0
629,M,20,Divo,Boutique,Fidèle,31,640607.0,20664.74193548387,2024-12-13,18,0.8611111111111112,0
630,M,35,Daloa,Boutique,Occasionnel,29,1069221.0,36869.68965517241,2024-12-14,17,0.8055555555555556,0
631,M,38,Abidjan,Site Web,Régulier,32,777668.0,24302.125,2024-10-27,65,0.8888888888888888,1
632,M,38,San-Pédro,Site Web,Régulier,26,678679.0,26103.03846153846,2024-12-06,25,0.7222222222222222,0
633,F,34,Daloa,Mobile Money,Nouveau,25,719052.0,28762.08,2024-12-18,13,0.6944444444444444,0
634,F,18,Abidjan,Mobile Money,Fidèle,24,1231620.0,51317.5,2024-10-12,80,0.6666666666666666,0
635,F,27,Abidjan,Boutique,Régulier,8,231891.0,28986.375,2024-12-06,25,0.2222222222222222,0
636,F,29,San-Pédro,Site Web,Fidèle,33,1001040.0,30334.545454545456,2024-11-10,51,0.9166666666666666,0
637,M,29,Abidjan,Boutique,Occasionnel,2,36836.0,18418.0,2023-09-24,464,0.05555555555555555,1
638,M,34,Abidjan,Boutique,Fidèle,25,783630.0,31345.2,2024-11-23,38,0.6944444444444444,0
639,M,49,Abidjan,Mobile Money,Nouveau,35,1057948.0,30227.085714285713,2024-12-13,18,0.9722222222222222,0
640,M,42,Abidjan,Site Web,VIP,3,113076.0,37692.0,2024-10-09,83,0.08333333333333333,1
641,M,23,Yamoussoukro,Boutique,Nouveau,31,807317.0,26042.483870967742,2024-11-12,49,0.8611111111111112,0
642,M,41,Abidjan,Boutique,Régulier,26,828961.0,31883.115384615383,2024-12-23,8,0.7222222222222222,0
643,F,41,Bouaké,Boutique,Nouveau,4,165106.0,41276.5,2024-10-10,82,0.1111111111111111,0
644,F,25,Abidjan,Mobile Money,Régulier,1,14709.0,14709.0,2023-07-22,528,0.027777777777777776,1
645,M,43,San-Pédro,Mobile Money,Occasionnel,5,190513.0,38102.6,2024-12-28,3,0.1388888888888889,0
646,M,32,Abidjan,Mobile Money,Fidèle,24,637126.0,26546.916666666668,2024-12-25,6,0.6666666666666666,0
647,F,18,Man,Site Web,Fidèle,35,1034320.0,29552.0,2024-12-21,10,0.9722222222222222,0
648,F,39,Korhogo,Mobile Money,Occasionnel,31,900400.0,29045.16129032258,2024-12-30,1,0.8611111111111112,0
649,M,36,Abidjan,Mobile Money,Régulier,29,819014.0,28241.862068965518,2024-08-17,136,0.8055555555555556,0
650,F,31,Yamoussoukro,Partenaire,Régulier,1,22878.0,22878.0,2024-07-22,162,0.027777777777777776,1
651,F,33,Abidjan,Boutique,Occasionnel,23,810418.0,35235.565217391304,2024-10-03,89,0.6388888888888888,0
652,M,26,San-Pédro,Boutique,Nouveau,26,834595.0,32099.80769230769,2024-12-21,10,0.7222222222222222,0
653,M,40,Bouaké,Boutique,Nouveau,37,948409.0,25632.675675675677,2024-11-11,50,1.0277777777777777,0
654,F,33,Abidjan,Mobile Money,Nouveau,34,956859.0,28142.91176470588,2024-12-18,13,0.9444444444444444,0
655,M,35,Abidjan,Mobile Money,Occasionnel,35,890889.0,25453.97142857143,2024-12-20,11,0.9722222222222222,0
656,F,37,Abidjan,Réseaux sociaux,Occasionnel,28,611796.0,21849.85714285714,2024-09-20,102,0.7777777777777778,1
657,M,21,San-Pédro,Boutique,Occasionnel,31,768897.0,24803.129032258064,2024-12-23,8,0.8611111111111112,0
658,F,24,Daloa,Site Web,VIP,2,32056.0,16028.0,2023-12-03,394,0.05555555555555555,1
659,M,18,Abidjan,Partenaire,Nouveau,22,631617.0,28709.863636363636,2024-12-23,8,0.6111111111111112,0
660,F,40,Abidjan,Mobile Money,Fidèle,35,1447135.0,41346.71428571428,2024-12-12,19,0.9722222222222222,0
661,F,20,Abidjan,Site Web,Régulier,32,967440.0,30232.5,2024-12-16,15,0.8888888888888888,0
662,M,35,Bouaké,Mobile Money,Régulier,36,952527.0,26459.083333333332,2024-12-28,3,1.0,0
663,F,38,Abidjan,Boutique,Occasionnel,26,743561.0,28598.5,2024-09-16,106,0.7222222222222222,1
664,F,40,Abidjan,Réseaux sociaux,Nouveau,28,1266429.0,45229.607142857145,2024-08-24,129,0.7777777777777778,1
665,F,20,Korhogo,Mobile Money,Fidèle,32,880852.0,27526.625,2024-12-14,17,0.8888888888888888,0
666,M,33,Abidjan,Partenaire,Régulier,6,203454.0,33909.0,2024-10-26,66,0.16666666666666666,0
667,M,52,Daloa,Boutique,Fidèle,5,131330.0,26266.0,2024-07-20,164,0.1388888888888889,0
668,M,52,Abidjan,Boutique,Nouveau,5,86794.0,17358.8,2024-07-30,154,0.1388888888888889,1
669,F,44,Abidjan,Mobile Money,Occasionnel,28,823488.0,29410.285714285714,2024-12-06,25,0.7777777777777778,1
670,F,37,Bouaké,Boutique,Occasionnel,26,816648.0,31409.53846153846,2024-12-24,7,0.7222222222222222,0
671,F,22,Abidjan,Boutique,Régulier,34,956427.0,28130.20588235294,2024-09-08,114,0.9444444444444444,1
672,M,41,Abidjan,Mobile Money,Régulier,27,667958.0,24739.185185185186,2024-12-13,18,0.75,0
673,M,32,Abengourou,Boutique,Nouveau,26,900136.0,34620.61538461538,2024-12-21,10,0.7222222222222222,0
674,M,40,Korhogo,Mobile Money,Nouveau,22,686549.0,31206.772727272728,2024-11-23,38,0.6111111111111112,0
675,M,27,Daloa,Partenaire,Nouveau,34,822920.0,24203.529411764706,2024-12-09,22,0.9444444444444444,0
676,F,32,Abidjan,Mobile Money,Nouveau,33,984280.0,29826.666666666668,2024-12-19,12,0.9166666666666666,0
677,M,35,Abidjan,Boutique,Nouveau,32,1172713.0,36647.28125,2024-08-30,123,0.8888888888888888,1
678,F,36,Abidjan,Site Web,Nouveau,4,147252.0,36813.0,2023-09-22,466,0.1111111111111111,1
679,F,39,Man,Site Web,Occasionnel,28,585410.0,20907.5,2024-12-10,21,0.7777777777777778,0
680,F,27,San-Pédro,Réseaux sociaux,Régulier,38,1127234.0,29664.052631578947,2024-12-26,5,1.0555555555555556,0
681,F,19,Abidjan,Partenaire,Régulier,35,1002828.0,28652.22857142857,2024-12-07,24,0.9722222222222222,0
682,F,51,Gagnoa,Mobile Money,Nouveau,28,1009910.0,36068.21428571428,2024-12-25,6,0.7777777777777778,0
683,F,61,Abidjan,Boutique,Nouveau,20,499245.0,24962.25,2024-11-22,39,0.5555555555555556,1
684,F,38,Bouaké,Site Web,Régulier,6,68031.0,11338.5,2024-11-02,59,0.16666666666666666,1
685,M,19,Abidjan,Mobile Money,Occasionnel,24,438429.0,18267.875,2024-12-06,25,0.6666666666666666,0
686,F,25,Abidjan,Site Web,Nouveau,31,825947.0,26643.451612903227,2024-08-25,128,0.8611111111111112,1
687,F,39,Divo,Mobile Money,Occasionnel,4,80991.0,20247.75,2024-05-11,234,0.1111111111111111,1
688,M,48,Korhogo,Réseaux sociaux,VIP,20,534800.0,26740.0,2024-08-20,133,0.5555555555555556,1
689,M,20,Abidjan,Site Web,Occasionnel,38,824814.0,21705.63157894737,2024-12-13,18,1.0555555555555556,0
690,M,32,Abidjan,Boutique,VIP,29,724646.0,24987.793103448275,2024-11-28,33,0.8055555555555556,0
691,F,36,Bouaké,Boutique,Nouveau,38,1586553.0,41751.39473684211,2024-12-23,8,1.0555555555555556,1
692,M,43,Abidjan,Partenaire,Nouveau,32,911659.0,28489.34375,2024-12-12,19,0.8888888888888888,0
693,F,30,Bouaké,Site Web,Nouveau,22,773892.0,35176.90909090909,2024-12-23,8,0.6111111111111112,0
694,F,18,Bouaké,Réseaux sociaux,Régulier,34,1081879.0,31819.970588235294,2024-12-28,3,0.9444444444444444,0
695,M,40,Abidjan,Réseaux sociaux,Occasionnel,2,52610.0,26305.0,2023-10-27,431,0.05555555555555555,1
696,M,46,Abidjan,Mobile Money,Occasionnel,23,755795.0,32860.65217391304,2024-12-21,10,0.6388888888888888,0
697,M,33,Abidjan,Mobile Money,VIP,33,1322391.0,40072.454545454544,2024-12-08,23,0.9166666666666666,0
698,M,38,Man,Mobile Money,Occasionnel,2,46688.0,23344.0,2024-11-28,33,0.05555555555555555,0
699,M,28,Abidjan,Site Web,Nouveau,24,723129.0,30130.375,2024-11-27,34,0.6666666666666666,0
700,F,24,Bouaké,Site Web,Régulier,27,1073992.0,39777.48148148148,2024-10-31,61,0.75,0
701,F,45,Abidjan,Mobile Money,Nouveau,35,852258.0,24350.22857142857,2024-12-18,13,0.9722222222222222,0
702,F,38,Yamoussoukro,Partenaire,Occasionnel,29,801723.0,27645.620689655174,2024-11-24,37,0.8055555555555556,1
703,F,39,Abidjan,Mobile Money,Fidèle,3,58570.0,19523.333333333332,2024-11-04,57,0.08333333333333333,0
704,M,50,Abidjan,Site Web,Occasionnel,33,860305.0,26069.848484848484,2024-12-29,2,0.9166666666666666,1
705,F,22,Daloa,Boutique,Nouveau,35,1262858.0,36081.65714285714,2024-11-04,57,0.9722222222222222,0
706,M,27,Yamoussoukro,Boutique,Occasionnel,39,959815.0,24610.641025641027,2024-12-30,1,1.0833333333333333,0
707,M,35,Abidjan,Mobile Money,Nouveau,20,447220.0,22361.0,2024-12-16,15,0.5555555555555556,0
708,M,27,Abidjan,Site Web,Nouveau,39,938941.0,24075.410256410258,2024-12-18,13,1.0833333333333333,0
709,F,42,Divo,Site Web,Occasionnel,37,991095.0,26786.35135135135,2024-12-12,19,1.0277777777777777,0
710,F,31,Abidjan,Mobile Money,Nouveau,32,704543.0,22016.96875,2024-12-03,28,0.8888888888888888,0
711,M,23,Abidjan,Boutique,Nouveau,27,713259.0,26417.0,2024-10-04,88,0.75,0
712,M,34,Abidjan,Site Web,Occasionnel,36,1244449.0,34568.02777777778,2024-11-28,33,1.0,0
713,M,35,Abidjan,Boutique,Occasionnel,30,864371.0,28812.366666666665,2024-11-29,32,0.8333333333333334,0
714,M,44,Bouaké,Site Web,Occasionnel,30,1057791.0,35259.7,2024-12-27,4,0.8333333333333334,0
715,M,38,Yamoussoukro,Boutique,VIP,2,61691.0,30845.5,2024-11-29,32,0.05555555555555555,0
716,F,39,Abidjan,Réseaux sociaux,Nouveau,3,39913.0,13304.333333333334,2024-12-15,16,0.08333333333333333,0
717,M,37,Bouaké,Site Web,Nouveau,6,127673.0,21278.833333333332,2024-09-17,105,0.16666666666666666,1
718,F,31,Abidjan,Mobile Money,Fidèle,27,792098.0,29336.962962962964,2024-08-27,126,0.75,1
719,M,26,Daloa,Site Web,Nouveau,27,630781.0,23362.25925925926,2024-12-18,13,0.75,0
720,M,37,Abidjan,Mobile Money,Fidèle,29,594786.0,20509.862068965518,2024-11-02,59,0.8055555555555556,0
721,F,30,Abidjan,Partenaire,Régulier,3,108325.0,36108.333333333336,2022-10-06,817,0.08333333333333333,1
722,F,52,Yamoussoukro,Site Web,Occasionnel,2,15401.0,7700.5,2024-12-03,28,0.05555555555555555,1
723,F,48,Abidjan,Mobile Money,Nouveau,33,960641.0,29110.333333333332,2024-11-17,44,0.9166666666666666,0
724,M,40,Abidjan,Site Web,Occasionnel,26,1581774.0,60837.46153846154,2024-11-19,42,0.7222222222222222,0
725,F,38,Abidjan,Mobile Money,Fidèle,30,597291.0,19909.7,2024-12-21,10,0.8333333333333334,1
726,F,33,Yamoussoukro,Réseaux sociaux,Nouveau,33,700801.0,21236.39393939394,2024-12-03,28,0.9166666666666666,1
727,F,20,Abidjan,Partenaire,Régulier,39,853865.0,21893.97435897436,2024-12-14,17,1.0833333333333333,0
728,F,31,Yamoussoukro,Site Web,Fidèle,30,777903.0,25930.1,2024-11-29,32,0.8333333333333334,0
729,F,35,Daloa,Boutique,Régulier,27,679196.0,25155.40740740741,2024-10-23,69,0.75,0
730,F,36,Bouaké,Site Web,Nouveau,28,636082.0,22717.214285714286,2024-12-26,5,0.7777777777777778,0
731,F,39,Abidjan,Boutique,Régulier,29,710276.0,24492.275862068964,2024-06-23,191,0.8055555555555556,1
732,F,44,San-Pédro,Mobile Money,Régulier,38,971770.0,25572.894736842107,2024-12-01,30,1.0555555555555556,0
733,F,26,Abidjan,Partenaire,Nouveau,34,1261592.0,37105.64705882353,2024-11-23,38,0.9444444444444444,0
734,F,26,Korhogo,Mobile Money,Fidèle,28,1035799.0,36992.82142857143,2024-11-09,52,0.7777777777777778,0
735,F,49,Yamoussoukro,Mobile Money,Nouveau,24,813181.0,33882.541666666664,2024-09-11,111,0.6666666666666666,1
736,M,42,Abidjan,Mobile Money,VIP,30,871431.0,29047.7,2024-10-20,72,0.8333333333333334,0
737,F,29,Daloa,Partenaire,Nouveau,29,1051718.0,36266.137931034486,2024-12-19,12,0.8055555555555556,0
738,F,32,Abidjan,Partenaire,Nouveau,31,845940.0,27288.387096774193,2024-10-08,84,0.8611111111111112,0
739,F,32,Abidjan,Boutique,Régulier,29,805525.0,27776.724137931036,2024-12-22,9,0.8055555555555556,0
740,F,34,Abidjan,Mobile Money,Nouveau,29,908414.0,31324.620689655174,2024-11-21,40,0.8055555555555556,0
741,F,39,Bouaké,Réseaux sociaux,Nouveau,42,1177707.0,28040.64285714286,2024-12-01,30,1.1666666666666667,1
742,F,61,Yamoussoukro,Boutique,Nouveau,35,935977.0,26742.2,2024-12-10,21,0.9722222222222222,0
743,M,36,Korhogo,Partenaire,Fidèle,41,902577.0,22014.073170731706,2024-12-08,23,1.1388888888888888,0
744,F,41,Abidjan,Réseaux sociaux,Nouveau,27,686052.0,25409.333333333332,2024-11-28,33,0.75,0
745,F,18,Bouaké,Site Web,Régulier,26,617637.0,23755.26923076923,2024-12-03,28,0.7222222222222222,0
746,F,28,Yamoussoukro,Mobile Money,Occasionnel,26,521565.0,20060.19230769231,2024-12-23,8,0.7222222222222222,0
747,F,47,Yamoussoukro,Site Web,Occasionnel,34,772592.0,22723.29411764706,2024-12-27,4,0.9444444444444444,0
748,F,38,Abidjan,Partenaire,Occasionnel,4,111863.0,27965.75,2024-09-20,102,0.1111111111111111,1
749,M,18,Abidjan,Boutique,Nouveau,36,961869.0,26718.583333333332,2024-12-28,3,1.0,0
750,M,41,Daloa,Réseaux sociaux,VIP,23,670204.0,29139.304347826088,2024-12-22,9,0.6388888888888888,0
751,F,55,Abidjan,Boutique,Régulier,24,1049778.0,43740.75,2024-12-08,23,0.6666666666666666,0
752,F,18,Abidjan,Partenaire,Fidèle,27,1012105.0,37485.37037037037,2024-10-10,82,0.75,0
753,F,50,Abidjan,Site Web,Régulier,1,30515.0,30515.0,2024-10-21,71,0.027777777777777776,1
754,F,18,Abidjan,Mobile Money,Fidèle,26,788407.0,30323.346153846152,2024-12-13,18,0.7222222222222222,0
755,M,44,Abidjan,Boutique,VIP,29,661898.0,22824.068965517243,2024-11-13,48,0.8055555555555556,0
756,F,33,Abidjan,Mobile Money,Occasionnel,2,53875.0,26937.5,2024-11-05,56,0.05555555555555555,0
757,F,18,Yamoussoukro,Boutique,Fidèle,33,891989.0,27029.969696969696,2024-08-26,127,0.9166666666666666,1
758,M,38,Gagnoa,Réseaux sociaux,Nouveau,28,884028.0,31572.428571428572,2024-12-05,26,0.7777777777777778,0
759,F,46,Abidjan,Mobile Money,Nouveau,33,855082.0,25911.575757575756,2024-12-25,6,0.9166666666666666,0
760,F,38,Abidjan,Partenaire,Occasionnel,18,643251.0,35736.166666666664,2024-11-27,34,0.5,0
761,M,40,San-Pédro,Mobile Money,Occasionnel,24,931787.0,38824.458333333336,2024-12-23,8,0.6666666666666666,0
762,F,29,Abidjan,Site Web,Occasionnel,26,619702.0,23834.69230769231,2024-11-01,60,0.7222222222222222,0
763,F,18,Abengourou,Partenaire,Occasionnel,38,1075571.0,28304.5,2024-12-02,29,1.0555555555555556,0
764,F,41,Bouaké,Site Web,Occasionnel,33,804522.0,24379.454545454544,2024-12-10,21,0.9166666666666666,0
765,M,53,Abidjan,Réseaux sociaux,Fidèle,32,1349302.0,42165.6875,2024-11-21,40,0.8888888888888888,0
766,F,46,Abidjan,Partenaire,Nouveau,23,694083.0,30177.521739130436,2024-07-31,153,0.6388888888888888,1
767,F,18,Abidjan,Site Web,Nouveau,28,719932.0,25711.85714285714,2024-11-20,41,0.7777777777777778,1
768,F,18,Daloa,Site Web,Régulier,27,949573.0,35169.37037037037,2024-11-21,40,0.75,0
769,F,24,Abidjan,Mobile Money,Régulier,42,1472245.0,35053.45238095238,2024-10-20,72,1.1666666666666667,1
770,M,18,San-Pédro,Boutique,Fidèle,5,107529.0,21505.8,2024-08-01,152,0.1388888888888889,1
771,F,34,Daloa,Mobile Money,Nouveau,45,1522862.0,33841.37777777778,2024-11-26,35,1.25,0
772,M,38,Korhogo,Réseaux sociaux,Nouveau,26,713543.0,27443.96153846154,2024-11-29,32,0.7222222222222222,0
773,M,18,Korhogo,Site Web,Fidèle,36,975521.0,27097.805555555555,2024-09-18,104,1.0,1
774,M,42,Abidjan,Site Web,Nouveau,22,400481.0,18203.68181818182,2024-12-10,21,0.6111111111111112,0
775,F,40,Abidjan,Partenaire,Régulier,31,1166295.0,37622.41935483871,2024-11-03,58,0.8611111111111112,0
776,M,27,San-Pédro,Mobile Money,Nouveau,37,839312.0,22684.108108108107,2024-12-22,9,1.0277777777777777,0
777,M,32,Abidjan,Partenaire,Occasionnel,31,619495.0,19983.709677419356,2024-12-01,30,0.8611111111111112,0
778,F,18,Abidjan,Mobile Money,Fidèle,34,1145547.0,33692.55882352941,2024-11-21,40,0.9444444444444444,0
779,M,30,Abidjan,Boutique,Occasionnel,4,43182.0,10795.5,2024-07-31,153,0.1111111111111111,1
780,M,34,Abidjan,Site Web,Nouveau,29,715973.0,24688.724137931036,2024-12-13,18,0.8055555555555556,0
781,F,35,Korhogo,Boutique,Régulier,43,1304495.0,30337.093023255813,2024-11-04,57,1.1944444444444444,0
782,M,38,Abidjan,Site Web,Nouveau,34,947277.0,27861.08823529412,2024-12-06,25,0.9444444444444444,1
783,F,36,Yamoussoukro,Site Web,Nouveau,26,693334.0,26666.69230769231,2024-12-02,29,0.7222222222222222,0
784,M,31,Gagnoa,Réseaux sociaux,Occasionnel,31,911904.0,29416.25806451613,2024-11-20,41,0.8611111111111112,0
785,M,37,Abidjan,Mobile Money,Occasionnel,28,897549.0,32055.321428571428,2024-11-24,37,0.7777777777777778,0
786,F,45,Daloa,Mobile Money,Régulier,4,195492.0,48873.0,2024-06-19,195,0.1111111111111111,1
787,M,32,Abidjan,Mobile Money,Occasionnel,23,886190.0,38530.0,2024-10-11,81,0.6388888888888888,0
788,F,37,Abidjan,Boutique,Occasionnel,22,620134.0,28187.909090909092,2024-09-24,98,0.6111111111111112,1
789,M,31,Abidjan,Mobile Money,Nouveau,30,859973.0,28665.766666666666,2024-12-20,11,0.8333333333333334,0
790,M,26,Abidjan,Mobile Money,Fidèle,24,476067.0,19836.125,2024-12-16,15,0.6666666666666666,0
791,F,39,Abidjan,Réseaux sociaux,Nouveau,22,656068.0,29821.272727272728,2024-07-20,164,0.6111111111111112,1
792,F,27,Abidjan,Partenaire,Fidèle,33,1052054.0,31880.424242424244,2024-11-30,31,0.9166666666666666,0
793,F,38,Abidjan,Réseaux sociaux,Occasionnel,2,29580.0,14790.0,2024-06-19,195,0.05555555555555555,1
794,F,34,Abidjan,Mobile Money,Occasionnel,39,904374.0,23189.076923076922,2024-12-10,21,1.0833333333333333,0
795,F,30,Yamoussoukro,Boutique,Régulier,1,5431.0,5431.0,2022-03-31,1006,0.027777777777777776,1
796,F,30,Abidjan,Mobile Money,Occasionnel,3,236464.0,78821.33333333333,2023-07-10,540,0.08333333333333333,1
797,F,28,San-Pédro,Boutique,Régulier,3,51713.0,17237.666666666668,2023-08-18,501,0.08333333333333333,1
798,F,18,Man,Boutique,Fidèle,23,615514.0,26761.478260869564,2024-12-27,4,0.6388888888888888,1
799,M,38,Yamoussoukro,Partenaire,Fidèle,33,650458.0,19710.848484848484,2024-12-05,26,0.9166666666666666,0
800,M,36,Bouaké,Site Web,Occasionnel,33,1309474.0,39681.030303030304,2024-12-19,12,0.9166666666666666,0
801,M,43,Yamoussoukro,Mobile Money,Régulier,26,1182877.0,45495.269230769234,2024-12-27,4,0.7222222222222222,0
802,F,28,Yamoussoukro,Site Web,Occasionnel,28,683114.0,24396.928571428572,2024-12-05,26,0.7777777777777778,0
803,M,54,Man,Partenaire,Régulier,19,603640.0,31770.526315789473,2024-10-17,75,0.5277777777777778,0
804,M,29,Gagnoa,Mobile Money,Nouveau,37,1064139.0,28760.513513513513,2024-12-27,4,1.0277777777777777,0
805,F,24,Abidjan,Réseaux sociaux,Nouveau,30,1378378.0,45945.933333333334,2024-11-25,36,0.8333333333333334,0
806,F,23,Bouaké,Mobile Money,Occasionnel,30,748535.0,24951.166666666668,2024-11-07,54,0.8333333333333334,0
807,M,18,San-Pédro,Mobile Money,Nouveau,37,1128602.0,30502.756756756757,2024-12-30,1,1.0277777777777777,0
808,F,50,Abidjan,Réseaux sociaux,Régulier,36,897891.0,24941.416666666668,2024-12-21,10,1.0,0
809,F,49,Abidjan,Mobile Money,Nouveau,3,59636.0,19878.666666666668,2024-09-01,121,0.08333333333333333,1
810,M,40,Yamoussoukro,Site Web,Nouveau,36,828321.0,23008.916666666668,2024-12-11,20,1.0,0
811,F,24,Yamoussoukro,Mobile Money,Régulier,32,907520.0,28360.0,2024-12-30,1,0.8888888888888888,0
812,F,53,Abidjan,Site Web,Occasionnel,38,1641855.0,43206.71052631579,2024-11-18,43,1.0555555555555556,0
813,M,30,Abidjan,Site Web,VIP,31,954313.0,30784.290322580644,2024-10-22,70,0.8611111111111112,0
814,M,31,Abidjan,Réseaux sociaux,Nouveau,28,731767.0,26134.535714285714,2024-12-28,3,0.7777777777777778,0
815,F,49,Bouaké,Réseaux sociaux,Nouveau,24,755307.0,31471.125,2024-10-28,64,0.6666666666666666,0
816,M,41,Man,Site Web,Nouveau,3,89635.0,29878.333333333332,2024-08-29,124,0.08333333333333333,1
817,M,58,Korhogo,Boutique,Occasionnel,38,1017446.0,26774.894736842107,2024-11-06,55,1.0555555555555556,0
818,M,36,Abidjan,Mobile Money,Nouveau,35,915358.0,26153.085714285713,2024-12-26,5,0.9722222222222222,0
819,M,29,Abidjan,Site Web,Régulier,30,735201.0,24506.7,2024-11-11,50,0.8333333333333334,0
820,F,27,Daloa,Boutique,Nouveau,26,704601.0,27100.03846153846,2024-12-23,8,0.7222222222222222,0
821,F,18,Yamoussoukro,Mobile Money,Fidèle,35,1463305.0,41808.71428571428,2024-10-20,72,0.9722222222222222,0
822,M,30,Abidjan,Partenaire,Occasionnel,3,128859.0,42953.0,2023-08-04,515,0.08333333333333333,1
823,F,46,Abidjan,Mobile Money,Régulier,32,849530.0,26547.8125,2024-12-24,7,0.8888888888888888,0
824,M,40,Abidjan,Mobile Money,Nouveau,31,1155791.0,37283.58064516129,2024-12-12,19,0.8611111111111112,0
825,M,34,Daloa,Réseaux sociaux,Nouveau,3,264080.0,88026.66666666667,2023-06-07,573,0.08333333333333333,1
826,F,23,Bouaké,Boutique,Occasionnel,25,637993.0,25519.72,2024-12-29,2,0.6944444444444444,0
827,M,36,Abidjan,Site Web,Occasionnel,2,60609.0,30304.5,2024-09-12,110,0.05555555555555555,1
828,F,45,Man,Mobile Money,Occasionnel,26,735841.0,28301.576923076922,2024-09-17,105,0.7222222222222222,1
829,M,38,Yamoussoukro,Boutique,Nouveau,37,1348718.0,36451.83783783784,2024-12-25,6,1.0277777777777777,0
830,F,35,Man,Site Web,Nouveau,28,751662.0,26845.071428571428,2024-12-11,20,0.7777777777777778,0
831,M,25,Abidjan,Mobile Money,VIP,1,39375.0,39375.0,2022-05-19,957,0.027777777777777776,1
832,M,43,Abidjan,Site Web,Nouveau,1,10807.0,10807.0,2023-11-07,420,0.027777777777777776,1
833,F,18,Man,Mobile Money,Nouveau,30,1319645.0,43988.166666666664,2024-12-27,4,0.8333333333333334,0
834,M,38,Divo,Mobile Money,Occasionnel,42,1310552.0,31203.619047619046,2024-12-20,11,1.1666666666666667,0
835,M,62,Gagnoa,Mobile Money,Nouveau,31,1226650.0,39569.354838709674,2024-12-20,11,0.8611111111111112,0
836,M,18,San-Pédro,Mobile Money,Occasionnel,32,1203278.0,37602.4375,2024-12-23,8,0.8888888888888888,0
837,M,31,Abidjan,Mobile Money,Régulier,34,809854.0,23819.235294117647,2024-12-11,20,0.9444444444444444,0
838,M,33,Abidjan,Site Web,Régulier,36,1278928.0,35525.77777777778,2024-12-29,2,1.0,0
839,F,28,Abidjan,Boutique,Régulier,29,1020943.0,35204.93103448276,2024-12-30,1,0.8055555555555556,0
840,F,45,Man,Mobile Money,Nouveau,33,826486.0,25045.030303030304,2024-12-28,3,0.9166666666666666,0
841,F,39,Abidjan,Boutique,Nouveau,27,809733.0,29990.11111111111,2024-11-13,48,0.75,0
842,M,35,Daloa,Mobile Money,Régulier,29,788037.0,27173.689655172413,2024-12-25,6,0.8055555555555556,0
843,M,42,Man,Boutique,Nouveau,18,724864.0,40270.22222222222,2024-10-01,91,0.5,1
844,F,34,Gagnoa,Réseaux sociaux,Nouveau,23,364577.0,15851.173913043478,2024-11-08,53,0.6388888888888888,0
845,F,68,Divo,Site Web,Occasionnel,7,167446.0,23920.85714285714,2023-09-30,458,0.19444444444444445,1
846,M,35,Bouaké,Site Web,Régulier,29,1122298.0,38699.93103448276,2024-10-09,83,0.8055555555555556,0
847,F,36,Abidjan,Mobile Money,Nouveau,1,61320.0,61320.0,2023-12-26,371,0.027777777777777776,1
848,M,18,Abengourou,Mobile Money,Fidèle,33,840006.0,25454.727272727272,2024-10-14,78,0.9166666666666666,0
849,F,28,Abidjan,Site Web,Nouveau,38,1087161.0,28609.5,2024-11-29,32,1.0555555555555556,0
850,M,46,Abidjan,Boutique,VIP,28,612768.0,21884.571428571428,2024-12-28,3,0.7777777777777778,0
851,F,19,Gagnoa,Site Web,Nouveau,34,1082769.0,31846.147058823528,2024-11-13,48,0.9444444444444444,0
852,F,18,Yamoussoukro,Partenaire,Régulier,14,628948.0,44924.857142857145,2024-04-04,271,0.3888888888888889,1
853,M,34,Abidjan,Boutique,Occasionnel,34,873616.0,25694.58823529412,2024-12-23,8,0.9444444444444444,0
854,M,49,Abidjan,Réseaux sociaux,Fidèle,28,636477.0,22731.321428571428,2024-09-25,97,0.7777777777777778,1
855,F,34,Abidjan,Boutique,Occasionnel,37,1238503.0,33473.05405405405,2024-12-12,19,1.0277777777777777,0
856,F,30,Divo,Mobile Money,Fidèle,30,671070.0,22369.0,2024-11-23,38,0.8333333333333334,0
857,M,18,Bouaké,Mobile Money,Régulier,29,963847.0,33236.10344827586,2024-12-07,24,0.8055555555555556,0
858,M,38,Abidjan,Site Web,Occasionnel,39,1179795.0,30251.153846153848,2024-12-03,28,1.0833333333333333,0
859,F,41,Bouaké,Mobile Money,Nouveau,23,822847.0,35775.95652173913,2024-12-12,19,0.6388888888888888,0
860,F,18,Korhogo,Site Web,Nouveau,29,962930.0,33204.48275862069,2024-10-04,88,0.8055555555555556,0
861,M,46,Man,Site Web,VIP,7,242824.0,34689.142857142855,2024-07-06,178,0.19444444444444445,1
862,M,42,Abidjan,Boutique,Fidèle,28,832050.0,29716.071428571428,2024-12-02,29,0.7777777777777778,0
863,M,46,Bouaké,Boutique,Nouveau,37,984189.0,26599.702702702703,2024-12-28,3,1.0277777777777777,0
864,M,40,Abidjan,Site Web,Nouveau,28,900738.0,32169.214285714286,2024-11-15,46,0.7777777777777778,0
865,F,41,Abidjan,Boutique,Nouveau,4,240708.0,60177.0,2024-06-20,194,0.1111111111111111,1
866,M,39,Abidjan,Réseaux sociaux,Nouveau,23,576319.0,25057.347826086956,2024-12-30,1,0.6388888888888888,0
867,M,43,Abidjan,Mobile Money,Nouveau,1,11646.0,11646.0,2024-11-14,47,0.027777777777777776,1
868,M,18,Bouaké,Partenaire,Fidèle,26,730653.0,28102.03846153846,2024-12-30,1,0.7222222222222222,0
869,F,18,Abidjan,Mobile Money,Nouveau,29,845581.0,29157.96551724138,2024-09-29,93,0.8055555555555556,1
870,F,25,Abidjan,Mobile Money,Fidèle,32,1254791.0,39212.21875,2024-12-09,22,0.8888888888888888,0
871,M,32,Abidjan,Site Web,VIP,31,1506523.0,48597.51612903226,2024-12-08,23,0.8611111111111112,0
872,F,38,Abidjan,Mobile Money,Nouveau,33,642733.0,19476.757575757576,2024-11-28,33,0.9166666666666666,0
873,M,37,Yamoussoukro,Mobile Money,Occasionnel,36,1036110.0,28780.833333333332,2024-12-14,17,1.0,1
874,F,46,Abidjan,Mobile Money,Occasionnel,21,607685.0,28937.380952380954,2024-10-10,82,0.5833333333333334,0
875,M,46,Abidjan,Site Web,Nouveau,31,649541.0,20952.935483870966,2024-12-12,19,0.8611111111111112,0
876,M,24,Abengourou,Boutique,Régulier,33,1373439.0,41619.36363636364,2024-12-15,16,0.9166666666666666,0
877,F,36,Abidjan,Mobile Money,Occasionnel,32,854417.0,26700.53125,2024-12-10,21,0.8888888888888888,0
878,F,24,Korhogo,Boutique,Nouveau,1,8009.0,8009.0,2023-08-16,503,0.027777777777777776,1
879,M,31,Bouaké,Mobile Money,Fidèle,24,576003.0,24000.125,2024-12-30,1,0.6666666666666666,0
880,M,37,Yamoussoukro,Partenaire,Nouveau,21,851121.0,40529.57142857143,2024-12-24,7,0.5833333333333334,0
881,F,18,Bouaké,Mobile Money,Nouveau,33,877711.0,26597.303030303032,2024-09-30,92,0.9166666666666666,1
882,M,60,Abidjan,Boutique,VIP,2,38048.0,19024.0,2023-12-24,373,0.05555555555555555,1
883,M,40,San-Pédro,Boutique,Nouveau,28,742838.0,26529.928571428572,2024-11-25,36,0.7777777777777778,0
884,F,27,San-Pédro,Boutique,Nouveau,25,679989.0,27199.56,2024-10-27,65,0.6944444444444444,0
885,F,55,Abidjan,Partenaire,Nouveau,27,744716.0,27582.074074074073,2024-12-22,9,0.75,0
886,F,30,Daloa,Boutique,Nouveau,33,941051.0,28516.696969696968,2024-12-29,2,0.9166666666666666,0
887,F,35,Abidjan,Site Web,Occasionnel,25,859081.0,34363.24,2024-11-07,54,0.6944444444444444,0
888,F,28,Korhogo,Boutique,Régulier,32,1309340.0,40916.875,2024-12-09,22,0.8888888888888888,0
889,F,52,San-Pédro,Site Web,Occasionnel,32,1122866.0,35089.5625,2024-08-24,129,0.8888888888888888,1
890,M,32,Abidjan,Boutique,Occasionnel,27,774764.0,28694.962962962964,2024-11-25,36,0.75,0
891,F,35,Korhogo,Mobile Money,Nouveau,29,691287.0,23837.48275862069,2024-11-30,31,0.8055555555555556,0
892,M,47,Gagnoa,Mobile Money,Occasionnel,39,1194919.0,30638.94871794872,2024-12-21,10,1.0833333333333333,0
893,F,40,Daloa,Mobile Money,Fidèle,18,483150.0,26841.666666666668,2024-12-08,23,0.5,0
894,F,33,Abidjan,Partenaire,Régulier,33,1012493.0,30681.60606060606,2024-11-16,45,0.9166666666666666,0
895,M,46,San-Pédro,Site Web,Régulier,37,1137966.0,30755.837837837837,2024-11-28,33,1.0277777777777777,0
896,M,61,Bouaké,Mobile Money,Nouveau,26,1193117.0,45889.11538461538,2024-10-18,74,0.7222222222222222,0
897,F,37,Abidjan,Boutique,Occasionnel,2,20328.0,10164.0,2024-05-18,227,0.05555555555555555,1
898,F,35,Korhogo,Site Web,Fidèle,22,768000.0,34909.09090909091,2024-12-14,17,0.6111111111111112,0
899,F,35,Bouaké,Boutique,Fidèle,31,779654.0,25150.129032258064,2024-12-20,11,0.8611111111111112,0
900,M,48,San-Pédro,Boutique,Régulier,34,1029590.0,30282.058823529413,2024-12-23,8,0.9444444444444444,0
901,F,27,Yamoussoukro,Site Web,Occasionnel,26,798154.0,30698.23076923077,2024-08-06,147,0.7222222222222222,1
902,F,30,Abidjan,Mobile Money,Nouveau,37,1066851.0,28833.81081081081,2024-12-28,3,1.0277777777777777,0
903,F,18,Gagnoa,Boutique,Nouveau,27,833974.0,30887.925925925927,2024-09-29,93,0.75,1
904,F,20,Bouaké,Mobile Money,Nouveau,35,1070057.0,30573.057142857142,2024-12-19,12,0.9722222222222222,0
905,M,28,Abidjan,Mobile Money,Occasionnel,1,31421.0,31421.0,2022-12-27,735,0.027777777777777776,1
906,M,33,Abidjan,Site Web,Nouveau,2,66263.0,33131.5,2024-06-24,190,0.05555555555555555,1
907,F,53,Abidjan,Site Web,Occasionnel,2,23509.0,11754.5,2024-12-06,25,0.05555555555555555,0
908,F,39,Yamoussoukro,Partenaire,Occasionnel,39,1181022.0,30282.615384615383,2024-11-11,50,1.0833333333333333,0
909,F,23,Abidjan,Mobile Money,Occasionnel,1,10475.0,10475.0,2024-08-30,123,0.027777777777777776,1
910,F,25,Man,Site Web,Occasionnel,30,890800.0,29693.333333333332,2024-12-30,1,0.8333333333333334,0
911,M,49,Gagnoa,Partenaire,Nouveau,25,828040.0,33121.6,2024-11-08,53,0.6944444444444444,0
912,M,46,Daloa,Site Web,Occasionnel,29,577513.0,19914.241379310344,2024-12-30,1,0.8055555555555556,0
913,M,34,Abidjan,Partenaire,VIP,33,1053736.0,31931.39393939394,2024-12-29,2,0.9166666666666666,0
914,M,29,Yamoussoukro,Partenaire,Occasionnel,29,711989.0,24551.344827586207,2024-12-21,10,0.8055555555555556,1
915,M,46,Abidjan,Réseaux sociaux,Fidèle,31,854583.0,27567.1935483871,2024-12-05,26,0.8611111111111112,0
916,M,23,San-Pédro,Partenaire,Occasionnel,39,1486494.0,38115.230769230766,2024-12-26,5,1.0833333333333333,0
917,F,38,Abidjan,Site Web,Régulier,40,1002463.0,25061.575,2024-12-28,3,1.1111111111111112,0
918,F,58,Man,Boutique,Occasionnel,26,851222.0,32739.30769230769,2024-12-28,3,0.7222222222222222,0
919,F,36,Abidjan,Réseaux sociaux,Régulier,4,121942.0,30485.5,2024-05-16,229,0.1111111111111111,1
920,M,25,Abidjan,Réseaux sociaux,Fidèle,32,1055587.0,32987.09375,2024-12-17,14,0.8888888888888888,0
921,F,38,Abengourou,Mobile Money,Occasionnel,33,955258.0,28947.21212121212,2024-11-27,34,0.9166666666666666,0
922,M,28,Abidjan,Mobile Money,Régulier,31,704271.0,22718.41935483871,2024-10-21,71,0.8611111111111112,0
923,M,18,Korhogo,Mobile Money,Fidèle,2,66359.0,33179.5,2023-03-02,670,0.05555555555555555,1
924,M,41,Man,Réseaux sociaux,Régulier,27,811995.0,30073.88888888889,2024-12-29,2,0.75,0
925,F,46,Abidjan,Mobile Money,Nouveau,25,873456.0,34938.24,2024-11-23,38,0.6944444444444444,0
926,F,30,Abidjan,Mobile Money,Nouveau,4,139394.0,34848.5,2023-10-09,449,0.1111111111111111,1
927,F,29,Bouaké,Boutique,Fidèle,30,817869.0,27262.3,2024-10-12,80,0.8333333333333334,0
928,M,23,San-Pédro,Mobile Money,Régulier,24,786677.0,32778.208333333336,2024-10-21,71,0.6666666666666666,0
929,M,32,Gagnoa,Partenaire,VIP,32,849859.0,26558.09375,2024-12-22,9,0.8888888888888888,0
930,M,27,Abidjan,Boutique,Nouveau,33,678376.0,20556.848484848484,2024-12-18,13,0.9166666666666666,0
931,F,22,Daloa,Mobile Money,Régulier,2,159253.0,79626.5,2024-04-10,265,0.05555555555555555,1
932,F,54,Abidjan,Mobile Money,Régulier,2,53923.0,26961.5,2024-06-06,208,0.05555555555555555,1
933,F,39,Bouaké,Site Web,Fidèle,33,877957.0,26604.757575757576,2024-12-11,20,0.9166666666666666,0
934,M,40,San-Pédro,Site Web,Régulier,37,1064927.0,28781.81081081081,2024-12-26,5,1.0277777777777777,0
935,M,43,Korhogo,Boutique,Nouveau,3,121616.0,40538.666666666664,2024-01-19,347,0.08333333333333333,1
936,F,42,Abidjan,Mobile Money,Régulier,38,1200377.0,31588.86842105263,2024-12-27,4,1.0555555555555556,0
937,M,29,Abidjan,Réseaux sociaux,Régulier,25,597855.0,23914.2,2024-07-16,168,0.6944444444444444,1
938,F,36,Abidjan,Site Web,Nouveau,4,91140.0,22785.0,2024-06-29,185,0.1111111111111111,1
939,M,31,Abidjan,Site Web,Nouveau,33,919274.0,27856.78787878788,2024-12-04,27,0.9166666666666666,0
940,F,38,Abidjan,Boutique,Fidèle,33,852534.0,25834.363636363636,2024-11-29,32,0.9166666666666666,0
941,F,37,Korhogo,Partenaire,Nouveau,40,1027246.0,25681.15,2024-11-03,58,1.1111111111111112,0
942,M,29,Abidjan,Site Web,Occasionnel,26,911763.0,35067.807692307695,2024-12-10,21,0.7222222222222222,0
943,F,19,Abidjan,Boutique,Régulier,32,1039014.0,32469.1875,2024-11-17,44,0.8888888888888888,0
944,F,35,Daloa,Partenaire,VIP,26,667176.0,25660.615384615383,2024-12-30,1,0.7222222222222222,0
945,F,31,Abidjan,Réseaux sociaux,Régulier,27,739487.0,27388.40740740741,2024-12-25,6,0.75,0
946,F,18,Abidjan,Site Web,Nouveau,30,1092918.0,36430.6,2024-11-09,52,0.8333333333333334,0
947,M,39,Man,Site Web,Nouveau,5,157553.0,31510.6,2024-02-01,334,0.1388888888888889,1
948,M,44,Abidjan,Boutique,Nouveau,1,13178.0,13178.0,2023-05-08,603,0.027777777777777776,1
949,M,61,Abidjan,Boutique,Nouveau,42,1135244.0,27029.619047619046,2024-12-06,25,1.1666666666666667,0
950,F,29,Bouaké,Mobile Money,Régulier,28,1086596.0,38807.0,2024-12-21,10,0.7777777777777778,0
951,M,28,Abidjan,Boutique,Occasionnel,24,976031.0,40667.958333333336,2024-08-23,130,0.6666666666666666,1
952,F,21,Abidjan,Boutique,Nouveau,31,894759.0,28863.1935483871,2024-12-29,2,0.8611111111111112,0
953,F,36,Abidjan,Boutique,Fidèle,29,621190.0,21420.344827586207,2024-07-30,154,0.8055555555555556,1
954,F,36,Abidjan,Partenaire,Nouveau,32,995872.0,31121.0,2024-09-29,93,0.8888888888888888,1
955,M,25,Korhogo,Mobile Money,Nouveau,2,28463.0,14231.5,2022-09-16,837,0.05555555555555555,1
956,M,32,Abidjan,Réseaux sociaux,Occasionnel,1,63129.0,63129.0,2023-06-20,560,0.027777777777777776,1
957,M,18,Abidjan,Mobile Money,Nouveau,28,613846.0,21923.071428571428,2024-11-08,53,0.7777777777777778,0
959,F,25,Gagnoa,Mobile Money,VIP,22,642126.0,29187.545454545456,2024-12-03,28,0.6111111111111112,0
960,M,33,Abidjan,Boutique,Fidèle,30,847816.0,28260.533333333333,2024-12-21,10,0.8333333333333334,0
961,M,18,Korhogo,Boutique,Régulier,36,1109396.0,30816.555555555555,2024-09-24,98,1.0,1
962,F,27,Abidjan,Mobile Money,Régulier,3,44077.0,14692.333333333334,2024-02-03,332,0.08333333333333333,1
963,F,30,Divo,Site Web,Nouveau,22,671127.0,30505.772727272728,2024-08-31,122,0.6111111111111112,1
964,F,33,Abidjan,Boutique,Fidèle,30,707268.0,23575.6,2024-11-28,33,0.8333333333333334,1
965,M,39,Abidjan,Mobile Money,Occasionnel,27,606453.0,22461.222222222223,2024-11-21,40,0.75,0
966,F,49,Abidjan,Boutique,Nouveau,28,904669.0,32309.60714285714,2024-10-25,67,0.7777777777777778,0
967,M,42,Abidjan,Mobile Money,Nouveau,24,769802.0,32075.083333333332,2024-11-27,34,0.6666666666666666,0
968,F,44,Daloa,Mobile Money,Occasionnel,31,754127.0,24326.677419354837,2024-11-12,49,0.8611111111111112,0
969,M,49,Yamoussoukro,Mobile Money,Nouveau,3,251146.0,83715.33333333333,2024-05-13,232,0.08333333333333333,1
970,F,40,Yamoussoukro,Site Web,Nouveau,19,806486.0,42446.63157894737,2024-02-29,306,0.5277777777777778,1
971,F,33,Abidjan,Site Web,Nouveau,31,651645.0,21020.8064516129,2024-12-05,26,0.8611111111111112,0
972,F,45,Yamoussoukro,Réseaux sociaux,Occasionnel,41,730168.0,17808.975609756097,2024-12-26,5,1.1388888888888888,0
973,F,45,Abidjan,Site Web,Nouveau,35,1154056.0,32973.02857142857,2024-12-23,8,0.9722222222222222,0
974,M,41,Abengourou,Boutique,Occasionnel,25,381074.0,15242.96,2024-07-29,155,0.6944444444444444,1
975,F,18,Daloa,Mobile Money,Nouveau,31,1277710.0,41216.45161290323,2024-12-16,15,0.8611111111111112,0
976,M,24,Bouaké,Mobile Money,Occasionnel,28,677860.0,24209.285714285714,2024-12-23,8,0.7777777777777778,0
977,F,30,Korhogo,Site Web,Nouveau,23,891172.0,38746.608695652176,2024-12-21,10,0.6388888888888888,0
978,F,42,Bouaké,Mobile Money,Occasionnel,1,11790.0,11790.0,2022-08-06,878,0.027777777777777776,1
979,M,33,Bouaké,Mobile Money,Régulier,37,808432.0,21849.513513513513,2024-12-16,15,1.0277777777777777,0
980,F,46,Abidjan,Partenaire,Régulier,34,1191365.0,35040.14705882353,2024-11-15,46,0.9444444444444444,0
981,M,48,Yamoussoukro,Mobile Money,Nouveau,28,550389.0,19656.75,2024-10-14,78,0.7777777777777778,0
982,M,47,Abidjan,Mobile Money,Occasionnel,25,683626.0,27345.04,2024-10-20,72,0.6944444444444444,0
983,M,47,Abidjan,Partenaire,Régulier,24,667524.0,27813.5,2024-11-25,36,0.6666666666666666,0
984,F,22,San-Pédro,Mobile Money,Nouveau,33,782663.0,23717.060606060608,2024-10-07,85,0.9166666666666666,0
985,F,39,Abidjan,Boutique,Occasionnel,27,730472.0,27054.51851851852,2024-12-01,30,0.75,0
986,M,27,Yamoussoukro,Mobile Money,Occasionnel,37,1044833.0,28238.72972972973,2024-10-19,73,1.0277777777777777,0
987,F,18,Abidjan,Boutique,Fidèle,31,1337824.0,43155.6129032258,2024-12-04,27,0.8611111111111112,0
988,F,30,Abidjan,Partenaire,Occasionnel,36,889861.0,24718.36111111111,2024-12-26,5,1.0,0
989,F,48,San-Pédro,Site Web,Fidèle,32,721807.0,22556.46875,2024-12-22,9,0.8888888888888888,0
990,M,39,Abidjan,Boutique,Régulier,31,1004075.0,32389.516129032258,2024-12-17,14,0.8611111111111112,0
991,M,56,Yamoussoukro,Mobile Money,Occasionnel,27,687643.0,25468.25925925926,2024-12-28,3,0.75,0
992,M,35,Bouaké,Boutique,Nouveau,28,827361.0,29548.60714285714,2024-11-25,36,0.7777777777777778,0
993,M,60,Korhogo,Site Web,Occasionnel,35,1277099.0,36488.54285714286,2024-10-13,79,0.9722222222222222,0
994,F,35,Abidjan,Mobile Money,Nouveau,35,1104028.0,31543.657142857144,2024-12-30,1,0.9722222222222222,0
995,M,34,Daloa,Mobile Money,Occasionnel,28,966007.0,34500.25,2024-11-10,51,0.7777777777777778,0
996,F,19,Abidjan,Site Web,Nouveau,38,1558982.0,41025.84210526316,2024-10-16,76,1.0555555555555556,0
997,M,46,Abidjan,Réseaux sociaux,Régulier,23,412343.0,17927.956521739132,2024-12-09,22,0.6388888888888888,0
998,F,28,Abidjan,Réseaux sociaux,Régulier,3,90186.0,30062.0,2023-09-25,463,0.08333333333333333,1
999,M,26,Abidjan,Réseaux sociaux,Fidèle,34,917441.0,26983.558823529413,2024-12-30,1,0.9444444444444444,0
1000,F,48,Abidjan,Boutique,Nouveau,28,698905.0,24960.89285714286,2024-11-19,42,0.7777777777777778,0
1001,F,46,Abidjan,Site Web,Fidèle,25,965592.0,38623.68,2024-11-24,37,0.6944444444444444,0
1002,F,46,Abidjan,Partenaire,Fidèle,45,979286.0,21761.911111111112,2024-11-29,32,1.25,0
1003,F,30,Yamoussoukro,Mobile Money,Fidèle,3,122563.0,40854.333333333336,2024-07-29,155,0.08333333333333333,1
1004,F,33,Abidjan,Boutique,Régulier,3,131107.0,43702.333333333336,2022-11-02,790,0.08333333333333333,1
1005,M,33,Abidjan,Mobile Money,Nouveau,30,1239886.0,41329.53333333333,2024-12-26,5,0.8333333333333334,1
1006,F,42,Abidjan,Partenaire,Fidèle,28,971454.0,34694.78571428572,2024-11-27,34,0.7777777777777778,0
1007,M,51,Abidjan,Partenaire,Occasionnel,2,25733.0,12866.5,2024-07-21,163,0.05555555555555555,1
1008,F,38,Yamoussoukro,Réseaux sociaux,Régulier,22,921984.0,41908.36363636364,2024-11-30,31,0.6111111111111112,0
1009,M,55,Korhogo,Mobile Money,Nouveau,2,22381.0,11190.5,2024-02-06,329,0.05555555555555555,1
1010,F,43,Bouaké,Partenaire,Nouveau,30,770592.0,25686.4,2024-11-29,32,0.8333333333333334,0
1011,M,31,Yamoussoukro,Mobile Money,Nouveau,35,968767.0,27679.057142857142,2024-11-10,51,0.9722222222222222,1
1012,M,43,Abidjan,Mobile Money,Occasionnel,35,970793.0,27736.942857142858,2024-12-04,27,0.9722222222222222,0
1013,F,52,Divo,Site Web,Occasionnel,36,1784107.0,49558.52777777778,2024-12-14,17,1.0,0
1014,M,55,Abidjan,Site Web,Fidèle,33,1026124.0,31094.666666666668,2024-11-23,38,0.9166666666666666,0
1015,F,47,Abidjan,Réseaux sociaux,Nouveau,30,535712.0,17857.066666666666,2024-12-26,5,0.8333333333333334,1
1016,F,34,Abidjan,Mobile Money,Nouveau,2,265411.0,132705.5,2024-10-09,83,0.05555555555555555,0
1017,M,31,Abidjan,Boutique,Nouveau,20,508154.0,25407.7,2024-09-20,102,0.5555555555555556,1
1018,M,40,Daloa,Boutique,Nouveau,17,563459.0,33144.64705882353,2024-10-05,87,0.4722222222222222,0
1019,F,52,Abidjan,Mobile Money,Occasionnel,31,632822.0,20413.612903225807,2024-10-27,65,0.8611111111111112,0
1020,F,38,Abidjan,Réseaux sociaux,Régulier,30,923232.0,30774.4,2024-12-15,16,0.8333333333333334,0
1021,M,38,Abidjan,Mobile Money,VIP,23,576803.0,25078.391304347828,2024-12-25,6,0.6388888888888888,0
1022,M,34,Gagnoa,Mobile Money,Nouveau,31,708793.0,22864.290322580644,2024-12-14,17,0.8611111111111112,0
1023,M,30,Daloa,Boutique,Nouveau,28,746049.0,26644.60714285714,2024-12-20,11,0.7777777777777778,0
1024,M,32,Man,Site Web,Régulier,4,79394.0,19848.5,2024-08-03,150,0.1111111111111111,1
1025,M,35,Korhogo,Réseaux sociaux,Nouveau,2,17730.0,8865.0,2022-04-14,992,0.05555555555555555,1
1026,F,52,Korhogo,Mobile Money,Régulier,25,630035.0,25201.4,2024-10-22,70,0.6944444444444444,0
1027,M,31,Abidjan,Mobile Money,Occasionnel,35,1172770.0,33507.71428571428,2024-12-30,1,0.9722222222222222,0
1028,F,34,Abidjan,Partenaire,Fidèle,31,1028219.0,33168.354838709674,2024-12-03,28,0.8611111111111112,0
1029,M,24,Abidjan,Boutique,Nouveau,26,708599.0,27253.80769230769,2024-09-23,99,0.7222222222222222,1
1030,F,41,Abidjan,Boutique,VIP,37,989796.0,26751.243243243243,2024-12-11,20,1.0277777777777777,0
1031,M,49,Yamoussoukro,Mobile Money,VIP,2,24397.0,12198.5,2024-05-21,224,0.05555555555555555,1
1032,M,51,Abidjan,Partenaire,Nouveau,1,42739.0,42739.0,2024-12-06,25,0.027777777777777776,0
1033,F,36,Abidjan,Site Web,Occasionnel,29,812845.0,28029.137931034482,2024-12-26,5,0.8055555555555556,0
1034,M,40,Yamoussoukro,Mobile Money,Occasionnel,23,802817.0,34905.086956521736,2024-10-06,86,0.6388888888888888,0
1035,F,32,Abidjan,Mobile Money,Nouveau,30,636409.0,21213.633333333335,2024-12-24,7,0.8333333333333334,0
1036,M,39,Abidjan,Mobile Money,VIP,36,783752.0,21770.88888888889,2024-11-09,52,1.0,0
1037,F,37,Abidjan,Mobile Money,Nouveau,29,575707.0,19851.96551724138,2024-08-28,125,0.8055555555555556,1
1038,F,34,Yamoussoukro,Mobile Money,Nouveau,34,741819.0,21818.20588235294,2024-10-19,73,0.9444444444444444,0
1039,F,35,Abidjan,Mobile Money,Nouveau,4,120375.0,30093.75,2024-12-26,5,0.1111111111111111,0
1040,F,38,Abidjan,Mobile Money,Occasionnel,35,1300245.0,37149.857142857145,2024-12-18,13,0.9722222222222222,0
1041,F,30,Abidjan,Boutique,Fidèle,30,1151258.0,38375.26666666667,2024-10-16,76,0.8333333333333334,0
1042,M,31,Daloa,Boutique,Régulier,27,918008.0,34000.2962962963,2024-12-12,19,0.75,0
1043,M,52,Abidjan,Boutique,Régulier,32,767733.0,23991.65625,2024-12-24,7,0.8888888888888888,0
1044,M,63,Abidjan,Réseaux sociaux,Nouveau,30,1059951.0,35331.7,2024-11-27,34,0.8333333333333334,0
1045,F,20,Korhogo,Mobile Money,Régulier,2,40863.0,20431.5,2023-11-12,415,0.05555555555555555,1
1046,F,20,Korhogo,Réseaux sociaux,Occasionnel,28,703731.0,25133.25,2024-10-06,86,0.7777777777777778,0
1047,F,23,Abidjan,Réseaux sociaux,Occasionnel,7,134931.0,19275.85714285714,2024-12-17,14,0.19444444444444445,0
1048,M,32,Abidjan,Partenaire,Occasionnel,31,1118893.0,36093.32258064516,2024-12-27,4,0.8611111111111112,0
1049,M,43,Abidjan,Mobile Money,VIP,6,114227.0,19037.833333333332,2024-09-30,92,0.16666666666666666,1
1050,F,40,Yamoussoukro,Mobile Money,Régulier,39,1083031.0,27770.02564102564,2024-10-26,66,1.0833333333333333,0
1051,M,35,Abidjan,Site Web,Régulier,28,858901.0,30675.035714285714,2024-11-30,31,0.7777777777777778,0
1052,F,39,Man,Mobile Money,Occasionnel,38,1008740.0,26545.78947368421,2024-11-21,40,1.0555555555555556,0
1053,F,26,San-Pédro,Mobile Money,Nouveau,39,1338950.0,34332.05128205128,2024-12-28,3,1.0833333333333333,0
1054,F,31,Bouaké,Mobile Money,Occasionnel,29,502817.0,17338.51724137931,2024-12-27,4,0.8055555555555556,0
1055,F,33,Abidjan,Site Web,Régulier,27,581730.0,21545.555555555555,2024-12-11,20,0.75,0
1056,M,18,Korhogo,Réseaux sociaux,Régulier,33,737036.0,22334.424242424244,2024-12-10,21,0.9166666666666666,0
1057,M,21,Yamoussoukro,Mobile Money,Régulier,37,1418335.0,38333.37837837838,2024-11-09,52,1.0277777777777777,0
1058,F,21,Daloa,Partenaire,Nouveau,29,765231.0,26387.275862068964,2024-12-03,28,0.8055555555555556,0
1059,M,42,Abidjan,Site Web,Nouveau,25,524559.0,20982.36,2024-12-10,21,0.6944444444444444,0
1060,M,36,Yamoussoukro,Mobile Money,Nouveau,32,1108805.0,34650.15625,2024-10-20,72,0.8888888888888888,0
1061,M,40,San-Pédro,Boutique,Régulier,23,516715.0,22465.869565217392,2024-12-22,9,0.6388888888888888,0
1062,M,18,Divo,Mobile Money,VIP,2,103476.0,51738.0,2023-12-27,370,0.05555555555555555,1
1063,F,18,Bouaké,Réseaux sociaux,Occasionnel,40,1033059.0,25826.475,2024-10-14,78,1.1111111111111112,0
1064,M,41,Abidjan,Site Web,Régulier,2,29953.0,14976.5,2024-05-23,222,0.05555555555555555,1
1065,F,18,Abidjan,Site Web,Régulier,1,14081.0,14081.0,2022-01-16,1080,0.027777777777777776,1
1066,M,47,Yamoussoukro,Site Web,Nouveau,18,404993.0,22499.61111111111,2024-09-04,118,0.5,1
1067,F,18,Man,Mobile Money,Nouveau,29,590438.0,20359.931034482757,2024-12-11,20,0.8055555555555556,0
1068,M,43,Bouaké,Partenaire,Nouveau,28,701235.0,25044.10714285714,2024-11-20,41,0.7777777777777778,0
1069,F,24,Abidjan,Partenaire,Fidèle,1,28631.0,28631.0,2023-01-09,722,0.027777777777777776,1
1070,F,45,Abidjan,Site Web,Nouveau,38,1227479.0,32302.07894736842,2024-11-08,53,1.0555555555555556,0
1071,M,69,Bouaké,Boutique,Occasionnel,35,904988.0,25856.8,2024-12-22,9,0.9722222222222222,0
1072,M,18,Korhogo,Mobile Money,Occasionnel,32,641837.0,20057.40625,2024-11-15,46,0.8888888888888888,0
1073,F,41,Abidjan,Mobile Money,Régulier,23,1024220.0,44531.30434782609,2024-12-04,27,0.6388888888888888,0
1074,M,18,Abidjan,Mobile Money,Nouveau,34,1091087.0,32090.79411764706,2024-12-09,22,0.9444444444444444,0
1075,M,38,Divo,Boutique,VIP,33,839702.0,25445.515151515152,2024-09-19,103,0.9166666666666666,1
1076,F,31,Abidjan,Site Web,Nouveau,3,54332.0,18110.666666666668,2024-08-16,137,0.08333333333333333,1
1077,M,35,Abidjan,Partenaire,Fidèle,30,1357390.0,45246.333333333336,2024-11-02,59,0.8333333333333334,0
1078,F,23,Abidjan,Mobile Money,Occasionnel,33,940350.0,28495.454545454544,2024-12-10,21,0.9166666666666666,0
1079,M,42,Abidjan,Mobile Money,Occasionnel,34,971480.0,28572.941176470587,2024-12-18,13,0.9444444444444444,0
1080,F,18,Abidjan,Mobile Money,Régulier,33,1281679.0,38838.757575757576,2024-11-29,32,0.9166666666666666,0
1081,F,47,Yamoussoukro,Partenaire,Occasionnel,27,1054446.0,39053.555555555555,2024-10-16,76,0.75,0
1082,M,29,Bouaké,Site Web,Nouveau,21,1018985.0,48523.09523809524,2024-12-28,3,0.5833333333333334,0
1083,M,18,Bouaké,Boutique,Régulier,3,115241.0,38413.666666666664,2024-12-16,15,0.08333333333333333,0
1084,M,51,Bouaké,Boutique,Occasionnel,23,493815.0,21470.217391304348,2024-12-12,19,0.6388888888888888,0
1085,M,33,Abidjan,Boutique,Occasionnel,30,798954.0,26631.8,2024-10-07,85,0.8333333333333334,0
1086,M,54,Abidjan,Mobile Money,Régulier,5,100364.0,20072.8,2024-05-07,238,0.1388888888888889,1
1087,M,47,Abidjan,Mobile Money,Régulier,32,1043615.0,32612.96875,2024-12-24,7,0.8888888888888888,0
1088,M,25,Abidjan,Mobile Money,Occasionnel,30,827034.0,27567.8,2024-09-04,118,0.8333333333333334,1
1089,F,33,Daloa,Mobile Money,Nouveau,34,800262.0,23537.117647058825,2024-12-23,8,0.9444444444444444,0
1090,F,35,Abidjan,Boutique,Nouveau,26,1036840.0,39878.46153846154,2024-12-15,16,0.7222222222222222,0
1091,F,50,Yamoussoukro,Mobile Money,Occasionnel,26,682641.0,26255.423076923078,2024-12-18,13,0.7222222222222222,0
1092,M,38,Abidjan,Site Web,Nouveau,24,999153.0,41631.375,2024-12-04,27,0.6666666666666666,0
1093,F,35,Abidjan,Boutique,Nouveau,27,952482.0,35277.11111111111,2024-12-08,23,0.75,0
1094,F,31,Abidjan,Boutique,Régulier,34,934216.0,27476.941176470587,2024-12-23,8,0.9444444444444444,0
1095,M,33,Abidjan,Partenaire,Nouveau,3,132108.0,44036.0,2024-03-24,282,0.08333333333333333,1
1096,F,48,Bouaké,Mobile Money,Nouveau,31,1407911.0,45416.48387096774,2024-12-11,20,0.8611111111111112,0
1097,F,34,San-Pédro,Site Web,Fidèle,36,955781.0,26549.472222222223,2024-10-25,67,1.0,0
1098,M,29,Abidjan,Mobile Money,Régulier,29,808502.0,27879.379310344826,2024-11-17,44,0.8055555555555556,0
1099,M,27,Bouaké,Site Web,Régulier,26,555114.0,21350.53846153846,2024-11-14,47,0.7222222222222222,0
1100,F,27,Daloa,Boutique,Occasionnel,19,918321.0,48332.68421052631,2024-09-10,112,0.5277777777777778,1
1101,F,18,Abidjan,Mobile Money,Régulier,32,1045063.0,32658.21875,2024-12-21,10,0.8888888888888888,0
1102,F,25,Abidjan,Mobile Money,Fidèle,20,493727.0,24686.35,2024-12-09,22,0.5555555555555556,0
1103,M,50,Abidjan,Site Web,Nouveau,2,68862.0,34431.0,2024-04-09,266,0.05555555555555555,1
1104,M,31,Abidjan,Site Web,Nouveau,29,1047944.0,36136.0,2024-12-18,13,0.8055555555555556,1
1105,F,41,Korhogo,Site Web,Nouveau,36,1169511.0,32486.416666666668,2024-11-04,57,1.0,0
1106,M,18,Abidjan,Boutique,Fidèle,28,1015196.0,36257.0,2024-12-22,9,0.7777777777777778,0
1107,F,40,Abidjan,Site Web,Nouveau,26,809557.0,31136.80769230769,2024-09-03,119,0.7222222222222222,1
1108,F,32,Daloa,Boutique,Occasionnel,26,656137.0,25236.03846153846,2024-12-07,24,0.7222222222222222,0
1109,M,28,Abidjan,Mobile Money,Occasionnel,27,588716.0,21804.296296296296,2024-12-27,4,0.75,0
1110,F,35,Bouaké,Boutique,VIP,33,722867.0,21905.060606060608,2024-12-01,30,0.9166666666666666,0
1111,F,28,Abidjan,Boutique,Nouveau,35,1098773.0,31393.514285714286,2024-12-24,7,0.9722222222222222,0
1112,F,18,Abidjan,Réseaux sociaux,Occasionnel,4,117380.0,29345.0,2024-02-08,327,0.1111111111111111,1
1113,M,44,Abidjan,Boutique,VIP,32,1243108.0,38847.125,2024-12-30,1,0.8888888888888888,0
1114,M,36,Abidjan,Boutique,Nouveau,38,1250816.0,32916.21052631579,2024-12-26,5,1.0555555555555556,0
1115,M,30,Abidjan,Partenaire,Occasionnel,30,978947.0,32631.566666666666,2024-11-28,33,0.8333333333333334,1
1116,F,23,Yamoussoukro,Réseaux sociaux,Nouveau,36,1567471.0,43540.86111111111,2024-09-07,115,1.0,1
1117,F,18,Yamoussoukro,Mobile Money,Nouveau,28,998871.0,35673.96428571428,2024-12-19,12,0.7777777777777778,0
1118,M,36,Daloa,Réseaux sociaux,Nouveau,24,654341.0,27264.208333333332,2024-06-13,201,0.6666666666666666,1
1119,F,51,Abidjan,Mobile Money,Nouveau,26,831782.0,31991.615384615383,2024-09-21,101,0.7222222222222222,1
1120,M,36,Abengourou,Réseaux sociaux,Nouveau,34,782460.0,23013.529411764706,2024-11-28,33,0.9444444444444444,0
1121,M,18,Abidjan,Mobile Money,Régulier,24,791627.0,32984.458333333336,2024-11-29,32,0.6666666666666666,1
1122,F,36,San-Pédro,Boutique,Occasionnel,21,629610.0,29981.428571428572,2024-11-12,49,0.5833333333333334,0
1123,M,33,Daloa,Partenaire,Occasionnel,36,992862.0,27579.5,2024-12-28,3,1.0,0
1124,F,43,Bouaké,Mobile Money,Régulier,34,1648773.0,48493.32352941176,2024-11-13,48,0.9444444444444444,0
1125,F,40,Abidjan,Réseaux sociaux,Fidèle,34,1081149.0,31798.5,2024-11-18,43,0.9444444444444444,0
1126,M,18,Daloa,Boutique,Nouveau,29,554181.0,19109.689655172413,2024-10-31,61,0.8055555555555556,0
1127,F,39,Daloa,Mobile Money,Nouveau,1,5161.0,5161.0,2022-12-31,731,0.027777777777777776,1
1128,M,22,Abidjan,Partenaire,Nouveau,24,584318.0,24346.583333333332,2024-10-04,88,0.6666666666666666,0
1129,M,18,Daloa,Boutique,Fidèle,19,426101.0,22426.36842105263,2024-09-09,113,0.5277777777777778,1
1130,M,31,Abidjan,Réseaux sociaux,Fidèle,27,1088789.0,40325.51851851852,2024-12-14,17,0.75,0
1131,M,38,Abidjan,Réseaux sociaux,Occasionnel,31,653628.0,21084.774193548386,2024-12-13,18,0.8611111111111112,0
1132,F,18,Bouaké,Mobile Money,Nouveau,18,347558.0,19308.777777777777,2024-11-05,56,0.5,0
1133,F,41,San-Pédro,Mobile Money,Occasionnel,34,1516377.0,44599.32352941176,2024-12-25,6,0.9444444444444444,0
1134,M,42,Abidjan,Mobile Money,Régulier,16,988676.0,61792.25,2024-11-19,42,0.4444444444444444,0
1135,M,34,Abidjan,Boutique,Nouveau,1,4312.0,4312.0,2022-10-02,821,0.027777777777777776,1
1136,F,24,Abidjan,Mobile Money,Nouveau,25,659977.0,26399.08,2024-10-23,69,0.6944444444444444,0
1137,F,23,Abidjan,Boutique,Nouveau,4,82511.0,20627.75,2023-09-09,479,0.1111111111111111,1
1138,F,45,Abidjan,Réseaux sociaux,Régulier,40,1619888.0,40497.2,2024-12-15,16,1.1111111111111112,0
1139,F,18,Abidjan,Mobile Money,VIP,32,843608.0,26362.75,2024-12-30,1,0.8888888888888888,0
1140,M,45,Daloa,Site Web,Nouveau,23,490934.0,21344.956521739132,2024-11-17,44,0.6388888888888888,0
1141,F,32,Abidjan,Boutique,Fidèle,31,937264.0,30234.322580645163,2024-11-30,31,0.8611111111111112,0
1142,M,32,Abidjan,Mobile Money,Occasionnel,30,661592.0,22053.066666666666,2024-12-05,26,0.8333333333333334,0
1143,M,18,Abidjan,Mobile Money,Régulier,2,37788.0,18894.0,2024-09-27,95,0.05555555555555555,1
1144,M,32,Abidjan,Mobile Money,Fidèle,42,1102471.0,26249.309523809523,2024-12-22,9,1.1666666666666667,1
1145,F,40,Abidjan,Site Web,Occasionnel,2,31178.0,15589.0,2023-05-09,602,0.05555555555555555,1
1146,F,19,Abidjan,Mobile Money,Nouveau,30,745106.0,24836.866666666665,2024-12-06,25,0.8333333333333334,0
1147,M,39,Abidjan,Réseaux sociaux,Nouveau,27,552134.0,20449.40740740741,2024-11-26,35,0.75,0
1148,M,34,Abidjan,Réseaux sociaux,Régulier,35,1316577.0,37616.485714285714,2024-12-23,8,0.9722222222222222,1
1149,F,26,Bouaké,Mobile Money,Occasionnel,32,948780.0,29649.375,2024-12-11,20,0.8888888888888888,1
1150,M,43,Korhogo,Réseaux sociaux,Nouveau,45,1280796.0,28462.133333333335,2024-12-14,17,1.25,0
1151,F,18,Abidjan,Partenaire,Occasionnel,25,639835.0,25593.4,2024-12-13,18,0.6944444444444444,0
1152,M,37,Abidjan,Mobile Money,Nouveau,2,125615.0,62807.5,2024-07-28,156,0.05555555555555555,1
1153,F,51,Abidjan,Partenaire,Nouveau,32,807543.0,25235.71875,2024-11-10,51,0.8888888888888888,0
1154,F,49,Abidjan,Mobile Money,Fidèle,38,1012689.0,26649.71052631579,2024-12-12,19,1.0555555555555556,0
1155,M,38,Bouaké,Site Web,Occasionnel,30,947934.0,31597.8,2024-12-21,10,0.8333333333333334,0
1156,F,30,Yamoussoukro,Mobile Money,Nouveau,31,1127898.0,36383.8064516129,2024-12-28,3,0.8611111111111112,0
1157,F,27,Abidjan,Réseaux sociaux,Occasionnel,24,732298.0,30512.416666666668,2024-12-15,16,0.6666666666666666,0
1158,F,30,Abidjan,Réseaux sociaux,Fidèle,23,735631.0,31983.956521739132,2024-11-15,46,0.6388888888888888,0
1159,F,39,Abidjan,Partenaire,Nouveau,21,686499.0,32690.428571428572,2024-10-13,79,0.5833333333333334,0
1160,M,25,Abidjan,Partenaire,Nouveau,2,58590.0,29295.0,2022-09-10,843,0.05555555555555555,1
1161,F,42,Divo,Mobile Money,Occasionnel,2,37224.0,18612.0,2023-11-22,405,0.05555555555555555,1
1162,M,57,Abidjan,Site Web,Nouveau,32,826817.0,25838.03125,2024-12-14,17,0.8888888888888888,0
1163,M,33,Abidjan,Mobile Money,Nouveau,19,602602.0,31715.894736842107,2024-11-25,36,0.5277777777777778,0
1164,F,19,Abidjan,Mobile Money,Nouveau,39,1073267.0,27519.666666666668,2024-12-29,2,1.0833333333333333,0
1165,F,19,Abidjan,Mobile Money,Nouveau,24,765110.0,31879.583333333332,2024-12-28,3,0.6666666666666666,0
1166,M,42,Abidjan,Partenaire,Régulier,19,387681.0,20404.263157894737,2024-11-29,32,0.5277777777777778,1
1167,M,33,Abidjan,Site Web,Nouveau,22,562458.0,25566.272727272728,2024-12-20,11,0.6111111111111112,1
1168,M,43,Abidjan,Mobile Money,Occasionnel,37,1322927.0,35754.78378378379,2024-12-27,4,1.0277777777777777,0
1169,M,28,Abidjan,Partenaire,Régulier,30,1126104.0,37536.8,2024-10-12,80,0.8333333333333334,0
1170,F,43,Bouaké,Réseaux sociaux,Nouveau,25,747694.0,29907.76,2024-11-12,49,0.6944444444444444,0
1171,F,32,Abidjan,Mobile Money,Nouveau,33,1179523.0,35743.121212121216,2024-09-19,103,0.9166666666666666,1
1172,M,25,Abidjan,Boutique,VIP,28,605590.0,21628.214285714286,2024-12-04,27,0.7777777777777778,0
1173,F,29,Korhogo,Site Web,Occasionnel,34,998323.0,29362.441176470587,2024-12-25,6,0.9444444444444444,0
1174,M,20,Abidjan,Site Web,Régulier,31,1050311.0,33881.0,2024-12-26,5,0.8611111111111112,0
1175,F,55,Gagnoa,Boutique,Occasionnel,38,782268.0,20586.0,2024-12-28,3,1.0555555555555556,0
1176,M,32,Man,Boutique,VIP,29,973148.0,33556.8275862069,2024-12-25,6,0.8055555555555556,0
1177,F,41,Abidjan,Mobile Money,Nouveau,28,537371.0,19191.821428571428,2024-11-24,37,0.7777777777777778,0
1178,F,28,Abidjan,Boutique,Nouveau,22,836728.0,38033.09090909091,2024-09-19,103,0.6111111111111112,1
1179,F,22,San-Pédro,Boutique,Régulier,4,85784.0,21446.0,2024-12-14,17,0.1111111111111111,0
1180,F,31,Abidjan,Mobile Money,Nouveau,3,58115.0,19371.666666666668,2023-08-28,491,0.08333333333333333,1
1181,M,46,Abidjan,Mobile Money,Occasionnel,29,645523.0,22259.41379310345,2024-12-27,4,0.8055555555555556,0
1182,F,28,Bouaké,Site Web,Nouveau,7,137208.0,19601.14285714286,2024-04-05,270,0.19444444444444445,1
1183,F,24,Abidjan,Boutique,Nouveau,35,856828.0,24480.8,2024-09-12,110,0.9722222222222222,1
1184,F,35,San-Pédro,Boutique,Régulier,27,632747.0,23435.074074074073,2024-11-03,58,0.75,0
1185,F,39,Yamoussoukro,Mobile Money,Occasionnel,28,788324.0,28154.428571428572,2024-12-19,12,0.7777777777777778,0
1186,M,52,Korhogo,Partenaire,Occasionnel,29,901127.0,31073.344827586207,2024-12-06,25,0.8055555555555556,0
1187,F,37,Daloa,Mobile Money,Nouveau,27,820509.0,30389.222222222223,2024-10-06,86,0.75,0
1188,M,41,Bouaké,Boutique,Nouveau,2,22428.0,11214.0,2024-10-23,69,0.05555555555555555,1
1189,F,41,Abidjan,Mobile Money,Régulier,37,995043.0,26893.054054054053,2024-12-30,1,1.0277777777777777,0
1190,M,21,Abengourou,Site Web,Nouveau,34,1052618.0,30959.352941176472,2024-10-25,67,0.9444444444444444,0
1191,F,23,Divo,Boutique,Occasionnel,23,618157.0,26876.391304347828,2024-11-19,42,0.6388888888888888,0
1192,F,22,San-Pédro,Boutique,Occasionnel,3,104749.0,34916.333333333336,2023-04-16,625,0.08333333333333333,1
1193,M,19,Daloa,Réseaux sociaux,Nouveau,31,663757.0,21411.516129032258,2024-12-13,18,0.8611111111111112,0
1194,M,42,Bouaké,Site Web,Nouveau,2,78107.0,39053.5,2024-09-29,93,0.05555555555555555,1
1195,M,37,Abidjan,Boutique,Régulier,31,1116243.0,36007.83870967742,2024-12-06,25,0.8611111111111112,0
1196,F,34,Korhogo,Boutique,Occasionnel,22,471789.0,21444.954545454544,2024-12-05,26,0.6111111111111112,0
1197,F,18,Abidjan,Partenaire,Nouveau,30,1043216.0,34773.86666666667,2024-12-24,7,0.8333333333333334,0
1198,M,56,Abidjan,Partenaire,VIP,37,1012768.0,27372.108108108107,2024-12-19,12,1.0277777777777777,0
1199,F,24,Abidjan,Site Web,Nouveau,33,751026.0,22758.363636363636,2024-12-01,30,0.9166666666666666,0
1200,M,56,Bouaké,Site Web,Régulier,26,890221.0,34239.269230769234,2024-11-27,34,0.7222222222222222,0
1201,M,18,Bouaké,Réseaux sociaux,Nouveau,33,1011605.0,30654.696969696968,2024-12-04,27,0.9166666666666666,0
1202,M,25,Abidjan,Partenaire,Occasionnel,32,762473.0,23827.28125,2024-12-23,8,0.8888888888888888,0
1203,M,18,Abidjan,Mobile Money,Occasionnel,26,501465.0,19287.115384615383,2024-09-16,106,0.7222222222222222,1
1204,M,37,Abidjan,Partenaire,Nouveau,24,636635.0,26526.458333333332,2024-11-11,50,0.6666666666666666,0
1205,F,21,Abidjan,Site Web,Régulier,34,1145046.0,33677.82352941176,2024-12-25,6,0.9444444444444444,0
1206,F,22,Abidjan,Boutique,Nouveau,25,993705.0,39748.2,2024-12-05,26,0.6944444444444444,0
1207,M,18,Yamoussoukro,Boutique,Occasionnel,29,942142.0,32487.655172413793,2024-12-27,4,0.8055555555555556,0
1208,F,42,Abidjan,Mobile Money,Régulier,5,155919.0,31183.8,2024-03-16,290,0.1388888888888889,1
1209,F,41,Abidjan,Réseaux sociaux,Occasionnel,34,1426830.0,41965.58823529412,2024-12-11,20,0.9444444444444444,0
1210,F,53,Abidjan,Site Web,Occasionnel,35,1275767.0,36450.485714285714,2024-12-26,5,0.9722222222222222,0
1211,M,26,Abidjan,Mobile Money,Nouveau,3,69995.0,23331.666666666668,2024-08-21,132,0.08333333333333333,1
1212,M,36,San-Pédro,Site Web,Nouveau,2,49019.0,24509.5,2024-11-08,53,0.05555555555555555,0
1213,M,19,Abidjan,Mobile Money,Fidèle,1,5524.0,5524.0,2024-10-15,77,0.027777777777777776,1
1214,F,30,Abidjan,Boutique,Occasionnel,34,1078077.0,31708.147058823528,2024-12-04,27,0.9444444444444444,0
1215,F,28,Yamoussoukro,Boutique,Régulier,33,590189.0,17884.515151515152,2024-12-01,30,0.9166666666666666,0
1216,M,39,Abidjan,Site Web,Occasionnel,3,130582.0,43527.333333333336,2023-06-18,562,0.08333333333333333,1
1217,F,45,San-Pédro,Mobile Money,Occasionnel,26,696462.0,26787.0,2024-11-21,40,0.7222222222222222,0
1218,M,44,Gagnoa,Mobile Money,Nouveau,27,1085897.0,40218.40740740741,2024-11-19,42,0.75,0
1219,M,24,Bouaké,Mobile Money,Nouveau,4,95646.0,23911.5,2024-04-05,270,0.1111111111111111,1
1220,F,44,Divo,Site Web,Occasionnel,4,117278.0,29319.5,2024-10-07,85,0.1111111111111111,0
1221,F,33,Abidjan,Partenaire,Nouveau,27,828900.0,30700.0,2024-12-13,18,0.75,0
1222,F,30,Abidjan,Site Web,Nouveau,24,928382.0,38682.583333333336,2024-12-21,10,0.6666666666666666,0
1223,M,26,Abidjan,Site Web,Occasionnel,3,79303.0,26434.333333333332,2024-10-06,86,0.08333333333333333,0
1224,M,27,Abidjan,Mobile Money,Occasionnel,33,1399948.0,42422.666666666664,2024-12-22,9,0.9166666666666666,1
1225,F,53,Abidjan,Mobile Money,Occasionnel,26,635722.0,24450.846153846152,2024-12-28,3,0.7222222222222222,0
1226,M,37,Abidjan,Réseaux sociaux,Régulier,36,848954.0,23582.055555555555,2024-12-21,10,1.0,0
1227,F,35,Abidjan,Boutique,Occasionnel,31,847189.0,27328.677419354837,2024-12-21,10,0.8611111111111112,0
1228,F,31,Abidjan,Mobile Money,Nouveau,27,902140.0,33412.59259259259,2024-12-19,12,0.75,0
1229,M,60,Bouaké,Boutique,Régulier,4,79611.0,19902.75,2024-07-20,164,0.1111111111111111,1
1230,F,48,Abidjan,Site Web,Occasionnel,35,1352005.0,38628.71428571428,2024-11-11,50,0.9722222222222222,0
1231,F,26,Abidjan,Mobile Money,Occasionnel,33,798632.0,24200.969696969696,2024-12-03,28,0.9166666666666666,0
1232,M,30,Abidjan,Mobile Money,Fidèle,42,1100629.0,26205.45238095238,2024-12-19,12,1.1666666666666667,0
1233,F,31,Yamoussoukro,Site Web,Nouveau,37,841894.0,22753.891891891893,2024-12-28,3,1.0277777777777777,0
1234,M,35,Abidjan,Mobile Money,Occasionnel,4,109790.0,27447.5,2024-12-02,29,0.1111111111111111,0
1235,F,26,Daloa,Boutique,Nouveau,34,867753.0,25522.147058823528,2024-12-08,23,0.9444444444444444,0
1236,F,38,Abidjan,Réseaux sociaux,Nouveau,4,103295.0,25823.75,2024-09-13,109,0.1111111111111111,1
1238,F,19,Gagnoa,Boutique,Nouveau,26,783347.0,30128.73076923077,2024-12-14,17,0.7222222222222222,0
1239,F,21,Abidjan,Mobile Money,Nouveau,28,690316.0,24654.14285714286,2024-11-13,48,0.7777777777777778,1
1240,F,28,Abidjan,Boutique,Occasionnel,4,124488.0,31122.0,2024-11-12,49,0.1111111111111111,0
1241,M,29,Abidjan,Mobile Money,Nouveau,31,972288.0,31364.129032258064,2024-12-23,8,0.8611111111111112,0
1242,F,55,Abidjan,Réseaux sociaux,Occasionnel,1,9103.0,9103.0,2022-07-11,904,0.027777777777777776,1
1243,F,45,Abidjan,Site Web,Nouveau,25,796000.0,31840.0,2024-12-17,14,0.6944444444444444,0
1244,F,44,Abidjan,Boutique,Occasionnel,31,843331.0,27204.225806451614,2024-12-24,7,0.8611111111111112,0
1245,F,31,Abidjan,Site Web,Occasionnel,34,941148.0,27680.823529411766,2024-12-17,14,0.9444444444444444,0
1246,F,30,Man,Boutique,Occasionnel,28,906538.0,32376.35714285714,2024-12-19,12,0.7777777777777778,0
1247,M,18,Abidjan,Boutique,Régulier,31,908241.0,29298.09677419355,2024-11-25,36,0.8611111111111112,1
1248,F,42,Abidjan,Partenaire,VIP,24,579699.0,24154.125,2024-12-15,16,0.6666666666666666,0
1249,M,39,San-Pédro,Mobile Money,Nouveau,26,874354.0,33629.0,2024-05-24,221,0.7222222222222222,1
1250,M,48,Abidjan,Mobile Money,Occasionnel,23,806367.0,35059.434782608696,2024-10-03,89,0.6388888888888888,0
1251,F,31,Korhogo,Réseaux sociaux,Fidèle,31,1372602.0,44277.48387096774,2024-12-14,17,0.8611111111111112,0
1252,F,32,Abidjan,Boutique,Régulier,3,49966.0,16655.333333333332,2024-12-10,21,0.08333333333333333,0
1253,F,35,Bouaké,Mobile Money,VIP,3,194428.0,64809.333333333336,2024-06-26,188,0.08333333333333333,1
1254,M,43,Man,Mobile Money,Régulier,31,854914.0,27577.870967741936,2024-10-28,64,0.8611111111111112,0
1256,M,42,San-Pédro,Boutique,Nouveau,37,1032252.0,27898.702702702703,2024-12-18,13,1.0277777777777777,0
1257,M,33,Bouaké,Boutique,Nouveau,27,625159.0,23154.037037037036,2024-10-15,77,0.75,0
1258,M,22,San-Pédro,Mobile Money,Occasionnel,33,1029696.0,31202.909090909092,2024-12-29,2,0.9166666666666666,0
1259,M,18,Abidjan,Boutique,Occasionnel,4,55389.0,13847.25,2024-07-13,171,0.1111111111111111,1
1260,M,32,Abidjan,Site Web,Régulier,35,1289745.0,36849.857142857145,2024-12-28,3,0.9722222222222222,0
1261,F,49,Abidjan,Réseaux sociaux,VIP,2,118291.0,59145.5,2023-04-27,614,0.05555555555555555,1
1262,F,52,Gagnoa,Site Web,Nouveau,32,819752.0,25617.25,2024-12-29,2,0.8888888888888888,0
1263,F,37,Abidjan,Site Web,Occasionnel,24,614908.0,25621.166666666668,2024-12-27,4,0.6666666666666666,1
1264,M,55,Abidjan,Réseaux sociaux,Fidèle,26,790690.0,30411.153846153848,2024-12-30,1,0.7222222222222222,0
1265,M,33,Korhogo,Mobile Money,Fidèle,32,674241.0,21070.03125,2024-12-13,18,0.8888888888888888,0
1266,M,44,Abidjan,Mobile Money,Régulier,32,1580944.0,49404.5,2024-12-23,8,0.8888888888888888,1
1267,F,29,Bouaké,Mobile Money,Régulier,5,164500.0,32900.0,2024-11-25,36,0.1388888888888889,0
1268,M,28,Abidjan,Boutique,VIP,40,1258712.0,31467.8,2024-12-23,8,1.1111111111111112,1
1269,F,26,Bouaké,Partenaire,Occasionnel,29,902849.0,31132.724137931036,2024-12-08,23,0.8055555555555556,0
1270,F,18,Abidjan,Mobile Money,Nouveau,21,605445.0,28830.714285714286,2024-12-12,19,0.5833333333333334,0
1271,M,48,Abidjan,Réseaux sociaux,Nouveau,37,1315100.0,35543.24324324324,2024-12-22,9,1.0277777777777777,0
1272,F,26,Abidjan,Mobile Money,Occasionnel,3,86708.0,28902.666666666668,2024-04-08,267,0.08333333333333333,1
1273,F,25,Abidjan,Boutique,Régulier,37,1451423.0,39227.64864864865,2024-11-14,47,1.0277777777777777,0
1274,M,21,Abidjan,Boutique,Occasionnel,33,1253364.0,37980.72727272727,2024-12-22,9,0.9166666666666666,0
1275,F,31,Abidjan,Mobile Money,Régulier,24,718170.0,29923.75,2024-12-25,6,0.6666666666666666,0
1276,F,53,Yamoussoukro,Boutique,Occasionnel,32,676533.0,21141.65625,2024-12-27,4,0.8888888888888888,0
1277,F,57,Abidjan,Site Web,Régulier,31,1184343.0,38204.6129032258,2024-12-12,19,0.8611111111111112,1
1278,F,18,Abidjan,Boutique,Nouveau,23,631125.0,27440.217391304348,2024-12-14,17,0.6388888888888888,0
1279,M,30,Abidjan,Réseaux sociaux,Occasionnel,28,843239.0,30115.678571428572,2024-12-29,2,0.7777777777777778,0
1280,M,22,Abidjan,Réseaux sociaux,Nouveau,31,903256.0,29137.290322580644,2024-12-09,22,0.8611111111111112,0
1281,F,44,Yamoussoukro,Boutique,Occasionnel,39,1132725.0,29044.23076923077,2024-12-27,4,1.0833333333333333,0
1282,F,37,Abidjan,Partenaire,Occasionnel,24,669882.0,27911.75,2024-11-11,50,0.6666666666666666,0
1283,F,26,Korhogo,Mobile Money,Régulier,35,1057783.0,30222.371428571427,2024-12-30,1,0.9722222222222222,0
1284,M,34,Yamoussoukro,Mobile Money,Occasionnel,29,778583.0,26847.689655172413,2024-06-24,190,0.8055555555555556,1
1285,M,28,San-Pédro,Boutique,VIP,28,927941.0,33140.75,2024-10-22,70,0.7777777777777778,0
1286,M,51,Yamoussoukro,Boutique,Fidèle,24,712358.0,29681.583333333332,2024-12-03,28,0.6666666666666666,0
1287,F,40,Abidjan,Boutique,Nouveau,23,960509.0,41761.260869565216,2024-11-28,33,0.6388888888888888,0
1288,F,41,Gagnoa,Boutique,Nouveau,26,703857.0,27071.423076923078,2024-12-06,25,0.7222222222222222,0
1289,F,18,Daloa,Réseaux sociaux,Nouveau,7,217710.0,31101.428571428572,2024-10-03,89,0.19444444444444445,0
1290,M,33,Bouaké,Mobile Money,Nouveau,24,497330.0,20722.083333333332,2024-12-14,17,0.6666666666666666,0
1291,F,56,Abidjan,Réseaux sociaux,Nouveau,40,890406.0,22260.15,2024-11-09,52,1.1111111111111112,0
1292,M,48,Abidjan,Boutique,Fidèle,21,415323.0,19777.285714285714,2024-12-02,29,0.5833333333333334,0
1293,M,18,Bouaké,Boutique,Fidèle,30,1170445.0,39014.833333333336,2024-11-30,31,0.8333333333333334,0
1294,F,30,Abidjan,Mobile Money,Nouveau,2,22760.0,11380.0,2023-08-21,498,0.05555555555555555,1
1295,F,20,Yamoussoukro,Mobile Money,Régulier,23,851560.0,37024.34782608696,2024-11-01,60,0.6388888888888888,0
1296,F,52,Abidjan,Boutique,Fidèle,24,624106.0,26004.416666666668,2024-10-30,62,0.6666666666666666,0
1297,F,36,Abidjan,Site Web,Occasionnel,31,1210019.0,39032.87096774193,2024-12-28,3,0.8611111111111112,0
1298,F,25,Abidjan,Boutique,Fidèle,31,793864.0,25608.516129032258,2024-12-17,14,0.8611111111111112,0
1299,M,34,Abidjan,Mobile Money,VIP,30,1065446.0,35514.86666666667,2024-09-05,117,0.8333333333333334,1
1300,F,18,Abidjan,Site Web,VIP,36,1232269.0,34229.694444444445,2024-09-12,110,1.0,1
1301,F,22,San-Pédro,Site Web,Régulier,33,1067342.0,32343.696969696968,2024-11-30,31,0.9166666666666666,1
1302,M,34,Bouaké,Partenaire,Occasionnel,37,1042836.0,28184.756756756757,2024-12-14,17,1.0277777777777777,0
1303,M,43,Divo,Boutique,Nouveau,30,673305.0,22443.5,2024-12-30,1,0.8333333333333334,0
1304,F,18,Daloa,Site Web,VIP,29,623962.0,21515.931034482757,2024-11-06,55,0.8055555555555556,0
1305,M,29,Daloa,Boutique,Nouveau,34,950818.0,27965.235294117647,2024-11-18,43,0.9444444444444444,0
1306,M,45,Abidjan,Site Web,Occasionnel,31,941900.0,30383.870967741936,2024-12-14,17,0.8611111111111112,0
1307,M,18,San-Pédro,Boutique,Nouveau,7,111030.0,15861.42857142857,2024-11-02,59,0.19444444444444445,0
1308,M,36,Divo,Mobile Money,Occasionnel,27,798950.0,29590.74074074074,2024-11-27,34,0.75,0
1309,F,34,Yamoussoukro,Partenaire,Nouveau,34,890157.0,26181.08823529412,2024-11-26,35,0.9444444444444444,0
1310,M,52,Abidjan,Site Web,Régulier,26,856689.0,32949.57692307692,2024-11-15,46,0.7222222222222222,0
1311,F,31,Yamoussoukro,Site Web,Occasionnel,26,772434.0,29709.0,2024-12-26,5,0.7222222222222222,0
1312,M,32,Abidjan,Boutique,Occasionnel,27,826858.0,30624.37037037037,2024-12-07,24,0.75,0
1313,M,43,Abidjan,Site Web,Occasionnel,28,1225384.0,43763.71428571428,2024-12-27,4,0.7777777777777778,0
1314,F,19,Yamoussoukro,Mobile Money,Occasionnel,25,683073.0,27322.92,2024-11-29,32,0.6944444444444444,1
1315,F,31,San-Pédro,Mobile Money,Régulier,26,545481.0,20980.03846153846,2024-10-17,75,0.7222222222222222,0
1316,M,28,Abidjan,Mobile Money,Fidèle,21,600896.0,28614.095238095237,2024-12-19,12,0.5833333333333334,0
1317,M,32,Abidjan,Mobile Money,Fidèle,35,1337187.0,38205.34285714286,2024-10-31,61,0.9722222222222222,0
1318,F,43,Korhogo,Mobile Money,Occasionnel,34,1390559.0,40898.794117647056,2024-12-17,14,0.9444444444444444,0
1319,M,40,Abidjan,Site Web,Fidèle,29,974536.0,33604.68965517241,2024-10-17,75,0.8055555555555556,0
1320,M,25,Abidjan,Mobile Money,Occasionnel,1,13517.0,13517.0,2024-05-09,236,0.027777777777777776,1
1321,F,35,Yamoussoukro,Réseaux sociaux,Régulier,33,1195625.0,36231.06060606061,2024-12-09,22,0.9166666666666666,0
1322,F,50,San-Pédro,Réseaux sociaux,Régulier,33,1105954.0,33513.757575757576,2024-12-18,13,0.9166666666666666,0
1323,F,24,Abidjan,Mobile Money,Occasionnel,2,109216.0,54608.0,2023-07-09,541,0.05555555555555555,1
1324,M,35,Abidjan,Site Web,Occasionnel,34,892844.0,26260.117647058825,2024-12-03,28,0.9444444444444444,0
1325,F,31,Abidjan,Boutique,Régulier,27,906782.0,33584.51851851852,2024-12-07,24,0.75,1
1326,M,33,Abidjan,Réseaux sociaux,Nouveau,37,857198.0,23167.513513513513,2024-11-22,39,1.0277777777777777,0
1327,F,18,Daloa,Boutique,Régulier,29,786029.0,27104.44827586207,2024-11-15,46,0.8055555555555556,1
1328,M,49,San-Pédro,Boutique,Occasionnel,26,672402.0,25861.615384615383,2024-12-30,1,0.7222222222222222,0
1329,F,25,Abidjan,Mobile Money,Occasionnel,33,1014857.0,30753.242424242424,2024-12-17,14,0.9166666666666666,0
1330,F,45,Abidjan,Réseaux sociaux,Fidèle,36,873465.0,24262.916666666668,2024-11-09,52,1.0,0
1331,M,27,Abidjan,Mobile Money,Nouveau,34,1409617.0,41459.32352941176,2024-12-04,27,0.9444444444444444,0
1332,F,27,Abidjan,Réseaux sociaux,Nouveau,28,604666.0,21595.214285714286,2024-11-25,36,0.7777777777777778,0
1333,M,47,Abidjan,Mobile Money,Occasionnel,26,1069138.0,41120.692307692305,2024-11-23,38,0.7222222222222222,0
1334,M,44,Abidjan,Site Web,Nouveau,33,631798.0,19145.39393939394,2024-11-02,59,0.9166666666666666,0
1335,M,36,Daloa,Boutique,Nouveau,24,629544.0,26231.0,2024-10-14,78,0.6666666666666666,1
1336,M,42,Abidjan,Mobile Money,Régulier,20,1753628.0,87681.4,2024-09-17,105,0.5555555555555556,1
1337,F,30,Yamoussoukro,Mobile Money,Nouveau,2,17218.0,8609.0,2023-09-01,487,0.05555555555555555,1
1338,M,33,Abidjan,Mobile Money,Régulier,4,110440.0,27610.0,2023-10-27,431,0.1111111111111111,1
1339,M,26,San-Pédro,Site Web,Nouveau,31,974769.0,31444.16129032258,2024-11-26,35,0.8611111111111112,0
1340,F,43,Gagnoa,Site Web,Nouveau,24,701847.0,29243.625,2024-12-13,18,0.6666666666666666,0
1341,F,26,Abidjan,Mobile Money,Occasionnel,20,569085.0,28454.25,2024-11-23,38,0.5555555555555556,0
1342,M,50,Abidjan,Boutique,VIP,24,739252.0,30802.166666666668,2024-12-29,2,0.6666666666666666,0
1343,F,30,Daloa,Mobile Money,Occasionnel,34,741371.0,21805.029411764706,2024-11-26,35,0.9444444444444444,0
1344,M,34,Abidjan,Site Web,Nouveau,35,1326246.0,37892.74285714285,2024-11-22,39,0.9722222222222222,0
1345,M,42,Abidjan,Site Web,Occasionnel,3,85216.0,28405.333333333332,2023-09-10,478,0.08333333333333333,1
1346,M,34,Abidjan,Réseaux sociaux,Occasionnel,27,973313.0,36048.62962962963,2024-12-06,25,0.75,0
1347,F,30,Korhogo,Réseaux sociaux,Régulier,36,902962.0,25082.277777777777,2024-12-19,12,1.0,0
1348,F,33,Abidjan,Mobile Money,Nouveau,33,1035692.0,31384.60606060606,2024-12-18,13,0.9166666666666666,0
1349,F,43,Abidjan,Mobile Money,Nouveau,33,901368.0,27314.18181818182,2024-12-17,14,0.9166666666666666,0
1350,F,26,Abidjan,Réseaux sociaux,Occasionnel,28,781949.0,27926.75,2024-12-23,8,0.7777777777777778,0
1351,M,32,Yamoussoukro,Mobile Money,Régulier,32,737345.0,23042.03125,2024-12-01,30,0.8888888888888888,0
1352,M,34,Abidjan,Mobile Money,Régulier,3,43454.0,14484.666666666666,2024-10-15,77,0.08333333333333333,0
1353,F,43,Korhogo,Mobile Money,Occasionnel,28,627480.0,22410.0,2024-12-09,22,0.7777777777777778,0
1354,F,32,Daloa,Site Web,Régulier,2,160586.0,80293.0,2024-11-29,32,0.05555555555555555,0
1355,M,53,Abidjan,Site Web,Occasionnel,31,839410.0,27077.74193548387,2024-12-26,5,0.8611111111111112,0
1356,F,32,Abidjan,Partenaire,Occasionnel,34,819596.0,24105.764705882353,2024-11-22,39,0.9444444444444444,0
1357,M,31,San-Pédro,Boutique,Régulier,4,129533.0,32383.25,2023-11-16,411,0.1111111111111111,1
1358,F,32,Daloa,Mobile Money,Nouveau,37,1141774.0,30858.756756756757,2024-12-13,18,1.0277777777777777,1
1359,M,19,Abidjan,Boutique,Fidèle,6,220966.0,36827.666666666664,2024-11-27,34,0.16666666666666666,0
1360,F,22,Abidjan,Site Web,Nouveau,6,98223.0,16370.5,2023-05-19,592,0.16666666666666666,1
1361,M,28,Abidjan,Mobile Money,Régulier,42,1517741.0,36136.69047619047,2024-11-15,46,1.1666666666666667,0
1362,F,46,Abidjan,Partenaire,Occasionnel,32,1193495.0,37296.71875,2024-12-29,2,0.8888888888888888,0
1363,M,33,Abidjan,Boutique,Fidèle,29,1170914.0,40376.34482758621,2024-10-24,68,0.8055555555555556,0
1364,F,28,Abidjan,Site Web,Nouveau,23,788508.0,34282.95652173913,2024-12-27,4,0.6388888888888888,0
1365,F,47,Abidjan,Réseaux sociaux,Fidèle,4,145572.0,36393.0,2024-07-10,174,0.1111111111111111,1
1366,M,51,San-Pédro,Boutique,Nouveau,29,640997.0,22103.344827586207,2024-12-27,4,0.8055555555555556,0
1367,F,47,Daloa,Site Web,Nouveau,39,852745.0,21865.25641025641,2024-11-21,40,1.0833333333333333,0
1368,F,24,San-Pédro,Boutique,Fidèle,37,1101989.0,29783.486486486487,2024-12-10,21,1.0277777777777777,0
1369,F,28,Bouaké,Réseaux sociaux,Nouveau,28,703025.0,25108.035714285714,2024-10-19,73,0.7777777777777778,0
1370,F,53,Bouaké,Réseaux sociaux,Régulier,29,976572.0,33674.89655172414,2024-10-24,68,0.8055555555555556,0
1371,F,36,Abidjan,Boutique,Occasionnel,32,1255787.0,39243.34375,2024-12-04,27,0.8888888888888888,0
1372,M,31,Yamoussoukro,Mobile Money,Fidèle,26,907343.0,34897.807692307695,2024-05-13,232,0.7222222222222222,1
1373,F,41,Abidjan,Partenaire,Régulier,31,766445.0,24724.032258064515,2024-10-29,63,0.8611111111111112,0
1374,M,45,Abidjan,Partenaire,Nouveau,36,739753.0,20548.694444444445,2024-11-24,37,1.0,0
1375,M,27,Divo,Site Web,Régulier,26,781995.0,30076.73076923077,2024-10-24,68,0.7222222222222222,0
1376,F,36,Korhogo,Partenaire,Nouveau,34,935623.0,27518.323529411766,2024-09-12,110,0.9444444444444444,1
1377,M,44,Abidjan,Boutique,Régulier,34,765809.0,22523.79411764706,2024-12-10,21,0.9444444444444444,0
1379,M,34,Abidjan,Boutique,Régulier,33,1061365.0,32162.575757575756,2024-11-03,58,0.9166666666666666,0
1380,F,21,Abidjan,Mobile Money,Régulier,25,563086.0,22523.44,2024-12-26,5,0.6944444444444444,0
1381,F,23,Abidjan,Boutique,Fidèle,25,709257.0,28370.28,2024-10-15,77,0.6944444444444444,0
1382,F,27,Abidjan,Site Web,Occasionnel,28,916788.0,32742.428571428572,2024-11-15,46,0.7777777777777778,0
1383,M,39,Yamoussoukro,Mobile Money,Fidèle,31,855433.0,27594.612903225807,2024-12-26,5,0.8611111111111112,0
1384,M,30,Abidjan,Mobile Money,Nouveau,28,906946.0,32390.928571428572,2024-12-28,3,0.7777777777777778,0
1385,M,26,Abidjan,Site Web,Occasionnel,29,800749.0,27612.03448275862,2024-12-10,21,0.8055555555555556,0
1386,F,34,Abengourou,Site Web,Régulier,6,173693.0,28948.833333333332,2024-11-05,56,0.16666666666666666,0
1387,M,21,Abidjan,Partenaire,Nouveau,36,1094652.0,30407.0,2024-09-23,99,1.0,1
1388,F,38,Abidjan,Mobile Money,Occasionnel,5,453380.0,90676.0,2024-12-18,13,0.1388888888888889,0
1389,M,46,Abidjan,Réseaux sociaux,Régulier,23,515866.0,22428.956521739132,2024-10-06,86,0.6388888888888888,0
1390,F,33,Abidjan,Mobile Money,Occasionnel,4,84667.0,21166.75,2023-09-11,477,0.1111111111111111,1
1391,M,31,Abidjan,Mobile Money,Nouveau,33,1001736.0,30355.636363636364,2024-12-26,5,0.9166666666666666,0
1392,M,38,Bouaké,Site Web,Nouveau,35,887961.0,25370.314285714285,2024-12-26,5,0.9722222222222222,0
1393,F,18,Korhogo,Boutique,Nouveau,2,31880.0,15940.0,2023-02-22,678,0.05555555555555555,1
1394,F,39,Abidjan,Site Web,Nouveau,2,44487.0,22243.5,2024-06-19,195,0.05555555555555555,1
1395,M,68,Abidjan,Mobile Money,Nouveau,1,15211.0,15211.0,2022-09-16,837,0.027777777777777776,1
1396,F,32,Abidjan,Mobile Money,Fidèle,1,18004.0,18004.0,2024-07-22,162,0.027777777777777776,1
1397,M,32,San-Pédro,Boutique,Nouveau,26,716089.0,27541.884615384617,2024-12-25,6,0.7222222222222222,0
1398,M,42,Abidjan,Mobile Money,Régulier,30,552781.0,18426.033333333333,2024-10-11,81,0.8333333333333334,0
1399,M,52,Abidjan,Mobile Money,VIP,1,47624.0,47624.0,2022-03-22,1015,0.027777777777777776,1
1400,F,44,Abengourou,Mobile Money,Nouveau,27,956681.0,35432.62962962963,2024-12-19,12,0.75,0
1401,F,18,Bouaké,Mobile Money,VIP,4,110355.0,27588.75,2024-05-17,228,0.1111111111111111,1
1402,F,40,Abidjan,Site Web,Nouveau,3,57386.0,19128.666666666668,2024-08-06,147,0.08333333333333333,1
1403,M,62,Abidjan,Mobile Money,Régulier,41,1647712.0,40188.09756097561,2024-11-30,31,1.1388888888888888,0
1404,F,40,Abidjan,Site Web,VIP,29,875148.0,30177.51724137931,2024-12-15,16,0.8055555555555556,0
1405,F,21,Abengourou,Boutique,Régulier,36,1213711.0,33714.194444444445,2024-12-24,7,1.0,0
1406,F,37,Abidjan,Boutique,Nouveau,6,108747.0,18124.5,2024-10-05,87,0.16666666666666666,0
1407,M,19,Abidjan,Boutique,Nouveau,34,1327931.0,39056.794117647056,2024-09-06,116,0.9444444444444444,1
1408,F,47,Bouaké,Site Web,Nouveau,29,721622.0,24883.51724137931,2024-12-07,24,0.8055555555555556,0
1409,M,23,Abidjan,Réseaux sociaux,Fidèle,37,857118.0,23165.35135135135,2024-12-28,3,1.0277777777777777,0
1410,M,34,Abidjan,Mobile Money,Nouveau,3,95687.0,31895.666666666668,2023-06-01,579,0.08333333333333333,1
1411,M,24,Korhogo,Réseaux sociaux,Occasionnel,29,625277.0,21561.275862068964,2024-12-10,21,0.8055555555555556,0
1412,M,27,Abidjan,Mobile Money,Nouveau,29,838681.0,28920.03448275862,2024-11-07,54,0.8055555555555556,0
1413,M,50,Korhogo,Boutique,Occasionnel,24,739754.0,30823.083333333332,2024-11-28,33,0.6666666666666666,1
1414,M,35,Daloa,Boutique,Occasionnel,24,643734.0,26822.25,2024-10-15,77,0.6666666666666666,0
1415,F,27,Abidjan,Mobile Money,Nouveau,5,157591.0,31518.2,2024-12-11,20,0.1388888888888889,0
1416,M,21,Yamoussoukro,Mobile Money,Occasionnel,32,684186.0,21380.8125,2024-08-20,133,0.8888888888888888,1
1417,M,18,Daloa,Mobile Money,Occasionnel,34,1020155.0,30004.558823529413,2024-11-04,57,0.9444444444444444,0
1418,M,20,Bouaké,Mobile Money,Occasionnel,39,988435.0,25344.48717948718,2024-09-28,94,1.0833333333333333,1
1419,M,35,Bouaké,Boutique,Occasionnel,32,1066918.0,33341.1875,2024-11-13,48,0.8888888888888888,0
1420,M,44,Abidjan,Mobile Money,Occasionnel,26,849794.0,32684.384615384617,2024-12-18,13,0.7222222222222222,0
1421,M,27,Abidjan,Réseaux sociaux,Régulier,33,866221.0,26249.121212121212,2024-12-10,21,0.9166666666666666,0
1422,F,51,Yamoussoukro,Réseaux sociaux,Occasionnel,36,772176.0,21449.333333333332,2024-10-31,61,1.0,0
1423,F,26,Abidjan,Mobile Money,Occasionnel,23,446876.0,19429.391304347828,2024-12-30,1,0.6388888888888888,0
1424,F,31,Abidjan,Mobile Money,Nouveau,25,965520.0,38620.8,2024-11-04,57,0.6944444444444444,0
1425,F,22,Abidjan,Boutique,Nouveau,2,269620.0,134810.0,2024-10-08,84,0.05555555555555555,0
1426,F,44,Abidjan,Réseaux sociaux,Régulier,30,775953.0,25865.1,2024-12-14,17,0.8333333333333334,0
1427,F,57,Daloa,Boutique,Fidèle,29,531447.0,18325.758620689656,2024-12-24,7,0.8055555555555556,0
1428,F,18,San-Pédro,Mobile Money,Nouveau,28,1489581.0,53199.32142857143,2024-12-17,14,0.7777777777777778,0
1429,M,30,San-Pédro,Partenaire,Occasionnel,3,33674.0,11224.666666666666,2024-09-14,108,0.08333333333333333,1
1430,F,47,Abidjan,Boutique,Occasionnel,37,909468.0,24580.216216216217,2024-10-26,66,1.0277777777777777,0
1431,M,18,Abidjan,Boutique,Régulier,29,791525.0,27293.96551724138,2024-12-07,24,0.8055555555555556,0
1432,M,40,San-Pédro,Réseaux sociaux,Nouveau,31,932614.0,30084.322580645163,2024-10-14,78,0.8611111111111112,0
1433,F,47,Abidjan,Partenaire,VIP,28,618834.0,22101.214285714286,2024-10-08,84,0.7777777777777778,0
1434,F,34,Yamoussoukro,Boutique,Nouveau,1,8360.0,8360.0,2022-01-16,1080,0.027777777777777776,1
1435,F,40,Bouaké,Mobile Money,VIP,20,387399.0,19369.95,2024-09-26,96,0.5555555555555556,1
1436,M,53,Abidjan,Boutique,Nouveau,35,1107601.0,31645.742857142857,2024-12-27,4,0.9722222222222222,0
1437,F,55,Abidjan,Mobile Money,Nouveau,2,39598.0,19799.0,2024-11-18,43,0.05555555555555555,0
1438,F,33,Yamoussoukro,Boutique,Nouveau,42,1284340.0,30579.52380952381,2024-12-29,2,1.1666666666666667,1
1439,M,28,Abidjan,Mobile Money,Nouveau,29,855259.0,29491.689655172413,2024-12-27,4,0.8055555555555556,0
1440,M,23,Korhogo,Site Web,VIP,27,609401.0,22570.40740740741,2024-11-18,43,0.75,0
1441,F,44,Bouaké,Site Web,Occasionnel,30,900355.0,30011.833333333332,2024-12-07,24,0.8333333333333334,0
1442,F,18,Abidjan,Partenaire,Nouveau,2,58470.0,29235.0,2023-07-30,520,0.05555555555555555,1
1443,F,31,Yamoussoukro,Réseaux sociaux,VIP,1,35495.0,35495.0,2024-10-01,91,0.027777777777777776,1
1444,F,35,Abidjan,Mobile Money,Nouveau,34,1224988.0,36029.05882352941,2024-12-16,15,0.9444444444444444,0
1445,F,28,Abidjan,Mobile Money,Nouveau,4,198853.0,49713.25,2024-11-17,44,0.1111111111111111,0
1446,M,37,Gagnoa,Boutique,Nouveau,21,645906.0,30757.428571428572,2024-11-29,32,0.5833333333333334,0
1447,M,62,Yamoussoukro,Mobile Money,Occasionnel,34,986374.0,29011.0,2024-12-18,13,0.9444444444444444,0
1448,M,32,Bouaké,Mobile Money,Fidèle,27,739788.0,27399.555555555555,2024-12-11,20,0.75,0
1449,M,29,San-Pédro,Site Web,Nouveau,4,257388.0,64347.0,2023-12-13,384,0.1111111111111111,1
1450,F,45,Abidjan,Boutique,Régulier,39,1175052.0,30129.53846153846,2024-12-04,27,1.0833333333333333,0
1451,M,36,Abidjan,Mobile Money,Nouveau,24,534424.0,22267.666666666668,2024-10-23,69,0.6666666666666666,0
1452,M,49,Abidjan,Boutique,Nouveau,34,912366.0,26834.29411764706,2024-12-27,4,0.9444444444444444,0
1453,M,35,Abidjan,Partenaire,Régulier,25,903371.0,36134.84,2024-12-06,25,0.6944444444444444,0
1454,M,31,Abidjan,Site Web,Régulier,27,897552.0,33242.666666666664,2024-11-07,54,0.75,0
1455,F,18,Abidjan,Mobile Money,Occasionnel,31,796711.0,25700.354838709678,2024-12-26,5,0.8611111111111112,0
1456,F,18,Daloa,Boutique,Nouveau,2,33242.0,16621.0,2022-10-16,807,0.05555555555555555,1
1457,F,18,Abidjan,Réseaux sociaux,Nouveau,2,53005.0,26502.5,2023-03-05,667,0.05555555555555555,1
1458,F,38,Bouaké,Mobile Money,Régulier,36,1070529.0,29736.916666666668,2024-12-19,12,1.0,0
1459,M,19,San-Pédro,Site Web,Occasionnel,1,15813.0,15813.0,2022-09-21,832,0.027777777777777776,1
1460,F,47,Abengourou,Site Web,Occasionnel,2,65854.0,32927.0,2024-11-13,48,0.05555555555555555,0
1461,M,34,Abidjan,Site Web,Nouveau,3,40314.0,13438.0,2024-08-14,139,0.08333333333333333,1
1462,M,31,Korhogo,Mobile Money,Régulier,22,589840.0,26810.909090909092,2024-12-28,3,0.6111111111111112,0
1463,F,24,San-Pédro,Réseaux sociaux,Nouveau,2,16547.0,8273.5,2022-12-13,749,0.05555555555555555,1
1464,F,40,Abidjan,Mobile Money,Régulier,30,742802.0,24760.066666666666,2024-12-14,17,0.8333333333333334,0
1465,M,25,Abidjan,Mobile Money,Régulier,32,770075.0,24064.84375,2024-12-22,9,0.8888888888888888,0
1466,M,23,Abidjan,Mobile Money,Nouveau,35,880308.0,25151.657142857144,2024-12-17,14,0.9722222222222222,0
1467,F,47,Yamoussoukro,Boutique,Occasionnel,34,679751.0,19992.676470588234,2024-12-03,28,0.9444444444444444,0
1469,M,31,Abidjan,Site Web,Occasionnel,30,941164.0,31372.133333333335,2024-12-25,6,0.8333333333333334,0
1470,F,41,Daloa,Réseaux sociaux,Fidèle,23,491228.0,21357.739130434784,2024-12-14,17,0.6388888888888888,0
1471,M,34,Abidjan,Mobile Money,Occasionnel,27,765207.0,28341.0,2024-12-25,6,0.75,0
1472,F,38,Abidjan,Réseaux sociaux,Nouveau,3,54164.0,18054.666666666668,2024-11-22,39,0.08333333333333333,0
1473,F,25,Korhogo,Partenaire,Nouveau,26,906067.0,34848.730769230766,2024-10-15,77,0.7222222222222222,0
1474,F,56,Gagnoa,Mobile Money,Régulier,5,95357.0,19071.4,2024-07-14,170,0.1388888888888889,1
1475,F,27,Daloa,Site Web,Nouveau,27,1279384.0,47384.59259259259,2024-10-06,86,0.75,0
1476,F,51,Abidjan,Partenaire,Régulier,27,1242667.0,46024.7037037037,2024-11-30,31,0.75,0
1477,F,31,Abidjan,Site Web,Nouveau,35,1129974.0,32284.97142857143,2024-12-26,5,0.9722222222222222,0
1478,M,42,Abidjan,Boutique,Nouveau,1,21031.0,21031.0,2022-03-12,1025,0.027777777777777776,1
1479,F,42,Abidjan,Réseaux sociaux,Nouveau,6,99224.0,16537.333333333332,2024-07-27,157,0.16666666666666666,1
1480,F,46,Abidjan,Site Web,Fidèle,37,841632.0,22746.81081081081,2024-12-04,27,1.0277777777777777,0
1481,F,24,Korhogo,Mobile Money,Régulier,31,1103015.0,35581.12903225807,2024-10-31,61,0.8611111111111112,0
1482,F,45,Yamoussoukro,Mobile Money,Occasionnel,20,675612.0,33780.6,2024-12-12,19,0.5555555555555556,0
1483,M,54,Abidjan,Boutique,Nouveau,29,836639.0,28849.620689655174,2024-12-13,18,0.8055555555555556,0
1484,F,31,Abidjan,Boutique,Fidèle,24,682046.0,28418.583333333332,2024-12-10,21,0.6666666666666666,1
1485,M,34,Abidjan,Mobile Money,Fidèle,29,838095.0,28899.827586206895,2024-10-15,77,0.8055555555555556,0
1486,F,28,Abidjan,Mobile Money,Occasionnel,28,788207.0,28150.25,2024-12-16,15,0.7777777777777778,0
1487,M,30,Yamoussoukro,Réseaux sociaux,Régulier,2,35576.0,17788.0,2024-08-28,125,0.05555555555555555,1
1488,F,52,Abidjan,Site Web,Fidèle,29,841331.0,29011.41379310345,2024-12-29,2,0.8055555555555556,0
1489,M,22,San-Pédro,Mobile Money,Nouveau,25,734453.0,29378.12,2024-12-22,9,0.6944444444444444,0
1490,F,23,Abidjan,Mobile Money,Nouveau,21,707128.0,33672.76190476191,2024-11-19,42,0.5833333333333334,0
1491,F,51,Abidjan,Mobile Money,Occasionnel,37,1593155.0,43058.24324324324,2024-12-08,23,1.0277777777777777,1
1492,M,40,Abengourou,Mobile Money,Occasionnel,24,690344.0,28764.333333333332,2024-11-07,54,0.6666666666666666,0
1493,M,57,Abidjan,Site Web,Régulier,3,59765.0,19921.666666666668,2024-08-18,135,0.08333333333333333,1
1494,M,29,Abidjan,Mobile Money,Occasionnel,31,773664.0,24956.90322580645,2024-12-11,20,0.8611111111111112,0
1495,F,35,Bouaké,Partenaire,Nouveau,26,1128967.0,43421.807692307695,2024-10-20,72,0.7222222222222222,0
1496,M,26,Abidjan,Mobile Money,Occasionnel,40,1055348.0,26383.7,2024-12-28,3,1.1111111111111112,0
1497,M,35,Abidjan,Mobile Money,Régulier,24,929956.0,38748.166666666664,2024-12-28,3,0.6666666666666666,0
1498,M,18,Abidjan,Réseaux sociaux,Nouveau,28,740438.0,26444.214285714286,2024-12-04,27,0.7777777777777778,0
1499,F,41,Abidjan,Boutique,Nouveau,2,109859.0,54929.5,2024-11-29,32,0.05555555555555555,0
1500,M,37,Abidjan,Boutique,Nouveau,23,837867.0,36429.0,2024-11-28,33,0.6388888888888888,1
1501,M,33,Abidjan,Mobile Money,Fidèle,2,15797.0,7898.5,2024-09-17,105,0.05555555555555555,1
1502,M,29,Daloa,Site Web,Nouveau,36,803831.0,22328.63888888889,2024-12-08,23,1.0,0
1503,F,24,San-Pédro,Boutique,Nouveau,5,217885.0,43577.0,2024-07-22,162,0.1388888888888889,1
1504,F,42,Abidjan,Réseaux sociaux,Régulier,2,70104.0,35052.0,2023-12-01,396,0.05555555555555555,1
1505,M,21,Abidjan,Site Web,Nouveau,27,825054.0,30557.555555555555,2024-10-07,85,0.75,0
1506,F,39,Abidjan,Réseaux sociaux,Régulier,33,1392663.0,42201.90909090909,2024-11-29,32,0.9166666666666666,1
1508,F,50,Abidjan,Site Web,Fidèle,2,54840.0,27420.0,2024-09-30,92,0.05555555555555555,1
1509,F,18,Daloa,Site Web,Nouveau,26,711242.0,27355.46153846154,2024-11-14,47,0.7222222222222222,0
1510,M,28,Abidjan,Boutique,Nouveau,5,96493.0,19298.6,2024-12-08,23,0.1388888888888889,0
1511,F,38,Abidjan,Site Web,Nouveau,1,25426.0,25426.0,2023-12-02,395,0.027777777777777776,1
1512,F,33,Yamoussoukro,Site Web,Fidèle,38,896689.0,23597.07894736842,2024-12-25,6,1.0555555555555556,0
1513,M,18,San-Pédro,Mobile Money,Fidèle,19,1133960.0,59682.10526315789,2024-12-08,23,0.5277777777777778,0
1514,M,38,Abidjan,Site Web,Nouveau,40,1299074.0,32476.85,2024-12-23,8,1.1111111111111112,0
1515,M,33,Abidjan,Mobile Money,Nouveau,32,1549702.0,48428.1875,2024-12-29,2,0.8888888888888888,0
1516,F,55,Gagnoa,Boutique,Nouveau,5,286572.0,57314.4,2024-10-15,77,0.1388888888888889,0
1517,F,31,Abidjan,Mobile Money,Nouveau,2,75690.0,37845.0,2023-12-19,378,0.05555555555555555,1
1518,M,46,Yamoussoukro,Mobile Money,Nouveau,21,726686.0,34604.09523809524,2024-11-12,49,0.5833333333333334,0
1519,F,20,Yamoussoukro,Mobile Money,Fidèle,28,720079.0,25717.10714285714,2024-12-19,12,0.7777777777777778,0
1520,F,22,Abidjan,Mobile Money,Nouveau,28,787663.0,28130.821428571428,2024-12-24,7,0.7777777777777778,0
1521,F,41,Abidjan,Mobile Money,Fidèle,31,1026860.0,33124.51612903226,2024-11-28,33,0.8611111111111112,0
1522,M,45,Abidjan,Mobile Money,Nouveau,31,700347.0,22591.83870967742,2024-10-19,73,0.8611111111111112,0
1523,M,23,Abidjan,Boutique,Fidèle,25,625619.0,25024.76,2024-11-06,55,0.6944444444444444,0
1524,M,34,Abidjan,Boutique,Occasionnel,26,717613.0,27600.5,2024-11-24,37,0.7222222222222222,0
1525,M,18,Daloa,Partenaire,Nouveau,29,699446.0,24118.827586206895,2024-11-20,41,0.8055555555555556,0
1526,F,32,Yamoussoukro,Réseaux sociaux,Régulier,3,88168.0,29389.333333333332,2024-12-05,26,0.08333333333333333,0
1527,F,43,Man,Mobile Money,Nouveau,26,662986.0,25499.46153846154,2024-09-03,119,0.7222222222222222,1
1528,F,29,Gagnoa,Boutique,Fidèle,27,1154338.0,42753.25925925926,2024-10-17,75,0.75,0
1529,F,31,Yamoussoukro,Boutique,Régulier,2,39443.0,19721.5,2024-08-24,129,0.05555555555555555,1
1530,F,21,Abidjan,Boutique,VIP,2,70858.0,35429.0,2023-10-06,452,0.05555555555555555,1
1531,F,26,Abidjan,Boutique,Fidèle,24,551767.0,22990.291666666668,2024-12-14,17,0.6666666666666666,0
1532,F,53,Bouaké,Site Web,Nouveau,24,583570.0,24315.416666666668,2024-12-22,9,0.6666666666666666,0
1533,M,34,Bouaké,Site Web,Occasionnel,27,1002084.0,37114.22222222222,2024-11-10,51,0.75,0
1534,M,22,Abidjan,Boutique,Régulier,17,688608.0,40506.35294117647,2024-12-11,20,0.4722222222222222,0
1535,F,30,Bouaké,Site Web,Nouveau,38,971271.0,25559.763157894737,2024-12-24,7,1.0555555555555556,0
1536,F,18,Abidjan,Mobile Money,Occasionnel,35,1085401.0,31011.457142857143,2024-11-06,55,0.9722222222222222,1
1537,M,22,Abidjan,Réseaux sociaux,Nouveau,26,823656.0,31679.076923076922,2024-12-29,2,0.7222222222222222,0
1538,M,48,San-Pédro,Partenaire,Régulier,26,919532.0,35366.61538461538,2024-12-23,8,0.7222222222222222,0
1539,M,32,Abidjan,Mobile Money,Nouveau,5,519444.0,103888.8,2024-11-16,45,0.1388888888888889,0
1540,F,54,Abidjan,Site Web,Nouveau,28,1032289.0,36867.46428571428,2024-12-20,11,0.7777777777777778,0
1541,M,32,Bouaké,Réseaux sociaux,VIP,40,1151552.0,28788.8,2024-12-07,24,1.1111111111111112,0
1542,F,33,Bouaké,Boutique,Fidèle,25,1224427.0,48977.08,2024-12-07,24,0.6944444444444444,0
1543,F,41,Abidjan,Mobile Money,Nouveau,38,978889.0,25760.236842105263,2024-11-11,50,1.0555555555555556,0
1544,F,18,Bouaké,Site Web,Nouveau,35,1154927.0,32997.91428571429,2024-12-18,13,0.9722222222222222,1
1545,F,36,Abidjan,Boutique,Régulier,37,1242970.0,33593.78378378379,2024-12-28,3,1.0277777777777777,0
1546,F,33,Yamoussoukro,Mobile Money,Nouveau,1,26830.0,26830.0,2024-11-25,36,0.027777777777777776,0
1547,F,50,Abidjan,Site Web,Régulier,4,178357.0,44589.25,2024-06-19,195,0.1111111111111111,1
1548,M,44,Abengourou,Boutique,Régulier,5,131191.0,26238.2,2024-12-28,3,0.1388888888888889,0
1549,F,21,Daloa,Mobile Money,Nouveau,39,833766.0,21378.615384615383,2024-11-27,34,1.0833333333333333,0
1551,F,31,Abidjan,Mobile Money,Nouveau,27,627695.0,23247.962962962964,2024-12-22,9,0.75,0
1552,F,24,Abidjan,Boutique,Nouveau,27,820202.0,30377.85185185185,2024-10-22,70,0.75,0
1553,F,36,Yamoussoukro,Site Web,Occasionnel,29,1034109.0,35658.93103448276,2024-12-19,12,0.8055555555555556,0
1554,F,31,Yamoussoukro,Mobile Money,Nouveau,23,686744.0,29858.434782608696,2024-09-22,100,0.6388888888888888,1
1555,F,50,Yamoussoukro,Site Web,VIP,27,648925.0,24034.25925925926,2024-11-06,55,0.75,0
1556,M,37,Korhogo,Site Web,Régulier,1,8562.0,8562.0,2023-06-15,565,0.027777777777777776,1
1557,M,36,Abidjan,Boutique,Nouveau,25,788661.0,31546.44,2024-09-29,93,0.6944444444444444,1
1558,F,43,Yamoussoukro,Boutique,Occasionnel,1,24121.0,24121.0,2022-08-04,880,0.027777777777777776,1
1559,M,46,Abidjan,Partenaire,Occasionnel,27,799451.0,29609.296296296296,2024-12-27,4,0.75,1
1560,M,42,Bouaké,Réseaux sociaux,Occasionnel,37,944456.0,25525.837837837837,2024-12-26,5,1.0277777777777777,0
1561,M,49,Abidjan,Mobile Money,Occasionnel,34,798901.0,23497.08823529412,2024-11-07,54,0.9444444444444444,0
1562,M,40,Daloa,Boutique,Nouveau,28,708865.0,25316.60714285714,2024-12-15,16,0.7777777777777778,0
1563,M,35,Abidjan,Boutique,Nouveau,3,51306.0,17102.0,2024-02-20,315,0.08333333333333333,1
1564,M,47,Abidjan,Réseaux sociaux,Nouveau,27,1045497.0,38722.11111111111,2024-12-23,8,0.75,1
1565,M,33,Abidjan,Réseaux sociaux,Nouveau,29,851164.0,29350.48275862069,2024-10-22,70,0.8055555555555556,0
1566,F,34,Divo,Boutique,Régulier,47,1579482.0,33606.0,2024-12-28,3,1.3055555555555556,0
1567,F,52,Abidjan,Réseaux sociaux,VIP,4,245458.0,61364.5,2024-12-02,29,0.1111111111111111,1
1568,F,51,Abidjan,Boutique,Régulier,40,1251652.0,31291.3,2024-09-26,96,1.1111111111111112,1
1569,F,33,Abidjan,Mobile Money,VIP,25,741790.0,29671.6,2024-11-23,38,0.6944444444444444,0
1570,F,29,Abidjan,Site Web,Occasionnel,29,757037.0,26104.724137931036,2024-11-16,45,0.8055555555555556,0
1571,F,50,Korhogo,Boutique,Nouveau,26,551807.0,21223.346153846152,2024-12-25,6,0.7222222222222222,0
1572,M,42,Gagnoa,Site Web,Fidèle,24,685923.0,28580.125,2024-11-26,35,0.6666666666666666,0
1573,M,37,San-Pédro,Boutique,Nouveau,35,1364766.0,38993.31428571429,2024-12-17,14,0.9722222222222222,0
1574,M,30,San-Pédro,Site Web,Nouveau,34,788328.0,23186.117647058825,2024-12-22,9,0.9444444444444444,0
1575,F,37,Abidjan,Partenaire,Fidèle,39,1174524.0,30116.0,2024-11-22,39,1.0833333333333333,0
1576,F,33,Abidjan,Mobile Money,Régulier,29,974839.0,33615.137931034486,2024-12-19,12,0.8055555555555556,0
1577,M,26,Bouaké,Boutique,Fidèle,24,636282.0,26511.75,2024-12-23,8,0.6666666666666666,0
1578,M,35,Yamoussoukro,Site Web,Nouveau,31,747551.0,24114.548387096773,2024-10-01,91,0.8611111111111112,1
1579,M,36,Abidjan,Mobile Money,Régulier,29,1159199.0,39972.379310344826,2024-11-17,44,0.8055555555555556,1
1580,M,29,Daloa,Site Web,Nouveau,33,1180577.0,35775.06060606061,2024-11-15,46,0.9166666666666666,0
1581,M,43,Abidjan,Boutique,Nouveau,27,692521.0,25648.925925925927,2024-09-26,96,0.75,1
1582,F,48,Abidjan,Mobile Money,Fidèle,30,823555.0,27451.833333333332,2024-12-18,13,0.8333333333333334,0
1583,F,44,Abidjan,Réseaux sociaux,Occasionnel,3,183459.0,61153.0,2024-07-17,167,0.08333333333333333,1
1584,F,30,San-Pédro,Boutique,Régulier,3,126258.0,42086.0,2023-10-01,457,0.08333333333333333,1
1585,M,42,Daloa,Mobile Money,Fidèle,26,821631.0,31601.19230769231,2024-11-25,36,0.7222222222222222,0
1586,M,34,Abidjan,Mobile Money,Fidèle,33,763486.0,23135.939393939392,2024-12-21,10,0.9166666666666666,0
1587,F,20,San-Pédro,Site Web,Nouveau,33,1071605.0,32472.878787878788,2024-12-23,8,0.9166666666666666,0
1588,M,41,San-Pédro,Partenaire,Nouveau,1,9041.0,9041.0,2022-08-22,862,0.027777777777777776,1
1589,F,35,Abidjan,Boutique,Fidèle,27,951830.0,35252.96296296296,2024-12-21,10,0.75,0
1590,F,62,Daloa,Mobile Money,Occasionnel,5,93806.0,18761.2,2024-09-24,98,0.1388888888888889,1
1591,F,50,Abidjan,Mobile Money,Occasionnel,31,909823.0,29349.129032258064,2024-12-25,6,0.8611111111111112,0
1592,F,41,Abidjan,Site Web,Nouveau,34,1101576.0,32399.29411764706,2024-12-19,12,0.9444444444444444,1
1594,F,35,Abidjan,Boutique,VIP,29,732398.0,25255.103448275862,2024-11-24,37,0.8055555555555556,0
1595,M,22,Abidjan,Mobile Money,Occasionnel,3,32458.0,10819.333333333334,2024-11-22,39,0.08333333333333333,1
1596,M,18,Abidjan,Boutique,Régulier,26,954322.0,36704.692307692305,2024-12-19,12,0.7222222222222222,1
1597,F,24,Abidjan,Site Web,Nouveau,34,1063800.0,31288.235294117647,2024-12-27,4,0.9444444444444444,0
1598,F,33,Yamoussoukro,Boutique,Nouveau,35,1114521.0,31843.457142857143,2024-12-19,12,0.9722222222222222,1
1599,M,18,Bouaké,Mobile Money,Occasionnel,34,1097558.0,32281.117647058825,2024-12-30,1,0.9444444444444444,0
1600,F,28,Abidjan,Boutique,Fidèle,27,832059.0,30817.0,2024-12-27,4,0.75,1
1601,M,31,Abidjan,Boutique,Nouveau,33,941409.0,28527.545454545456,2024-11-03,58,0.9166666666666666,0
1602,F,31,Abidjan,Boutique,Nouveau,22,738131.0,33551.40909090909,2024-11-10,51,0.6111111111111112,0
1603,M,26,San-Pédro,Mobile Money,Occasionnel,25,746446.0,29857.84,2024-12-19,12,0.6944444444444444,0
1604,M,30,Korhogo,Mobile Money,Nouveau,7,209994.0,29999.14285714286,2023-08-07,512,0.19444444444444445,1
1605,F,52,Abidjan,Boutique,Occasionnel,2,51982.0,25991.0,2024-11-13,48,0.05555555555555555,0
1606,F,41,Yamoussoukro,Mobile Money,Occasionnel,24,529595.0,22066.458333333332,2024-10-27,65,0.6666666666666666,0
1607,M,27,Bouaké,Site Web,Nouveau,1,17494.0,17494.0,2024-06-15,199,0.027777777777777776,1
1608,F,33,Abengourou,Boutique,Régulier,1,12355.0,12355.0,2023-07-22,528,0.027777777777777776,1
1609,F,33,Abidjan,Mobile Money,Nouveau,29,605562.0,20881.44827586207,2024-12-27,4,0.8055555555555556,0
1610,F,25,Abidjan,Site Web,Régulier,6,140394.0,23399.0,2024-08-14,139,0.16666666666666666,1
1611,F,25,Bouaké,Boutique,Régulier,24,638622.0,26609.25,2024-12-22,9,0.6666666666666666,0
1612,M,45,Abidjan,Mobile Money,Fidèle,2,39483.0,19741.5,2023-07-24,526,0.05555555555555555,1
1613,M,29,Abidjan,Réseaux sociaux,Régulier,35,848746.0,24249.885714285716,2024-12-16,15,0.9722222222222222,0
1614,F,21,Abidjan,Boutique,Occasionnel,7,187447.0,26778.14285714286,2024-12-08,23,0.19444444444444445,0
1615,M,33,Abidjan,Réseaux sociaux,Nouveau,37,1040374.0,28118.216216216217,2024-12-17,14,1.0277777777777777,0
1616,F,35,Yamoussoukro,Mobile Money,Occasionnel,23,1150452.0,50019.65217391304,2024-12-16,15,0.6388888888888888,0
1617,F,18,Yamoussoukro,Réseaux sociaux,Nouveau,2,103428.0,51714.0,2023-10-17,441,0.05555555555555555,1
1618,M,33,Abidjan,Réseaux sociaux,Régulier,29,736882.0,25409.724137931036,2024-12-30,1,0.8055555555555556,0
1619,M,43,San-Pédro,Mobile Money,Nouveau,28,1059914.0,37854.07142857143,2024-09-21,101,0.7777777777777778,1
1620,F,38,Abidjan,Boutique,Occasionnel,40,1431949.0,35798.725,2024-12-22,9,1.1111111111111112,0
1621,F,58,Gagnoa,Site Web,Occasionnel,29,821228.0,28318.206896551725,2024-12-14,17,0.8055555555555556,0
1622,F,47,Abidjan,Boutique,Régulier,31,951529.0,30694.483870967742,2024-12-29,2,0.8611111111111112,0
1623,M,49,San-Pédro,Boutique,Nouveau,18,556960.0,30942.222222222223,2024-11-18,43,0.5,0
1624,F,64,Korhogo,Partenaire,Occasionnel,36,779983.0,21666.194444444445,2024-12-27,4,1.0,0
1625,F,42,San-Pédro,Site Web,Occasionnel,33,1178611.0,35715.48484848485,2024-12-30,1,0.9166666666666666,0
1626,M,35,San-Pédro,Partenaire,Fidèle,1,8026.0,8026.0,2024-08-23,130,0.027777777777777776,1
1627,F,44,Abidjan,Réseaux sociaux,Régulier,29,655738.0,22611.655172413793,2024-11-26,35,0.8055555555555556,0
1628,F,27,Yamoussoukro,Réseaux sociaux,Nouveau,24,744507.0,31021.125,2024-12-03,28,0.6666666666666666,0
1629,F,35,Bouaké,Site Web,Fidèle,28,557092.0,19896.14285714286,2024-12-26,5,0.7777777777777778,0
1630,F,26,Abidjan,Site Web,Nouveau,6,79763.0,13293.833333333334,2024-10-06,86,0.16666666666666666,1
1631,F,38,Abengourou,Réseaux sociaux,Nouveau,26,406017.0,15616.038461538461,2024-09-06,116,0.7222222222222222,1
1632,M,26,Abidjan,Site Web,Nouveau,28,768165.0,27434.464285714286,2024-10-24,68,0.7777777777777778,0
1633,M,26,Abidjan,Mobile Money,Occasionnel,3,72993.0,24331.0,2024-03-03,303,0.08333333333333333,1
1634,M,38,Korhogo,Boutique,Régulier,29,754554.0,26019.103448275862,2024-12-28,3,0.8055555555555556,0
1635,M,32,Abidjan,Mobile Money,Occasionnel,3,159622.0,53207.333333333336,2024-09-13,109,0.08333333333333333,1
1636,F,18,Abidjan,Partenaire,Régulier,22,771679.0,35076.318181818184,2024-12-07,24,0.6111111111111112,0
1637,F,18,Abidjan,Site Web,Occasionnel,27,585819.0,21697.0,2024-12-23,8,0.75,0
1638,M,21,Daloa,Boutique,Nouveau,27,671134.0,24856.814814814814,2024-11-22,39,0.75,0
1639,F,24,San-Pédro,Mobile Money,Occasionnel,29,763971.0,26343.827586206895,2024-12-04,27,0.8055555555555556,0
1640,M,38,Abidjan,Boutique,Régulier,32,789598.0,24674.9375,2024-12-01,30,0.8888888888888888,0
1641,M,36,Bouaké,Boutique,Occasionnel,18,566629.0,31479.38888888889,2024-12-05,26,0.5,0
1642,F,45,Bouaké,Site Web,Occasionnel,2,41124.0,20562.0,2024-05-12,233,0.05555555555555555,1
1643,F,42,Yamoussoukro,Site Web,Occasionnel,26,606110.0,23311.923076923078,2024-11-13,48,0.7222222222222222,0
1644,F,45,Yamoussoukro,Boutique,Occasionnel,33,883669.0,26777.848484848484,2024-07-20,164,0.9166666666666666,1
1645,F,40,Divo,Mobile Money,Nouveau,27,1141189.0,42266.25925925926,2024-12-28,3,0.75,0
1646,F,36,Abidjan,Boutique,Fidèle,2,71090.0,35545.0,2023-11-18,409,0.05555555555555555,1
1647,F,46,Abidjan,Boutique,Nouveau,2,46867.0,23433.5,2023-06-18,562,0.05555555555555555,1
1648,M,44,Bouaké,Réseaux sociaux,Nouveau,27,809902.0,29996.37037037037,2024-12-21,10,0.75,0
1649,M,38,Abidjan,Réseaux sociaux,Régulier,46,1266143.0,27524.847826086956,2024-10-31,61,1.2777777777777777,0
1650,M,47,Abidjan,Site Web,Fidèle,4,160725.0,40181.25,2024-12-01,30,0.1111111111111111,0
1652,F,30,Abidjan,Mobile Money,Occasionnel,34,950056.0,27942.823529411766,2024-12-24,7,0.9444444444444444,0
1653,F,30,Man,Partenaire,VIP,35,907791.0,25936.885714285716,2024-10-19,73,0.9722222222222222,0
1654,F,46,Abidjan,Partenaire,Occasionnel,24,652066.0,27169.416666666668,2024-10-28,64,0.6666666666666666,0
1655,M,51,Bouaké,Mobile Money,Occasionnel,35,804487.0,22985.342857142856,2024-11-19,42,0.9722222222222222,0
1656,F,18,Daloa,Site Web,Occasionnel,2,160220.0,80110.0,2024-02-18,317,0.05555555555555555,1
1657,F,49,Abidjan,Boutique,Occasionnel,2,116669.0,58334.5,2024-03-28,278,0.05555555555555555,1
1658,M,21,Abidjan,Mobile Money,Occasionnel,7,438450.0,62635.71428571428,2024-09-03,119,0.19444444444444445,1
1659,F,21,Abidjan,Partenaire,VIP,2,64184.0,32092.0,2023-10-20,438,0.05555555555555555,1
1660,F,31,Abidjan,Partenaire,Nouveau,5,83461.0,16692.2,2024-07-20,164,0.1388888888888889,1
1661,F,30,Abidjan,Partenaire,Nouveau,38,879682.0,23149.526315789473,2024-12-30,1,1.0555555555555556,0
1662,M,18,Bouaké,Mobile Money,Occasionnel,5,103620.0,20724.0,2024-04-21,254,0.1388888888888889,1
1663,M,41,Abidjan,Boutique,Occasionnel,21,528375.0,25160.714285714286,2024-10-31,61,0.5833333333333334,0
1664,F,41,Abidjan,Réseaux sociaux,Régulier,27,663132.0,24560.444444444445,2024-12-25,6,0.75,0
1665,M,45,Abidjan,Site Web,VIP,35,950005.0,27143.0,2024-11-02,59,0.9722222222222222,1
1666,M,29,Abidjan,Boutique,Régulier,31,682492.0,22015.870967741936,2024-11-25,36,0.8611111111111112,0
1667,M,33,Abidjan,Boutique,VIP,31,817922.0,26384.58064516129,2024-10-29,63,0.8611111111111112,0
1668,F,33,Divo,Mobile Money,Nouveau,27,792390.0,29347.777777777777,2024-12-24,7,0.75,0
1669,F,52,Abidjan,Site Web,Nouveau,24,807733.0,33655.541666666664,2024-12-07,24,0.6666666666666666,0
1670,M,18,Abidjan,Réseaux sociaux,Nouveau,24,568217.0,23675.708333333332,2024-11-18,43,0.6666666666666666,0
1671,F,23,Bouaké,Mobile Money,Régulier,36,1263919.0,35108.86111111111,2024-11-13,48,1.0,0
1672,M,34,Yamoussoukro,Mobile Money,Nouveau,26,950406.0,36554.07692307692,2024-11-29,32,0.7222222222222222,0
1673,M,22,Bouaké,Boutique,Nouveau,20,497832.0,24891.6,2024-06-01,213,0.5555555555555556,1
1674,F,31,Abidjan,Boutique,Occasionnel,23,487534.0,21197.130434782608,2024-11-15,46,0.6388888888888888,0
1675,M,32,Bouaké,Boutique,Nouveau,1,15658.0,15658.0,2023-07-21,529,0.027777777777777776,1
1676,M,26,Abidjan,Mobile Money,Régulier,32,1125053.0,35157.90625,2024-11-06,55,0.8888888888888888,0
1677,M,34,Daloa,Site Web,Fidèle,21,429912.0,20472.0,2024-10-25,67,0.5833333333333334,0
1678,F,40,Abidjan,Mobile Money,Nouveau,21,562618.0,26791.333333333332,2024-12-01,30,0.5833333333333334,0
1679,M,31,Yamoussoukro,Site Web,Occasionnel,33,820601.0,24866.696969696968,2024-11-17,44,0.9166666666666666,0
1680,M,29,Bouaké,Boutique,Nouveau,31,1200032.0,38710.709677419356,2024-12-27,4,0.8611111111111112,0
1681,M,32,Yamoussoukro,Boutique,Nouveau,3,45978.0,15326.0,2024-04-30,245,0.08333333333333333,1
1682,M,33,Abidjan,Boutique,Nouveau,24,620374.0,25848.916666666668,2024-10-13,79,0.6666666666666666,0
1683,M,18,Yamoussoukro,Site Web,Occasionnel,1,125959.0,125959.0,2024-06-12,202,0.027777777777777776,1
1684,F,39,Daloa,Boutique,Occasionnel,32,695504.0,21734.5,2024-12-14,17,0.8888888888888888,1
1685,F,29,Abidjan,Boutique,Régulier,35,976591.0,27902.6,2024-11-29,32,0.9722222222222222,0
1686,F,47,Abidjan,Boutique,Régulier,32,719865.0,22495.78125,2024-10-03,89,0.8888888888888888,0
1687,F,40,Abidjan,Boutique,Nouveau,1,78188.0,78188.0,2023-04-06,635,0.027777777777777776,1
1688,F,46,Abidjan,Boutique,Régulier,3,124771.0,41590.333333333336,2024-03-18,288,0.08333333333333333,1
1689,M,22,Daloa,Boutique,Régulier,27,585603.0,21689.0,2024-12-26,5,0.75,0
1690,F,29,Abidjan,Boutique,Nouveau,30,1241968.0,41398.933333333334,2024-12-15,16,0.8333333333333334,0
1691,M,20,Yamoussoukro,Mobile Money,Nouveau,30,819926.0,27330.866666666665,2024-09-12,110,0.8333333333333334,1
1692,M,26,Daloa,Site Web,Nouveau,34,1146004.0,33706.0,2024-12-21,10,0.9444444444444444,0
1693,F,47,Yamoussoukro,Mobile Money,Nouveau,23,447254.0,19445.82608695652,2024-12-15,16,0.6388888888888888,0
1694,M,50,Yamoussoukro,Réseaux sociaux,Nouveau,4,147936.0,36984.0,2024-07-20,164,0.1111111111111111,1
1695,M,21,Bouaké,Site Web,Nouveau,29,875472.0,30188.689655172413,2024-11-17,44,0.8055555555555556,0
1696,M,28,Abidjan,Mobile Money,Fidèle,28,718617.0,25664.89285714286,2024-11-25,36,0.7777777777777778,0
1697,F,33,Abidjan,Site Web,Fidèle,36,1040782.0,28910.61111111111,2024-12-09,22,1.0,0
1698,M,40,San-Pédro,Boutique,Occasionnel,28,823529.0,29411.75,2024-12-23,8,0.7777777777777778,0
1699,M,18,Gagnoa,Partenaire,Régulier,2,54730.0,27365.0,2024-09-15,107,0.05555555555555555,1
1700,M,18,Abidjan,Partenaire,VIP,35,1457999.0,41657.114285714284,2024-10-23,69,0.9722222222222222,0
1701,M,39,Man,Réseaux sociaux,Occasionnel,29,644546.0,22225.724137931036,2024-11-28,33,0.8055555555555556,0
1702,M,18,Abengourou,Boutique,Occasionnel,30,780617.0,26020.566666666666,2024-12-27,4,0.8333333333333334,0
1703,F,29,Abidjan,Réseaux sociaux,Régulier,4,48190.0,12047.5,2024-08-19,134,0.1111111111111111,1
1704,M,35,Yamoussoukro,Site Web,Fidèle,35,850156.0,24290.17142857143,2024-12-12,19,0.9722222222222222,0
1705,F,38,Bouaké,Réseaux sociaux,Régulier,22,436374.0,19835.18181818182,2024-11-19,42,0.6111111111111112,1
1706,M,32,Abidjan,Mobile Money,Nouveau,34,1083798.0,31876.41176470588,2024-10-28,64,0.9444444444444444,0
1707,F,29,Abidjan,Réseaux sociaux,Régulier,5,226092.0,45218.4,2024-03-27,279,0.1388888888888889,1
1708,F,43,Abidjan,Site Web,Nouveau,31,676275.0,21815.322580645163,2024-12-19,12,0.8611111111111112,0
1709,M,37,Daloa,Mobile Money,Nouveau,4,89495.0,22373.75,2024-09-28,94,0.1111111111111111,1
1710,F,26,Abidjan,Partenaire,Occasionnel,3,206251.0,68750.33333333333,2024-09-14,108,0.08333333333333333,1
1711,M,34,Daloa,Site Web,Régulier,29,976261.0,33664.1724137931,2024-12-14,17,0.8055555555555556,0
1712,F,38,Yamoussoukro,Réseaux sociaux,Nouveau,32,917682.0,28677.5625,2024-11-06,55,0.8888888888888888,0
1713,M,52,Yamoussoukro,Mobile Money,Nouveau,6,108085.0,18014.166666666668,2024-10-06,86,0.16666666666666666,0
1714,M,42,Abidjan,Boutique,Régulier,27,732289.0,27121.814814814814,2024-12-29,2,0.75,0
1715,F,47,Abidjan,Site Web,Nouveau,1,8922.0,8922.0,2024-07-11,173,0.027777777777777776,1
1716,M,27,Abidjan,Mobile Money,Fidèle,4,88059.0,22014.75,2024-10-18,74,0.1111111111111111,1
1717,F,28,Abidjan,Site Web,Occasionnel,23,587373.0,25537.956521739132,2024-11-16,45,0.6388888888888888,0
1718,M,31,Abidjan,Site Web,Occasionnel,23,752597.0,32721.608695652172,2024-11-14,47,0.6388888888888888,0
1719,M,32,Abidjan,Mobile Money,Nouveau,32,885791.0,27680.96875,2024-12-03,28,0.8888888888888888,0
1720,M,22,Abidjan,Site Web,VIP,30,815595.0,27186.5,2024-12-12,19,0.8333333333333334,1
1721,F,47,Bouaké,Mobile Money,Fidèle,24,550781.0,22949.208333333332,2024-10-16,76,0.6666666666666666,0
1722,F,43,Abidjan,Réseaux sociaux,Nouveau,26,849340.0,32666.923076923078,2024-12-17,14,0.7222222222222222,0
1723,M,30,Abidjan,Réseaux sociaux,Régulier,37,958226.0,25898.0,2024-12-15,16,1.0277777777777777,0
1724,M,41,Korhogo,Boutique,Régulier,2,144649.0,72324.5,2024-10-26,66,0.05555555555555555,0
1725,F,36,Abidjan,Boutique,Nouveau,26,809666.0,31141.0,2024-12-15,16,0.7222222222222222,0
1726,F,41,Man,Boutique,Occasionnel,26,800173.0,30775.884615384617,2024-10-09,83,0.7222222222222222,0
1727,F,19,Bouaké,Boutique,Fidèle,40,1085190.0,27129.75,2024-11-11,50,1.1111111111111112,0
1728,M,32,Abidjan,Réseaux sociaux,Occasionnel,35,1150235.0,32863.857142857145,2024-12-29,2,0.9722222222222222,0
1729,F,33,Man,Mobile Money,Fidèle,26,657194.0,25276.69230769231,2024-12-14,17,0.7222222222222222,0
1730,F,40,San-Pédro,Boutique,Nouveau,2,14901.0,7450.5,2024-08-29,124,0.05555555555555555,1
1731,M,27,Bouaké,Mobile Money,Fidèle,26,920180.0,35391.53846153846,2024-12-23,8,0.7222222222222222,0
1732,F,18,Abidjan,Site Web,VIP,27,585837.0,21697.666666666668,2024-11-29,32,0.75,0
1733,M,22,Abidjan,Réseaux sociaux,Nouveau,36,1051794.0,29216.5,2024-12-25,6,1.0,0
1734,F,33,Abidjan,Mobile Money,Occasionnel,27,654253.0,24231.59259259259,2024-10-28,64,0.75,0
1735,M,34,Daloa,Mobile Money,Régulier,34,1129525.0,33221.32352941176,2024-12-28,3,0.9444444444444444,0
1736,M,52,Abidjan,Mobile Money,Fidèle,33,1174818.0,35600.545454545456,2024-12-01,30,0.9166666666666666,0
1737,M,40,Abidjan,Mobile Money,Nouveau,34,972345.0,28598.382352941175,2024-12-17,14,0.9444444444444444,0
1738,F,34,Abidjan,Boutique,Nouveau,23,657799.0,28599.956521739132,2024-09-26,96,0.6388888888888888,1
1739,M,33,Abidjan,Site Web,Régulier,37,893799.0,24156.72972972973,2024-10-24,68,1.0277777777777777,0
1740,M,46,Abidjan,Boutique,Occasionnel,35,1036636.0,29618.17142857143,2024-12-09,22,0.9722222222222222,0
1741,F,27,Abidjan,Mobile Money,Régulier,32,762602.0,23831.3125,2024-11-23,38,0.8888888888888888,1
1742,F,32,Korhogo,Site Web,Occasionnel,3,190186.0,63395.333333333336,2024-10-22,70,0.08333333333333333,0
1743,F,22,Abidjan,Site Web,VIP,35,963283.0,27522.371428571427,2024-12-08,23,0.9722222222222222,1
1744,M,49,Abidjan,Boutique,Nouveau,37,1161121.0,31381.64864864865,2024-12-29,2,1.0277777777777777,0
1745,M,38,Abidjan,Mobile Money,Fidèle,3,33793.0,11264.333333333334,2024-06-30,184,0.08333333333333333,1
1746,M,26,Abidjan,Site Web,Occasionnel,23,798429.0,34714.30434782609,2024-12-02,29,0.6388888888888888,0
1747,M,32,Bouaké,Mobile Money,Fidèle,26,805802.0,30992.384615384617,2024-11-02,59,0.7222222222222222,0
1748,M,39,Abidjan,Réseaux sociaux,Nouveau,4,143097.0,35774.25,2023-10-24,434,0.1111111111111111,1
1749,F,31,Divo,Réseaux sociaux,Régulier,34,1153640.0,33930.58823529412,2024-12-18,13,0.9444444444444444,0
1750,F,28,Abengourou,Réseaux sociaux,Fidèle,23,685223.0,29792.304347826088,2024-11-12,49,0.6388888888888888,0
1751,M,26,San-Pédro,Mobile Money,Régulier,21,734346.0,34968.857142857145,2024-12-12,19,0.5833333333333334,0
1752,F,37,San-Pédro,Mobile Money,Nouveau,4,51216.0,12804.0,2024-10-17,75,0.1111111111111111,1
1753,M,30,Abidjan,Réseaux sociaux,Occasionnel,28,863436.0,30837.0,2024-12-09,22,0.7777777777777778,0
1754,M,29,Bouaké,Boutique,Nouveau,21,318840.0,15182.857142857143,2024-09-08,114,0.5833333333333334,1
1755,F,19,Abidjan,Boutique,Nouveau,27,592372.0,21939.703703703704,2024-12-05,26,0.75,0
1756,M,34,Daloa,Boutique,Régulier,27,700259.0,25935.51851851852,2024-08-01,152,0.75,1
1757,F,32,Abidjan,Mobile Money,VIP,26,948239.0,36470.730769230766,2024-11-08,53,0.7222222222222222,0
1758,M,30,Abidjan,Site Web,Régulier,30,892846.0,29761.533333333333,2024-10-26,66,0.8333333333333334,0
1759,M,36,Abidjan,Partenaire,Nouveau,35,847290.0,24208.285714285714,2024-12-06,25,0.9722222222222222,0
1760,M,42,Bouaké,Site Web,Nouveau,33,1047800.0,31751.515151515152,2024-11-29,32,0.9166666666666666,0
1761,F,41,Yamoussoukro,Boutique,Occasionnel,27,1149522.0,42574.88888888889,2024-11-27,34,0.75,0
1762,F,40,Abidjan,Partenaire,Nouveau,27,900557.0,33353.96296296296,2024-12-20,11,0.75,0
1763,F,31,Abidjan,Site Web,Fidèle,34,833868.0,24525.529411764706,2024-12-22,9,0.9444444444444444,0
1764,F,27,Abidjan,Mobile Money,Nouveau,19,523645.0,27560.263157894737,2024-10-24,68,0.5277777777777778,0
1765,F,22,Daloa,Site Web,Nouveau,21,452451.0,21545.285714285714,2024-12-21,10,0.5833333333333334,0
1766,F,27,Abidjan,Mobile Money,Régulier,33,909544.0,27561.939393939392,2024-12-27,4,0.9166666666666666,0
1767,M,34,Abidjan,Mobile Money,Nouveau,3,82501.0,27500.333333333332,2024-01-26,340,0.08333333333333333,1
1768,F,25,Bouaké,Site Web,Occasionnel,35,1145169.0,32719.114285714284,2024-11-27,34,0.9722222222222222,0
1769,F,35,Bouaké,Mobile Money,Occasionnel,31,892751.0,28798.41935483871,2024-12-27,4,0.8611111111111112,0
1770,M,23,San-Pédro,Mobile Money,Nouveau,4,155737.0,38934.25,2023-07-24,526,0.1111111111111111,1
1771,M,18,Bouaké,Site Web,Occasionnel,35,1244952.0,35570.05714285714,2024-11-15,46,0.9722222222222222,0
1772,M,43,Divo,Mobile Money,Occasionnel,22,570064.0,25912.0,2024-11-07,54,0.6111111111111112,0
1773,M,28,Abidjan,Boutique,Régulier,32,630231.0,19694.71875,2024-11-29,32,0.8888888888888888,0
1774,M,24,Abidjan,Mobile Money,Nouveau,2,20719.0,10359.5,2024-06-25,189,0.05555555555555555,1
1775,M,21,Gagnoa,Site Web,Occasionnel,34,1339423.0,39394.794117647056,2024-11-18,43,0.9444444444444444,0
1776,M,38,Abidjan,Réseaux sociaux,Régulier,26,665935.0,25612.884615384617,2024-12-10,21,0.7222222222222222,0
1777,M,49,Daloa,Mobile Money,Nouveau,21,394912.0,18805.333333333332,2024-04-06,269,0.5833333333333334,1
1778,F,29,Abidjan,Site Web,Nouveau,24,697557.0,29064.875,2024-10-18,74,0.6666666666666666,0
1779,F,31,Abidjan,Mobile Money,Nouveau,33,597403.0,18103.121212121212,2024-12-17,14,0.9166666666666666,0
1780,F,45,Abidjan,Mobile Money,Nouveau,3,41239.0,13746.333333333334,2022-03-25,1012,0.08333333333333333,1
1781,F,18,Bouaké,Boutique,Nouveau,1,22933.0,22933.0,2022-07-10,905,0.027777777777777776,1
1782,M,55,Daloa,Mobile Money,VIP,27,680419.0,25200.703703703704,2024-12-17,14,0.75,0
1783,F,60,Abidjan,Mobile Money,Occasionnel,4,174431.0,43607.75,2024-11-30,31,0.1111111111111111,0
1784,F,18,Abidjan,Site Web,Occasionnel,2,16429.0,8214.5,2022-11-19,773,0.05555555555555555,1
1785,F,32,Abidjan,Site Web,Nouveau,2,118358.0,59179.0,2024-01-27,339,0.05555555555555555,1
1786,M,26,Abidjan,Partenaire,Nouveau,3,56941.0,18980.333333333332,2023-09-28,460,0.08333333333333333,1
1787,F,31,Abidjan,Partenaire,Régulier,4,112686.0,28171.5,2024-03-27,279,0.1111111111111111,1
1788,M,29,Divo,Boutique,Régulier,30,993206.0,33106.86666666667,2024-09-06,116,0.8333333333333334,1
1789,M,42,Abidjan,Mobile Money,VIP,41,1294152.0,31564.682926829268,2024-11-16,45,1.1388888888888888,0
1790,F,32,Abidjan,Mobile Money,Nouveau,35,1239833.0,35423.8,2024-12-28,3,0.9722222222222222,0
1791,M,23,Abidjan,Boutique,Nouveau,27,865277.0,32047.296296296296,2024-12-25,6,0.75,0
1793,F,39,Abidjan,Mobile Money,Nouveau,3,32298.0,10766.0,2024-11-15,46,0.08333333333333333,0
1794,M,20,Yamoussoukro,Mobile Money,Nouveau,1,7641.0,7641.0,2024-05-07,238,0.027777777777777776,1
1795,M,18,Bouaké,Boutique,Nouveau,1,52595.0,52595.0,2022-11-23,769,0.027777777777777776,1
1796,F,55,San-Pédro,Réseaux sociaux,Nouveau,42,1272626.0,30300.619047619046,2024-12-30,1,1.1666666666666667,0
1797,M,26,Abidjan,Boutique,Fidèle,34,923286.0,27155.470588235294,2024-11-15,46,0.9444444444444444,0
1798,F,32,Bouaké,Site Web,Fidèle,26,947167.0,36429.5,2024-10-15,77,0.7222222222222222,0
1799,M,29,Korhogo,Boutique,Régulier,39,1117136.0,28644.51282051282,2024-12-02,29,1.0833333333333333,0
1800,M,40,San-Pédro,Boutique,Occasionnel,3,92690.0,30896.666666666668,2024-10-01,91,0.08333333333333333,1
1801,M,53,Man,Boutique,Régulier,30,1055851.0,35195.03333333333,2024-12-03,28,0.8333333333333334,0
1802,M,40,Abidjan,Site Web,Régulier,33,992204.0,30066.78787878788,2024-08-13,140,0.9166666666666666,1
1803,F,18,Abengourou,Site Web,Régulier,14,362178.0,25869.85714285714,2024-10-18,74,0.3888888888888889,0
1804,M,18,San-Pédro,Boutique,Occasionnel,25,553521.0,22140.84,2024-12-22,9,0.6944444444444444,0
1805,M,29,Daloa,Mobile Money,VIP,3,183193.0,61064.333333333336,2023-12-04,393,0.08333333333333333,1
1806,M,31,Yamoussoukro,Mobile Money,Nouveau,4,282582.0,70645.5,2024-01-19,347,0.1111111111111111,1
1807,F,18,Abengourou,Mobile Money,Régulier,27,1052554.0,38983.48148148148,2024-12-16,15,0.75,0
1808,F,43,Abidjan,Mobile Money,Régulier,5,242475.0,48495.0,2024-12-11,20,0.1388888888888889,0
1809,F,22,Daloa,Mobile Money,Fidèle,24,505735.0,21072.291666666668,2024-11-30,31,0.6666666666666666,0
1810,F,50,Yamoussoukro,Site Web,Fidèle,26,667318.0,25666.076923076922,2024-12-27,4,0.7222222222222222,0
1811,F,54,Daloa,Réseaux sociaux,Occasionnel,29,1057162.0,36453.862068965514,2024-12-14,17,0.8055555555555556,1
1812,F,31,Daloa,Site Web,Régulier,4,42000.0,10500.0,2023-11-21,406,0.1111111111111111,1
1813,M,38,Abidjan,Site Web,Nouveau,2,74095.0,37047.5,2023-11-25,402,0.05555555555555555,1
1814,F,20,Abidjan,Partenaire,Régulier,42,1291448.0,30748.761904761905,2024-12-02,29,1.1666666666666667,0
1815,M,40,Abidjan,Partenaire,Nouveau,28,801514.0,28625.5,2024-12-15,16,0.7777777777777778,0
1816,M,28,Daloa,Mobile Money,Occasionnel,1,15672.0,15672.0,2023-07-16,534,0.027777777777777776,1
1817,M,22,Yamoussoukro,Mobile Money,Fidèle,4,40574.0,10143.5,2023-12-23,374,0.1111111111111111,1
1818,F,30,San-Pédro,Mobile Money,Régulier,39,1098736.0,28172.71794871795,2024-12-23,8,1.0833333333333333,0
1819,F,28,Daloa,Réseaux sociaux,Occasionnel,26,672668.0,25871.846153846152,2024-12-08,23,0.7222222222222222,0
1820,M,30,Bouaké,Mobile Money,Nouveau,26,647727.0,24912.576923076922,2024-11-07,54,0.7222222222222222,0
1821,M,44,Abidjan,Boutique,Occasionnel,2,36145.0,18072.5,2023-09-12,476,0.05555555555555555,1
1822,F,25,Bouaké,Boutique,Nouveau,26,681156.0,26198.30769230769,2024-12-11,20,0.7222222222222222,0
1823,M,53,Korhogo,Site Web,Nouveau,30,804253.0,26808.433333333334,2024-12-23,8,0.8333333333333334,0
1824,M,19,Bouaké,Boutique,Fidèle,2,35321.0,17660.5,2024-02-10,325,0.05555555555555555,1
1825,M,51,Korhogo,Site Web,Occasionnel,28,935380.0,33406.42857142857,2024-11-01,60,0.7777777777777778,0
1826,F,22,Abengourou,Boutique,Nouveau,37,1172492.0,31688.972972972973,2024-12-29,2,1.0277777777777777,0
1827,F,33,Abidjan,Réseaux sociaux,Régulier,3,50364.0,16788.0,2023-01-17,714,0.08333333333333333,1
1828,F,28,Yamoussoukro,Mobile Money,Nouveau,28,702975.0,25106.25,2024-12-30,1,0.7777777777777778,0
1829,M,30,Abidjan,Réseaux sociaux,Occasionnel,34,998952.0,29380.941176470587,2024-10-17,75,0.9444444444444444,0
1830,F,42,Abidjan,Boutique,Nouveau,31,644875.0,20802.41935483871,2024-11-17,44,0.8611111111111112,0
1831,F,50,Abidjan,Mobile Money,Nouveau,33,1256550.0,38077.27272727273,2024-12-20,11,0.9166666666666666,0
1832,M,47,Abidjan,Partenaire,Occasionnel,40,1076100.0,26902.5,2024-12-29,2,1.1111111111111112,0
1833,F,29,Abidjan,Partenaire,Régulier,35,992789.0,28365.4,2024-12-29,2,0.9722222222222222,0
1834,F,36,Bouaké,Réseaux sociaux,Occasionnel,32,1016651.0,31770.34375,2024-10-31,61,0.8888888888888888,1
1835,F,25,Abidjan,Réseaux sociaux,Fidèle,33,1302095.0,39457.42424242424,2024-09-12,110,0.9166666666666666,1
1836,F,23,Abidjan,Boutique,Fidèle,3,87647.0,29215.666666666668,2024-08-19,134,0.08333333333333333,1
1837,F,21,Abidjan,Mobile Money,Régulier,22,544160.0,24734.545454545456,2024-12-19,12,0.6111111111111112,0
1838,F,29,Abidjan,Mobile Money,VIP,2,35854.0,17927.0,2022-12-16,746,0.05555555555555555,1
1839,M,36,San-Pédro,Réseaux sociaux,Fidèle,4,130999.0,32749.75,2024-11-27,34,0.1111111111111111,0
1840,M,18,Abidjan,Réseaux sociaux,Fidèle,29,675178.0,23282.0,2024-07-11,173,0.8055555555555556,1
1841,F,33,Abidjan,Partenaire,Nouveau,29,537330.0,18528.620689655174,2024-12-03,28,0.8055555555555556,0
1842,M,50,Abengourou,Réseaux sociaux,Nouveau,33,882391.0,26739.121212121212,2024-12-08,23,0.9166666666666666,0
1843,F,46,San-Pédro,Site Web,Régulier,32,1233438.0,38544.9375,2024-12-25,6,0.8888888888888888,0
1844,M,27,Yamoussoukro,Mobile Money,Fidèle,27,817022.0,30260.074074074073,2024-11-04,57,0.75,0
1845,F,18,Daloa,Mobile Money,Fidèle,27,871879.0,32291.814814814814,2024-11-23,38,0.75,0
1846,M,39,Abidjan,Boutique,Régulier,3,40649.0,13549.666666666666,2024-03-25,281,0.08333333333333333,1
1847,F,18,Daloa,Site Web,Fidèle,32,898799.0,28087.46875,2024-12-10,21,0.8888888888888888,0
1848,M,46,Abidjan,Mobile Money,Régulier,25,675931.0,27037.24,2024-12-04,27,0.6944444444444444,0
1849,F,31,Abidjan,Réseaux sociaux,Régulier,4,92562.0,23140.5,2024-04-06,269,0.1111111111111111,1
1850,M,54,Abidjan,Site Web,Nouveau,3,44224.0,14741.333333333334,2023-07-30,520,0.08333333333333333,1
1851,F,18,Daloa,Mobile Money,Occasionnel,2,115964.0,57982.0,2024-11-27,34,0.05555555555555555,0
1852,M,44,Abidjan,Réseaux sociaux,Nouveau,36,1127094.0,31308.166666666668,2024-12-02,29,1.0,0
1853,F,32,Abidjan,Boutique,Nouveau,34,940652.0,27666.235294117647,2024-11-29,32,0.9444444444444444,0
1854,M,30,Abidjan,Site Web,Occasionnel,36,1073654.0,29823.722222222223,2024-09-25,97,1.0,1
1855,M,18,Yamoussoukro,Boutique,Nouveau,33,804642.0,24383.090909090908,2024-08-29,124,0.9166666666666666,1
1856,M,40,Abidjan,Boutique,Fidèle,36,748349.0,20787.472222222223,2024-12-25,6,1.0,0
1857,F,41,Abidjan,Mobile Money,Occasionnel,8,165909.0,20738.625,2024-09-29,93,0.2222222222222222,1
1858,F,53,Abidjan,Boutique,Régulier,28,539665.0,19273.75,2024-12-24,7,0.7777777777777778,0
1859,F,45,Daloa,Site Web,Nouveau,1,5614.0,5614.0,2024-06-09,205,0.027777777777777776,1
1860,F,27,Abidjan,Partenaire,Fidèle,39,1080334.0,27700.871794871793,2024-11-17,44,1.0833333333333333,0
1861,M,22,Divo,Réseaux sociaux,Occasionnel,32,565572.0,17674.125,2024-12-16,15,0.8888888888888888,0
1863,M,50,Abidjan,Partenaire,Régulier,40,1140318.0,28507.95,2024-08-22,131,1.1111111111111112,1
1864,M,25,Abidjan,Mobile Money,Occasionnel,32,859553.0,26861.03125,2024-11-07,54,0.8888888888888888,1
1865,M,50,Abidjan,Mobile Money,Occasionnel,30,1150740.0,38358.0,2024-12-14,17,0.8333333333333334,0
1866,M,39,Abidjan,Site Web,Régulier,25,747836.0,29913.44,2024-11-20,41,0.6944444444444444,0
1867,M,37,Abidjan,Réseaux sociaux,Régulier,26,743930.0,28612.69230769231,2024-11-11,50,0.7222222222222222,0
1868,F,30,Korhogo,Partenaire,Nouveau,23,616223.0,26792.304347826088,2024-12-27,4,0.6388888888888888,0
1869,M,41,Abidjan,Réseaux sociaux,Fidèle,29,823357.0,28391.620689655174,2024-11-27,34,0.8055555555555556,0
1870,M,33,Abidjan,Mobile Money,Occasionnel,3,35552.0,11850.666666666666,2024-09-28,94,0.08333333333333333,1
1872,F,41,Abidjan,Mobile Money,Nouveau,3,247364.0,82454.66666666667,2024-11-15,46,0.08333333333333333,0
1873,M,32,Abidjan,Boutique,Occasionnel,3,39284.0,13094.666666666666,2023-12-27,370,0.08333333333333333,1
1874,M,25,Abidjan,Boutique,Nouveau,36,1029077.0,28585.472222222223,2024-12-22,9,1.0,0
1875,M,40,Abidjan,Mobile Money,Fidèle,23,708400.0,30800.0,2024-12-11,20,0.6388888888888888,0
1876,M,33,Abidjan,Boutique,Occasionnel,2,87956.0,43978.0,2024-02-26,309,0.05555555555555555,1
1877,F,39,Man,Boutique,VIP,33,961477.0,29135.666666666668,2024-11-29,32,0.9166666666666666,0
1878,F,29,Yamoussoukro,Site Web,Nouveau,37,1182266.0,31953.135135135137,2024-11-18,43,1.0277777777777777,0
1879,M,20,Man,Boutique,Régulier,36,1303705.0,36214.02777777778,2024-12-27,4,1.0,0
1880,M,53,Abidjan,Mobile Money,Nouveau,27,932330.0,34530.74074074074,2024-09-04,118,0.75,1
1881,F,51,San-Pédro,Site Web,Occasionnel,29,832184.0,28696.0,2024-12-06,25,0.8055555555555556,0
1882,M,43,Abidjan,Site Web,Occasionnel,2,45456.0,22728.0,2023-06-04,576,0.05555555555555555,1
1883,F,29,Abidjan,Mobile Money,Régulier,25,814972.0,32598.88,2024-12-13,18,0.6944444444444444,0
1884,M,30,San-Pédro,Mobile Money,Régulier,26,685582.0,26368.53846153846,2024-11-30,31,0.7222222222222222,0
1885,F,49,Abidjan,Partenaire,Nouveau,29,880588.0,30365.103448275862,2024-12-10,21,0.8055555555555556,0
1886,F,30,Abidjan,Site Web,Nouveau,26,752103.0,28927.03846153846,2024-11-16,45,0.7222222222222222,0
1887,F,27,San-Pédro,Mobile Money,Occasionnel,26,777964.0,29921.69230769231,2024-11-22,39,0.7222222222222222,0
1888,F,54,Bouaké,Boutique,Nouveau,26,504350.0,19398.076923076922,2024-12-22,9,0.7222222222222222,0
1889,M,33,Abidjan,Boutique,Régulier,2,37835.0,18917.5,2023-02-11,689,0.05555555555555555,1
1890,F,53,Abidjan,Mobile Money,Occasionnel,24,683438.0,28476.583333333332,2024-12-27,4,0.6666666666666666,0
1891,F,18,Abidjan,Mobile Money,Fidèle,28,839857.0,29994.89285714286,2024-12-24,7,0.7777777777777778,0
1892,M,39,Abengourou,Partenaire,VIP,33,1101583.0,33381.30303030303,2024-12-24,7,0.9166666666666666,0
1893,M,56,Abidjan,Boutique,Occasionnel,27,822468.0,30461.777777777777,2024-10-31,61,0.75,1
1894,F,34,Abidjan,Mobile Money,Fidèle,31,736202.0,23748.451612903227,2024-12-20,11,0.8611111111111112,0
1895,F,31,Abidjan,Site Web,Régulier,38,1043736.0,27466.736842105263,2024-12-27,4,1.0555555555555556,0
1896,F,21,Korhogo,Boutique,Nouveau,32,1235408.0,38606.5,2024-12-21,10,0.8888888888888888,0
1897,M,45,Daloa,Site Web,Fidèle,25,749223.0,29968.92,2024-11-28,33,0.6944444444444444,0
1898,F,25,Abidjan,Mobile Money,Occasionnel,27,778459.0,28831.814814814814,2024-12-27,4,0.75,0
1899,F,32,Divo,Mobile Money,Régulier,26,753701.0,28988.5,2024-12-25,6,0.7222222222222222,0
1900,F,20,Abidjan,Mobile Money,Régulier,32,1149693.0,35927.90625,2024-12-27,4,0.8888888888888888,0
1901,M,51,Korhogo,Partenaire,Fidèle,35,1145908.0,32740.22857142857,2024-12-12,19,0.9722222222222222,0
1902,F,46,Abidjan,Site Web,Régulier,28,658572.0,23520.428571428572,2024-11-23,38,0.7777777777777778,0
1903,M,33,Abidjan,Réseaux sociaux,Fidèle,25,731389.0,29255.56,2024-09-05,117,0.6944444444444444,1
1904,F,21,Abidjan,Mobile Money,Nouveau,5,177914.0,35582.8,2024-11-28,33,0.1388888888888889,0
1905,M,50,Abengourou,Site Web,VIP,34,1053922.0,30997.70588235294,2024-11-16,45,0.9444444444444444,0
1906,F,29,Man,Boutique,Régulier,25,636113.0,25444.52,2024-12-21,10,0.6944444444444444,0
1907,F,21,Bouaké,Site Web,Régulier,34,1242368.0,36540.23529411765,2024-12-03,28,0.9444444444444444,0
1908,F,18,Abidjan,Boutique,Fidèle,4,169502.0,42375.5,2024-05-29,216,0.1111111111111111,1
1909,M,26,Abidjan,Site Web,Nouveau,29,731977.0,25240.58620689655,2024-10-19,73,0.8055555555555556,0
1910,M,18,Abidjan,Mobile Money,Nouveau,37,1194787.0,32291.54054054054,2024-12-22,9,1.0277777777777777,0
1911,F,27,Abidjan,Mobile Money,Fidèle,2,38665.0,19332.5,2024-11-29,32,0.05555555555555555,0
1912,F,42,Abidjan,Site Web,Fidèle,28,922675.0,32952.67857142857,2024-09-29,93,0.7777777777777778,1
1913,M,29,Yamoussoukro,Mobile Money,Régulier,36,1665082.0,46252.27777777778,2024-12-02,29,1.0,0
1914,M,37,Bouaké,Mobile Money,Occasionnel,25,915451.0,36618.04,2024-12-05,26,0.6944444444444444,0
1915,F,26,Korhogo,Réseaux sociaux,Nouveau,1,9525.0,9525.0,2022-05-25,951,0.027777777777777776,1
1916,F,34,Abidjan,Mobile Money,Occasionnel,38,960522.0,25276.894736842107,2024-12-12,19,1.0555555555555556,0
1917,M,55,Abidjan,Boutique,Occasionnel,4,161013.0,40253.25,2024-11-15,46,0.1111111111111111,0
1918,M,30,Abidjan,Réseaux sociaux,Fidèle,26,896554.0,34482.846153846156,2024-10-09,83,0.7222222222222222,0
1919,M,38,Abidjan,Site Web,Occasionnel,5,101081.0,20216.2,2024-12-01,30,0.1388888888888889,0
1920,M,18,Bouaké,Mobile Money,Occasionnel,32,1157656.0,36176.75,2024-12-18,13,0.8888888888888888,0
1921,F,50,Daloa,Boutique,Occasionnel,26,1036061.0,39848.5,2024-12-29,2,0.7222222222222222,0
1922,F,28,Abidjan,Boutique,Fidèle,30,700935.0,23364.5,2024-12-21,10,0.8333333333333334,0
1923,F,45,Abidjan,Boutique,Régulier,1,11980.0,11980.0,2024-12-06,25,0.027777777777777776,1
1924,F,32,Korhogo,Site Web,Nouveau,29,830350.0,28632.758620689656,2024-04-29,246,0.8055555555555556,1
1925,F,40,Abidjan,Partenaire,Occasionnel,19,746301.0,39279.0,2024-12-18,13,0.5277777777777778,0
1926,F,41,Abidjan,Mobile Money,Occasionnel,22,432697.0,19668.045454545456,2024-12-19,12,0.6111111111111112,0
1927,F,29,Yamoussoukro,Mobile Money,Nouveau,33,1011055.0,30638.030303030304,2024-12-27,4,0.9166666666666666,0
1928,M,46,Bouaké,Site Web,Régulier,41,925376.0,22570.146341463416,2024-12-23,8,1.1388888888888888,0
1929,F,25,Abidjan,Boutique,Nouveau,6,308518.0,51419.666666666664,2024-02-28,307,0.16666666666666666,1
1930,F,42,San-Pédro,Site Web,Occasionnel,35,1174029.0,33543.68571428571,2024-10-14,78,0.9722222222222222,1
1931,M,29,Man,Mobile Money,Occasionnel,1,87367.0,87367.0,2024-02-04,331,0.027777777777777776,1
1932,M,37,Abidjan,Mobile Money,Occasionnel,4,107979.0,26994.75,2024-11-18,43,0.1111111111111111,0
1934,M,34,Yamoussoukro,Partenaire,Régulier,34,1174446.0,34542.529411764706,2024-10-12,80,0.9444444444444444,0
1935,M,22,Bouaké,Mobile Money,Nouveau,26,952247.0,36624.88461538462,2024-11-07,54,0.7222222222222222,0
1936,F,36,Abidjan,Réseaux sociaux,Nouveau,35,1076087.0,30745.342857142856,2024-12-24,7,0.9722222222222222,0
1937,F,34,Abidjan,Boutique,Régulier,30,953306.0,31776.866666666665,2024-12-24,7,0.8333333333333334,0
1938,M,28,Yamoussoukro,Mobile Money,Fidèle,21,616016.0,29334.095238095237,2024-12-16,15,0.5833333333333334,0
1939,F,33,Abidjan,Boutique,Nouveau,6,238554.0,39759.0,2024-09-11,111,0.16666666666666666,1
1940,F,35,Abidjan,Mobile Money,Nouveau,31,661239.0,21330.290322580644,2024-10-20,72,0.8611111111111112,0
1941,F,27,Abidjan,Site Web,Fidèle,24,611197.0,25466.541666666668,2024-12-27,4,0.6666666666666666,0
1942,F,32,Abidjan,Mobile Money,Nouveau,29,1203337.0,41494.379310344826,2024-11-04,57,0.8055555555555556,0
1943,F,22,Man,Boutique,VIP,1,7431.0,7431.0,2022-12-13,749,0.027777777777777776,1
1944,F,59,Bouaké,Mobile Money,Fidèle,28,782224.0,27936.571428571428,2024-07-14,170,0.7777777777777778,1
1945,M,45,Abidjan,Réseaux sociaux,Nouveau,7,233256.0,33322.28571428572,2024-04-03,272,0.19444444444444445,1
1946,M,37,Korhogo,Partenaire,Nouveau,30,726240.0,24208.0,2024-12-01,30,0.8333333333333334,0
1947,F,46,Abidjan,Boutique,VIP,25,910289.0,36411.56,2024-12-17,14,0.6944444444444444,0
1948,M,18,Abidjan,Boutique,Nouveau,2,121589.0,60794.5,2024-11-19,42,0.05555555555555555,1
1949,F,18,Abidjan,Partenaire,Occasionnel,34,1198201.0,35241.205882352944,2024-09-10,112,0.9444444444444444,1
1950,M,29,Daloa,Mobile Money,Nouveau,37,1710871.0,46239.75675675676,2024-11-16,45,1.0277777777777777,0
1951,M,18,Yamoussoukro,Réseaux sociaux,Régulier,4,181875.0,45468.75,2024-08-27,126,0.1111111111111111,1
1952,F,31,Daloa,Boutique,Fidèle,28,880835.0,31458.39285714286,2024-12-24,7,0.7777777777777778,0
1953,M,36,Abidjan,Réseaux sociaux,Régulier,31,863804.0,27864.645161290322,2024-12-08,23,0.8611111111111112,0
1954,M,44,Abidjan,Mobile Money,Nouveau,2,31866.0,15933.0,2024-10-17,75,0.05555555555555555,0
1955,M,21,Abidjan,Mobile Money,Occasionnel,28,1103808.0,39421.71428571428,2024-12-21,10,0.7777777777777778,0
1956,M,38,Gagnoa,Mobile Money,Régulier,5,97324.0,19464.8,2024-07-21,163,0.1388888888888889,1
1957,M,34,Abidjan,Mobile Money,Nouveau,4,86449.0,21612.25,2024-12-26,5,0.1111111111111111,0
1958,F,37,Bouaké,Mobile Money,Régulier,40,1534557.0,38363.925,2024-12-25,6,1.1111111111111112,0
1959,M,28,Yamoussoukro,Partenaire,Régulier,37,1053507.0,28473.162162162163,2024-12-30,1,1.0277777777777777,0
1960,M,49,Abidjan,Mobile Money,Nouveau,27,922964.0,34183.851851851854,2024-10-30,62,0.75,0
1961,M,32,Abidjan,Mobile Money,VIP,39,1483132.0,38029.02564102564,2024-12-25,6,1.0833333333333333,0
1962,F,53,Abidjan,Mobile Money,Occasionnel,20,426836.0,21341.8,2024-12-23,8,0.5555555555555556,0
1963,M,25,Bouaké,Boutique,Nouveau,1,9763.0,9763.0,2024-11-16,45,0.027777777777777776,0
1964,F,42,Abengourou,Boutique,Nouveau,4,67254.0,16813.5,2024-08-22,131,0.1111111111111111,1
1965,M,33,Abidjan,Mobile Money,Occasionnel,5,135788.0,27157.6,2024-10-11,81,0.1388888888888889,0
1966,F,30,Abengourou,Site Web,Nouveau,3,52143.0,17381.0,2024-08-11,142,0.08333333333333333,1
1967,M,40,Abidjan,Réseaux sociaux,Nouveau,36,1272489.0,35346.916666666664,2024-07-27,157,1.0,1
1968,M,30,Abidjan,Mobile Money,Régulier,33,979379.0,29678.151515151516,2024-12-16,15,0.9166666666666666,0
1969,F,18,Korhogo,Site Web,Régulier,20,498184.0,24909.2,2024-07-05,179,0.5555555555555556,1
1970,F,18,Korhogo,Boutique,Nouveau,22,655944.0,29815.636363636364,2024-09-27,95,0.6111111111111112,1
1971,F,47,Abidjan,Boutique,Régulier,2,53804.0,26902.0,2024-03-25,281,0.05555555555555555,1
1972,M,47,Yamoussoukro,Partenaire,Régulier,5,68470.0,13694.0,2024-02-20,315,0.1388888888888889,1
1974,F,33,Daloa,Boutique,VIP,32,832808.0,26025.25,2024-11-15,46,0.8888888888888888,0
1975,F,19,Bouaké,Boutique,Nouveau,26,734094.0,28234.384615384617,2024-07-15,169,0.7222222222222222,1
1976,F,29,Abidjan,Mobile Money,Nouveau,30,717133.0,23904.433333333334,2024-12-03,28,0.8333333333333334,1
1977,F,34,Abidjan,Boutique,Nouveau,36,997067.0,27696.305555555555,2024-10-31,61,1.0,0
1978,M,22,Bouaké,Site Web,Nouveau,28,787074.0,28109.785714285714,2024-09-08,114,0.7777777777777778,1
1979,M,52,Abidjan,Mobile Money,Occasionnel,3,49743.0,16581.0,2024-10-20,72,0.08333333333333333,0
1980,F,58,Abidjan,Réseaux sociaux,Nouveau,29,704655.0,24298.44827586207,2024-12-18,13,0.8055555555555556,0
1981,M,39,Abidjan,Site Web,Occasionnel,23,522042.0,22697.478260869564,2024-12-29,2,0.6388888888888888,0
1983,M,19,Abidjan,Réseaux sociaux,Régulier,20,686432.0,34321.6,2024-12-04,27,0.5555555555555556,0
1984,F,51,Abidjan,Site Web,Régulier,28,760023.0,27143.678571428572,2024-10-05,87,0.7777777777777778,1
1985,M,34,Abidjan,Mobile Money,Régulier,3,84031.0,28010.333333333332,2024-07-31,153,0.08333333333333333,1
1986,M,30,Abidjan,Boutique,Régulier,1,36021.0,36021.0,2022-05-04,972,0.027777777777777776,1
1987,F,39,Korhogo,Réseaux sociaux,Occasionnel,41,1081992.0,26390.048780487807,2024-12-19,12,1.1388888888888888,0
1988,M,27,Bouaké,Partenaire,Occasionnel,36,925350.0,25704.166666666668,2024-12-03,28,1.0,0
1989,M,35,Abidjan,Mobile Money,Nouveau,35,807496.0,23071.314285714285,2024-12-17,14,0.9722222222222222,1
1990,F,18,Abidjan,Site Web,Nouveau,32,805111.0,25159.71875,2024-12-26,5,0.8888888888888888,0
1991,F,45,Abidjan,Réseaux sociaux,Occasionnel,28,709601.0,25342.89285714286,2024-11-26,35,0.7777777777777778,0
1992,M,32,Bouaké,Partenaire,Occasionnel,35,1055793.0,30165.514285714286,2024-09-24,98,0.9722222222222222,1
1993,F,46,Bouaké,Mobile Money,Nouveau,35,1035022.0,29572.057142857142,2024-12-20,11,0.9722222222222222,0
1994,F,31,Bouaké,Boutique,Nouveau,21,873772.0,41608.19047619047,2024-12-07,24,0.5833333333333334,0
1995,F,32,Yamoussoukro,Réseaux sociaux,Régulier,40,1126682.0,28167.05,2024-12-02,29,1.1111111111111112,0
1996,M,20,Abidjan,Mobile Money,Nouveau,25,811128.0,32445.12,2024-12-15,16,0.6944444444444444,0
1997,F,42,Abidjan,Boutique,Occasionnel,17,392413.0,23083.117647058825,2024-12-12,19,0.4722222222222222,0
1998,F,24,Abidjan,Boutique,Nouveau,35,1551681.0,44333.74285714285,2024-12-19,12,0.9722222222222222,0
1999,M,28,Abidjan,Boutique,Nouveau,35,852363.0,24353.22857142857,2024-11-12,49,0.9722222222222222,0
2000,M,34,Abidjan,Site Web,Régulier,21,552753.0,26321.571428571428,2024-12-24,7,0.5833333333333334,0
2001,M,35,Daloa,Mobile Money,Nouveau,31,667957.0,21547.0,2024-11-23,38,0.8611111111111112,0
2002,F,18,Abidjan,Site Web,Nouveau,33,1130310.0,34251.818181818184,2024-09-05,117,0.9166666666666666,1
2003,M,31,Bouaké,Mobile Money,VIP,7,122796.0,17542.285714285714,2024-04-21,254,0.19444444444444445,1
2004,M,42,Abidjan,Réseaux sociaux,Occasionnel,22,438425.0,19928.409090909092,2024-11-28,33,0.6111111111111112,0
2005,F,29,Abidjan,Boutique,Régulier,19,580623.0,30559.105263157893,2024-09-05,117,0.5277777777777778,1
2006,M,31,Yamoussoukro,Mobile Money,Régulier,31,796510.0,25693.870967741936,2024-09-29,93,0.8611111111111112,1
2007,F,35,Abidjan,Partenaire,Nouveau,2,32456.0,16228.0,2024-12-30,1,0.05555555555555555,0
2008,F,32,Abidjan,Site Web,Occasionnel,27,776529.0,28760.333333333332,2024-12-15,16,0.75,0
2009,F,22,Abidjan,Boutique,Occasionnel,35,875163.0,25004.657142857144,2024-12-18,13,0.9722222222222222,0
2010,M,33,Yamoussoukro,Mobile Money,Nouveau,35,1224584.0,34988.114285714284,2024-12-28,3,0.9722222222222222,0
2011,F,44,Abidjan,Boutique,Nouveau,33,758722.0,22991.575757575756,2024-12-26,5,0.9166666666666666,1
2012,F,22,Divo,Partenaire,Régulier,32,1319554.0,41236.0625,2024-11-25,36,0.8888888888888888,0
2013,F,29,Abengourou,Mobile Money,Nouveau,29,1036172.0,35730.06896551724,2024-12-27,4,0.8055555555555556,0
2014,F,18,San-Pédro,Partenaire,Nouveau,28,851798.0,30421.35714285714,2024-12-28,3,0.7777777777777778,0
2015,F,44,Abidjan,Mobile Money,Occasionnel,2,48321.0,24160.5,2022-03-31,1006,0.05555555555555555,1
2016,M,32,Yamoussoukro,Site Web,Occasionnel,25,714994.0,28599.76,2024-12-23,8,0.6944444444444444,0
2017,F,24,Abidjan,Boutique,Régulier,36,1182227.0,32839.63888888889,2024-12-08,23,1.0,0
2018,F,35,Korhogo,Mobile Money,Nouveau,2,45518.0,22759.0,2024-09-22,100,0.05555555555555555,1
2019,M,20,Abidjan,Partenaire,Régulier,25,756309.0,30252.36,2024-12-06,25,0.6944444444444444,0
2020,F,22,Abidjan,Mobile Money,Fidèle,23,526073.0,22872.739130434784,2024-12-29,2,0.6388888888888888,0
2021,M,18,Abidjan,Partenaire,Occasionnel,24,621771.0,25907.125,2024-11-19,42,0.6666666666666666,0
2022,F,22,San-Pédro,Mobile Money,Fidèle,28,951095.0,33967.67857142857,2024-12-17,14,0.7777777777777778,0
2023,F,48,Korhogo,Mobile Money,Occasionnel,34,1055973.0,31058.029411764706,2024-12-26,5,0.9444444444444444,0
2024,F,25,Abidjan,Partenaire,Nouveau,30,793099.0,26436.633333333335,2024-12-04,27,0.8333333333333334,0
2025,F,39,Abidjan,Site Web,Occasionnel,36,1010237.0,28062.13888888889,2024-12-24,7,1.0,0
2026,F,24,Daloa,Mobile Money,Occasionnel,33,923351.0,27980.333333333332,2024-12-17,14,0.9166666666666666,0
2027,M,42,San-Pédro,Boutique,Fidèle,20,659978.0,32998.9,2024-12-26,5,0.5555555555555556,0
2028,F,22,Daloa,Mobile Money,Nouveau,29,748149.0,25798.241379310344,2024-11-14,47,0.8055555555555556,0
2029,M,34,Abidjan,Réseaux sociaux,Nouveau,26,806166.0,31006.384615384617,2024-09-29,93,0.7222222222222222,1
2030,M,34,Bouaké,Mobile Money,Fidèle,34,947068.0,27854.941176470587,2024-12-24,7,0.9444444444444444,0
2031,F,59,San-Pédro,Boutique,Nouveau,22,571115.0,25959.772727272728,2024-10-26,66,0.6111111111111112,1
2032,F,40,Abidjan,Mobile Money,Régulier,27,762813.0,28252.333333333332,2024-12-23,8,0.75,0
2033,F,27,Abidjan,Site Web,Nouveau,26,728458.0,28017.615384615383,2024-12-29,2,0.7222222222222222,0
2034,F,41,Abidjan,Partenaire,VIP,1,16531.0,16531.0,2023-09-13,475,0.027777777777777776,1
2035,F,57,Abidjan,Réseaux sociaux,Nouveau,24,575422.0,23975.916666666668,2024-10-19,73,0.6666666666666666,0
2036,M,18,Daloa,Boutique,Régulier,33,842582.0,25532.78787878788,2024-11-08,53,0.9166666666666666,0
2037,M,24,Abidjan,Mobile Money,Occasionnel,35,1277649.0,36504.25714285715,2024-12-27,4,0.9722222222222222,1
2038,F,31,Abidjan,Mobile Money,VIP,22,723475.0,32885.22727272727,2024-11-12,49,0.6111111111111112,0
2039,M,29,Abidjan,Réseaux sociaux,VIP,29,626226.0,21594.0,2024-11-28,33,0.8055555555555556,0
2040,M,30,Korhogo,Mobile Money,Régulier,1,17575.0,17575.0,2023-12-01,396,0.027777777777777776,1
2041,F,19,San-Pédro,Site Web,Nouveau,5,42335.0,8467.0,2024-11-23,38,0.1388888888888889,0
2042,M,49,Abidjan,Boutique,Occasionnel,29,1018577.0,35123.34482758621,2024-12-26,5,0.8055555555555556,1
2043,M,18,Yamoussoukro,Partenaire,Fidèle,6,211692.0,35282.0,2024-11-27,34,0.16666666666666666,0
2044,M,31,Abidjan,Boutique,Régulier,31,1135693.0,36635.25806451613,2024-11-06,55,0.8611111111111112,0
2045,M,45,San-Pédro,Boutique,Fidèle,28,1282574.0,45806.21428571428,2024-12-30,1,0.7777777777777778,0
2046,F,33,Yamoussoukro,Réseaux sociaux,Régulier,31,601659.0,19408.354838709678,2024-10-15,77,0.8611111111111112,0
2047,F,23,Abidjan,Partenaire,Nouveau,30,736248.0,24541.6,2024-12-29,2,0.8333333333333334,0
2048,M,19,Abengourou,Boutique,Nouveau,3,59509.0,19836.333333333332,2024-09-01,121,0.08333333333333333,1
2049,F,31,Abidjan,Site Web,Nouveau,31,799131.0,25778.41935483871,2024-11-11,50,0.8611111111111112,0
2050,F,25,Bouaké,Site Web,Régulier,23,623368.0,27102.956521739132,2024-11-26,35,0.6388888888888888,0
2051,M,36,Abidjan,Boutique,Occasionnel,27,517234.0,19156.814814814814,2024-12-01,30,0.75,0
2052,F,18,Yamoussoukro,Mobile Money,Nouveau,31,1047366.0,33786.0,2024-12-17,14,0.8611111111111112,0
2053,F,42,Abidjan,Site Web,Régulier,23,727851.0,31645.695652173912,2024-11-24,37,0.6388888888888888,0
2054,M,35,Abidjan,Site Web,Nouveau,35,1388975.0,39685.0,2024-12-27,4,0.9722222222222222,0
2056,F,49,Abengourou,Mobile Money,Occasionnel,35,1110866.0,31739.02857142857,2024-11-02,59,0.9722222222222222,0
2057,M,29,Abidjan,Site Web,Occasionnel,30,1286233.0,42874.433333333334,2024-11-23,38,0.8333333333333334,0
2058,F,26,Bouaké,Mobile Money,Nouveau,4,75792.0,18948.0,2024-10-20,72,0.1111111111111111,0
2059,F,27,Abidjan,Site Web,Régulier,22,411283.0,18694.68181818182,2024-11-20,41,0.6111111111111112,0
2060,F,31,San-Pédro,Site Web,Fidèle,30,1055875.0,35195.833333333336,2024-11-10,51,0.8333333333333334,0
2061,M,32,Abidjan,Boutique,Régulier,2,11431.0,5715.5,2023-12-16,381,0.05555555555555555,1
2062,F,24,Bouaké,Mobile Money,VIP,39,1532964.0,39306.769230769234,2024-12-29,2,1.0833333333333333,0
2063,F,18,Divo,Boutique,Nouveau,36,1529278.0,42479.944444444445,2024-11-08,53,1.0,0
2064,F,27,Abidjan,Boutique,Nouveau,28,776270.0,27723.928571428572,2024-10-02,90,0.7777777777777778,0
2065,F,37,Abidjan,Site Web,Nouveau,37,1104117.0,29841.0,2024-10-13,79,1.0277777777777777,0
2066,M,35,Korhogo,Site Web,Régulier,32,1125794.0,35181.0625,2024-12-25,6,0.8888888888888888,0
2067,F,47,Abidjan,Réseaux sociaux,Nouveau,24,684023.0,28500.958333333332,2024-10-11,81,0.6666666666666666,1
2068,M,55,Abidjan,Mobile Money,Fidèle,24,645559.0,26898.291666666668,2024-11-28,33,0.6666666666666666,0
2069,F,42,Abidjan,Site Web,Occasionnel,32,1068450.0,33389.0625,2024-09-04,118,0.8888888888888888,1
2070,F,49,San-Pédro,Mobile Money,Régulier,28,851830.0,30422.5,2024-12-10,21,0.7777777777777778,0
2071,M,42,Man,Réseaux sociaux,Occasionnel,28,608224.0,21722.285714285714,2024-12-30,1,0.7777777777777778,0
2072,F,52,Bouaké,Mobile Money,Régulier,27,847123.0,31374.925925925927,2024-11-20,41,0.75,0
2073,F,54,Bouaké,Boutique,Occasionnel,22,648951.0,29497.772727272728,2024-12-01,30,0.6111111111111112,0
2074,M,44,Abidjan,Boutique,Occasionnel,25,949138.0,37965.52,2024-11-28,33,0.6944444444444444,0
2075,F,41,Abidjan,Mobile Money,Régulier,30,671932.0,22397.733333333334,2024-09-20,102,0.8333333333333334,1
2076,M,31,Abidjan,Partenaire,Nouveau,3,51459.0,17153.0,2023-01-02,729,0.08333333333333333,1
2077,M,33,Abidjan,Mobile Money,Fidèle,31,1230012.0,39677.8064516129,2024-11-09,52,0.8611111111111112,0
2078,F,30,Abidjan,Mobile Money,Régulier,7,365979.0,52282.71428571428,2024-06-16,198,0.19444444444444445,1
2079,F,40,Yamoussoukro,Site Web,Régulier,24,703268.0,29302.833333333332,2024-11-29,32,0.6666666666666666,0
2080,F,26,Abidjan,Boutique,Nouveau,31,1032279.0,33299.32258064516,2024-05-06,239,0.8611111111111112,1
2081,F,31,Abidjan,Mobile Money,Nouveau,23,719834.0,31297.130434782608,2024-12-09,22,0.6388888888888888,0
2082,F,18,Abidjan,Mobile Money,Nouveau,37,1014388.0,27415.891891891893,2024-12-14,17,1.0277777777777777,0
2083,M,52,Abidjan,Mobile Money,Régulier,26,940067.0,36156.42307692308,2024-12-15,16,0.7222222222222222,0
2084,F,31,Abidjan,Réseaux sociaux,Nouveau,24,709923.0,29580.125,2024-11-24,37,0.6666666666666666,0
2085,M,39,Abidjan,Boutique,VIP,36,1336125.0,37114.583333333336,2024-10-05,87,1.0,0
2086,F,50,Abidjan,Mobile Money,VIP,7,94812.0,13544.57142857143,2024-10-27,65,0.19444444444444445,0
2087,F,37,Abidjan,Boutique,Nouveau,42,1247924.0,29712.47619047619,2024-12-26,5,1.1666666666666667,0
2088,F,49,Daloa,Réseaux sociaux,Régulier,28,1322520.0,47232.857142857145,2024-12-05,26,0.7777777777777778,0
2089,M,20,San-Pédro,Réseaux sociaux,Nouveau,1,8282.0,8282.0,2023-01-10,721,0.027777777777777776,1
2090,F,60,Daloa,Mobile Money,Nouveau,36,1325893.0,36830.36111111111,2024-12-04,27,1.0,1
2091,F,45,Bouaké,Site Web,Nouveau,36,1210139.0,33614.97222222222,2024-12-29,2,1.0,0
2092,M,36,Korhogo,Mobile Money,Fidèle,21,661635.0,31506.428571428572,2024-12-17,14,0.5833333333333334,0
2093,M,49,Abidjan,Mobile Money,Fidèle,26,515649.0,19832.653846153848,2024-11-19,42,0.7222222222222222,0
2094,F,21,Bouaké,Réseaux sociaux,Nouveau,28,663771.0,23706.10714285714,2024-12-05,26,0.7777777777777778,0
2095,M,30,Abidjan,Réseaux sociaux,Nouveau,1,9229.0,9229.0,2024-03-06,300,0.027777777777777776,1
2096,F,49,Abidjan,Mobile Money,Occasionnel,34,984356.0,28951.647058823528,2024-12-10,21,0.9444444444444444,0
2097,F,18,Abidjan,Réseaux sociaux,Occasionnel,23,1007359.0,43798.217391304344,2024-09-08,114,0.6388888888888888,1
2098,F,40,Abidjan,Site Web,Nouveau,6,329945.0,54990.833333333336,2024-12-28,3,0.16666666666666666,0
2099,F,39,Daloa,Site Web,Fidèle,27,915778.0,33917.7037037037,2024-12-14,17,0.75,1
2100,F,55,Abidjan,Site Web,Fidèle,2,40756.0,20378.0,2024-07-24,160,0.05555555555555555,1
2101,M,18,Yamoussoukro,Boutique,Occasionnel,2,47812.0,23906.0,2024-10-08,84,0.05555555555555555,0
2102,F,51,Korhogo,Partenaire,Fidèle,35,1096278.0,31322.22857142857,2024-11-25,36,0.9722222222222222,0
2103,M,27,Abidjan,Mobile Money,Régulier,20,446309.0,22315.45,2024-12-16,15,0.5555555555555556,0
2104,M,29,Abidjan,Boutique,Occasionnel,36,1212779.0,33688.305555555555,2024-11-28,33,1.0,0
2105,M,20,Abidjan,Mobile Money,Régulier,28,775269.0,27688.178571428572,2024-10-15,77,0.7777777777777778,0
2106,M,22,Abidjan,Réseaux sociaux,Occasionnel,32,679150.0,21223.4375,2024-12-19,12,0.8888888888888888,0
2107,M,38,Abengourou,Mobile Money,Occasionnel,31,869997.0,28064.41935483871,2024-11-20,41,0.8611111111111112,0
2108,M,21,Yamoussoukro,Boutique,Nouveau,40,1015745.0,25393.625,2024-11-11,50,1.1111111111111112,0
2109,F,42,Yamoussoukro,Site Web,Régulier,35,859868.0,24567.657142857144,2024-11-08,53,0.9722222222222222,0
2110,F,26,Abidjan,Mobile Money,Nouveau,6,128091.0,21348.5,2024-01-03,363,0.16666666666666666,1
2111,F,20,Yamoussoukro,Mobile Money,Nouveau,40,1052340.0,26308.5,2024-12-28,3,1.1111111111111112,1
2112,M,28,Yamoussoukro,Mobile Money,Occasionnel,31,901731.0,29088.09677419355,2024-11-25,36,0.8611111111111112,0
2113,F,37,Abidjan,Site Web,Occasionnel,23,877023.0,38131.434782608696,2024-09-12,110,0.6388888888888888,1
2114,M,30,Abidjan,Mobile Money,Nouveau,25,563367.0,22534.68,2024-11-13,48,0.6944444444444444,0
2115,F,34,Abidjan,Boutique,Nouveau,35,962390.0,27496.85714285714,2024-12-30,1,0.9722222222222222,0
2116,M,41,Abidjan,Boutique,Fidèle,28,598311.0,21368.25,2024-12-18,13,0.7777777777777778,0
2117,F,45,Korhogo,Partenaire,Occasionnel,33,1039586.0,31502.60606060606,2024-12-04,27,0.9166666666666666,1
2118,F,30,Bouaké,Site Web,Occasionnel,32,1351873.0,42246.03125,2024-10-11,81,0.8888888888888888,0
2119,F,22,Abidjan,Mobile Money,Fidèle,29,805157.0,27764.03448275862,2024-11-17,44,0.8055555555555556,0
2120,F,34,Man,Réseaux sociaux,Fidèle,34,889049.0,26148.5,2024-12-14,17,0.9444444444444444,0
2121,F,39,Abidjan,Réseaux sociaux,Nouveau,32,637970.0,19936.5625,2024-11-21,40,0.8888888888888888,0
2122,F,18,Abidjan,Site Web,Occasionnel,2,16711.0,8355.5,2022-12-03,759,0.05555555555555555,1
2123,F,24,Man,Boutique,Nouveau,33,857986.0,25999.575757575756,2024-11-24,37,0.9166666666666666,0
2124,F,26,Korhogo,Mobile Money,Occasionnel,27,760825.0,28178.703703703704,2024-12-30,1,0.75,0
2125,F,31,Yamoussoukro,Site Web,Régulier,2,50024.0,25012.0,2024-10-27,65,0.05555555555555555,0
2126,F,25,Abidjan,Boutique,Nouveau,27,792928.0,29367.703703703704,2024-12-22,9,0.75,0
2127,F,41,Gagnoa,Mobile Money,Occasionnel,26,653132.0,25120.46153846154,2024-12-06,25,0.7222222222222222,0
2128,F,18,Daloa,Mobile Money,Nouveau,33,1259337.0,38161.72727272727,2024-11-19,42,0.9166666666666666,0
2129,F,18,Yamoussoukro,Mobile Money,Occasionnel,29,1451740.0,50060.0,2024-12-29,2,0.8055555555555556,0
2130,F,30,Abidjan,Site Web,Nouveau,34,1003846.0,29524.882352941175,2024-11-15,46,0.9444444444444444,0
2131,F,32,Abidjan,Mobile Money,Régulier,38,858592.0,22594.526315789473,2024-12-21,10,1.0555555555555556,0
2132,M,18,San-Pédro,Site Web,Occasionnel,5,65092.0,13018.4,2024-12-17,14,0.1388888888888889,1
2133,M,27,Korhogo,Réseaux sociaux,Nouveau,25,682977.0,27319.08,2024-11-28,33,0.6944444444444444,0
2134,M,29,Bouaké,Mobile Money,Régulier,33,586099.0,17760.575757575756,2024-12-25,6,0.9166666666666666,0
2136,M,35,Yamoussoukro,Mobile Money,Occasionnel,35,1010617.0,28874.77142857143,2024-12-26,5,0.9722222222222222,0
2137,F,26,Abidjan,Boutique,Occasionnel,2,50930.0,25465.0,2023-03-13,659,0.05555555555555555,1
2138,M,50,Abidjan,Réseaux sociaux,Nouveau,3,27395.0,9131.666666666666,2024-01-18,348,0.08333333333333333,1
2139,M,39,Abidjan,Site Web,Nouveau,3,68252.0,22750.666666666668,2024-11-03,58,0.08333333333333333,0
2140,M,25,Abidjan,Réseaux sociaux,Nouveau,32,790697.0,24709.28125,2024-12-11,20,0.8888888888888888,0
2141,M,35,Daloa,Partenaire,Régulier,15,525663.0,35044.2,2024-11-29,32,0.4166666666666667,0
2142,F,35,Abidjan,Mobile Money,Régulier,6,256627.0,42771.166666666664,2024-04-10,265,0.16666666666666666,1
2143,M,47,Abidjan,Site Web,Nouveau,29,1008810.0,34786.55172413793,2024-12-27,4,0.8055555555555556,0
2144,M,27,Korhogo,Boutique,Nouveau,40,1025710.0,25642.75,2024-11-05,56,1.1111111111111112,0
2145,F,42,Yamoussoukro,Boutique,Fidèle,31,1057003.0,34096.87096774193,2024-11-08,53,0.8611111111111112,0
2146,M,34,Abidjan,Mobile Money,Nouveau,30,1310794.0,43693.13333333333,2024-10-16,76,0.8333333333333334,0
2147,F,50,Abidjan,Boutique,Nouveau,1,32648.0,32648.0,2023-11-20,407,0.027777777777777776,1
2148,M,48,Daloa,Site Web,Régulier,5,80208.0,16041.6,2024-02-09,326,0.1388888888888889,1
2149,M,36,Abidjan,Site Web,Nouveau,38,1374098.0,36160.47368421053,2024-12-13,18,1.0555555555555556,0
2150,F,31,Abidjan,Mobile Money,Fidèle,36,674784.0,18744.0,2024-12-17,14,1.0,0
2151,M,39,Abidjan,Mobile Money,Nouveau,25,553040.0,22121.6,2024-12-04,27,0.6944444444444444,0
2152,F,32,Abidjan,Boutique,Fidèle,27,1095942.0,40590.444444444445,2024-12-04,27,0.75,0
2153,M,52,Yamoussoukro,Site Web,Occasionnel,37,1274140.0,34436.21621621621,2024-12-03,28,1.0277777777777777,0
2154,M,34,Abidjan,Boutique,Nouveau,19,480617.0,25295.63157894737,2024-12-30,1,0.5277777777777778,0
2155,M,29,Abidjan,Mobile Money,Occasionnel,28,721060.0,25752.14285714286,2024-11-15,46,0.7777777777777778,0
2156,M,28,Abidjan,Mobile Money,VIP,29,574661.0,19815.896551724138,2024-12-19,12,0.8055555555555556,0
2157,F,20,Abidjan,Site Web,Occasionnel,21,976764.0,46512.57142857143,2024-11-18,43,0.5833333333333334,0
2158,F,40,Abidjan,Site Web,Nouveau,30,1023018.0,34100.6,2024-10-17,75,0.8333333333333334,0
2159,F,24,Korhogo,Mobile Money,Fidèle,4,59857.0,14964.25,2024-11-09,52,0.1111111111111111,1
2160,F,46,Abidjan,Boutique,Nouveau,22,526302.0,23922.81818181818,2024-07-07,177,0.6111111111111112,1
2161,F,19,Abidjan,Boutique,Nouveau,36,839451.0,23318.083333333332,2024-12-27,4,1.0,0
2162,F,35,Abidjan,Site Web,Nouveau,22,622806.0,28309.363636363636,2024-10-15,77,0.6111111111111112,0
2163,F,46,Daloa,Mobile Money,Fidèle,24,588995.0,24541.458333333332,2024-12-29,2,0.6666666666666666,0
2164,F,18,Abidjan,Site Web,Nouveau,40,1536306.0,38407.65,2024-12-19,12,1.1111111111111112,0
2165,M,56,Divo,Partenaire,Nouveau,6,117867.0,19644.5,2024-10-01,91,0.16666666666666666,1
2166,F,29,Yamoussoukro,Boutique,Fidèle,25,696385.0,27855.4,2024-12-25,6,0.6944444444444444,0
2167,M,35,Abidjan,Mobile Money,Régulier,31,833128.0,26875.09677419355,2024-12-29,2,0.8611111111111112,0
2168,F,40,Yamoussoukro,Mobile Money,Nouveau,30,642425.0,21414.166666666668,2024-09-26,96,0.8333333333333334,1
2169,F,41,Abidjan,Mobile Money,Occasionnel,24,617690.0,25737.083333333332,2024-12-06,25,0.6666666666666666,0
2170,F,37,Divo,Partenaire,Nouveau,33,1120616.0,33958.06060606061,2024-12-14,17,0.9166666666666666,0
2171,F,44,Divo,Partenaire,Occasionnel,1,29254.0,29254.0,2022-05-20,956,0.027777777777777776,1
2172,F,39,Abidjan,Mobile Money,Nouveau,29,678221.0,23386.931034482757,2024-12-30,1,0.8055555555555556,0
2173,F,53,Bouaké,Réseaux sociaux,Régulier,6,206159.0,34359.833333333336,2024-12-27,4,0.16666666666666666,0
2175,F,55,Abidjan,Boutique,Nouveau,35,775695.0,22162.714285714286,2024-12-25,6,0.9722222222222222,0
2176,M,43,Daloa,Site Web,Nouveau,36,886638.0,24628.833333333332,2024-12-30,1,1.0,0
2177,F,18,Man,Boutique,Occasionnel,27,841150.0,31153.703703703704,2024-12-27,4,0.75,0
2178,M,62,Abidjan,Boutique,Régulier,31,920551.0,29695.1935483871,2024-12-04,27,0.8611111111111112,0
2179,F,27,Yamoussoukro,Site Web,Régulier,25,512157.0,20486.28,2024-12-29,2,0.6944444444444444,0
2180,M,50,Yamoussoukro,Mobile Money,Régulier,28,794910.0,28389.64285714286,2024-12-27,4,0.7777777777777778,0
2181,M,34,Abidjan,Partenaire,VIP,22,580651.0,26393.227272727272,2024-12-30,1,0.6111111111111112,0
2182,M,45,Bouaké,Mobile Money,Fidèle,28,638738.0,22812.071428571428,2024-10-17,75,0.7777777777777778,0
2183,M,26,Yamoussoukro,Mobile Money,VIP,22,619163.0,28143.772727272728,2024-12-03,28,0.6111111111111112,0
2184,F,40,Daloa,Partenaire,Régulier,3,44470.0,14823.333333333334,2024-09-02,120,0.08333333333333333,1
2185,M,31,Abengourou,Boutique,Nouveau,27,590540.0,21871.85185185185,2024-10-22,70,0.75,0
2186,F,51,Abidjan,Boutique,Régulier,27,412569.0,15280.333333333334,2024-12-26,5,0.75,0
2187,M,38,Abidjan,Mobile Money,Nouveau,20,494557.0,24727.85,2024-12-22,9,0.5555555555555556,0
2188,M,44,Abidjan,Mobile Money,Nouveau,32,944021.0,29500.65625,2024-12-21,10,0.8888888888888888,0
2189,F,18,Abidjan,Mobile Money,Nouveau,36,1145319.0,31814.416666666668,2024-12-12,19,1.0,0
2190,M,33,Abidjan,Boutique,Occasionnel,31,851639.0,27472.225806451614,2024-12-29,2,0.8611111111111112,0
2191,F,38,Korhogo,Boutique,Régulier,30,839628.0,27987.6,2024-12-23,8,0.8333333333333334,0
2192,M,36,Abidjan,Boutique,Occasionnel,24,886063.0,36919.291666666664,2024-11-16,45,0.6666666666666666,0
2193,M,44,Yamoussoukro,Réseaux sociaux,Nouveau,35,712472.0,20356.342857142856,2024-11-18,43,0.9722222222222222,0
2194,F,29,Abidjan,Réseaux sociaux,Fidèle,16,354725.0,22170.3125,2024-08-06,147,0.4444444444444444,1
2195,M,34,Abidjan,Mobile Money,Occasionnel,34,961733.0,28286.264705882353,2024-10-16,76,0.9444444444444444,0
2196,M,46,San-Pédro,Partenaire,Nouveau,38,1013925.0,26682.236842105263,2024-12-02,29,1.0555555555555556,1
2197,F,18,Yamoussoukro,Réseaux sociaux,Nouveau,36,1020367.0,28343.527777777777,2024-11-27,34,1.0,0
2198,F,40,Abidjan,Partenaire,Nouveau,36,1041400.0,28927.777777777777,2024-12-09,22,1.0,0
2199,F,30,Man,Site Web,Fidèle,34,1155997.0,33999.91176470588,2024-12-25,6,0.9444444444444444,0
2200,M,23,Abidjan,Mobile Money,Nouveau,31,796748.0,25701.548387096773,2024-11-13,48,0.8611111111111112,0
2201,F,37,Abidjan,Mobile Money,Fidèle,4,152992.0,38248.0,2023-06-18,562,0.1111111111111111,1
2202,M,47,Abidjan,Réseaux sociaux,Nouveau,26,762649.0,29332.653846153848,2024-12-29,2,0.7222222222222222,0
2203,M,45,Yamoussoukro,Boutique,Régulier,35,980315.0,28009.0,2024-11-30,31,0.9722222222222222,0
2204,F,32,Abidjan,Réseaux sociaux,Nouveau,1,9080.0,9080.0,2024-09-25,97,0.027777777777777776,1
2205,F,43,San-Pédro,Site Web,Occasionnel,30,912665.0,30422.166666666668,2024-12-18,13,0.8333333333333334,0
2206,M,43,Abidjan,Mobile Money,Occasionnel,30,464109.0,15470.3,2024-12-26,5,0.8333333333333334,0
2207,M,33,Abidjan,Boutique,Nouveau,26,1050250.0,40394.230769230766,2024-12-15,16,0.7222222222222222,0
2209,F,27,Abidjan,Mobile Money,Régulier,28,706054.0,25216.214285714286,2024-11-10,51,0.7777777777777778,0
2210,F,43,Abidjan,Site Web,Nouveau,42,944753.0,22494.119047619046,2024-12-19,12,1.1666666666666667,0
2211,M,33,Abidjan,Partenaire,Régulier,2,29456.0,14728.0,2023-03-21,651,0.05555555555555555,1
2213,M,18,Abidjan,Mobile Money,Fidèle,29,587908.0,20272.689655172413,2024-11-13,48,0.8055555555555556,0
2214,F,43,Abidjan,Boutique,Occasionnel,34,907777.0,26699.323529411766,2024-11-14,47,0.9444444444444444,0
2215,M,27,Bouaké,Réseaux sociaux,Nouveau,27,879317.0,32567.296296296296,2024-09-10,112,0.75,1
2216,F,37,Abidjan,Boutique,Nouveau,4,141607.0,35401.75,2023-12-24,373,0.1111111111111111,1
2217,F,47,Abidjan,Mobile Money,Nouveau,36,1107053.0,30751.472222222223,2024-12-02,29,1.0,0
2218,M,19,Bouaké,Mobile Money,Fidèle,3,56955.0,18985.0,2024-11-22,39,0.08333333333333333,0
2219,M,33,Abidjan,Boutique,Nouveau,29,800908.0,27617.51724137931,2024-12-13,18,0.8055555555555556,0
2220,F,32,Bouaké,Mobile Money,Nouveau,3,110258.0,36752.666666666664,2024-09-02,120,0.08333333333333333,1
2221,F,38,Yamoussoukro,Mobile Money,Régulier,28,863516.0,30839.85714285714,2024-12-19,12,0.7777777777777778,0
2222,F,47,Abidjan,Réseaux sociaux,Nouveau,32,955520.0,29860.0,2024-11-13,48,0.8888888888888888,0
2223,F,19,Abidjan,Mobile Money,Nouveau,3,41722.0,13907.333333333334,2024-08-01,152,0.08333333333333333,1
2224,F,40,Abidjan,Réseaux sociaux,Régulier,13,357883.0,27529.46153846154,2024-09-11,111,0.3611111111111111,1
2225,M,45,Abidjan,Partenaire,Nouveau,31,700175.0,22586.290322580644,2024-12-09,22,0.8611111111111112,0
2226,F,31,Abidjan,Site Web,Fidèle,28,1069835.0,38208.392857142855,2024-12-24,7,0.7777777777777778,0
2227,M,32,Yamoussoukro,Site Web,Occasionnel,2,15327.0,7663.5,2024-05-28,217,0.05555555555555555,1
2228,F,38,Bouaké,Mobile Money,Nouveau,30,969246.0,32308.2,2024-12-20,11,0.8333333333333334,0
2229,F,37,Abidjan,Boutique,Occasionnel,30,1054863.0,35162.1,2024-12-23,8,0.8333333333333334,0
2230,M,40,Divo,Boutique,Nouveau,24,685540.0,28564.166666666668,2024-12-05,26,0.6666666666666666,0
2231,F,40,Abidjan,Mobile Money,Occasionnel,3,115148.0,38382.666666666664,2022-11-22,770,0.08333333333333333,1
2232,M,23,Korhogo,Boutique,Occasionnel,4,97273.0,24318.25,2024-09-21,101,0.1111111111111111,1
2233,F,44,San-Pédro,Mobile Money,Régulier,28,1220857.0,43602.03571428572,2024-12-27,4,0.7777777777777778,0
2234,M,46,Abidjan,Mobile Money,Occasionnel,25,868522.0,34740.88,2024-11-30,31,0.6944444444444444,0
2235,M,36,Abidjan,Site Web,Régulier,39,1011085.0,25925.25641025641,2024-10-10,82,1.0833333333333333,0
2236,M,18,Abidjan,Boutique,Nouveau,22,730667.0,33212.13636363636,2024-11-12,49,0.6111111111111112,0
2237,F,32,Man,Mobile Money,Fidèle,32,1005820.0,31431.875,2024-12-08,23,0.8888888888888888,0
2238,F,36,Abidjan,Mobile Money,Nouveau,25,905550.0,36222.0,2024-12-18,13,0.6944444444444444,0
2239,F,21,Korhogo,Mobile Money,Fidèle,25,676099.0,27043.96,2024-10-19,73,0.6944444444444444,0
2240,M,30,Abidjan,Boutique,Occasionnel,29,747514.0,25776.344827586207,2024-12-13,18,0.8055555555555556,0
2241,F,18,Abidjan,Boutique,Nouveau,43,1219022.0,28349.3488372093,2024-12-27,4,1.1944444444444444,0
2242,F,40,Bouaké,Mobile Money,Occasionnel,4,220324.0,55081.0,2024-05-30,215,0.1111111111111111,1
2243,F,35,Abidjan,Site Web,Fidèle,23,781674.0,33985.82608695652,2024-12-28,3,0.6388888888888888,0
2244,F,18,Abidjan,Partenaire,Fidèle,6,193673.0,32278.833333333332,2024-10-09,83,0.16666666666666666,0
2245,F,37,Man,Boutique,Régulier,4,110382.0,27595.5,2024-12-17,14,0.1111111111111111,0
2246,F,33,Abidjan,Boutique,Occasionnel,24,570971.0,23790.458333333332,2024-11-19,42,0.6666666666666666,0
2247,F,39,Man,Site Web,Occasionnel,23,703211.0,30574.391304347828,2024-09-11,111,0.6388888888888888,1
2248,M,29,Abengourou,Réseaux sociaux,Nouveau,40,949057.0,23726.425,2024-12-13,18,1.1111111111111112,0
2249,F,25,Abidjan,Partenaire,Régulier,34,1610256.0,47360.470588235294,2024-11-19,42,0.9444444444444444,0
2250,F,25,Abidjan,Mobile Money,Nouveau,35,1202092.0,34345.485714285714,2024-12-14,17,0.9722222222222222,0
2251,M,28,Abidjan,Mobile Money,Fidèle,24,858300.0,35762.5,2024-10-12,80,0.6666666666666666,0
2252,M,34,Bouaké,Mobile Money,Régulier,33,1048040.0,31758.78787878788,2024-11-24,37,0.9166666666666666,1
2253,F,35,Abengourou,Site Web,Occasionnel,3,81245.0,27081.666666666668,2023-08-05,514,0.08333333333333333,1
2254,M,31,Korhogo,Mobile Money,Régulier,22,441793.0,20081.5,2024-12-17,14,0.6111111111111112,0
2255,M,29,Man,Réseaux sociaux,Nouveau,22,768841.0,34947.318181818184,2024-10-25,67,0.6111111111111112,0
2256,M,30,Abidjan,Mobile Money,Nouveau,27,1020344.0,37790.51851851852,2024-11-17,44,0.75,0
2257,M,61,Abidjan,Site Web,Nouveau,2,32336.0,16168.0,2024-10-15,77,0.05555555555555555,1
2258,M,25,Abidjan,Mobile Money,Nouveau,2,20547.0,10273.5,2024-08-25,128,0.05555555555555555,1
2259,F,27,Korhogo,Boutique,Nouveau,36,1035165.0,28754.583333333332,2024-12-24,7,1.0,0
2260,F,70,Abidjan,Boutique,Régulier,34,967662.0,28460.647058823528,2024-12-19,12,0.9444444444444444,0
2261,M,38,Abidjan,Site Web,Régulier,32,1021050.0,31907.8125,2024-12-05,26,0.8888888888888888,0
2262,M,18,Abidjan,Boutique,Occasionnel,27,580118.0,21485.85185185185,2024-12-19,12,0.75,0
2263,F,43,Abidjan,Boutique,VIP,2,110033.0,55016.5,2024-01-15,351,0.05555555555555555,1
2264,F,23,Abidjan,Site Web,Fidèle,40,1509492.0,37737.3,2024-11-03,58,1.1111111111111112,0
2265,M,43,Abidjan,Partenaire,Nouveau,22,605920.0,27541.81818181818,2024-06-18,196,0.6111111111111112,1
2266,F,31,Korhogo,Site Web,Occasionnel,24,910392.0,37933.0,2024-12-29,2,0.6666666666666666,0
2267,M,29,Daloa,Site Web,Fidèle,34,1160232.0,34124.470588235294,2024-10-29,63,0.9444444444444444,0
2268,F,51,Abidjan,Boutique,Nouveau,31,800716.0,25829.548387096773,2024-12-13,18,0.8611111111111112,0
2269,M,40,Daloa,Réseaux sociaux,Occasionnel,31,688478.0,22208.967741935485,2024-12-25,6,0.8611111111111112,0
2270,M,44,Abidjan,Boutique,Fidèle,33,1318492.0,39954.30303030303,2024-11-12,49,0.9166666666666666,0
2271,M,38,Daloa,Partenaire,Régulier,25,495655.0,19826.2,2024-10-26,66,0.6944444444444444,0
2272,M,29,Abidjan,Réseaux sociaux,Fidèle,26,547097.0,21042.19230769231,2024-11-30,31,0.7222222222222222,0
2273,M,40,Bouaké,Mobile Money,Fidèle,23,834081.0,36264.391304347824,2024-12-10,21,0.6388888888888888,0
2274,M,47,Abidjan,Mobile Money,Nouveau,4,111406.0,27851.5,2024-11-14,47,0.1111111111111111,0
2275,M,35,Abidjan,Site Web,Régulier,31,803391.0,25915.83870967742,2024-11-04,57,0.8611111111111112,0
2276,F,53,Bouaké,Site Web,Régulier,31,950778.0,30670.25806451613,2024-11-29,32,0.8611111111111112,0
2277,M,43,Daloa,Site Web,Nouveau,28,890319.0,31797.10714285714,2024-11-07,54,0.7777777777777778,0
2278,F,36,Daloa,Partenaire,Nouveau,3,112048.0,37349.333333333336,2023-12-07,390,0.08333333333333333,1
2279,M,36,Abidjan,Boutique,Nouveau,35,1237537.0,35358.2,2024-11-07,54,0.9722222222222222,0
2280,M,35,Abidjan,Boutique,Régulier,2,30585.0,15292.5,2024-06-08,206,0.05555555555555555,1
2281,F,20,Daloa,Boutique,Régulier,38,956130.0,25161.315789473683,2024-11-07,54,1.0555555555555556,0
2282,F,33,Abidjan,Mobile Money,Fidèle,43,1462713.0,34016.58139534884,2024-12-17,14,1.1944444444444444,0
2283,F,36,Abidjan,Boutique,Nouveau,34,888972.0,26146.235294117647,2024-12-11,20,0.9444444444444444,0
2284,M,29,Abidjan,Réseaux sociaux,Régulier,27,828269.0,30676.62962962963,2024-09-25,97,0.75,1
2285,F,37,Abidjan,Mobile Money,Nouveau,30,696825.0,23227.5,2024-12-04,27,0.8333333333333334,0
2286,F,34,Abidjan,Réseaux sociaux,Fidèle,31,824991.0,26612.612903225807,2024-12-26,5,0.8611111111111112,0
2287,M,42,Abidjan,Réseaux sociaux,Occasionnel,33,1109695.0,33627.121212121216,2024-11-17,44,0.9166666666666666,0
2288,M,41,Bouaké,Mobile Money,Régulier,32,604205.0,18881.40625,2024-10-29,63,0.8888888888888888,0
2289,F,35,Yamoussoukro,Réseaux sociaux,Nouveau,36,1006782.0,27966.166666666668,2024-12-02,29,1.0,0
2290,F,18,Daloa,Site Web,Nouveau,33,806673.0,24444.636363636364,2024-09-06,116,0.9166666666666666,1
2291,M,53,Yamoussoukro,Boutique,Nouveau,28,621854.0,22209.071428571428,2024-10-25,67,0.7777777777777778,0
2292,M,32,Abidjan,Mobile Money,Régulier,22,772259.0,35102.681818181816,2024-11-29,32,0.6111111111111112,0
2293,M,33,Man,Mobile Money,Nouveau,34,1039849.0,30583.79411764706,2024-11-16,45,0.9444444444444444,0
2294,F,30,Yamoussoukro,Site Web,Fidèle,27,758809.0,28104.037037037036,2024-09-11,111,0.75,1
2295,F,28,Abidjan,Mobile Money,Nouveau,2,32001.0,16000.5,2024-05-14,231,0.05555555555555555,1
2296,F,50,Abidjan,Mobile Money,Occasionnel,30,910796.0,30359.866666666665,2024-12-06,25,0.8333333333333334,0
2297,M,49,Bouaké,Partenaire,Nouveau,39,1075967.0,27588.897435897437,2024-11-27,34,1.0833333333333333,0
2298,F,38,Bouaké,Site Web,Nouveau,27,689885.0,25551.296296296296,2024-12-03,28,0.75,0
2299,F,32,Yamoussoukro,Site Web,Occasionnel,37,1179402.0,31875.72972972973,2024-12-10,21,1.0277777777777777,0
2300,M,40,Daloa,Partenaire,Occasionnel,26,877048.0,33732.61538461538,2024-10-26,66,0.7222222222222222,0
2301,M,34,Man,Mobile Money,Occasionnel,30,896828.0,29894.266666666666,2024-12-30,1,0.8333333333333334,0
2302,M,31,Divo,Mobile Money,Régulier,44,1367605.0,31081.93181818182,2024-11-08,53,1.2222222222222223,0
2303,F,37,Bouaké,Site Web,Nouveau,23,904796.0,39338.95652173913,2024-12-26,5,0.6388888888888888,0
2304,F,29,Gagnoa,Boutique,Occasionnel,24,494584.0,20607.666666666668,2024-12-22,9,0.6666666666666666,0
2305,F,36,Man,Mobile Money,Régulier,26,932811.0,35877.346153846156,2024-11-30,31,0.7222222222222222,0
2306,F,36,Abidjan,Site Web,Nouveau,32,627806.0,19618.9375,2024-10-19,73,0.8888888888888888,0
2307,M,40,Bouaké,Mobile Money,Occasionnel,29,544074.0,18761.172413793105,2024-12-12,19,0.8055555555555556,0
2308,F,27,Abidjan,Boutique,Nouveau,28,833603.0,29771.535714285714,2024-12-05,26,0.7777777777777778,0
2309,M,41,Abidjan,Boutique,Nouveau,37,1148919.0,31051.864864864863,2024-12-30,1,1.0277777777777777,0
2310,M,24,Abidjan,Site Web,Nouveau,25,653871.0,26154.84,2024-11-07,54,0.6944444444444444,0
2311,M,27,Abidjan,Mobile Money,Occasionnel,35,944661.0,26990.314285714285,2024-11-07,54,0.9722222222222222,0
2312,F,28,Abidjan,Mobile Money,Nouveau,5,65137.0,13027.4,2023-11-27,400,0.1388888888888889,1
2313,F,22,Abidjan,Réseaux sociaux,Fidèle,2,24328.0,12164.0,2024-12-11,20,0.05555555555555555,0
2314,F,45,Abidjan,Partenaire,Régulier,29,684370.0,23598.96551724138,2024-12-06,25,0.8055555555555556,0
2315,F,23,Yamoussoukro,Boutique,Nouveau,32,653247.0,20413.96875,2024-10-12,80,0.8888888888888888,0
2316,F,26,Korhogo,Mobile Money,Occasionnel,29,980278.0,33802.68965517241,2024-11-21,40,0.8055555555555556,1
2317,F,47,Abengourou,Boutique,Nouveau,22,1020143.0,46370.13636363636,2024-11-21,40,0.6111111111111112,0
2318,M,27,Abidjan,Mobile Money,Nouveau,3,97149.0,32383.0,2024-12-08,23,0.08333333333333333,0
2319,F,31,Abidjan,Mobile Money,VIP,22,506144.0,23006.545454545456,2024-12-03,28,0.6111111111111112,0
2320,M,22,San-Pédro,Mobile Money,Occasionnel,33,933599.0,28290.878787878788,2024-12-01,30,0.9166666666666666,0
2321,F,43,Abidjan,Mobile Money,Nouveau,3,193688.0,64562.666666666664,2024-10-15,77,0.08333333333333333,0
2322,F,43,Gagnoa,Mobile Money,Fidèle,3,73673.0,24557.666666666668,2024-12-09,22,0.08333333333333333,0
2323,F,42,Yamoussoukro,Mobile Money,Fidèle,34,1051595.0,30929.264705882353,2024-12-10,21,0.9444444444444444,0
2324,F,39,Abidjan,Réseaux sociaux,Occasionnel,38,1180865.0,31075.394736842107,2024-12-27,4,1.0555555555555556,0
2325,F,34,Abidjan,Boutique,Régulier,35,999627.0,28560.77142857143,2024-11-23,38,0.9722222222222222,0
2326,M,28,Abidjan,Boutique,Régulier,36,1143970.0,31776.944444444445,2024-12-28,3,1.0,0
2327,F,25,Abidjan,Mobile Money,Régulier,3,43295.0,14431.666666666666,2024-04-20,255,0.08333333333333333,1
2328,F,48,Abidjan,Réseaux sociaux,Occasionnel,36,958418.0,26622.722222222223,2024-12-17,14,1.0,0
2329,M,42,San-Pédro,Mobile Money,Fidèle,31,694120.0,22390.967741935485,2024-11-27,34,0.8611111111111112,0
2330,F,26,Bouaké,Mobile Money,Occasionnel,26,639337.0,24589.884615384617,2024-12-07,24,0.7222222222222222,0
2331,M,34,Abidjan,Site Web,Nouveau,4,130716.0,32679.0,2024-06-04,210,0.1111111111111111,1
2332,F,30,Abidjan,Site Web,Nouveau,34,1213428.0,35689.05882352941,2024-11-28,33,0.9444444444444444,0
2333,M,21,Abidjan,Réseaux sociaux,Occasionnel,24,597492.0,24895.5,2024-09-30,92,0.6666666666666666,1
2334,F,35,Abidjan,Boutique,Nouveau,1,14546.0,14546.0,2023-05-24,587,0.027777777777777776,1
2335,F,29,Yamoussoukro,Boutique,Nouveau,5,212162.0,42432.4,2024-03-13,293,0.1388888888888889,1
2336,M,23,Bouaké,Mobile Money,Occasionnel,29,966051.0,33312.10344827586,2024-10-30,62,0.8055555555555556,0
2337,M,18,San-Pédro,Boutique,Fidèle,35,890674.0,25447.82857142857,2024-12-24,7,0.9722222222222222,0
2338,F,18,Abidjan,Boutique,Nouveau,3,77101.0,25700.333333333332,2023-06-09,571,0.08333333333333333,1
2339,M,29,Abidjan,Mobile Money,Nouveau,40,1034044.0,25851.1,2024-12-19,12,1.1111111111111112,0
2340,F,33,San-Pédro,Mobile Money,Fidèle,34,890098.0,26179.352941176472,2024-12-06,25,0.9444444444444444,0
2341,F,24,Yamoussoukro,Partenaire,Occasionnel,30,808837.0,26961.233333333334,2024-11-14,47,0.8333333333333334,0
2342,F,41,Yamoussoukro,Mobile Money,Régulier,3,40145.0,13381.666666666666,2024-03-23,283,0.08333333333333333,1
2343,M,33,Abidjan,Mobile Money,Occasionnel,3,93916.0,31305.333333333332,2023-08-08,511,0.08333333333333333,1
2344,F,40,Korhogo,Partenaire,Régulier,40,1017446.0,25436.15,2024-11-30,31,1.1111111111111112,0
2345,M,31,Abidjan,Site Web,Nouveau,30,918248.0,30608.266666666666,2024-12-09,22,0.8333333333333334,0
2346,F,25,Abidjan,Boutique,Occasionnel,28,689187.0,24613.821428571428,2024-11-08,53,0.7777777777777778,0
2347,M,35,Daloa,Site Web,Régulier,26,663993.0,25538.19230769231,2024-12-17,14,0.7222222222222222,0
2349,F,39,San-Pédro,Réseaux sociaux,Nouveau,34,1014672.0,29843.29411764706,2024-12-13,18,0.9444444444444444,0
2350,F,23,Abidjan,Mobile Money,Occasionnel,31,779666.0,25150.516129032258,2024-11-15,46,0.8611111111111112,0
2351,F,44,Abidjan,Partenaire,Régulier,32,768694.0,24021.6875,2024-10-26,66,0.8888888888888888,0
2352,M,30,Abidjan,Mobile Money,Occasionnel,27,741239.0,27453.296296296296,2024-12-09,22,0.75,0
2353,F,45,San-Pédro,Site Web,Régulier,29,819619.0,28262.724137931036,2024-12-09,22,0.8055555555555556,0
2354,M,21,Daloa,Boutique,Régulier,39,1184099.0,30361.51282051282,2024-12-11,20,1.0833333333333333,0
2355,F,26,Abidjan,Mobile Money,Nouveau,29,635179.0,21902.724137931036,2024-12-13,18,0.8055555555555556,0
2356,M,38,Abidjan,Boutique,Fidèle,26,878305.0,33780.96153846154,2024-08-29,124,0.7222222222222222,1
2357,F,46,Abidjan,Site Web,Fidèle,27,572339.0,21197.74074074074,2024-12-18,13,0.75,0
2358,F,52,Abidjan,Mobile Money,Nouveau,15,461846.0,30789.733333333334,2024-12-29,2,0.4166666666666667,0
2359,M,34,Daloa,Partenaire,Occasionnel,31,1023199.0,33006.41935483871,2024-12-26,5,0.8611111111111112,0
2360,F,54,Abidjan,Mobile Money,Nouveau,35,847501.0,24214.314285714285,2024-11-25,36,0.9722222222222222,0
2361,M,30,Abidjan,Site Web,Fidèle,23,473174.0,20572.782608695652,2024-12-05,26,0.6388888888888888,0
2362,F,46,Abidjan,Site Web,Occasionnel,6,175082.0,29180.333333333332,2024-05-17,228,0.16666666666666666,1
2363,F,23,Bouaké,Boutique,Occasionnel,29,964009.0,33241.68965517241,2024-11-25,36,0.8055555555555556,0
2364,M,38,Yamoussoukro,Site Web,Fidèle,34,1278430.0,37600.882352941175,2024-12-03,28,0.9444444444444444,0
2365,M,18,Yamoussoukro,Site Web,Régulier,26,607507.0,23365.653846153848,2024-12-24,7,0.7222222222222222,0
2366,M,21,Bouaké,Site Web,Nouveau,24,967698.0,40320.75,2024-12-13,18,0.6666666666666666,0
2367,F,39,Gagnoa,Boutique,Régulier,29,859356.0,29632.96551724138,2024-12-14,17,0.8055555555555556,0
2368,F,19,Abidjan,Site Web,Régulier,24,599758.0,24989.916666666668,2024-09-03,119,0.6666666666666666,1
2369,F,38,Korhogo,Boutique,Nouveau,28,693873.0,24781.178571428572,2024-12-25,6,0.7777777777777778,0
2370,M,43,Bouaké,Mobile Money,Occasionnel,20,439560.0,21978.0,2024-12-07,24,0.5555555555555556,0
2371,F,28,Abidjan,Mobile Money,Régulier,31,699943.0,22578.8064516129,2024-11-21,40,0.8611111111111112,0
2372,F,23,San-Pédro,Site Web,Occasionnel,33,755752.0,22901.575757575756,2024-12-12,19,0.9166666666666666,0
2373,F,28,Bouaké,Partenaire,VIP,36,1299177.0,36088.25,2024-11-10,51,1.0,0
2374,F,23,Yamoussoukro,Mobile Money,Occasionnel,34,948965.0,27910.735294117647,2024-11-14,47,0.9444444444444444,0
2375,F,32,Abidjan,Boutique,Régulier,27,743660.0,27542.962962962964,2024-12-23,8,0.75,0
2376,F,35,Abidjan,Mobile Money,Régulier,32,918555.0,28704.84375,2024-11-04,57,0.8888888888888888,0
2377,M,30,Korhogo,Boutique,Nouveau,1,13943.0,13943.0,2023-10-10,448,0.027777777777777776,1
2378,M,52,Abidjan,Site Web,Nouveau,28,876755.0,31312.678571428572,2024-12-27,4,0.7777777777777778,0
2379,F,26,Abidjan,Site Web,VIP,34,997632.0,29342.117647058825,2024-12-22,9,0.9444444444444444,0
2380,M,49,Abidjan,Site Web,Régulier,5,183452.0,36690.4,2024-11-13,48,0.1388888888888889,0
2381,M,22,Abidjan,Site Web,Occasionnel,35,868264.0,24807.542857142857,2024-12-10,21,0.9722222222222222,0
2382,F,34,San-Pédro,Mobile Money,Nouveau,26,755545.0,29059.423076923078,2024-12-27,4,0.7222222222222222,0
2383,F,47,Bouaké,Boutique,Nouveau,1,88783.0,88783.0,2022-07-14,901,0.027777777777777776,1
2384,F,46,Man,Mobile Money,Nouveau,12,329126.0,27427.166666666668,2024-12-02,29,0.3333333333333333,0
2385,F,29,Abidjan,Partenaire,Occasionnel,28,781327.0,27904.535714285714,2024-10-31,61,0.7777777777777778,0
2386,M,40,Abidjan,Site Web,Occasionnel,24,845599.0,35233.291666666664,2024-12-18,13,0.6666666666666666,0
2387,M,38,Abidjan,Mobile Money,Nouveau,1,27644.0,27644.0,2022-02-27,1038,0.027777777777777776,1
2388,F,28,Abidjan,Mobile Money,Régulier,34,685676.0,20166.941176470587,2024-09-25,97,0.9444444444444444,1
2389,M,40,Daloa,Boutique,VIP,27,610877.0,22625.074074074073,2024-11-27,34,0.75,0
2390,F,54,Abidjan,Partenaire,VIP,37,1209665.0,32693.64864864865,2024-10-06,86,1.0277777777777777,0
2391,M,39,Abidjan,Mobile Money,Fidèle,2,122901.0,61450.5,2023-07-26,524,0.05555555555555555,1
2392,M,40,Korhogo,Boutique,Occasionnel,28,787342.0,28119.35714285714,2024-11-16,45,0.7777777777777778,0
2393,F,41,Bouaké,Boutique,Occasionnel,27,1270776.0,47065.77777777778,2024-10-24,68,0.75,0
2394,F,18,Abidjan,Site Web,Occasionnel,32,760389.0,23762.15625,2024-12-18,13,0.8888888888888888,0
2395,M,39,Yamoussoukro,Site Web,Nouveau,32,755790.0,23618.4375,2024-12-29,2,0.8888888888888888,0
2396,M,22,Abidjan,Mobile Money,Fidèle,39,966409.0,24779.71794871795,2024-11-15,46,1.0833333333333333,0
2397,F,27,San-Pédro,Site Web,Régulier,26,421744.0,16220.923076923076,2024-08-13,140,0.7222222222222222,1
2398,F,57,Yamoussoukro,Mobile Money,Régulier,2,62865.0,31432.5,2024-03-04,302,0.05555555555555555,1
2399,F,31,Abidjan,Réseaux sociaux,Nouveau,29,634716.0,21886.758620689656,2024-12-12,19,0.8055555555555556,0
2400,M,25,Abidjan,Mobile Money,Nouveau,21,982203.0,46771.57142857143,2024-12-30,1,0.5833333333333334,0
2401,M,46,Abidjan,Boutique,Fidèle,3,69721.0,23240.333333333332,2024-05-16,229,0.08333333333333333,1
2402,M,23,Yamoussoukro,Boutique,Nouveau,27,644326.0,23863.925925925927,2024-12-18,13,0.75,0
2403,M,29,Abidjan,Site Web,Nouveau,29,830990.0,28654.827586206895,2024-12-01,30,0.8055555555555556,0
2404,M,47,Daloa,Mobile Money,Régulier,26,843583.0,32445.5,2024-11-29,32,0.7222222222222222,0
2405,M,34,Abidjan,Boutique,Régulier,33,1042588.0,31593.575757575756,2024-12-16,15,0.9166666666666666,0
2406,F,18,Abidjan,Mobile Money,Nouveau,25,557547.0,22301.88,2024-12-21,10,0.6944444444444444,0
2407,M,39,Abidjan,Boutique,Nouveau,27,649247.0,24046.185185185186,2024-11-17,44,0.75,0
2408,F,29,Abidjan,Réseaux sociaux,Régulier,18,244262.0,13570.111111111111,2024-10-29,63,0.5,0
2409,F,50,Abidjan,Boutique,Fidèle,32,870696.0,27209.25,2024-10-10,82,0.8888888888888888,0
2410,M,27,Bouaké,Boutique,Occasionnel,32,892882.0,27902.5625,2024-11-12,49,0.8888888888888888,0
2411,M,45,Man,Site Web,Régulier,36,1153740.0,32048.333333333332,2024-07-10,174,1.0,1
2412,M,53,Abidjan,Boutique,Nouveau,2,32639.0,16319.5,2024-12-23,8,0.05555555555555555,0
2413,F,24,Yamoussoukro,Réseaux sociaux,Régulier,26,655626.0,25216.384615384617,2024-06-20,194,0.7222222222222222,1
2414,M,31,Abidjan,Boutique,Occasionnel,3,91798.0,30599.333333333332,2024-07-04,180,0.08333333333333333,1
2415,F,38,Yamoussoukro,Partenaire,Fidèle,37,1010639.0,27314.567567567567,2024-12-21,10,1.0277777777777777,0
2416,F,24,Abidjan,Réseaux sociaux,Régulier,23,676334.0,29405.82608695652,2024-12-03,28,0.6388888888888888,0
2417,F,36,Yamoussoukro,Boutique,Nouveau,28,1132890.0,40460.357142857145,2024-12-26,5,0.7777777777777778,0
2418,M,31,Abidjan,Boutique,Nouveau,4,129119.0,32279.75,2023-12-29,368,0.1111111111111111,1
2419,F,31,Abidjan,Site Web,Régulier,3,90190.0,30063.333333333332,2024-06-04,210,0.08333333333333333,1
2420,M,34,Bouaké,Site Web,Nouveau,32,1022037.0,31938.65625,2024-12-11,20,0.8888888888888888,0
2421,F,34,Abidjan,Mobile Money,Régulier,22,389871.0,17721.409090909092,2024-10-09,83,0.6111111111111112,0
2422,F,35,Abidjan,Mobile Money,Occasionnel,24,738396.0,30766.5,2024-09-11,111,0.6666666666666666,1
2423,M,27,Abidjan,Mobile Money,Nouveau,30,1271354.0,42378.46666666667,2024-12-15,16,0.8333333333333334,0
2424,F,27,Divo,Site Web,Régulier,2,15672.0,7836.0,2024-04-22,253,0.05555555555555555,1
2425,M,32,Abidjan,Site Web,Occasionnel,33,1084803.0,32872.818181818184,2024-12-11,20,0.9166666666666666,0
2426,M,33,Abidjan,Mobile Money,Fidèle,31,982618.0,31697.354838709678,2024-12-28,3,0.8611111111111112,0
2427,F,29,San-Pédro,Boutique,Nouveau,28,1190943.0,42533.67857142857,2024-09-19,103,0.7777777777777778,1
2428,M,37,Yamoussoukro,Site Web,Nouveau,29,1001489.0,34534.10344827586,2024-12-27,4,0.8055555555555556,0
2429,M,18,Abidjan,Partenaire,Nouveau,37,995092.0,26894.37837837838,2024-12-24,7,1.0277777777777777,0
2430,M,25,Bouaké,Mobile Money,Nouveau,29,955844.0,32960.137931034486,2024-12-09,22,0.8055555555555556,0
2431,M,30,Abidjan,Mobile Money,Régulier,24,672889.0,28037.041666666668,2024-12-14,17,0.6666666666666666,0
2432,M,24,Abidjan,Boutique,Occasionnel,29,909984.0,31378.758620689656,2024-12-27,4,0.8055555555555556,0
2433,M,51,Abidjan,Site Web,Nouveau,32,826993.0,25843.53125,2024-11-28,33,0.8888888888888888,0
2434,F,34,Daloa,Mobile Money,VIP,3,103890.0,34630.0,2024-03-20,286,0.08333333333333333,1
2435,M,35,San-Pédro,Mobile Money,Nouveau,20,576501.0,28825.05,2024-10-31,61,0.5555555555555556,0
2436,M,28,Abidjan,Site Web,Occasionnel,3,50150.0,16716.666666666668,2024-07-28,156,0.08333333333333333,1
2437,M,33,Abidjan,Boutique,Fidèle,35,1089507.0,31128.77142857143,2024-12-29,2,0.9722222222222222,0
2438,M,20,Abidjan,Mobile Money,Régulier,4,273893.0,68473.25,2024-12-29,2,0.1111111111111111,0
2439,F,32,Abidjan,Boutique,Nouveau,25,547099.0,21883.96,2024-12-18,13,0.6944444444444444,0
2440,M,23,Abidjan,Mobile Money,VIP,3,108203.0,36067.666666666664,2023-07-11,539,0.08333333333333333,1
2441,M,30,Bouaké,Boutique,Occasionnel,25,825636.0,33025.44,2024-12-21,10,0.6944444444444444,0
2442,F,18,Abidjan,Boutique,Nouveau,21,450424.0,21448.761904761905,2024-08-29,124,0.5833333333333334,1
2443,F,21,Man,Mobile Money,Nouveau,21,421922.0,20091.52380952381,2024-11-30,31,0.5833333333333334,0
2444,M,50,Abidjan,Mobile Money,Fidèle,27,812465.0,30091.296296296296,2024-12-28,3,0.75,1
2445,F,43,Abidjan,Réseaux sociaux,Nouveau,6,179778.0,29963.0,2024-12-05,26,0.16666666666666666,0
2446,M,48,Abidjan,Réseaux sociaux,Régulier,35,907066.0,25916.17142857143,2024-12-17,14,0.9722222222222222,0
2447,F,49,Bouaké,Mobile Money,Nouveau,37,933929.0,25241.324324324323,2024-12-30,1,1.0277777777777777,0
2448,F,41,Abidjan,Site Web,Nouveau,40,1190838.0,29770.95,2024-12-12,19,1.1111111111111112,0
2449,M,29,Abidjan,Mobile Money,Fidèle,34,798460.0,23484.117647058825,2024-12-25,6,0.9444444444444444,0
2450,M,22,Abidjan,Réseaux sociaux,VIP,3,85328.0,28442.666666666668,2024-10-25,67,0.08333333333333333,0
2451,M,46,Daloa,Réseaux sociaux,Nouveau,4,86406.0,21601.5,2024-08-12,141,0.1111111111111111,1
2452,M,34,Divo,Site Web,Nouveau,31,641004.0,20677.548387096773,2024-12-19,12,0.8611111111111112,0
2453,M,61,Abidjan,Site Web,Régulier,37,1081132.0,29219.783783783783,2024-12-16,15,1.0277777777777777,0
2454,M,29,Abidjan,Boutique,Occasionnel,32,738979.0,23093.09375,2024-10-31,61,0.8888888888888888,0
2455,M,55,Abidjan,Mobile Money,Occasionnel,33,1112759.0,33719.969696969696,2024-12-24,7,0.9166666666666666,0
2456,M,32,Abidjan,Boutique,Nouveau,1,56714.0,56714.0,2023-08-23,496,0.027777777777777776,1
2457,M,48,Abengourou,Mobile Money,Fidèle,28,972369.0,34727.46428571428,2024-12-08,23,0.7777777777777778,0
2458,F,52,Abidjan,Site Web,Nouveau,31,986647.0,31827.322580645163,2024-12-17,14,0.8611111111111112,0
2459,F,22,Yamoussoukro,Boutique,Nouveau,37,900306.0,24332.594594594593,2024-11-13,48,1.0277777777777777,0
2460,M,28,Man,Mobile Money,Nouveau,27,608528.0,22538.074074074073,2024-12-13,18,0.75,0
2461,M,22,Bouaké,Boutique,Nouveau,30,717887.0,23929.566666666666,2024-11-19,42,0.8333333333333334,0
2462,M,20,Abidjan,Site Web,Occasionnel,30,862678.0,28755.933333333334,2024-12-05,26,0.8333333333333334,0
2463,F,41,Bouaké,Boutique,Nouveau,27,1062994.0,39370.148148148146,2024-12-24,7,0.75,0
2464,M,31,Abidjan,Boutique,Régulier,2,23337.0,11668.5,2023-11-12,415,0.05555555555555555,1
2465,F,34,Abidjan,Réseaux sociaux,Occasionnel,38,866547.0,22803.86842105263,2024-11-01,60,1.0555555555555556,0
2466,M,40,Gagnoa,Mobile Money,Nouveau,4,79620.0,19905.0,2023-12-01,396,0.1111111111111111,1
2467,M,18,Abidjan,Site Web,Fidèle,27,884826.0,32771.333333333336,2024-12-26,5,0.75,0
2468,M,48,Abidjan,Boutique,Occasionnel,34,985680.0,28990.58823529412,2024-10-08,84,0.9444444444444444,0
2469,M,30,Abidjan,Mobile Money,Nouveau,31,1203050.0,38808.06451612903,2024-12-22,9,0.8611111111111112,0
2470,F,39,Abidjan,Partenaire,Nouveau,29,793026.0,27345.724137931036,2024-12-16,15,0.8055555555555556,0
2471,F,40,Bouaké,Boutique,Occasionnel,1,15432.0,15432.0,2022-02-16,1049,0.027777777777777776,1
2472,M,49,Daloa,Mobile Money,Régulier,28,799220.0,28543.571428571428,2024-12-14,17,0.7777777777777778,0
2473,M,32,Bouaké,Mobile Money,Régulier,29,770937.0,26584.03448275862,2024-12-02,29,0.8055555555555556,0
2474,F,18,Abidjan,Partenaire,Régulier,35,898151.0,25661.457142857143,2024-12-23,8,0.9722222222222222,0
2475,F,34,Abidjan,Réseaux sociaux,Nouveau,33,695739.0,21083.0,2024-10-19,73,0.9166666666666666,0
2476,F,36,Abidjan,Mobile Money,VIP,26,729604.0,28061.69230769231,2024-12-04,27,0.7222222222222222,0
2477,F,22,Abidjan,Boutique,Nouveau,28,831625.0,29700.89285714286,2024-12-02,29,0.7777777777777778,1
2478,F,35,Daloa,Mobile Money,Nouveau,35,1011688.0,28905.371428571427,2024-11-12,49,0.9722222222222222,0
2479,F,30,Bouaké,Site Web,Occasionnel,35,894216.0,25549.02857142857,2024-11-22,39,0.9722222222222222,0
2480,M,19,Korhogo,Boutique,Nouveau,27,1208553.0,44761.22222222222,2024-12-23,8,0.75,0
2481,F,41,Daloa,Mobile Money,Occasionnel,21,937039.0,44620.90476190476,2024-12-22,9,0.5833333333333334,0
2482,F,27,Abidjan,Boutique,Nouveau,25,710190.0,28407.6,2024-12-01,30,0.6944444444444444,0
2483,F,29,Bouaké,Réseaux sociaux,Régulier,35,1154556.0,32987.31428571429,2024-12-28,3,0.9722222222222222,0
2484,F,28,Daloa,Boutique,Régulier,6,186092.0,31015.333333333332,2024-02-23,312,0.16666666666666666,1
2485,M,47,Divo,Mobile Money,Régulier,37,923726.0,24965.567567567567,2024-10-23,69,1.0277777777777777,0
2486,F,33,Abidjan,Partenaire,Occasionnel,29,903221.0,31145.55172413793,2024-12-20,11,0.8055555555555556,0
2487,M,34,Bouaké,Mobile Money,Nouveau,34,836927.0,24615.5,2024-12-11,20,0.9444444444444444,0
2488,M,29,Abidjan,Boutique,Fidèle,31,658460.0,21240.645161290322,2024-12-22,9,0.8611111111111112,0
2489,F,39,Daloa,Boutique,Occasionnel,31,1120388.0,36141.54838709677,2024-11-29,32,0.8611111111111112,0
2490,M,48,Man,Mobile Money,Occasionnel,37,1135442.0,30687.62162162162,2024-12-16,15,1.0277777777777777,0
2491,M,41,Man,Mobile Money,Nouveau,21,541564.0,25788.761904761905,2024-09-21,101,0.5833333333333334,1
2492,F,41,Abidjan,Mobile Money,Nouveau,9,375431.0,41714.555555555555,2024-05-11,234,0.25,1
2493,F,40,Abidjan,Mobile Money,Occasionnel,3,173659.0,57886.333333333336,2023-10-18,440,0.08333333333333333,1
2494,M,18,Daloa,Boutique,Régulier,32,826284.0,25821.375,2024-10-27,65,0.8888888888888888,0
2495,M,24,Bouaké,Réseaux sociaux,Fidèle,31,858172.0,27682.967741935485,2024-10-12,80,0.8611111111111112,0
2496,M,31,Korhogo,Mobile Money,VIP,2,30287.0,15143.5,2023-01-01,730,0.05555555555555555,1
2497,M,26,Abidjan,Site Web,Occasionnel,27,802033.0,29704.925925925927,2024-12-08,23,0.75,0
2498,F,22,San-Pédro,Boutique,Occasionnel,8,455636.0,56954.5,2024-05-03,242,0.2222222222222222,1
2499,M,18,Yamoussoukro,Mobile Money,Régulier,25,960088.0,38403.52,2024-12-16,15,0.6944444444444444,0
2500,F,19,Abidjan,Boutique,Nouveau,1,7890.0,7890.0,2023-07-20,530,0.027777777777777776,1
2501,F,31,Abidjan,Mobile Money,Occasionnel,30,837082.0,27902.733333333334,2024-12-27,4,0.8333333333333334,0
2502,M,33,Yamoussoukro,Site Web,Régulier,40,1011150.0,25278.75,2024-12-30,1,1.1111111111111112,0
2503,M,25,Abidjan,Boutique,Nouveau,20,522685.0,26134.25,2024-12-16,15,0.5555555555555556,1
2504,M,34,Daloa,Site Web,Nouveau,30,733115.0,24437.166666666668,2024-12-03,28,0.8333333333333334,0
2505,F,29,Bouaké,Réseaux sociaux,Occasionnel,36,816502.0,22680.61111111111,2024-12-23,8,1.0,0
2506,F,45,Abidjan,Mobile Money,Occasionnel,35,931552.0,26615.77142857143,2024-12-16,15,0.9722222222222222,0
2507,M,32,Abidjan,Partenaire,Nouveau,24,838659.0,34944.125,2024-11-06,55,0.6666666666666666,0
2508,M,41,Abengourou,Mobile Money,Nouveau,1,12321.0,12321.0,2023-08-04,515,0.027777777777777776,1
2509,M,36,Yamoussoukro,Mobile Money,Nouveau,3,18934.0,6311.333333333333,2024-02-05,330,0.08333333333333333,1
2510,M,18,Daloa,Mobile Money,Régulier,5,99411.0,19882.2,2024-02-22,313,0.1388888888888889,1
2511,F,33,Daloa,Réseaux sociaux,Fidèle,5,207954.0,41590.8,2024-12-28,3,0.1388888888888889,1
2512,F,20,Bouaké,Site Web,Fidèle,2,125925.0,62962.5,2024-09-26,96,0.05555555555555555,1
2513,F,32,Man,Partenaire,Fidèle,3,66379.0,22126.333333333332,2023-10-13,445,0.08333333333333333,1
2514,F,25,Bouaké,Site Web,Nouveau,35,923590.0,26388.285714285714,2024-10-01,91,0.9722222222222222,1
2515,F,38,Abidjan,Boutique,Nouveau,28,791431.0,28265.39285714286,2024-11-24,37,0.7777777777777778,0
2516,M,19,Abidjan,Réseaux sociaux,Occasionnel,6,222956.0,37159.333333333336,2024-07-28,156,0.16666666666666666,1
2517,F,34,Abidjan,Partenaire,Occasionnel,39,1072052.0,27488.51282051282,2024-12-29,2,1.0833333333333333,0
2518,F,40,Daloa,Site Web,Régulier,27,837568.0,31021.037037037036,2024-11-19,42,0.75,0
2519,M,43,Abidjan,Boutique,Nouveau,19,616677.0,32456.684210526317,2024-11-10,51,0.5277777777777778,0
2520,F,25,Yamoussoukro,Réseaux sociaux,Fidèle,28,832221.0,29722.178571428572,2024-11-30,31,0.7777777777777778,0
2521,F,34,Divo,Mobile Money,Nouveau,20,731772.0,36588.6,2024-08-04,149,0.5555555555555556,1
2522,M,36,Abidjan,Réseaux sociaux,Occasionnel,27,690387.0,25569.88888888889,2024-11-17,44,0.75,0
2523,F,51,Abidjan,Partenaire,Fidèle,34,827883.0,24349.5,2024-12-24,7,0.9444444444444444,0
2524,M,18,Yamoussoukro,Site Web,Occasionnel,34,842895.0,24791.029411764706,2024-12-06,25,0.9444444444444444,0
2525,M,23,Abidjan,Mobile Money,Régulier,24,735881.0,30661.708333333332,2024-11-12,49,0.6666666666666666,0
2526,F,64,Daloa,Mobile Money,Régulier,30,929329.0,30977.633333333335,2024-12-23,8,0.8333333333333334,0
2527,M,30,Abidjan,Partenaire,Régulier,36,1340673.0,37240.916666666664,2024-12-15,16,1.0,0
2528,M,18,Abidjan,Réseaux sociaux,Régulier,40,1190607.0,29765.175,2024-11-25,36,1.1111111111111112,0
2529,M,27,Bouaké,Site Web,Occasionnel,26,1017750.0,39144.230769230766,2024-12-13,18,0.7222222222222222,0
2530,M,18,Abidjan,Partenaire,Occasionnel,5,183933.0,36786.6,2024-12-10,21,0.1388888888888889,0
2531,M,36,Abidjan,Boutique,Régulier,23,804564.0,34981.04347826087,2024-12-18,13,0.6388888888888888,0
2532,M,42,Abidjan,Réseaux sociaux,Occasionnel,2,73520.0,36760.0,2024-07-26,158,0.05555555555555555,1
2533,M,23,Abidjan,Mobile Money,Régulier,4,139605.0,34901.25,2024-08-13,140,0.1111111111111111,1
2534,F,28,Korhogo,Mobile Money,Occasionnel,4,87647.0,21911.75,2024-11-30,31,0.1111111111111111,0
2535,M,44,Abidjan,Boutique,Nouveau,27,980050.0,36298.148148148146,2024-11-18,43,0.75,0
2536,M,18,Abidjan,Mobile Money,Occasionnel,30,1268105.0,42270.166666666664,2024-11-23,38,0.8333333333333334,0
2537,M,19,Abidjan,Boutique,VIP,35,928458.0,26527.371428571427,2024-12-29,2,0.9722222222222222,0
2538,F,31,Abidjan,Site Web,Nouveau,30,638301.0,21276.7,2024-10-26,66,0.8333333333333334,0
2539,F,25,Abidjan,Mobile Money,Nouveau,37,1085304.0,29332.54054054054,2024-12-27,4,1.0277777777777777,0
2540,F,30,Daloa,Site Web,Nouveau,29,806988.0,27827.172413793105,2024-12-22,9,0.8055555555555556,0
2541,F,20,Abidjan,Mobile Money,Occasionnel,28,1038489.0,37088.892857142855,2024-12-02,29,0.7777777777777778,0
2542,F,36,Yamoussoukro,Réseaux sociaux,Nouveau,25,896460.0,35858.4,2024-12-23,8,0.6944444444444444,0
2543,F,32,Abidjan,Mobile Money,Régulier,31,896440.0,28917.41935483871,2024-10-28,64,0.8611111111111112,0
2544,F,40,Abidjan,Site Web,Nouveau,29,1016179.0,35040.65517241379,2024-12-30,1,0.8055555555555556,0
2545,M,36,Abidjan,Boutique,Nouveau,36,1076803.0,29911.194444444445,2024-12-30,1,1.0,0
2546,F,36,Daloa,Boutique,Nouveau,29,911217.0,31421.275862068964,2024-09-05,117,0.8055555555555556,1
2547,M,18,Divo,Mobile Money,Nouveau,20,576570.0,28828.5,2024-11-04,57,0.5555555555555556,0
2548,F,39,Abidjan,Mobile Money,Régulier,2,42912.0,21456.0,2023-05-04,607,0.05555555555555555,1
2549,F,30,Divo,Boutique,Fidèle,34,1118795.0,32905.73529411765,2024-12-06,25,0.9444444444444444,0
2550,F,32,Abidjan,Mobile Money,Régulier,1,5726.0,5726.0,2022-05-20,956,0.027777777777777776,1
2551,M,45,Bouaké,Mobile Money,Fidèle,39,1115394.0,28599.846153846152,2024-12-20,11,1.0833333333333333,0
2552,F,26,Yamoussoukro,Site Web,Nouveau,27,924970.0,34258.148148148146,2024-12-19,12,0.75,1
2553,M,48,Abidjan,Mobile Money,Fidèle,23,462434.0,20105.82608695652,2024-11-13,48,0.6388888888888888,0
2554,M,49,Abidjan,Mobile Money,Occasionnel,32,1006478.0,31452.4375,2024-11-15,46,0.8888888888888888,0
2555,F,42,Abidjan,Boutique,Régulier,22,822986.0,37408.454545454544,2024-12-29,2,0.6111111111111112,0
2556,M,23,Yamoussoukro,Boutique,Régulier,34,1128469.0,33190.26470588235,2024-11-24,37,0.9444444444444444,0
2557,F,18,Abidjan,Boutique,Nouveau,23,651355.0,28319.782608695652,2024-11-18,43,0.6388888888888888,0
2558,F,45,Korhogo,Site Web,Nouveau,23,834841.0,36297.434782608696,2024-12-27,4,0.6388888888888888,0
2559,F,35,Abidjan,Boutique,Nouveau,22,552514.0,25114.272727272728,2024-11-13,48,0.6111111111111112,0
2561,M,46,Abidjan,Boutique,Occasionnel,34,1203099.0,35385.26470588235,2024-10-13,79,0.9444444444444444,0
2562,M,24,Bouaké,Mobile Money,VIP,24,581416.0,24225.666666666668,2024-12-28,3,0.6666666666666666,0
2563,M,29,Abidjan,Site Web,Nouveau,20,528823.0,26441.15,2024-11-30,31,0.5555555555555556,0
2564,F,39,Abidjan,Mobile Money,Occasionnel,26,809625.0,31139.423076923078,2024-11-26,35,0.7222222222222222,0
2565,M,21,Abidjan,Réseaux sociaux,Occasionnel,4,141589.0,35397.25,2024-12-16,15,0.1111111111111111,0
2566,F,32,Yamoussoukro,Boutique,Nouveau,39,849731.0,21787.97435897436,2024-12-21,10,1.0833333333333333,0
2567,F,45,Abidjan,Site Web,Nouveau,28,1198063.0,42787.96428571428,2024-11-28,33,0.7777777777777778,0
2568,F,36,Bouaké,Boutique,Occasionnel,39,1275916.0,32715.79487179487,2024-12-10,21,1.0833333333333333,0
2569,M,47,Gagnoa,Partenaire,Occasionnel,23,555907.0,24169.869565217392,2024-12-28,3,0.6388888888888888,1
2570,M,46,Abidjan,Boutique,Nouveau,17,651310.0,38312.35294117647,2024-12-30,1,0.4722222222222222,0
2571,F,34,Abidjan,Boutique,Nouveau,23,698530.0,30370.869565217392,2024-12-21,10,0.6388888888888888,0
2572,M,18,Abidjan,Réseaux sociaux,Nouveau,2,310636.0,155318.0,2024-08-03,150,0.05555555555555555,1
2573,M,21,Abidjan,Site Web,Fidèle,28,799902.0,28567.928571428572,2024-11-12,49,0.7777777777777778,0
2574,M,42,Abidjan,Boutique,Régulier,37,997116.0,26949.08108108108,2024-12-25,6,1.0277777777777777,0
2575,M,18,Daloa,Mobile Money,Nouveau,32,1056426.0,33013.3125,2024-12-24,7,0.8888888888888888,0
2576,M,30,Abidjan,Mobile Money,Régulier,29,1084447.0,37394.724137931036,2024-12-27,4,0.8055555555555556,0
2577,M,37,Abidjan,Réseaux sociaux,Fidèle,34,1061893.0,31232.147058823528,2024-12-24,7,0.9444444444444444,0
2578,M,50,Bouaké,Mobile Money,Nouveau,2,40009.0,20004.5,2022-10-23,800,0.05555555555555555,1
2579,F,27,Abidjan,Mobile Money,Nouveau,25,854437.0,34177.48,2024-12-07,24,0.6944444444444444,0
2580,M,26,Bouaké,Mobile Money,Nouveau,28,875343.0,31262.25,2024-11-02,59,0.7777777777777778,0
2581,F,33,Man,Partenaire,Nouveau,2,148683.0,74341.5,2024-01-04,362,0.05555555555555555,1
2582,M,37,Abidjan,Boutique,Régulier,4,128257.0,32064.25,2024-02-26,309,0.1111111111111111,1
2583,F,32,Abidjan,Boutique,Régulier,32,1007159.0,31473.71875,2024-12-28,3,0.8888888888888888,0
2584,F,45,San-Pédro,Réseaux sociaux,Occasionnel,4,172849.0,43212.25,2024-07-01,183,0.1111111111111111,1
2585,F,25,Yamoussoukro,Boutique,Nouveau,36,1336726.0,37131.27777777778,2024-11-08,53,1.0,0
2586,F,35,Daloa,Site Web,Régulier,2,31803.0,15901.5,2024-05-21,224,0.05555555555555555,1
2587,F,38,Daloa,Site Web,Nouveau,35,1138910.0,32540.285714285714,2024-12-18,13,0.9722222222222222,0
2588,F,29,Abidjan,Boutique,Nouveau,32,1457385.0,45543.28125,2024-12-01,30,0.8888888888888888,0
2589,F,43,Abidjan,Site Web,Nouveau,4,70672.0,17668.0,2024-11-23,38,0.1111111111111111,1
2590,F,35,Yamoussoukro,Partenaire,Fidèle,32,640145.0,20004.53125,2024-12-23,8,0.8888888888888888,0
2591,M,42,Yamoussoukro,Mobile Money,Régulier,1,16382.0,16382.0,2022-06-10,935,0.027777777777777776,1
2592,M,36,Yamoussoukro,Mobile Money,Régulier,32,801243.0,25038.84375,2024-12-13,18,0.8888888888888888,0
2593,M,38,Abidjan,Réseaux sociaux,Régulier,29,922837.0,31821.96551724138,2024-12-03,28,0.8055555555555556,0
2594,F,27,San-Pédro,Boutique,Nouveau,34,1167960.0,34351.76470588235,2024-12-30,1,0.9444444444444444,0
2595,F,27,Abidjan,Boutique,Occasionnel,25,789681.0,31587.24,2024-12-09,22,0.6944444444444444,1
2596,M,47,Abidjan,Mobile Money,Régulier,27,688910.0,25515.185185185186,2024-12-27,4,0.75,0
2597,F,40,Abidjan,Réseaux sociaux,Fidèle,28,701258.0,25044.928571428572,2024-11-18,43,0.7777777777777778,0
2598,F,22,Abidjan,Site Web,Occasionnel,27,873152.0,32338.962962962964,2024-09-05,117,0.75,1
2599,M,35,Yamoussoukro,Partenaire,Nouveau,29,883486.0,30465.03448275862,2024-12-09,22,0.8055555555555556,0
2600,M,18,Abidjan,Boutique,VIP,34,1082812.0,31847.41176470588,2024-12-13,18,0.9444444444444444,0
2601,F,27,Yamoussoukro,Partenaire,Occasionnel,36,1058111.0,29391.972222222223,2024-12-14,17,1.0,0
2602,M,44,Abidjan,Boutique,Nouveau,34,877247.0,25801.382352941175,2024-12-19,12,0.9444444444444444,0
2603,F,32,Abidjan,Site Web,Nouveau,3,76191.0,25397.0,2023-06-18,562,0.08333333333333333,1
2604,M,35,Abidjan,Site Web,Nouveau,19,452931.0,23838.473684210527,2024-08-18,135,0.5277777777777778,1
2605,F,18,Abidjan,Boutique,Régulier,26,835372.0,32129.69230769231,2024-11-06,55,0.7222222222222222,0
2606,F,29,Daloa,Boutique,Régulier,39,1207394.0,30958.82051282051,2024-11-13,48,1.0833333333333333,0
2607,M,37,Abidjan,Mobile Money,Nouveau,24,741134.0,30880.583333333332,2024-12-15,16,0.6666666666666666,0
2608,F,39,Abidjan,Boutique,Nouveau,33,754172.0,22853.696969696968,2024-12-11,20,0.9166666666666666,0
2609,M,44,Abidjan,Site Web,Occasionnel,21,807686.0,38461.23809523809,2024-10-24,68,0.5833333333333334,0
2610,F,31,Abidjan,Mobile Money,Occasionnel,2,13201.0,6600.5,2023-12-23,374,0.05555555555555555,1
2611,M,32,Abidjan,Site Web,Nouveau,7,120858.0,17265.428571428572,2024-08-24,129,0.19444444444444445,1
2612,M,19,Gagnoa,Mobile Money,Nouveau,29,975730.0,33645.862068965514,2024-12-08,23,0.8055555555555556,0
2613,F,31,Abidjan,Mobile Money,Fidèle,32,883491.0,27609.09375,2024-12-25,6,0.8888888888888888,0
2614,M,20,Abidjan,Site Web,VIP,29,704893.0,24306.655172413793,2024-11-22,39,0.8055555555555556,0
2615,F,18,Korhogo,Mobile Money,Occasionnel,43,985555.0,22919.883720930233,2024-12-23,8,1.1944444444444444,0
2616,F,22,Yamoussoukro,Partenaire,Régulier,34,1116752.0,32845.64705882353,2024-12-25,6,0.9444444444444444,0
2617,F,50,Abidjan,Partenaire,Fidèle,27,769303.0,28492.703703703704,2024-09-17,105,0.75,1
2618,M,31,Bouaké,Boutique,Nouveau,37,767275.0,20737.162162162163,2024-12-03,28,1.0277777777777777,0
2619,M,36,Man,Boutique,Fidèle,5,71487.0,14297.4,2024-09-16,106,0.1388888888888889,1
2620,M,28,Abidjan,Mobile Money,Occasionnel,32,1115264.0,34852.0,2024-12-22,9,0.8888888888888888,0
2621,M,18,Abidjan,Site Web,Occasionnel,28,682926.0,24390.214285714286,2024-10-22,70,0.7777777777777778,0
2622,M,44,Korhogo,Mobile Money,Occasionnel,31,822076.0,26518.58064516129,2024-12-08,23,0.8611111111111112,0
2623,F,18,Daloa,Partenaire,Nouveau,2,44939.0,22469.5,2024-04-19,256,0.05555555555555555,1
2624,M,27,Abengourou,Partenaire,Régulier,20,483305.0,24165.25,2024-11-25,36,0.5555555555555556,0
2625,M,33,Abidjan,Mobile Money,Régulier,5,161604.0,32320.8,2024-04-13,262,0.1388888888888889,1
2626,F,36,Divo,Site Web,Nouveau,4,149118.0,37279.5,2024-11-18,43,0.1111111111111111,0
2627,M,26,Abidjan,Boutique,Occasionnel,28,630909.0,22532.464285714286,2024-11-27,34,0.7777777777777778,0
2628,F,18,Yamoussoukro,Boutique,VIP,24,571547.0,23814.458333333332,2024-12-01,30,0.6666666666666666,0
2629,F,25,Korhogo,Mobile Money,Fidèle,22,897371.0,40789.59090909091,2024-11-20,41,0.6111111111111112,0
2630,F,25,Abidjan,Site Web,Régulier,27,465623.0,17245.296296296296,2024-12-29,2,0.75,0
2631,F,25,Abidjan,Mobile Money,Nouveau,27,782830.0,28993.703703703704,2024-12-07,24,0.75,0
2632,F,44,Bouaké,Réseaux sociaux,Nouveau,5,86216.0,17243.2,2023-04-07,634,0.1388888888888889,1
2633,M,20,San-Pédro,Boutique,Nouveau,3,69755.0,23251.666666666668,2024-06-14,200,0.08333333333333333,1
2634,M,37,Abidjan,Site Web,Fidèle,35,982050.0,28058.571428571428,2024-12-02,29,0.9722222222222222,0
2635,M,35,San-Pédro,Partenaire,Régulier,35,1133198.0,32377.085714285713,2024-11-16,45,0.9722222222222222,0
2636,F,44,Abidjan,Site Web,Fidèle,36,723568.0,20099.11111111111,2024-12-25,6,1.0,0
2637,F,32,Abidjan,Boutique,Nouveau,25,651008.0,26040.32,2024-12-15,16,0.6944444444444444,0
2638,F,42,Abidjan,Boutique,VIP,30,1202696.0,40089.86666666667,2024-10-29,63,0.8333333333333334,0
2639,M,32,Man,Boutique,VIP,4,58566.0,14641.5,2024-12-11,20,0.1111111111111111,1
2640,F,38,Abidjan,Boutique,Régulier,38,1228080.0,32317.894736842107,2024-12-24,7,1.0555555555555556,1
2641,M,18,Bouaké,Partenaire,Fidèle,36,1027391.0,28538.63888888889,2024-11-10,51,1.0,0
2642,M,18,Abidjan,Mobile Money,Occasionnel,21,611961.0,29141.0,2024-12-15,16,0.5833333333333334,0
2643,M,38,Man,Boutique,Nouveau,36,703965.0,19554.583333333332,2024-11-25,36,1.0,0
2644,M,38,Daloa,Site Web,Nouveau,5,110456.0,22091.2,2023-12-18,379,0.1388888888888889,1
2645,F,39,Abidjan,Boutique,Nouveau,3,98967.0,32989.0,2024-08-08,145,0.08333333333333333,1
2646,M,28,Abidjan,Réseaux sociaux,Nouveau,25,632430.0,25297.2,2024-09-22,100,0.6944444444444444,1
2647,M,50,Abidjan,Mobile Money,Régulier,36,1078664.0,29962.88888888889,2024-12-20,11,1.0,0
2648,M,28,Abidjan,Mobile Money,Nouveau,2,52137.0,26068.5,2024-10-22,70,0.05555555555555555,0
2649,M,38,San-Pédro,Site Web,Nouveau,32,745294.0,23290.4375,2024-10-20,72,0.8888888888888888,0
2650,M,40,Bouaké,Boutique,Nouveau,31,862834.0,27833.354838709678,2024-10-21,71,0.8611111111111112,1
2651,M,52,Abidjan,Partenaire,Régulier,1,5631.0,5631.0,2024-05-08,237,0.027777777777777776,1
2652,F,30,Yamoussoukro,Boutique,Fidèle,19,468388.0,24652.0,2024-12-09,22,0.5277777777777778,0
2653,M,26,Abidjan,Mobile Money,Occasionnel,36,900841.0,25023.36111111111,2024-12-07,24,1.0,1
2654,M,18,Abidjan,Mobile Money,Régulier,34,982945.0,28910.147058823528,2024-12-22,9,0.9444444444444444,0
2655,F,51,Abidjan,Boutique,VIP,31,895387.0,28883.451612903227,2024-12-24,7,0.8611111111111112,1
2656,M,38,Abidjan,Boutique,Régulier,4,99077.0,24769.25,2024-12-06,25,0.1111111111111111,0
2657,F,38,Bouaké,Mobile Money,Régulier,29,685939.0,23653.068965517243,2024-10-29,63,0.8055555555555556,0
2658,M,68,Abidjan,Boutique,Régulier,28,573545.0,20483.75,2024-10-11,81,0.7777777777777778,0
2659,F,37,Bouaké,Réseaux sociaux,VIP,29,592476.0,20430.206896551725,2024-10-25,67,0.8055555555555556,0
2661,M,31,Yamoussoukro,Site Web,Régulier,32,1307465.0,40858.28125,2024-11-11,50,0.8888888888888888,0
2662,F,23,Abidjan,Mobile Money,Occasionnel,28,652836.0,23315.571428571428,2024-12-11,20,0.7777777777777778,0
2663,F,29,Abidjan,Réseaux sociaux,Nouveau,24,658169.0,27423.708333333332,2024-10-20,72,0.6666666666666666,0
2664,F,29,Abidjan,Mobile Money,Régulier,29,773564.0,26674.620689655174,2024-11-23,38,0.8055555555555556,0
2665,F,27,Abidjan,Boutique,Fidèle,34,1399282.0,41155.35294117647,2024-12-16,15,0.9444444444444444,0
2666,M,18,Abidjan,Mobile Money,Fidèle,36,1163624.0,32322.88888888889,2024-12-30,1,1.0,0
2667,M,51,Abidjan,Mobile Money,Fidèle,32,1303202.0,40725.0625,2024-08-07,146,0.8888888888888888,1
2668,F,37,Daloa,Mobile Money,Régulier,32,1165187.0,36412.09375,2024-12-01,30,0.8888888888888888,0
2669,M,31,Abidjan,Mobile Money,Occasionnel,29,891066.0,30726.41379310345,2024-12-17,14,0.8055555555555556,0
2670,F,42,Daloa,Réseaux sociaux,Fidèle,38,1156717.0,30439.92105263158,2024-12-02,29,1.0555555555555556,0
2671,M,39,Bouaké,Mobile Money,Nouveau,1,21261.0,21261.0,2024-08-14,139,0.027777777777777776,1
2672,F,37,Abidjan,Partenaire,Nouveau,33,1163570.0,35259.69696969697,2024-12-18,13,0.9166666666666666,0
2673,F,41,Bouaké,Boutique,Occasionnel,36,1106828.0,30745.222222222223,2024-10-09,83,1.0,0
2674,F,35,Abidjan,Mobile Money,Occasionnel,18,517576.0,28754.222222222223,2024-11-18,43,0.5,0
2675,M,41,Yamoussoukro,Boutique,Régulier,34,1077475.0,31690.441176470587,2024-12-09,22,0.9444444444444444,0
2676,F,42,Daloa,Mobile Money,Régulier,35,1008400.0,28811.428571428572,2024-12-04,27,0.9722222222222222,0
2677,F,35,Daloa,Réseaux sociaux,Nouveau,25,840860.0,33634.4,2024-12-29,2,0.6944444444444444,0
2678,M,31,Abidjan,Mobile Money,Régulier,38,1084160.0,28530.526315789473,2024-12-03,28,1.0555555555555556,0
2679,M,50,Yamoussoukro,Réseaux sociaux,Régulier,37,866599.0,23421.594594594593,2024-12-12,19,1.0277777777777777,0
2680,F,28,Abidjan,Mobile Money,VIP,31,720925.0,23255.645161290322,2024-12-23,8,0.8611111111111112,0
2681,M,38,Abidjan,Mobile Money,Nouveau,20,318700.0,15935.0,2024-12-21,10,0.5555555555555556,0
2682,M,38,Abidjan,Mobile Money,Régulier,32,920911.0,28778.46875,2024-12-21,10,0.8888888888888888,0
2683,F,27,Abidjan,Site Web,Régulier,5,155908.0,31181.6,2024-07-11,173,0.1388888888888889,1
2684,M,25,Bouaké,Boutique,Occasionnel,40,1185557.0,29638.925,2024-12-09,22,1.1111111111111112,0
2685,F,30,Korhogo,Partenaire,Nouveau,39,1038584.0,26630.358974358973,2024-12-05,26,1.0833333333333333,0
2686,M,28,Abidjan,Boutique,Nouveau,34,1078001.0,31705.91176470588,2024-12-15,16,0.9444444444444444,0
2687,F,18,Bouaké,Mobile Money,Nouveau,1,50274.0,50274.0,2022-08-29,855,0.027777777777777776,1
2688,M,26,Bouaké,Site Web,Occasionnel,30,1124071.0,37469.03333333333,2024-11-07,54,0.8333333333333334,0
2689,F,36,Man,Boutique,Régulier,2,18042.0,9021.0,2023-11-28,399,0.05555555555555555,1
2690,F,47,Yamoussoukro,Réseaux sociaux,Occasionnel,28,822465.0,29373.75,2024-09-15,107,0.7777777777777778,1
2691,M,40,Abidjan,Boutique,Régulier,26,825970.0,31768.076923076922,2024-11-03,58,0.7222222222222222,0
2692,F,18,Abidjan,Site Web,Nouveau,28,825019.0,29464.964285714286,2024-11-01,60,0.7777777777777778,0
2693,M,41,Bouaké,Mobile Money,Nouveau,30,796675.0,26555.833333333332,2024-05-21,224,0.8333333333333334,1
2694,M,27,Abidjan,Partenaire,Régulier,36,1041904.0,28941.777777777777,2024-12-20,11,1.0,0
2695,M,38,Man,Mobile Money,Régulier,1,4669.0,4669.0,2024-11-02,59,0.027777777777777776,1
2696,F,33,Man,Réseaux sociaux,Régulier,2,76650.0,38325.0,2024-11-07,54,0.05555555555555555,0
2697,M,31,Divo,Mobile Money,Régulier,32,1178902.0,36840.6875,2024-12-30,1,0.8888888888888888,0
2698,F,32,Abidjan,Site Web,VIP,31,1398705.0,45119.51612903226,2024-11-22,39,0.8611111111111112,0
2699,F,33,Yamoussoukro,Réseaux sociaux,Fidèle,32,730750.0,22835.9375,2024-12-22,9,0.8888888888888888,0
2700,M,48,Yamoussoukro,Réseaux sociaux,Régulier,32,1224222.0,38256.9375,2024-12-04,27,0.8888888888888888,0
2701,M,33,Abidjan,Boutique,Nouveau,34,1192504.0,35073.64705882353,2024-12-11,20,0.9444444444444444,0
2702,M,45,Abidjan,Boutique,Nouveau,28,575524.0,20554.428571428572,2024-12-07,24,0.7777777777777778,0
2703,F,44,Abidjan,Réseaux sociaux,Régulier,33,588435.0,17831.363636363636,2024-11-10,51,0.9166666666666666,1
2704,M,41,Abidjan,Boutique,Occasionnel,3,155662.0,51887.333333333336,2023-12-18,379,0.08333333333333333,1
2705,M,18,Divo,Site Web,Nouveau,29,825432.0,28463.172413793105,2024-11-23,38,0.8055555555555556,0
2706,F,46,San-Pédro,Mobile Money,Nouveau,31,780456.0,25176.0,2024-10-22,70,0.8611111111111112,0
2708,F,41,Abidjan,Boutique,Nouveau,21,593346.0,28254.571428571428,2024-10-30,62,0.5833333333333334,0
2709,F,23,Abidjan,Site Web,Régulier,25,735101.0,29404.04,2024-11-04,57,0.6944444444444444,0
2710,M,20,Abidjan,Mobile Money,Fidèle,1,198374.0,198374.0,2023-06-21,559,0.027777777777777776,1
2711,M,55,Abidjan,Boutique,Régulier,37,1165469.0,31499.162162162163,2024-10-23,69,1.0277777777777777,0
2712,F,23,Bouaké,Réseaux sociaux,Nouveau,33,1168560.0,35410.90909090909,2024-12-07,24,0.9166666666666666,0
2713,F,46,Yamoussoukro,Boutique,Fidèle,22,712342.0,32379.18181818182,2024-12-26,5,0.6111111111111112,0
2714,F,35,San-Pédro,Réseaux sociaux,Régulier,20,489564.0,24478.2,2024-09-28,94,0.5555555555555556,1
2715,M,29,Korhogo,Mobile Money,Nouveau,35,1042995.0,29799.85714285714,2024-12-14,17,0.9722222222222222,0
2716,F,33,Abidjan,Boutique,Régulier,23,818187.0,35573.34782608696,2024-09-29,93,0.6388888888888888,1
2717,F,19,Daloa,Boutique,Nouveau,24,493629.0,20567.875,2024-12-14,17,0.6666666666666666,0
2718,M,33,Abidjan,Boutique,Régulier,2,18543.0,9271.5,2023-02-08,692,0.05555555555555555,1
2719,F,22,Abidjan,Site Web,Fidèle,32,1334339.0,41698.09375,2024-12-26,5,0.8888888888888888,0
2720,M,29,Abidjan,Mobile Money,Occasionnel,29,570578.0,19675.103448275862,2024-12-01,30,0.8055555555555556,0
2721,F,44,Abidjan,Boutique,VIP,27,724053.0,26816.777777777777,2024-12-07,24,0.75,1
2722,M,36,Abidjan,Mobile Money,Occasionnel,35,1058094.0,30231.257142857143,2024-11-07,54,0.9722222222222222,0
2723,F,18,Abidjan,Site Web,Fidèle,35,1047783.0,29936.657142857144,2024-12-15,16,0.9722222222222222,0
2724,F,43,Abidjan,Réseaux sociaux,Régulier,1,8294.0,8294.0,2024-01-03,363,0.027777777777777776,1
2725,F,33,Man,Mobile Money,Nouveau,1,35049.0,35049.0,2022-05-19,957,0.027777777777777776,1
2727,M,42,Abidjan,Boutique,Fidèle,38,1147524.0,30198.0,2024-11-29,32,1.0555555555555556,0
2728,F,32,Abengourou,Site Web,Occasionnel,35,867332.0,24780.914285714287,2024-12-18,13,0.9722222222222222,0
2729,F,21,Bouaké,Mobile Money,Régulier,2,27090.0,13545.0,2024-01-08,358,0.05555555555555555,1
2730,M,54,Abidjan,Boutique,Nouveau,28,739621.0,26415.035714285714,2024-11-16,45,0.7777777777777778,0
2731,F,33,Man,Site Web,Nouveau,33,982515.0,29773.18181818182,2024-12-17,14,0.9166666666666666,0
2732,F,33,Abidjan,Boutique,Nouveau,29,899609.0,31021.0,2024-11-08,53,0.8055555555555556,0
2733,M,29,Abidjan,Site Web,Occasionnel,3,163292.0,54430.666666666664,2024-01-20,346,0.08333333333333333,1
2734,F,46,Abidjan,Boutique,Nouveau,27,867806.0,32140.962962962964,2024-10-24,68,0.75,0
2735,F,28,Abidjan,Partenaire,Nouveau,1,34954.0,34954.0,2023-08-26,493,0.027777777777777776,1
2736,F,18,Daloa,Mobile Money,VIP,2,303895.0,151947.5,2023-01-01,730,0.05555555555555555,1
2737,F,26,Abidjan,Mobile Money,Occasionnel,29,815783.0,28130.44827586207,2024-12-28,3,0.8055555555555556,1
2738,M,48,Bouaké,Boutique,Fidèle,23,607717.0,26422.478260869564,2024-12-04,27,0.6388888888888888,0
2739,M,43,Yamoussoukro,Boutique,Nouveau,35,944247.0,26978.485714285714,2024-12-13,18,0.9722222222222222,0
2740,M,31,Gagnoa,Site Web,Nouveau,27,871710.0,32285.555555555555,2024-12-07,24,0.75,0
2741,F,49,Abidjan,Mobile Money,Régulier,37,1106906.0,29916.37837837838,2024-11-27,34,1.0277777777777777,0
2742,M,42,Abidjan,Mobile Money,Nouveau,36,1009966.0,28054.61111111111,2024-10-15,77,1.0,0
2743,F,31,Man,Site Web,Occasionnel,24,613786.0,25574.416666666668,2024-09-24,98,0.6666666666666666,1
2744,M,32,Bouaké,Mobile Money,VIP,38,923595.0,24305.13157894737,2024-12-03,28,1.0555555555555556,0
2745,F,37,Abidjan,Site Web,Nouveau,24,555930.0,23163.75,2024-12-21,10,0.6666666666666666,0
2746,M,24,Abidjan,Site Web,Occasionnel,35,923012.0,26371.77142857143,2024-11-28,33,0.9722222222222222,0
2747,F,34,Daloa,Mobile Money,Régulier,33,969885.0,29390.454545454544,2024-12-25,6,0.9166666666666666,0
2748,F,37,Bouaké,Site Web,Nouveau,2,174652.0,87326.0,2023-10-14,444,0.05555555555555555,1
2749,F,18,Bouaké,Réseaux sociaux,Régulier,38,899489.0,23670.763157894737,2024-12-29,2,1.0555555555555556,0
2750,F,31,Korhogo,Réseaux sociaux,Occasionnel,36,917892.0,25497.0,2024-09-18,104,1.0,1
2751,F,30,Abidjan,Mobile Money,Nouveau,40,918285.0,22957.125,2024-12-29,2,1.1111111111111112,0
2752,M,45,Abidjan,Boutique,Occasionnel,28,883014.0,31536.214285714286,2024-12-20,11,0.7777777777777778,0
2753,M,18,Bouaké,Réseaux sociaux,Occasionnel,28,626213.0,22364.75,2024-10-15,77,0.7777777777777778,0
2754,F,29,Korhogo,Boutique,Régulier,29,823351.0,28391.41379310345,2024-08-09,144,0.8055555555555556,1
2755,M,28,Abidjan,Mobile Money,Fidèle,30,713490.0,23783.0,2024-11-28,33,0.8333333333333334,1
2756,M,44,Yamoussoukro,Mobile Money,Régulier,34,1009921.0,29703.558823529413,2024-12-30,1,0.9444444444444444,0
2757,M,33,Abidjan,Site Web,Occasionnel,2,126276.0,63138.0,2023-11-15,412,0.05555555555555555,1
2758,M,53,Abidjan,Site Web,VIP,23,750361.0,32624.391304347828,2024-10-01,91,0.6388888888888888,1
2759,M,41,Korhogo,Réseaux sociaux,Régulier,27,561910.0,20811.48148148148,2024-12-30,1,0.75,0
2760,M,29,Abidjan,Réseaux sociaux,Nouveau,21,614598.0,29266.571428571428,2024-12-17,14,0.5833333333333334,0
2761,M,36,Abidjan,Mobile Money,Nouveau,39,1276227.0,32723.76923076923,2024-12-23,8,1.0833333333333333,0
2762,M,30,Daloa,Site Web,Nouveau,5,184008.0,36801.6,2023-09-26,462,0.1388888888888889,1
2763,F,43,Abidjan,Mobile Money,Nouveau,30,751798.0,25059.933333333334,2024-12-18,13,0.8333333333333334,0
2764,F,19,Abidjan,Mobile Money,Occasionnel,38,1290348.0,33956.52631578947,2024-10-25,67,1.0555555555555556,0
2765,F,24,Daloa,Mobile Money,Nouveau,34,872564.0,25663.647058823528,2024-10-27,65,0.9444444444444444,0
2766,M,39,Abidjan,Partenaire,VIP,2,46542.0,23271.0,2024-06-14,200,0.05555555555555555,1
2767,F,47,Yamoussoukro,Mobile Money,Occasionnel,34,1013046.0,29795.470588235294,2024-12-14,17,0.9444444444444444,0
2768,M,18,Abidjan,Boutique,Nouveau,6,121405.0,20234.166666666668,2024-11-16,45,0.16666666666666666,0
2769,M,49,Abidjan,Boutique,VIP,36,712652.0,19795.88888888889,2024-12-11,20,1.0,0
2770,M,32,Yamoussoukro,Mobile Money,Occasionnel,1,16272.0,16272.0,2022-12-07,755,0.027777777777777776,1
2771,F,18,Abidjan,Boutique,Nouveau,3,80373.0,26791.0,2023-11-19,408,0.08333333333333333,1
2772,M,18,Korhogo,Mobile Money,Nouveau,31,816290.0,26331.935483870966,2024-11-30,31,0.8611111111111112,0
2773,M,18,Man,Boutique,Régulier,1,16808.0,16808.0,2023-04-06,635,0.027777777777777776,1
2774,F,33,San-Pédro,Boutique,Occasionnel,2,20714.0,10357.0,2024-03-19,287,0.05555555555555555,1
2775,M,33,Abidjan,Réseaux sociaux,Régulier,7,174530.0,24932.85714285714,2024-06-02,212,0.19444444444444445,1
2776,F,40,Abidjan,Site Web,Fidèle,32,943300.0,29478.125,2024-12-25,6,0.8888888888888888,0
2777,M,27,Korhogo,Réseaux sociaux,Régulier,24,818772.0,34115.5,2024-11-22,39,0.6666666666666666,0
2778,F,21,Abidjan,Boutique,Fidèle,34,1206263.0,35478.32352941176,2024-12-11,20,0.9444444444444444,0
2779,F,29,Yamoussoukro,Mobile Money,Régulier,26,848345.0,32628.653846153848,2024-11-16,45,0.7222222222222222,0
2780,F,34,San-Pédro,Boutique,Régulier,29,665892.0,22961.793103448275,2024-09-25,97,0.8055555555555556,1
2781,F,36,Abidjan,Partenaire,Nouveau,36,1029904.0,28608.444444444445,2024-11-17,44,1.0,0
2782,F,25,Abidjan,Mobile Money,Occasionnel,1,112189.0,112189.0,2024-12-24,7,0.027777777777777776,0
2783,M,43,Bouaké,Mobile Money,Occasionnel,22,565418.0,25700.81818181818,2024-10-10,82,0.6111111111111112,0
2784,F,27,Bouaké,Partenaire,Occasionnel,21,423722.0,20177.238095238095,2024-10-03,89,0.5833333333333334,0
2785,F,24,Abidjan,Partenaire,Occasionnel,37,743628.0,20098.054054054053,2024-12-29,2,1.0277777777777777,1
2786,M,28,Bouaké,Mobile Money,Régulier,33,877315.0,26585.303030303032,2024-11-24,37,0.9166666666666666,0
2787,M,45,Daloa,Site Web,Occasionnel,34,1235010.0,36323.82352941176,2024-12-28,3,0.9444444444444444,0
2788,M,32,Abidjan,Boutique,Occasionnel,27,1144225.0,42378.7037037037,2024-10-29,63,0.75,0
2789,M,26,Abidjan,Boutique,Occasionnel,28,781485.0,27910.178571428572,2024-12-05,26,0.7777777777777778,0
2790,F,44,Yamoussoukro,Boutique,Fidèle,3,39462.0,13154.0,2024-09-22,100,0.08333333333333333,1
2791,M,57,Daloa,Partenaire,Occasionnel,24,850226.0,35426.083333333336,2024-11-18,43,0.6666666666666666,0
2792,F,36,Divo,Mobile Money,Régulier,31,998822.0,32220.064516129034,2024-12-11,20,0.8611111111111112,0
2793,M,47,Abidjan,Site Web,Régulier,37,1171152.0,31652.756756756757,2024-11-30,31,1.0277777777777777,1
2794,M,45,Korhogo,Mobile Money,Occasionnel,26,909279.0,34972.269230769234,2024-12-20,11,0.7222222222222222,1
2795,M,27,Daloa,Site Web,Régulier,22,477692.0,21713.272727272728,2024-12-29,2,0.6111111111111112,0
2796,M,34,Yamoussoukro,Site Web,Fidèle,2,39891.0,19945.5,2024-02-08,327,0.05555555555555555,1
2797,M,19,Abidjan,Site Web,Régulier,41,1299648.0,31698.731707317074,2024-10-26,66,1.1388888888888888,0
2798,F,31,Abidjan,Partenaire,Fidèle,30,971422.0,32380.733333333334,2024-11-23,38,0.8333333333333334,0
2799,M,27,Abidjan,Site Web,Occasionnel,42,696791.0,16590.261904761905,2024-11-16,45,1.1666666666666667,0
2800,M,29,Abidjan,Site Web,Fidèle,35,1029506.0,29414.457142857143,2024-12-06,25,0.9722222222222222,0
2801,M,25,Abidjan,Mobile Money,Fidèle,25,836272.0,33450.88,2024-12-15,16,0.6944444444444444,0
2802,F,30,Man,Partenaire,Régulier,27,909447.0,33683.22222222222,2024-12-04,27,0.75,0
2803,F,39,Abidjan,Boutique,Fidèle,27,623594.0,23096.074074074073,2024-12-27,4,0.75,0
2804,M,32,Man,Boutique,Régulier,25,797125.0,31885.0,2024-11-02,59,0.6944444444444444,1
2805,F,18,Abidjan,Boutique,Occasionnel,24,506735.0,21113.958333333332,2024-09-09,113,0.6666666666666666,1
2806,F,25,San-Pédro,Boutique,Occasionnel,35,1360300.0,38865.71428571428,2024-11-22,39,0.9722222222222222,0
2807,F,18,Abidjan,Boutique,Occasionnel,31,850780.0,27444.516129032258,2024-12-09,22,0.8611111111111112,0
2808,M,36,Bouaké,Boutique,Régulier,34,1250527.0,36780.205882352944,2024-10-16,76,0.9444444444444444,0
2809,F,39,Bouaké,Mobile Money,Nouveau,29,813399.0,28048.241379310344,2024-12-23,8,0.8055555555555556,0
2810,F,36,Man,Partenaire,Régulier,5,94220.0,18844.0,2024-05-31,214,0.1388888888888889,1
2811,F,25,Abidjan,Partenaire,Occasionnel,31,1007226.0,32491.16129032258,2024-12-18,13,0.8611111111111112,0
2812,M,36,Abidjan,Boutique,Occasionnel,25,724445.0,28977.8,2024-12-23,8,0.6944444444444444,0
2813,M,28,Divo,Partenaire,Nouveau,22,579932.0,26360.545454545456,2024-09-16,106,0.6111111111111112,1
2814,F,21,Abidjan,Boutique,Nouveau,31,684184.0,22070.451612903227,2024-12-22,9,0.8611111111111112,0
2815,F,42,Bouaké,Boutique,Régulier,4,52497.0,13124.25,2024-12-22,9,0.1111111111111111,0
2816,M,42,Abidjan,Réseaux sociaux,Occasionnel,21,825043.0,39287.76190476191,2024-11-04,57,0.5833333333333334,0
2817,F,44,Abidjan,Site Web,Nouveau,3,128598.0,42866.0,2024-03-14,292,0.08333333333333333,1
2818,M,27,Bouaké,Site Web,Nouveau,34,916104.0,26944.235294117647,2024-11-19,42,0.9444444444444444,0
2819,F,46,Bouaké,Boutique,Occasionnel,23,585737.0,25466.82608695652,2024-11-26,35,0.6388888888888888,0
2820,M,28,Bouaké,Boutique,Nouveau,28,978818.0,34957.78571428572,2024-11-24,37,0.7777777777777778,1
2821,F,41,Abidjan,Mobile Money,Nouveau,30,1018826.0,33960.86666666667,2024-12-17,14,0.8333333333333334,0
2822,M,28,Daloa,Partenaire,Régulier,28,925821.0,33065.03571428572,2024-12-03,28,0.7777777777777778,0
2823,F,31,Abengourou,Mobile Money,Régulier,33,1057523.0,32046.151515151516,2024-12-29,2,0.9166666666666666,0
2824,M,18,Abidjan,Boutique,VIP,34,954205.0,28064.852941176472,2024-11-29,32,0.9444444444444444,0
2825,M,30,Abidjan,Mobile Money,Nouveau,1,31827.0,31827.0,2022-10-08,815,0.027777777777777776,1
2826,M,35,Abidjan,Site Web,Nouveau,34,1383649.0,40695.55882352941,2024-12-30,1,0.9444444444444444,0
2827,F,29,Daloa,Boutique,Nouveau,29,852378.0,29392.344827586207,2024-10-02,90,0.8055555555555556,0
2828,F,53,Abidjan,Site Web,Régulier,3,138543.0,46181.0,2024-08-31,122,0.08333333333333333,1
2829,M,21,Yamoussoukro,Boutique,Nouveau,39,1262696.0,32376.82051282051,2024-12-27,4,1.0833333333333333,0
2830,M,27,Abidjan,Mobile Money,Nouveau,32,761521.0,23797.53125,2024-11-19,42,0.8888888888888888,0
2831,F,24,Bouaké,Mobile Money,Occasionnel,25,890605.0,35624.2,2024-10-17,75,0.6944444444444444,0
2832,F,27,San-Pédro,Mobile Money,Occasionnel,22,799064.0,36321.09090909091,2024-12-28,3,0.6111111111111112,1
2833,F,45,Abidjan,Site Web,Occasionnel,5,152442.0,30488.4,2024-06-02,212,0.1388888888888889,1
2834,M,50,Abidjan,Réseaux sociaux,Régulier,3,30166.0,10055.333333333334,2023-06-10,570,0.08333333333333333,1
2835,M,26,Abidjan,Boutique,Fidèle,33,647303.0,19615.242424242424,2024-11-07,54,0.9166666666666666,0
2836,M,26,Abidjan,Boutique,Occasionnel,4,142673.0,35668.25,2024-12-16,15,0.1111111111111111,0
2837,M,21,Abidjan,Mobile Money,Nouveau,32,1039759.0,32492.46875,2024-12-16,15,0.8888888888888888,0
2838,F,48,San-Pédro,Réseaux sociaux,Occasionnel,31,1069533.0,34501.06451612903,2024-12-27,4,0.8611111111111112,0
2839,F,46,Abidjan,Partenaire,Nouveau,36,944955.0,26248.75,2024-12-26,5,1.0,0
2840,F,32,Abidjan,Site Web,Nouveau,35,759121.0,21689.17142857143,2024-12-24,7,0.9722222222222222,0
2841,M,18,Abidjan,Mobile Money,Occasionnel,28,719799.0,25707.10714285714,2024-12-01,30,0.7777777777777778,0
2842,F,19,Abidjan,Boutique,Nouveau,37,924414.0,24984.162162162163,2024-11-22,39,1.0277777777777777,1
2843,F,35,Man,Partenaire,Nouveau,4,101302.0,25325.5,2024-05-19,226,0.1111111111111111,1
2844,F,40,Abidjan,Mobile Money,Régulier,29,702086.0,24209.862068965518,2024-12-05,26,0.8055555555555556,1
2845,F,18,Abidjan,Site Web,Régulier,4,56256.0,14064.0,2024-10-19,73,0.1111111111111111,1
2846,M,30,Abidjan,Partenaire,Nouveau,28,625173.0,22327.60714285714,2024-11-26,35,0.7777777777777778,0
2847,F,51,Gagnoa,Site Web,Occasionnel,39,905821.0,23226.17948717949,2024-12-19,12,1.0833333333333333,0
2848,F,31,San-Pédro,Site Web,VIP,39,1306233.0,33493.153846153844,2024-12-25,6,1.0833333333333333,0
2849,M,50,Abidjan,Boutique,Nouveau,37,1173213.0,31708.45945945946,2024-12-27,4,1.0277777777777777,0
2850,F,41,Bouaké,Partenaire,Régulier,4,257586.0,64396.5,2024-11-21,40,0.1111111111111111,0
2851,F,22,Daloa,Boutique,Nouveau,26,700210.0,26931.153846153848,2024-09-13,109,0.7222222222222222,1
2852,F,30,Daloa,Réseaux sociaux,Fidèle,32,1612003.0,50375.09375,2024-12-17,14,0.8888888888888888,0
2853,M,32,Abidjan,Boutique,Nouveau,38,1065211.0,28031.86842105263,2024-11-23,38,1.0555555555555556,0
2854,F,23,Daloa,Site Web,Nouveau,35,1131572.0,32330.628571428573,2024-11-17,44,0.9722222222222222,0
2855,M,23,Bouaké,Réseaux sociaux,VIP,38,1038273.0,27322.973684210527,2024-12-07,24,1.0555555555555556,0
2856,M,50,Abidjan,Boutique,Régulier,3,76633.0,25544.333333333332,2024-07-06,178,0.08333333333333333,1
2857,M,23,Abidjan,Mobile Money,Nouveau,35,1043995.0,29828.428571428572,2024-12-22,9,0.9722222222222222,0
2858,F,45,Abidjan,Mobile Money,Régulier,25,580246.0,23209.84,2024-10-16,76,0.6944444444444444,0
2859,M,29,Abidjan,Réseaux sociaux,Fidèle,31,804749.0,25959.645161290322,2024-12-17,14,0.8611111111111112,1
2860,F,33,Abidjan,Site Web,Occasionnel,1,49916.0,49916.0,2024-01-16,350,0.027777777777777776,1
2861,F,40,San-Pédro,Mobile Money,Nouveau,31,960721.0,30991.0,2024-11-09,52,0.8611111111111112,0
2862,M,27,San-Pédro,Réseaux sociaux,Nouveau,29,796794.0,27475.655172413793,2024-10-31,61,0.8055555555555556,0
2863,F,40,Abidjan,Partenaire,Fidèle,2,49693.0,24846.5,2024-08-18,135,0.05555555555555555,1
2864,F,18,Abidjan,Réseaux sociaux,Nouveau,33,610307.0,18494.151515151516,2024-11-16,45,0.9166666666666666,0
2865,F,38,Yamoussoukro,Site Web,Nouveau,35,868557.0,24815.914285714287,2024-12-25,6,0.9722222222222222,0
2866,F,18,Abidjan,Partenaire,Nouveau,26,1241869.0,47764.192307692305,2024-11-07,54,0.7222222222222222,0
2867,F,31,Abidjan,Réseaux sociaux,Nouveau,4,138619.0,34654.75,2023-03-23,649,0.1111111111111111,1
2868,M,43,San-Pédro,Mobile Money,Occasionnel,33,731696.0,22172.60606060606,2024-12-29,2,0.9166666666666666,0
2869,M,40,Abidjan,Partenaire,Occasionnel,37,1013696.0,27397.18918918919,2024-11-25,36,1.0277777777777777,1
2870,F,19,Abidjan,Boutique,Nouveau,25,732150.0,29286.0,2024-07-06,178,0.6944444444444444,1
2871,M,21,Daloa,Partenaire,Nouveau,36,807131.0,22420.305555555555,2024-11-06,55,1.0,0
2872,F,26,Bouaké,Site Web,Nouveau,39,1190179.0,30517.410256410258,2024-12-01,30,1.0833333333333333,0
2873,F,36,Abidjan,Site Web,Nouveau,24,669024.0,27876.0,2024-09-28,94,0.6666666666666666,1
2874,F,18,Yamoussoukro,Mobile Money,Nouveau,24,715343.0,29805.958333333332,2024-12-17,14,0.6666666666666666,0
2875,F,33,Man,Mobile Money,Régulier,24,666404.0,27766.833333333332,2024-09-30,92,0.6666666666666666,1
2876,F,37,Abidjan,Mobile Money,Nouveau,3,39306.0,13102.0,2022-10-16,807,0.08333333333333333,1
2877,F,30,Bouaké,Site Web,Nouveau,36,1012054.0,28112.61111111111,2024-11-09,52,1.0,0
2878,F,39,Abidjan,Réseaux sociaux,Occasionnel,32,813673.0,25427.28125,2024-09-17,105,0.8888888888888888,1
2879,M,36,Abidjan,Mobile Money,Régulier,25,707110.0,28284.4,2024-11-30,31,0.6944444444444444,0
2880,F,28,Abidjan,Mobile Money,Régulier,34,914575.0,26899.264705882353,2024-12-22,9,0.9444444444444444,0
2881,F,18,Abidjan,Site Web,VIP,4,55063.0,13765.75,2023-09-22,466,0.1111111111111111,1
2882,F,35,Abidjan,Mobile Money,Nouveau,4,56607.0,14151.75,2024-06-17,197,0.1111111111111111,1
2883,M,23,San-Pédro,Mobile Money,Nouveau,22,671150.0,30506.81818181818,2024-12-11,20,0.6111111111111112,0
2884,F,27,Abidjan,Mobile Money,Nouveau,27,724300.0,26825.925925925927,2024-12-13,18,0.75,0
2885,M,39,Korhogo,Site Web,Nouveau,33,710171.0,21520.333333333332,2024-10-24,68,0.9166666666666666,0
2886,F,49,Abidjan,Boutique,VIP,38,1465820.0,38574.21052631579,2024-12-30,1,1.0555555555555556,0
2887,F,33,San-Pédro,Réseaux sociaux,Occasionnel,33,991919.0,30058.151515151516,2024-11-20,41,0.9166666666666666,0
2888,M,40,Abidjan,Mobile Money,Régulier,24,1076654.0,44860.583333333336,2024-12-18,13,0.6666666666666666,0
2889,F,18,Abidjan,Mobile Money,VIP,27,952962.0,35294.88888888889,2024-12-21,10,0.75,0
2890,F,36,Yamoussoukro,Site Web,Fidèle,25,752612.0,30104.48,2024-12-28,3,0.6944444444444444,0
2891,F,33,Daloa,Partenaire,Occasionnel,31,941263.0,30363.322580645163,2024-12-18,13,0.8611111111111112,0
2892,M,47,Abidjan,Boutique,Fidèle,28,777409.0,27764.60714285714,2024-12-14,17,0.7777777777777778,0
2893,M,28,Abidjan,Réseaux sociaux,Occasionnel,31,964635.0,31117.25806451613,2024-11-12,49,0.8611111111111112,0
2894,M,31,Bouaké,Site Web,Nouveau,26,870217.0,33469.88461538462,2024-12-09,22,0.7222222222222222,0
2895,M,45,Bouaké,Réseaux sociaux,Occasionnel,33,854786.0,25902.60606060606,2024-11-19,42,0.9166666666666666,0
2896,F,32,Abidjan,Boutique,Fidèle,30,1342880.0,44762.666666666664,2024-12-03,28,0.8333333333333334,0
2897,M,21,Daloa,Mobile Money,Régulier,32,1660223.0,51881.96875,2024-09-22,100,0.8888888888888888,1
2898,F,62,Abidjan,Mobile Money,Occasionnel,28,810546.0,28948.071428571428,2024-12-03,28,0.7777777777777778,0
2899,M,22,Abidjan,Site Web,Fidèle,29,706415.0,24359.137931034482,2024-12-17,14,0.8055555555555556,0
2900,F,33,Bouaké,Réseaux sociaux,Occasionnel,41,916040.0,22342.439024390245,2024-12-08,23,1.1388888888888888,0
2901,F,37,Abengourou,Boutique,Régulier,6,269548.0,44924.666666666664,2024-05-07,238,0.16666666666666666,1
2902,M,36,Abidjan,Mobile Money,Nouveau,3,69320.0,23106.666666666668,2023-04-27,614,0.08333333333333333,1
2903,F,31,Abidjan,Mobile Money,Nouveau,31,1085103.0,35003.32258064516,2024-11-18,43,0.8611111111111112,0
2904,M,31,Abidjan,Boutique,Nouveau,24,411566.0,17148.583333333332,2024-12-28,3,0.6666666666666666,0
2905,F,31,Yamoussoukro,Réseaux sociaux,Fidèle,6,158366.0,26394.333333333332,2024-07-28,156,0.16666666666666666,1
2906,M,21,Abidjan,Boutique,VIP,29,825687.0,28471.96551724138,2024-12-17,14,0.8055555555555556,0
2907,M,57,Abidjan,Site Web,Nouveau,31,1010740.0,32604.516129032258,2024-12-24,7,0.8611111111111112,0
2908,F,31,Abidjan,Boutique,Nouveau,41,1248113.0,30441.780487804877,2024-12-05,26,1.1388888888888888,0
2909,M,40,Korhogo,Réseaux sociaux,Nouveau,28,581965.0,20784.464285714286,2024-12-28,3,0.7777777777777778,0
2910,M,30,Abidjan,Réseaux sociaux,Régulier,4,235254.0,58813.5,2024-11-14,47,0.1111111111111111,0
2911,M,30,Bouaké,Mobile Money,Occasionnel,31,1201646.0,38762.77419354839,2024-12-09,22,0.8611111111111112,0
2912,F,28,Abidjan,Site Web,Occasionnel,4,58183.0,14545.75,2024-11-10,51,0.1111111111111111,1
2913,M,18,Abidjan,Réseaux sociaux,Nouveau,21,885667.0,42174.619047619046,2024-12-17,14,0.5833333333333334,0
2914,M,32,Abidjan,Partenaire,Nouveau,25,609667.0,24386.68,2024-12-25,6,0.6944444444444444,0
2915,F,29,Abidjan,Boutique,Fidèle,39,1736370.0,44522.307692307695,2024-12-30,1,1.0833333333333333,0
2916,F,46,Abidjan,Mobile Money,Occasionnel,3,71954.0,23984.666666666668,2024-05-03,242,0.08333333333333333,1
2917,F,20,Abidjan,Boutique,Nouveau,3,74472.0,24824.0,2024-11-15,46,0.08333333333333333,0
2918,M,27,Abidjan,Site Web,Nouveau,25,1037982.0,41519.28,2024-12-02,29,0.6944444444444444,0
2919,F,24,Abidjan,Mobile Money,Nouveau,4,27127.0,6781.75,2023-08-24,495,0.1111111111111111,1
2920,M,49,Abidjan,Partenaire,Nouveau,5,71977.0,14395.4,2024-11-08,53,0.1388888888888889,1
2921,M,24,Abidjan,Mobile Money,Nouveau,2,102125.0,51062.5,2022-09-02,851,0.05555555555555555,1
2922,F,40,Abidjan,Réseaux sociaux,Régulier,30,699634.0,23321.133333333335,2024-12-13,18,0.8333333333333334,0
2923,F,44,Abidjan,Boutique,Nouveau,3,47301.0,15767.0,2023-10-28,430,0.08333333333333333,1
2924,M,32,Yamoussoukro,Mobile Money,Occasionnel,26,1258868.0,48418.0,2024-12-01,30,0.7222222222222222,0
2925,F,18,Man,Boutique,Occasionnel,29,1123744.0,38749.793103448275,2024-12-15,16,0.8055555555555556,0
2926,M,18,Bouaké,Site Web,Nouveau,43,1467959.0,34138.58139534884,2024-11-29,32,1.1944444444444444,0
2927,M,43,Abidjan,Réseaux sociaux,Occasionnel,33,920587.0,27896.575757575756,2024-11-14,47,0.9166666666666666,0
2928,M,20,Abengourou,Boutique,Fidèle,3,191872.0,63957.333333333336,2023-07-18,532,0.08333333333333333,1
2929,F,38,Gagnoa,Mobile Money,Nouveau,25,597781.0,23911.24,2024-10-13,79,0.6944444444444444,0
2930,M,35,Abidjan,Partenaire,Régulier,30,693944.0,23131.466666666667,2024-11-26,35,0.8333333333333334,0
2931,M,38,Abidjan,Boutique,Nouveau,3,172409.0,57469.666666666664,2024-11-18,43,0.08333333333333333,0
2932,F,39,Yamoussoukro,Mobile Money,Nouveau,32,1045041.0,32657.53125,2024-12-21,10,0.8888888888888888,0
2933,M,23,Gagnoa,Réseaux sociaux,Nouveau,28,798110.0,28503.928571428572,2024-12-06,25,0.7777777777777778,1
2934,M,23,Daloa,Mobile Money,Régulier,32,1152020.0,36000.625,2024-12-25,6,0.8888888888888888,0
2935,M,41,Bouaké,Mobile Money,Occasionnel,23,957874.0,41646.69565217391,2024-12-14,17,0.6388888888888888,0
2936,F,27,Bouaké,Boutique,Régulier,41,971885.0,23704.51219512195,2024-12-16,15,1.1388888888888888,0
2937,F,18,Gagnoa,Site Web,Nouveau,1,21070.0,21070.0,2023-07-13,537,0.027777777777777776,1
2938,F,41,Abidjan,Boutique,Régulier,36,766394.0,21288.722222222223,2024-12-15,16,1.0,0
2939,F,22,Abidjan,Partenaire,Nouveau,33,1302755.0,39477.42424242424,2024-12-24,7,0.9166666666666666,0
2940,F,39,San-Pédro,Mobile Money,Nouveau,41,1061839.0,25898.51219512195,2024-11-19,42,1.1388888888888888,0
2941,M,49,Abidjan,Partenaire,Régulier,3,39898.0,13299.333333333334,2024-05-01,244,0.08333333333333333,1
2942,F,34,Abidjan,Mobile Money,Nouveau,33,1187504.0,35984.969696969696,2024-12-24,7,0.9166666666666666,0
2944,F,35,Abidjan,Mobile Money,Occasionnel,27,662136.0,24523.555555555555,2024-12-23,8,0.75,0
2945,F,51,Abidjan,Mobile Money,Régulier,35,791858.0,22624.514285714286,2024-12-19,12,0.9722222222222222,0
2946,F,22,Bouaké,Boutique,Régulier,28,904360.0,32298.571428571428,2024-12-16,15,0.7777777777777778,0
2947,F,33,Abidjan,Réseaux sociaux,Nouveau,26,824501.0,31711.576923076922,2024-09-15,107,0.7222222222222222,1
2948,M,41,Bouaké,Réseaux sociaux,Nouveau,39,960421.0,24626.17948717949,2024-11-30,31,1.0833333333333333,0
2949,M,31,Abidjan,Site Web,Occasionnel,37,1233850.0,33347.2972972973,2024-12-28,3,1.0277777777777777,0
2950,M,46,Divo,Mobile Money,Nouveau,26,694947.0,26728.73076923077,2024-10-30,62,0.7222222222222222,0
2951,F,29,Bouaké,Réseaux sociaux,Nouveau,32,1168146.0,36504.5625,2024-12-21,10,0.8888888888888888,0
2952,M,56,Gagnoa,Boutique,Nouveau,32,833459.0,26045.59375,2024-12-24,7,0.8888888888888888,0
2953,F,57,Abidjan,Site Web,Occasionnel,26,847489.0,32595.73076923077,2024-12-20,11,0.7222222222222222,0
2954,M,37,Abidjan,Site Web,Occasionnel,30,572270.0,19075.666666666668,2024-12-26,5,0.8333333333333334,0
2955,F,40,Daloa,Mobile Money,Nouveau,2,40244.0,20122.0,2024-07-13,171,0.05555555555555555,1
2956,F,47,San-Pédro,Boutique,Nouveau,1,9267.0,9267.0,2024-01-06,360,0.027777777777777776,1
2957,F,20,Abidjan,Partenaire,Nouveau,22,405122.0,18414.636363636364,2024-11-21,40,0.6111111111111112,0
2958,F,19,Bouaké,Mobile Money,Nouveau,26,825892.0,31765.076923076922,2024-12-08,23,0.7222222222222222,0
2959,F,47,Yamoussoukro,Site Web,Régulier,3,83250.0,27750.0,2024-12-11,20,0.08333333333333333,0
2960,M,37,Abidjan,Partenaire,Nouveau,4,55859.0,13964.75,2024-07-21,163,0.1111111111111111,1
2961,M,31,Bouaké,Boutique,Nouveau,33,1133793.0,34357.36363636364,2024-12-21,10,0.9166666666666666,1
2962,M,34,Abidjan,Boutique,Fidèle,23,466875.0,20298.91304347826,2024-12-17,14,0.6388888888888888,0
2963,F,18,Abidjan,Boutique,Occasionnel,44,1108982.0,25204.136363636364,2024-12-14,17,1.2222222222222223,0
2964,M,31,Korhogo,Réseaux sociaux,Nouveau,30,970621.0,32354.033333333333,2024-12-14,17,0.8333333333333334,0
2965,F,25,Abidjan,Boutique,Régulier,29,815126.0,28107.793103448275,2024-11-28,33,0.8055555555555556,0
2966,M,44,Daloa,Boutique,Régulier,33,834537.0,25289.0,2024-11-05,56,0.9166666666666666,0
2967,F,44,Yamoussoukro,Mobile Money,Fidèle,34,1324142.0,38945.35294117647,2024-11-16,45,0.9444444444444444,0
2968,F,40,Abengourou,Partenaire,Fidèle,25,1079994.0,43199.76,2024-11-22,39,0.6944444444444444,0
2969,M,38,Abidjan,Réseaux sociaux,Régulier,35,729528.0,20843.657142857144,2024-12-25,6,0.9722222222222222,0
2970,F,18,Abidjan,Site Web,Nouveau,39,1378409.0,35343.820512820515,2024-12-21,10,1.0833333333333333,0
2971,F,40,Abidjan,Partenaire,Occasionnel,41,1203845.0,29362.073170731706,2024-12-14,17,1.1388888888888888,0
2972,M,40,Bouaké,Site Web,Nouveau,27,725085.0,26855.0,2024-10-23,69,0.75,0
2973,F,47,Abidjan,Partenaire,Occasionnel,4,122382.0,30595.5,2023-10-20,438,0.1111111111111111,1
2974,M,57,Yamoussoukro,Mobile Money,Fidèle,39,1246123.0,31951.871794871793,2024-11-23,38,1.0833333333333333,0
2975,F,18,Abidjan,Mobile Money,Nouveau,33,792901.0,24027.303030303032,2024-11-19,42,0.9166666666666666,0
2976,M,29,Abidjan,Réseaux sociaux,Fidèle,31,834188.0,26909.290322580644,2024-12-23,8,0.8611111111111112,0
2977,M,25,Korhogo,Boutique,Occasionnel,42,1123805.0,26757.261904761905,2024-11-20,41,1.1666666666666667,0
2978,M,35,San-Pédro,Boutique,Nouveau,1,14934.0,14934.0,2022-04-27,979,0.027777777777777776,1
2979,M,34,Abidjan,Site Web,Fidèle,7,101675.0,14525.0,2024-11-06,55,0.19444444444444445,1
2980,M,31,Yamoussoukro,Site Web,Occasionnel,43,1289913.0,29997.976744186046,2024-12-06,25,1.1944444444444444,0
2981,M,45,Abidjan,Boutique,Occasionnel,25,817829.0,32713.16,2024-08-24,129,0.6944444444444444,1
2982,F,21,Daloa,Boutique,Occasionnel,29,971959.0,33515.8275862069,2024-12-23,8,0.8055555555555556,0
2983,F,22,Abidjan,Boutique,Nouveau,20,562700.0,28135.0,2024-12-16,15,0.5555555555555556,0
2984,M,22,Abidjan,Mobile Money,Nouveau,30,920946.0,30698.2,2024-11-14,47,0.8333333333333334,0
2985,F,30,Abidjan,Mobile Money,Régulier,27,707621.0,26208.185185185186,2024-12-24,7,0.75,0
2986,F,20,Abidjan,Boutique,Fidèle,30,753947.0,25131.566666666666,2024-11-08,53,0.8333333333333334,0
2987,F,33,Daloa,Site Web,Régulier,36,912436.0,25345.444444444445,2024-11-16,45,1.0,0
2988,M,32,Abidjan,Boutique,Fidèle,1,22489.0,22489.0,2022-08-01,883,0.027777777777777776,1
2989,F,25,Abidjan,Boutique,Fidèle,32,767246.0,23976.4375,2024-12-04,27,0.8888888888888888,0
2990,M,43,Abidjan,Site Web,Nouveau,22,502379.0,22835.409090909092,2024-08-23,130,0.6111111111111112,1
2991,M,33,Abidjan,Mobile Money,Régulier,3,121337.0,40445.666666666664,2023-07-04,546,0.08333333333333333,1
2992,M,45,Yamoussoukro,Boutique,Régulier,31,906702.0,29248.451612903227,2024-12-05,26,0.8611111111111112,0
2993,F,31,Abidjan,Mobile Money,Nouveau,2,29378.0,14689.0,2023-11-13,414,0.05555555555555555,1
2994,M,33,Daloa,Site Web,Occasionnel,26,774982.0,29807.0,2024-10-30,62,0.7222222222222222,0
2995,M,27,San-Pédro,Mobile Money,Régulier,30,765839.0,25527.966666666667,2024-12-13,18,0.8333333333333334,0
2996,F,33,Abidjan,Boutique,VIP,27,719729.0,26656.62962962963,2024-12-18,13,0.75,0
2997,M,41,San-Pédro,Boutique,VIP,25,717998.0,28719.92,2024-12-06,25,0.6944444444444444,0
2998,F,29,Abidjan,Réseaux sociaux,Occasionnel,30,1180455.0,39348.5,2024-10-25,67,0.8333333333333334,0
2999,M,39,Abidjan,Site Web,Régulier,28,838629.0,29951.035714285714,2024-12-23,8,0.7777777777777778,0
3000,F,25,Abidjan,Partenaire,Occasionnel,31,1009399.0,32561.25806451613,2024-08-29,124,0.8611111111111112,1
3001,M,42,Abidjan,Site Web,Fidèle,3,86261.0,28753.666666666668,2023-08-26,493,0.08333333333333333,1
3002,M,27,Abidjan,Boutique,Régulier,27,659473.0,24424.925925925927,2024-12-17,14,0.75,0
3003,F,43,Abidjan,Mobile Money,Fidèle,34,846683.0,24902.441176470587,2024-11-13,48,0.9444444444444444,0
3004,M,34,San-Pédro,Mobile Money,VIP,30,1195883.0,39862.76666666667,2024-12-05,26,0.8333333333333334,0
3005,F,50,Abidjan,Mobile Money,Nouveau,3,73244.0,24414.666666666668,2024-04-12,263,0.08333333333333333,1
3006,M,21,Divo,Mobile Money,VIP,30,715895.0,23863.166666666668,2024-12-18,13,0.8333333333333334,0
3007,M,18,Abidjan,Boutique,Régulier,2,47148.0,23574.0,2024-12-01,30,0.05555555555555555,1
3008,F,27,Bouaké,Site Web,Nouveau,20,876087.0,43804.35,2024-07-17,167,0.5555555555555556,1
3009,F,18,Abidjan,Site Web,Nouveau,31,715128.0,23068.645161290322,2024-12-19,12,0.8611111111111112,0
3010,M,18,Abidjan,Mobile Money,Régulier,26,723924.0,27843.23076923077,2024-10-01,91,0.7222222222222222,1
3011,F,40,Abidjan,Boutique,Nouveau,29,1037935.0,35790.862068965514,2024-12-16,15,0.8055555555555556,0
3012,M,33,Man,Mobile Money,Nouveau,20,541995.0,27099.75,2024-11-19,42,0.5555555555555556,0
3013,M,28,Man,Boutique,Occasionnel,6,152202.0,25367.0,2023-12-02,395,0.16666666666666666,1
3014,M,29,Abidjan,Boutique,Nouveau,25,677982.0,27119.28,2024-09-20,102,0.6944444444444444,1
3015,F,27,Bouaké,Mobile Money,Occasionnel,29,1118447.0,38567.137931034486,2024-08-06,147,0.8055555555555556,1
3016,M,52,Bouaké,Mobile Money,Régulier,30,773859.0,25795.3,2024-10-06,86,0.8333333333333334,0
3017,M,25,Bouaké,Partenaire,Nouveau,29,728695.0,25127.41379310345,2024-11-30,31,0.8055555555555556,0
3018,F,19,Abidjan,Boutique,Régulier,36,990655.0,27518.194444444445,2024-12-17,14,1.0,0
3019,F,42,Yamoussoukro,Boutique,Nouveau,2,37940.0,18970.0,2023-04-09,632,0.05555555555555555,1
3020,F,31,Daloa,Mobile Money,Fidèle,4,57496.0,14374.0,2024-08-15,138,0.1111111111111111,1
3021,F,56,Abidjan,Mobile Money,Occasionnel,31,651505.0,21016.290322580644,2024-12-29,2,0.8611111111111112,0
3022,M,28,Abidjan,Boutique,Régulier,28,599239.0,21401.39285714286,2024-12-01,30,0.7777777777777778,0
3023,F,43,Abidjan,Partenaire,Régulier,29,986649.0,34022.379310344826,2024-11-23,38,0.8055555555555556,0
3024,M,45,Man,Mobile Money,Fidèle,27,809408.0,29978.074074074073,2024-10-10,82,0.75,0
3025,F,28,Abidjan,Mobile Money,Occasionnel,37,1405975.0,37999.32432432433,2024-11-07,54,1.0277777777777777,0
3026,F,25,Abidjan,Partenaire,Occasionnel,32,1084503.0,33890.71875,2024-11-25,36,0.8888888888888888,0
3027,F,42,Abidjan,Boutique,Nouveau,37,1549761.0,41885.43243243243,2024-12-18,13,1.0277777777777777,0
3028,M,40,San-Pédro,Mobile Money,Occasionnel,4,98963.0,24740.75,2024-11-20,41,0.1111111111111111,0
3029,M,18,Yamoussoukro,Site Web,Occasionnel,6,259126.0,43187.666666666664,2024-05-29,216,0.16666666666666666,1
3030,F,21,Abidjan,Boutique,Régulier,24,708954.0,29539.75,2024-12-06,25,0.6666666666666666,0
3031,M,18,Abidjan,Partenaire,Nouveau,3,68017.0,22672.333333333332,2024-03-24,282,0.08333333333333333,1
3032,F,40,Daloa,Mobile Money,Occasionnel,5,100041.0,20008.2,2023-11-27,400,0.1388888888888889,1
3033,F,31,Abidjan,Site Web,Occasionnel,29,838744.0,28922.206896551725,2024-11-05,56,0.8055555555555556,0
3034,F,32,Abidjan,Mobile Money,Occasionnel,3,23945.0,7981.666666666667,2024-02-15,320,0.08333333333333333,1
3035,M,18,Gagnoa,Réseaux sociaux,Régulier,1,26504.0,26504.0,2022-12-06,756,0.027777777777777776,1
3036,M,21,Abidjan,Réseaux sociaux,Occasionnel,33,1144572.0,34684.0,2024-11-11,50,0.9166666666666666,1
3037,M,28,Abidjan,Réseaux sociaux,Occasionnel,2,11808.0,5904.0,2024-07-04,180,0.05555555555555555,1
3038,F,26,Abidjan,Réseaux sociaux,Occasionnel,20,514852.0,25742.6,2024-09-17,105,0.5555555555555556,1
3039,F,35,Daloa,Site Web,Régulier,31,601191.0,19393.25806451613,2024-10-29,63,0.8611111111111112,0
3040,M,40,Daloa,Mobile Money,Régulier,45,1053178.0,23403.955555555556,2024-11-20,41,1.25,0
3041,F,58,Abidjan,Mobile Money,Nouveau,33,814775.0,24690.151515151516,2024-12-21,10,0.9166666666666666,0
3042,M,33,Yamoussoukro,Boutique,Nouveau,26,735012.0,28269.69230769231,2024-12-13,18,0.7222222222222222,0
3043,M,46,Korhogo,Boutique,Régulier,29,695772.0,23992.137931034482,2024-12-08,23,0.8055555555555556,0
3044,F,24,San-Pédro,Mobile Money,Régulier,5,198920.0,39784.0,2024-12-01,30,0.1388888888888889,0
3045,M,18,Abidjan,Site Web,Nouveau,3,43164.0,14388.0,2024-09-10,112,0.08333333333333333,1
3046,M,30,Abidjan,Site Web,Occasionnel,27,815982.0,30221.555555555555,2024-12-18,13,0.75,1
3047,F,18,Korhogo,Partenaire,Nouveau,36,1357393.0,37705.36111111111,2024-12-01,30,1.0,0
3048,M,34,Abidjan,Boutique,Régulier,38,1290152.0,33951.36842105263,2024-12-04,27,1.0555555555555556,0
3049,M,25,Abidjan,Site Web,Nouveau,24,727101.0,30295.875,2024-12-29,2,0.6666666666666666,0
3050,F,18,Abidjan,Site Web,Régulier,31,1186412.0,38271.354838709674,2024-11-06,55,0.8611111111111112,0
3051,M,53,San-Pédro,Partenaire,Régulier,3,38666.0,12888.666666666666,2023-09-07,481,0.08333333333333333,1
3052,F,28,Abidjan,Site Web,Fidèle,29,892273.0,30768.03448275862,2024-10-31,61,0.8055555555555556,0
3053,M,18,Abidjan,Mobile Money,VIP,33,938302.0,28433.39393939394,2024-11-17,44,0.9166666666666666,0
3054,M,43,Bouaké,Mobile Money,Occasionnel,38,824722.0,21703.21052631579,2024-11-16,45,1.0555555555555556,0
3055,M,25,Abidjan,Partenaire,Régulier,21,386144.0,18387.809523809523,2024-12-05,26,0.5833333333333334,0
3056,F,45,Abidjan,Site Web,Régulier,28,650040.0,23215.714285714286,2024-12-08,23,0.7777777777777778,0
3057,M,25,Abidjan,Réseaux sociaux,Fidèle,27,1337778.0,49547.333333333336,2024-12-12,19,0.75,0
3058,F,28,Abidjan,Site Web,Occasionnel,29,703713.0,24265.96551724138,2024-11-21,40,0.8055555555555556,0
3059,F,37,Abengourou,Site Web,Nouveau,2,13581.0,6790.5,2024-03-17,289,0.05555555555555555,1
3060,F,40,Abidjan,Site Web,VIP,24,561167.0,23381.958333333332,2024-12-25,6,0.6666666666666666,0
3061,M,42,San-Pédro,Partenaire,Nouveau,32,779896.0,24371.75,2024-12-28,3,0.8888888888888888,0
3062,F,33,Abidjan,Réseaux sociaux,VIP,26,680826.0,26185.615384615383,2024-12-22,9,0.7222222222222222,0
3063,F,39,Abidjan,Boutique,Nouveau,27,560786.0,20769.85185185185,2024-09-15,107,0.75,1
3064,M,42,Abidjan,Mobile Money,Occasionnel,28,719168.0,25684.571428571428,2024-12-18,13,0.7777777777777778,0
3065,F,36,Abidjan,Mobile Money,VIP,4,96723.0,24180.75,2023-09-08,480,0.1111111111111111,1
3066,F,32,Abidjan,Boutique,Régulier,1,8470.0,8470.0,2024-11-11,50,0.027777777777777776,1
3067,F,18,Abidjan,Réseaux sociaux,Occasionnel,35,968928.0,27683.657142857144,2024-12-22,9,0.9722222222222222,0
3068,F,40,Divo,Réseaux sociaux,Nouveau,22,498129.0,22642.227272727272,2024-10-19,73,0.6111111111111112,0
3069,M,34,Abidjan,Boutique,Nouveau,18,617811.0,34322.833333333336,2024-12-24,7,0.5,0
3070,F,29,Man,Mobile Money,Nouveau,38,1262258.0,33217.31578947369,2024-12-28,3,1.0555555555555556,0
3071,F,48,Abidjan,Boutique,Occasionnel,5,86859.0,17371.8,2024-02-19,316,0.1388888888888889,1
3072,M,18,Abidjan,Réseaux sociaux,Occasionnel,24,661873.0,27578.041666666668,2024-12-13,18,0.6666666666666666,0
3073,M,52,Bouaké,Site Web,Nouveau,31,1315679.0,42441.25806451613,2024-12-16,15,0.8611111111111112,0
3074,M,33,Abidjan,Mobile Money,Occasionnel,28,694428.0,24801.0,2024-08-29,124,0.7777777777777778,1
3075,M,37,Abidjan,Boutique,Fidèle,47,1704409.0,36264.02127659575,2024-12-08,23,1.3055555555555556,0
3076,M,29,Abidjan,Boutique,Fidèle,24,620817.0,25867.375,2024-06-19,195,0.6666666666666666,1
3077,F,18,Abidjan,Boutique,Occasionnel,23,814934.0,35431.913043478264,2024-10-07,85,0.6388888888888888,0
3078,M,32,Daloa,Réseaux sociaux,VIP,5,103369.0,20673.8,2024-06-09,205,0.1388888888888889,1
3079,M,37,Abidjan,Partenaire,Occasionnel,29,913538.0,31501.310344827587,2024-11-08,53,0.8055555555555556,0
3080,F,41,Gagnoa,Mobile Money,Nouveau,7,221410.0,31630.0,2024-06-29,185,0.19444444444444445,1
3081,F,31,Abidjan,Mobile Money,Occasionnel,38,1232227.0,32427.026315789473,2024-12-27,4,1.0555555555555556,0
3082,F,18,Abidjan,Boutique,Fidèle,32,823564.0,25736.375,2024-12-06,25,0.8888888888888888,0
3083,M,18,Abidjan,Mobile Money,Nouveau,32,751018.0,23469.3125,2024-12-09,22,0.8888888888888888,0
3084,M,56,Abidjan,Boutique,Nouveau,24,843597.0,35149.875,2024-11-17,44,0.6666666666666666,0
3085,M,21,Korhogo,Mobile Money,VIP,1,21297.0,21297.0,2023-05-10,601,0.027777777777777776,1
3086,F,49,San-Pédro,Mobile Money,Régulier,2,51830.0,25915.0,2023-07-10,540,0.05555555555555555,1
3087,F,23,Abidjan,Réseaux sociaux,Régulier,27,1126551.0,41724.11111111111,2024-12-13,18,0.75,0
3088,F,31,Abidjan,Mobile Money,Régulier,29,1194036.0,41173.65517241379,2024-12-18,13,0.8055555555555556,0
3089,M,40,San-Pédro,Réseaux sociaux,Régulier,32,1044682.0,32646.3125,2024-10-22,70,0.8888888888888888,0
3090,M,24,Abidjan,Mobile Money,Nouveau,21,517200.0,24628.571428571428,2024-11-21,40,0.5833333333333334,0
3091,M,51,Abidjan,Mobile Money,Régulier,25,667856.0,26714.24,2024-11-14,47,0.6944444444444444,0
3092,M,34,Abidjan,Mobile Money,Nouveau,26,543171.0,20891.19230769231,2024-12-18,13,0.7222222222222222,0
3093,M,39,Abidjan,Mobile Money,Nouveau,35,1181796.0,33765.6,2024-12-22,9,0.9722222222222222,0
3094,M,31,Abidjan,Boutique,VIP,1,83040.0,83040.0,2022-07-29,886,0.027777777777777776,1
3095,F,41,Abidjan,Réseaux sociaux,Nouveau,40,1526090.0,38152.25,2024-12-25,6,1.1111111111111112,0
3096,F,51,Korhogo,Réseaux sociaux,Nouveau,30,774293.0,25809.766666666666,2024-11-16,45,0.8333333333333334,0
3097,F,32,Abidjan,Mobile Money,Nouveau,2,44426.0,22213.0,2024-03-08,298,0.05555555555555555,1
3098,F,53,Korhogo,Mobile Money,Fidèle,33,1069998.0,32424.18181818182,2024-12-24,7,0.9166666666666666,0
3099,F,27,Yamoussoukro,Mobile Money,VIP,32,946811.0,29587.84375,2024-11-26,35,0.8888888888888888,0
3100,F,42,Abidjan,Site Web,Nouveau,27,770058.0,28520.666666666668,2024-12-25,6,0.75,0
3101,M,39,Abidjan,Mobile Money,Occasionnel,30,740620.0,24687.333333333332,2024-12-30,1,0.8333333333333334,0
3102,F,22,Abidjan,Mobile Money,Régulier,30,1051069.0,35035.63333333333,2024-11-30,31,0.8333333333333334,0
3103,M,36,San-Pédro,Réseaux sociaux,Régulier,25,918238.0,36729.52,2024-12-06,25,0.6944444444444444,0
3104,M,34,Abidjan,Réseaux sociaux,Nouveau,48,1094746.0,22807.208333333332,2024-12-06,25,1.3333333333333333,0
3105,M,24,Man,Site Web,Nouveau,35,1261630.0,36046.57142857143,2024-12-22,9,0.9722222222222222,0
3106,M,37,Bouaké,Mobile Money,Occasionnel,31,1034276.0,33363.74193548387,2024-09-07,115,0.8611111111111112,1
3107,F,35,Bouaké,Boutique,Nouveau,25,734268.0,29370.72,2024-12-28,3,0.6944444444444444,1
3108,M,33,Abidjan,Mobile Money,Régulier,2,26185.0,13092.5,2023-08-02,517,0.05555555555555555,1
3109,F,33,Bouaké,Site Web,Nouveau,25,1115555.0,44622.2,2024-12-26,5,0.6944444444444444,0
3110,M,33,Yamoussoukro,Site Web,Fidèle,41,1324800.0,32312.19512195122,2024-12-09,22,1.1388888888888888,0
3111,F,29,Yamoussoukro,Mobile Money,Régulier,26,1231866.0,47379.46153846154,2024-10-16,76,0.7222222222222222,0
3112,F,35,Abidjan,Réseaux sociaux,Régulier,36,1674999.0,46527.75,2024-12-20,11,1.0,0
3113,M,26,Bouaké,Boutique,Régulier,36,1333154.0,37032.055555555555,2024-11-30,31,1.0,0
3114,M,63,Abidjan,Site Web,Nouveau,28,861107.0,30753.821428571428,2024-12-01,30,0.7777777777777778,0
3115,F,18,Bouaké,Mobile Money,Nouveau,27,526766.0,19509.85185185185,2024-11-09,52,0.75,0
3116,M,27,Abidjan,Boutique,Occasionnel,26,658773.0,25337.423076923078,2024-12-15,16,0.7222222222222222,0
3117,F,28,Abidjan,Mobile Money,Régulier,38,835034.0,21974.57894736842,2024-12-11,20,1.0555555555555556,0
3118,M,56,Daloa,Site Web,Fidèle,42,1171223.0,27886.261904761905,2024-12-30,1,1.1666666666666667,1
3119,F,19,Abidjan,Mobile Money,Occasionnel,28,814317.0,29082.75,2024-11-11,50,0.7777777777777778,0
3120,F,38,Bouaké,Mobile Money,Régulier,34,1122910.0,33026.76470588235,2024-12-10,21,0.9444444444444444,0
3121,F,36,Yamoussoukro,Site Web,Nouveau,36,772430.0,21456.38888888889,2024-11-12,49,1.0,0
3122,F,37,Yamoussoukro,Site Web,Nouveau,31,932552.0,30082.322580645163,2024-09-25,97,0.8611111111111112,1
3123,F,47,Daloa,Site Web,Nouveau,24,753569.0,31398.708333333332,2024-10-14,78,0.6666666666666666,1
3124,F,47,Abidjan,Site Web,Fidèle,30,1026131.0,34204.36666666667,2024-12-03,28,0.8333333333333334,0
3125,F,29,Abidjan,Site Web,Occasionnel,33,1248386.0,37829.878787878784,2024-12-26,5,0.9166666666666666,0
3126,F,36,Yamoussoukro,Site Web,Occasionnel,31,994835.0,32091.451612903227,2024-12-21,10,0.8611111111111112,0
3127,M,18,Abidjan,Boutique,Régulier,24,520349.0,21681.208333333332,2024-11-25,36,0.6666666666666666,0
3128,F,35,Abidjan,Mobile Money,Nouveau,31,995034.0,32097.870967741936,2024-12-11,20,0.8611111111111112,0
3129,M,25,Abidjan,Boutique,Nouveau,26,926425.0,35631.730769230766,2024-12-30,1,0.7222222222222222,0
3130,M,31,Abidjan,Mobile Money,Nouveau,40,1325970.0,33149.25,2024-10-21,71,1.1111111111111112,0
3131,F,18,Abengourou,Boutique,Nouveau,38,1176073.0,30949.28947368421,2024-12-05,26,1.0555555555555556,0
3132,M,38,Abidjan,Boutique,Occasionnel,27,712584.0,26392.0,2024-12-10,21,0.75,0
3133,F,18,Abidjan,Mobile Money,Nouveau,27,1065428.0,39460.2962962963,2024-12-11,20,0.75,0
3134,F,35,Man,Site Web,Régulier,28,836428.0,29872.428571428572,2024-12-17,14,0.7777777777777778,0
3135,M,20,Gagnoa,Site Web,Fidèle,31,1085234.0,35007.54838709677,2024-12-28,3,0.8611111111111112,0
3136,M,24,Abidjan,Boutique,Fidèle,3,37326.0,12442.0,2024-09-26,96,0.08333333333333333,1
3137,M,46,Korhogo,Partenaire,Nouveau,2,39753.0,19876.5,2024-02-10,325,0.05555555555555555,1
3138,F,40,Abidjan,Mobile Money,Occasionnel,35,1271414.0,36326.114285714284,2024-12-29,2,0.9722222222222222,0
3139,M,46,Daloa,Mobile Money,Nouveau,30,1209796.0,40326.53333333333,2024-10-13,79,0.8333333333333334,0
3140,F,51,Abidjan,Mobile Money,Nouveau,28,659502.0,23553.64285714286,2024-11-16,45,0.7777777777777778,0
3141,F,25,Abidjan,Boutique,Régulier,50,1494158.0,29883.16,2024-12-06,25,1.3888888888888888,0
3142,F,50,Abidjan,Mobile Money,Occasionnel,22,1031214.0,46873.36363636364,2024-12-25,6,0.6111111111111112,0
3143,M,18,Yamoussoukro,Réseaux sociaux,Régulier,24,555468.0,23144.5,2024-11-22,39,0.6666666666666666,0
3144,F,42,Abidjan,Mobile Money,Fidèle,30,956847.0,31894.9,2024-12-01,30,0.8333333333333334,0
3145,M,28,Abidjan,Boutique,Nouveau,31,740366.0,23882.774193548386,2024-10-28,64,0.8611111111111112,0
3146,M,23,Yamoussoukro,Boutique,Fidèle,35,1091725.0,31192.14285714286,2024-12-17,14,0.9722222222222222,0
3147,M,40,Abidjan,Mobile Money,Nouveau,30,1103270.0,36775.666666666664,2024-12-11,20,0.8333333333333334,1
3148,M,44,Korhogo,Site Web,VIP,4,62390.0,15597.5,2024-06-01,213,0.1111111111111111,1
3149,M,44,Abidjan,Site Web,Régulier,20,555215.0,27760.75,2024-12-06,25,0.5555555555555556,0
3150,F,36,Abidjan,Site Web,Nouveau,28,728307.0,26010.964285714286,2024-11-17,44,0.7777777777777778,0
3151,F,35,Abidjan,Site Web,Occasionnel,32,851453.0,26607.90625,2024-12-26,5,0.8888888888888888,0
3152,M,39,Abidjan,Boutique,Nouveau,21,712390.0,33923.333333333336,2024-11-24,37,0.5833333333333334,0
3153,F,37,Abidjan,Boutique,Régulier,36,1156171.0,32115.86111111111,2024-11-30,31,1.0,0
3154,F,39,Abidjan,Site Web,Nouveau,35,850302.0,24294.342857142856,2024-11-21,40,0.9722222222222222,0
3155,F,36,Bouaké,Boutique,Fidèle,2,35542.0,17771.0,2024-05-07,238,0.05555555555555555,1
3156,F,43,Abidjan,Boutique,Nouveau,3,62609.0,20869.666666666668,2023-06-15,565,0.08333333333333333,1
3157,F,18,Abidjan,Mobile Money,VIP,29,730504.0,25189.793103448275,2024-11-25,36,0.8055555555555556,0
3158,F,32,Daloa,Site Web,Nouveau,39,1451815.0,37226.02564102564,2024-12-22,9,1.0833333333333333,0
3159,M,18,Abidjan,Mobile Money,Régulier,25,562575.0,22503.0,2024-12-26,5,0.6944444444444444,0
3160,F,37,Bouaké,Partenaire,Régulier,2,36295.0,18147.5,2023-03-26,646,0.05555555555555555,1
3161,M,52,Korhogo,Mobile Money,Nouveau,30,1071628.0,35720.933333333334,2024-12-08,23,0.8333333333333334,0
3162,M,28,Abidjan,Boutique,Nouveau,20,686290.0,34314.5,2024-12-20,11,0.5555555555555556,0
3163,F,35,Bouaké,Mobile Money,Occasionnel,30,734939.0,24497.966666666667,2024-12-21,10,0.8333333333333334,0
3164,M,42,Divo,Mobile Money,Régulier,22,459067.0,20866.68181818182,2024-12-11,20,0.6111111111111112,0
3165,M,18,Abidjan,Mobile Money,Régulier,33,775024.0,23485.575757575756,2024-12-11,20,0.9166666666666666,0
3166,M,28,Gagnoa,Site Web,Nouveau,3,39502.0,13167.333333333334,2024-07-11,173,0.08333333333333333,1
3167,F,38,Abidjan,Mobile Money,Fidèle,35,1046184.0,29890.97142857143,2024-12-13,18,0.9722222222222222,0
3168,F,18,Bouaké,Mobile Money,Fidèle,25,710048.0,28401.92,2024-12-18,13,0.6944444444444444,0
3169,F,23,Abidjan,Mobile Money,Régulier,26,854710.0,32873.46153846154,2024-12-21,10,0.7222222222222222,0
3170,M,46,Abidjan,Mobile Money,Nouveau,25,702224.0,28088.96,2024-08-09,144,0.6944444444444444,1
3171,M,45,Abengourou,Partenaire,Nouveau,31,784065.0,25292.41935483871,2024-12-07,24,0.8611111111111112,0
3173,M,43,Gagnoa,Site Web,Régulier,26,912787.0,35107.192307692305,2024-12-09,22,0.7222222222222222,0
3174,M,36,Yamoussoukro,Boutique,Régulier,6,161409.0,26901.5,2024-06-19,195,0.16666666666666666,1
3175,M,40,Korhogo,Boutique,Fidèle,29,947916.0,32686.758620689656,2024-12-30,1,0.8055555555555556,0
3176,F,30,Gagnoa,Réseaux sociaux,Nouveau,2,111948.0,55974.0,2024-10-20,72,0.05555555555555555,0
3177,M,35,Bouaké,Mobile Money,Régulier,3,66547.0,22182.333333333332,2023-09-09,479,0.08333333333333333,1
3178,F,27,Abengourou,Réseaux sociaux,Régulier,29,755523.0,26052.51724137931,2024-12-16,15,0.8055555555555556,1
3179,F,47,Daloa,Boutique,Fidèle,4,119829.0,29957.25,2024-10-04,88,0.1111111111111111,0
3180,F,50,Abidjan,Boutique,Régulier,28,555519.0,19839.964285714286,2024-11-19,42,0.7777777777777778,0
3181,M,49,Yamoussoukro,Réseaux sociaux,Occasionnel,26,640343.0,24628.576923076922,2024-11-29,32,0.7222222222222222,0
3182,F,29,Abidjan,Mobile Money,Nouveau,37,1361657.0,36801.54054054054,2024-12-16,15,1.0277777777777777,0
3183,F,23,Abidjan,Partenaire,Fidèle,30,1135243.0,37841.433333333334,2024-12-24,7,0.8333333333333334,0
3184,F,48,Abidjan,Partenaire,Régulier,31,954844.0,30801.41935483871,2024-12-30,1,0.8611111111111112,1
3185,F,39,Abidjan,Mobile Money,Occasionnel,3,57817.0,19272.333333333332,2023-01-24,707,0.08333333333333333,1
3186,F,37,Abidjan,Boutique,VIP,5,79039.0,15807.8,2024-10-11,81,0.1388888888888889,0
3187,M,27,Abidjan,Réseaux sociaux,Nouveau,33,879213.0,26642.81818181818,2024-10-27,65,0.9166666666666666,1
3188,M,38,Yamoussoukro,Mobile Money,Occasionnel,6,141497.0,23582.833333333332,2023-09-18,470,0.16666666666666666,1
3189,F,22,Yamoussoukro,Site Web,VIP,3,21814.0,7271.333333333333,2022-11-12,780,0.08333333333333333,1
3190,F,40,Korhogo,Mobile Money,Régulier,38,1173822.0,30890.052631578947,2024-12-02,29,1.0555555555555556,0
3191,F,49,Gagnoa,Mobile Money,Fidèle,34,1090838.0,32083.470588235294,2024-10-31,61,0.9444444444444444,0
3192,F,51,Korhogo,Boutique,Fidèle,31,837242.0,27007.8064516129,2024-12-29,2,0.8611111111111112,0
3193,M,41,Bouaké,Site Web,Occasionnel,34,1082846.0,31848.41176470588,2024-11-14,47,0.9444444444444444,0
3194,M,18,Abidjan,Site Web,Nouveau,1,7615.0,7615.0,2022-12-01,761,0.027777777777777776,1
3195,M,36,Divo,Site Web,Fidèle,23,688760.0,29946.08695652174,2024-10-07,85,0.6388888888888888,0
3196,F,57,Abidjan,Mobile Money,Occasionnel,2,10363.0,5181.5,2024-03-26,280,0.05555555555555555,1
3197,M,24,Abidjan,Boutique,Occasionnel,3,46310.0,15436.666666666666,2023-09-03,485,0.08333333333333333,1
3198,F,33,Abidjan,Mobile Money,Occasionnel,30,800453.0,26681.766666666666,2024-12-27,4,0.8333333333333334,0
3199,F,49,Bouaké,Mobile Money,Nouveau,2,71587.0,35793.5,2023-03-28,644,0.05555555555555555,1
3200,M,40,Yamoussoukro,Mobile Money,Nouveau,38,1179937.0,31050.973684210527,2024-12-13,18,1.0555555555555556,0
3201,M,61,Abidjan,Boutique,Régulier,30,983879.0,32795.96666666667,2024-12-06,25,0.8333333333333334,0
3202,M,25,Daloa,Mobile Money,Régulier,20,781546.0,39077.3,2024-07-31,153,0.5555555555555556,1
3203,M,23,Abidjan,Mobile Money,Occasionnel,3,104798.0,34932.666666666664,2023-05-21,590,0.08333333333333333,1
3204,M,47,Abidjan,Site Web,Nouveau,4,92745.0,23186.25,2023-05-19,592,0.1111111111111111,1
3205,M,20,Abidjan,Mobile Money,Occasionnel,25,805083.0,32203.32,2024-10-11,81,0.6944444444444444,0
3206,F,31,Abidjan,Partenaire,Régulier,38,1131586.0,29778.57894736842,2024-11-30,31,1.0555555555555556,0
3207,F,33,Daloa,Boutique,Nouveau,33,970040.0,29395.151515151516,2024-11-23,38,0.9166666666666666,1
3208,F,45,Abidjan,Mobile Money,Occasionnel,3,58750.0,19583.333333333332,2024-01-15,351,0.08333333333333333,1
3209,F,40,Abidjan,Réseaux sociaux,Régulier,4,65353.0,16338.25,2024-12-16,15,0.1111111111111111,1
3210,F,39,Abidjan,Boutique,Occasionnel,7,239234.0,34176.28571428572,2024-11-21,40,0.19444444444444445,0
3211,F,29,Daloa,Réseaux sociaux,Régulier,29,821463.0,28326.310344827587,2024-11-17,44,0.8055555555555556,0
3212,M,47,Abengourou,Boutique,Fidèle,36,1033064.0,28696.222222222223,2024-12-29,2,1.0,0
3213,M,75,Yamoussoukro,Boutique,Nouveau,26,728422.0,28016.23076923077,2024-11-08,53,0.7222222222222222,0
3214,M,41,Bouaké,Site Web,Nouveau,34,751244.0,22095.41176470588,2024-11-30,31,0.9444444444444444,0
3215,F,35,Korhogo,Boutique,Nouveau,29,798745.0,27542.931034482757,2024-11-06,55,0.8055555555555556,0
3216,M,19,Abidjan,Boutique,Régulier,2,12804.0,6402.0,2023-03-04,668,0.05555555555555555,1
3217,F,26,Abidjan,Mobile Money,Fidèle,23,549124.0,23874.956521739132,2024-11-06,55,0.6388888888888888,0
3218,F,31,Abidjan,Mobile Money,Régulier,2,87136.0,43568.0,2023-06-25,555,0.05555555555555555,1
3219,F,28,Abidjan,Mobile Money,VIP,29,744970.0,25688.620689655174,2024-12-25,6,0.8055555555555556,0
3220,F,33,Abidjan,Site Web,Régulier,27,912672.0,33802.666666666664,2024-12-19,12,0.75,0
3221,F,53,Abidjan,Boutique,Nouveau,34,927880.0,27290.58823529412,2024-12-03,28,0.9444444444444444,0
3222,M,47,Abidjan,Partenaire,Nouveau,41,1365795.0,33312.07317073171,2024-09-12,110,1.1388888888888888,1
3223,M,32,Abidjan,Mobile Money,Régulier,27,789102.0,29226.0,2024-09-13,109,0.75,1
3224,M,20,Abidjan,Boutique,Régulier,32,650050.0,20314.0625,2024-08-07,146,0.8888888888888888,1
3225,F,48,Abidjan,Mobile Money,Occasionnel,25,912169.0,36486.76,2024-12-21,10,0.6944444444444444,0
3226,M,33,Korhogo,Site Web,Occasionnel,34,953973.0,28058.029411764706,2024-12-23,8,0.9444444444444444,0
3227,M,18,Yamoussoukro,Réseaux sociaux,Occasionnel,2,15450.0,7725.0,2024-11-02,59,0.05555555555555555,1
3228,F,41,Abidjan,Boutique,Nouveau,3,122770.0,40923.333333333336,2024-09-28,94,0.08333333333333333,1
3229,M,45,Abidjan,Boutique,Régulier,27,771532.0,28575.25925925926,2024-12-04,27,0.75,0
3230,F,18,Abidjan,Site Web,Régulier,25,691933.0,27677.32,2024-12-03,28,0.6944444444444444,0
3231,F,24,Abidjan,Mobile Money,Régulier,24,679945.0,28331.041666666668,2024-10-09,83,0.6666666666666666,0
3232,F,32,Abidjan,Boutique,Nouveau,34,937302.0,27567.70588235294,2024-12-09,22,0.9444444444444444,0
3233,F,42,Abidjan,Site Web,Fidèle,3,86844.0,28948.0,2024-11-27,34,0.08333333333333333,0
3234,F,28,San-Pédro,Mobile Money,Nouveau,27,484736.0,17953.185185185186,2024-12-12,19,0.75,0
3235,F,24,San-Pédro,Site Web,Nouveau,36,1050288.0,29174.666666666668,2024-12-24,7,1.0,0
3236,F,41,Daloa,Site Web,Régulier,33,697024.0,21121.939393939392,2024-05-04,241,0.9166666666666666,1
3237,M,28,Bouaké,Mobile Money,VIP,38,1055319.0,27771.552631578947,2024-11-13,48,1.0555555555555556,0
3238,F,39,Yamoussoukro,Mobile Money,Fidèle,29,796409.0,27462.379310344826,2024-10-18,74,0.8055555555555556,0
3239,F,21,Daloa,Boutique,Nouveau,20,420210.0,21010.5,2024-11-04,57,0.5555555555555556,0
3240,F,19,Korhogo,Site Web,Nouveau,24,809229.0,33717.875,2024-11-23,38,0.6666666666666666,0
3241,M,42,Daloa,Boutique,Régulier,4,262979.0,65744.75,2024-09-05,117,0.1111111111111111,1
3242,M,36,Daloa,Boutique,Régulier,28,726914.0,25961.214285714286,2024-11-26,35,0.7777777777777778,0
3243,M,44,San-Pédro,Mobile Money,Occasionnel,35,851238.0,24321.085714285713,2024-12-24,7,0.9722222222222222,0
3244,F,28,Bouaké,Mobile Money,Nouveau,30,1060118.0,35337.26666666667,2024-11-29,32,0.8333333333333334,0
3245,F,25,Abidjan,Mobile Money,Occasionnel,30,1313765.0,43792.166666666664,2024-11-05,56,0.8333333333333334,1
3246,M,48,Abidjan,Mobile Money,Nouveau,32,753075.0,23533.59375,2024-10-07,85,0.8888888888888888,0
3247,F,18,Abidjan,Mobile Money,Nouveau,36,790352.0,21954.222222222223,2024-10-19,73,1.0,0
3248,M,47,Abidjan,Mobile Money,Régulier,33,1050209.0,31824.515151515152,2024-11-27,34,0.9166666666666666,0
3249,M,48,Abidjan,Site Web,Nouveau,29,755121.0,26038.655172413793,2024-11-01,60,0.8055555555555556,0
3250,F,43,Abidjan,Site Web,Régulier,27,748153.0,27709.37037037037,2024-10-15,77,0.75,0
3251,M,26,Abidjan,Mobile Money,Régulier,26,755810.0,29069.615384615383,2024-11-29,32,0.7222222222222222,0
3252,M,25,Gagnoa,Boutique,Occasionnel,30,742252.0,24741.733333333334,2024-12-06,25,0.8333333333333334,0
3253,F,31,Abidjan,Mobile Money,Occasionnel,33,864578.0,26199.333333333332,2024-12-03,28,0.9166666666666666,0
3254,F,19,Abidjan,Boutique,Fidèle,26,973519.0,37443.03846153846,2024-12-29,2,0.7222222222222222,0
3255,F,23,Abidjan,Partenaire,Occasionnel,32,1009857.0,31558.03125,2024-11-04,57,0.8888888888888888,0
3256,M,41,Abidjan,Boutique,Fidèle,25,763616.0,30544.64,2024-11-08,53,0.6944444444444444,1
3257,F,41,Yamoussoukro,Mobile Money,Occasionnel,33,1401444.0,42468.0,2024-12-16,15,0.9166666666666666,0
3258,F,22,Bouaké,Boutique,Occasionnel,23,714240.0,31053.91304347826,2024-11-05,56,0.6388888888888888,0
3259,M,41,Abidjan,Site Web,VIP,27,985644.0,36505.333333333336,2024-11-12,49,0.75,0
3260,F,38,Abidjan,Mobile Money,Nouveau,32,894877.0,27964.90625,2024-11-06,55,0.8888888888888888,0
3261,F,50,Abidjan,Partenaire,Nouveau,29,749552.0,25846.620689655174,2024-11-04,57,0.8055555555555556,0
3262,M,40,Yamoussoukro,Boutique,Fidèle,35,1101451.0,31470.02857142857,2024-08-10,143,0.9722222222222222,1
3263,F,45,Man,Mobile Money,Occasionnel,35,1025404.0,29297.257142857143,2024-12-08,23,0.9722222222222222,0
3264,F,39,Korhogo,Boutique,Nouveau,21,382206.0,18200.285714285714,2024-11-16,45,0.5833333333333334,0
3265,F,44,Abidjan,Site Web,VIP,34,912394.0,26835.117647058825,2024-12-25,6,0.9444444444444444,0
3266,F,19,Daloa,Boutique,Nouveau,33,788229.0,23885.727272727272,2024-12-12,19,0.9166666666666666,0
3267,F,32,Daloa,Partenaire,Régulier,25,856587.0,34263.48,2024-12-12,19,0.6944444444444444,0
3268,M,33,Korhogo,Réseaux sociaux,Régulier,31,1002833.0,32349.451612903227,2024-12-25,6,0.8611111111111112,0
3269,M,31,Abidjan,Mobile Money,Régulier,46,1066285.0,23180.108695652172,2024-12-29,2,1.2777777777777777,0
3270,F,38,Abidjan,Mobile Money,Occasionnel,2,87393.0,43696.5,2024-05-25,220,0.05555555555555555,1
3271,M,40,Abidjan,Mobile Money,Nouveau,17,292210.0,17188.823529411766,2024-11-29,32,0.4722222222222222,0
3272,M,38,Abidjan,Site Web,Fidèle,34,1458677.0,42902.26470588235,2024-12-14,17,0.9444444444444444,0
3273,M,32,Yamoussoukro,Site Web,Régulier,25,1224303.0,48972.12,2024-12-19,12,0.6944444444444444,0
3274,M,25,Abidjan,Mobile Money,Nouveau,34,1096221.0,32241.79411764706,2024-12-21,10,0.9444444444444444,0
3275,M,46,Abidjan,Partenaire,Nouveau,2,22410.0,11205.0,2023-11-20,407,0.05555555555555555,1
3276,M,37,San-Pédro,Mobile Money,Occasionnel,28,654938.0,23390.64285714286,2024-11-04,57,0.7777777777777778,0
3277,F,22,Abidjan,Réseaux sociaux,Nouveau,3,68055.0,22685.0,2023-07-04,546,0.08333333333333333,1
3278,M,31,Abengourou,Réseaux sociaux,Fidèle,33,1090510.0,33045.757575757576,2024-12-15,16,0.9166666666666666,0
3279,F,18,Daloa,Mobile Money,Fidèle,38,1153175.0,30346.71052631579,2024-11-18,43,1.0555555555555556,0
3280,F,34,Korhogo,Mobile Money,Nouveau,37,1235197.0,33383.7027027027,2024-12-22,9,1.0277777777777777,0
3281,M,31,Daloa,Mobile Money,Fidèle,30,1251998.0,41733.26666666667,2024-12-20,11,0.8333333333333334,1
3282,F,27,Abidjan,Réseaux sociaux,Régulier,20,574943.0,28747.15,2024-07-05,179,0.5555555555555556,1
3283,F,51,Abidjan,Boutique,Régulier,3,22765.0,7588.333333333333,2024-07-08,176,0.08333333333333333,1
3284,F,21,Man,Réseaux sociaux,VIP,39,1210565.0,31040.128205128207,2024-12-06,25,1.0833333333333333,0
3285,F,41,Abidjan,Boutique,Nouveau,26,693263.0,26663.96153846154,2024-12-28,3,0.7222222222222222,0
3286,M,58,Abidjan,Boutique,Fidèle,31,1289056.0,41582.45161290323,2024-12-02,29,0.8611111111111112,0
3287,M,45,Bouaké,Réseaux sociaux,Nouveau,6,169572.0,28262.0,2023-07-10,540,0.16666666666666666,1
3288,F,33,Abidjan,Boutique,Occasionnel,33,748579.0,22684.21212121212,2024-11-13,48,0.9166666666666666,0
3289,F,21,Abidjan,Site Web,Occasionnel,30,748153.0,24938.433333333334,2024-12-23,8,0.8333333333333334,0
3290,F,19,Abidjan,Boutique,Nouveau,32,922977.0,28843.03125,2024-08-19,134,0.8888888888888888,1
3291,F,29,Abidjan,Mobile Money,Régulier,2,36280.0,18140.0,2024-03-19,287,0.05555555555555555,1
3293,M,26,Abidjan,Mobile Money,Occasionnel,25,927476.0,37099.04,2024-10-09,83,0.6944444444444444,0
3294,F,30,Abidjan,Site Web,Occasionnel,25,865776.0,34631.04,2024-08-27,126,0.6944444444444444,1
3295,F,32,Abidjan,Boutique,Nouveau,25,778833.0,31153.32,2024-11-03,58,0.6944444444444444,0
3296,M,39,Bouaké,Boutique,Nouveau,28,825295.0,29474.821428571428,2024-10-30,62,0.7777777777777778,0
3297,M,20,Abidjan,Mobile Money,Nouveau,18,323377.0,17965.38888888889,2024-12-09,22,0.5,0
3298,F,26,Abidjan,Site Web,VIP,34,957988.0,28176.117647058825,2024-12-20,11,0.9444444444444444,0
3299,F,32,San-Pédro,Réseaux sociaux,Régulier,24,788788.0,32866.166666666664,2024-11-28,33,0.6666666666666666,0
3300,F,31,Abidjan,Site Web,Occasionnel,37,1123911.0,30375.972972972973,2024-12-14,17,1.0277777777777777,0
3301,M,54,Daloa,Partenaire,Régulier,29,753459.0,25981.344827586207,2024-11-05,56,0.8055555555555556,0
3302,F,36,Abidjan,Mobile Money,Régulier,32,802263.0,25070.71875,2024-12-13,18,0.8888888888888888,0
3303,F,18,Abidjan,Mobile Money,Nouveau,4,93572.0,23393.0,2024-08-24,129,0.1111111111111111,1
3304,M,38,Abidjan,Boutique,Nouveau,1,11164.0,11164.0,2023-11-06,421,0.027777777777777776,1
3305,M,40,Korhogo,Mobile Money,Occasionnel,26,873993.0,33615.11538461538,2024-11-03,58,0.7222222222222222,0
3306,F,32,Abidjan,Site Web,Nouveau,34,1016959.0,29910.558823529413,2024-11-16,45,0.9444444444444444,0
3308,F,53,Abidjan,Mobile Money,Nouveau,1,9204.0,9204.0,2022-04-07,999,0.027777777777777776,1
3309,M,22,Abidjan,Réseaux sociaux,Occasionnel,31,681516.0,21984.387096774193,2024-11-30,31,0.8611111111111112,0
3310,F,41,Daloa,Mobile Money,Occasionnel,31,1024452.0,33046.83870967742,2024-11-30,31,0.8611111111111112,0
3311,M,36,Abengourou,Site Web,Régulier,7,135158.0,19308.285714285714,2024-05-04,241,0.19444444444444445,1
3312,M,40,Abidjan,Boutique,VIP,33,866909.0,26269.969696969696,2024-11-03,58,0.9166666666666666,0
3313,M,52,Abidjan,Site Web,Occasionnel,37,1327531.0,35879.21621621621,2024-09-23,99,1.0277777777777777,1
3314,M,40,Abidjan,Mobile Money,Nouveau,29,696162.0,24005.58620689655,2024-11-02,59,0.8055555555555556,0
3315,F,27,Gagnoa,Partenaire,Régulier,4,214567.0,53641.75,2024-08-01,152,0.1111111111111111,1
3316,F,46,Abidjan,Partenaire,Nouveau,38,1387226.0,36505.94736842105,2024-12-22,9,1.0555555555555556,0
3317,M,27,Abidjan,Boutique,Nouveau,29,659454.0,22739.793103448275,2024-12-04,27,0.8055555555555556,0
3318,F,35,Gagnoa,Boutique,Régulier,35,758323.0,21666.371428571427,2024-08-12,141,0.9722222222222222,1
3319,F,19,Gagnoa,Site Web,Nouveau,27,645022.0,23889.703703703704,2024-12-21,10,0.75,0
3320,F,22,Abidjan,Boutique,Nouveau,32,844079.0,26377.46875,2024-12-21,10,0.8888888888888888,0
3321,F,34,Abidjan,Boutique,Occasionnel,34,775349.0,22804.382352941175,2024-11-05,56,0.9444444444444444,0
3322,F,38,Yamoussoukro,Boutique,Occasionnel,24,833334.0,34722.25,2024-09-27,95,0.6666666666666666,1
3323,M,18,San-Pédro,Réseaux sociaux,Fidèle,3,30236.0,10078.666666666666,2023-03-28,644,0.08333333333333333,1
3324,M,39,Abidjan,Site Web,Nouveau,28,875106.0,31253.785714285714,2024-12-05,26,0.7777777777777778,0
3325,M,24,Abidjan,Mobile Money,Occasionnel,31,849788.0,27412.516129032258,2024-12-09,22,0.8611111111111112,0
3326,M,48,Abidjan,Réseaux sociaux,Régulier,26,882518.0,33943.0,2024-09-08,114,0.7222222222222222,1
3327,F,30,Abidjan,Mobile Money,Fidèle,34,1209166.0,35563.705882352944,2024-12-21,10,0.9444444444444444,0
3328,M,21,Abidjan,Mobile Money,Nouveau,30,1272265.0,42408.833333333336,2024-10-15,77,0.8333333333333334,0
3329,F,34,Daloa,Partenaire,Régulier,31,906722.0,29249.09677419355,2024-09-20,102,0.8611111111111112,1
3330,F,23,Abidjan,Mobile Money,Régulier,31,1350923.0,43578.16129032258,2024-11-13,48,0.8611111111111112,0
3331,M,47,Abidjan,Mobile Money,Nouveau,27,850449.0,31498.11111111111,2024-11-21,40,0.75,0
3332,F,34,San-Pédro,Boutique,Nouveau,30,1277836.0,42594.53333333333,2024-12-26,5,0.8333333333333334,0
3333,F,32,Abidjan,Réseaux sociaux,Régulier,30,972213.0,32407.1,2024-12-06,25,0.8333333333333334,0
3334,F,40,Abidjan,Mobile Money,Nouveau,33,1035389.0,31375.424242424244,2024-12-09,22,0.9166666666666666,1
3335,F,22,Divo,Boutique,Nouveau,40,1134288.0,28357.2,2024-11-26,35,1.1111111111111112,0
3336,F,19,Abidjan,Mobile Money,Occasionnel,33,883759.0,26780.575757575756,2024-11-18,43,0.9166666666666666,0
3337,M,38,Korhogo,Boutique,Nouveau,4,45593.0,11398.25,2024-03-11,295,0.1111111111111111,1
3338,M,21,Abidjan,Boutique,Nouveau,27,929629.0,34430.7037037037,2024-11-15,46,0.75,0
3339,F,21,Abidjan,Mobile Money,Occasionnel,2,64623.0,32311.5,2024-10-18,74,0.05555555555555555,0
3340,M,43,Bouaké,Partenaire,Fidèle,1,36776.0,36776.0,2023-06-12,568,0.027777777777777776,1
3341,F,39,Abidjan,Site Web,Régulier,2,245053.0,122526.5,2024-08-10,143,0.05555555555555555,1
3342,M,20,Abidjan,Réseaux sociaux,Nouveau,2,29782.0,14891.0,2024-11-28,33,0.05555555555555555,1
3343,F,27,Abidjan,Réseaux sociaux,Nouveau,37,1251443.0,33822.78378378379,2024-12-14,17,1.0277777777777777,0
3344,F,24,Bouaké,Partenaire,VIP,29,704145.0,24280.862068965518,2024-12-19,12,0.8055555555555556,0
3345,F,53,Abidjan,Site Web,Régulier,28,840675.0,30024.10714285714,2024-12-15,16,0.7777777777777778,0
3346,M,43,Daloa,Mobile Money,Régulier,36,1127925.0,31331.25,2024-11-26,35,1.0,1
3347,M,29,Bouaké,Réseaux sociaux,Nouveau,30,800267.0,26675.566666666666,2024-12-23,8,0.8333333333333334,0
3348,M,40,Abidjan,Boutique,Nouveau,28,978097.0,34932.03571428572,2024-11-16,45,0.7777777777777778,0
3349,M,19,Abidjan,Mobile Money,Nouveau,27,817705.0,30285.37037037037,2024-12-04,27,0.75,0
3350,F,26,Abidjan,Boutique,Fidèle,31,791842.0,25543.290322580644,2024-12-20,11,0.8611111111111112,0
3351,F,35,Bouaké,Mobile Money,Fidèle,26,630292.0,24242.0,2024-12-21,10,0.7222222222222222,0
3352,F,38,Abidjan,Boutique,Nouveau,36,896534.0,24903.722222222223,2024-12-02,29,1.0,0
3353,F,32,Yamoussoukro,Site Web,Régulier,3,127386.0,42462.0,2024-10-04,88,0.08333333333333333,0
3354,F,36,Abidjan,Boutique,Fidèle,30,783521.0,26117.366666666665,2024-11-08,53,0.8333333333333334,0
3355,F,34,Abidjan,Mobile Money,Fidèle,27,828809.0,30696.62962962963,2024-12-20,11,0.75,0
3356,F,32,Daloa,Mobile Money,Occasionnel,29,826477.0,28499.206896551725,2024-12-22,9,0.8055555555555556,0
3357,M,30,Abidjan,Réseaux sociaux,Nouveau,25,632446.0,25297.84,2024-12-29,2,0.6944444444444444,0
3358,F,29,Abidjan,Boutique,VIP,22,785569.0,35707.681818181816,2024-12-01,30,0.6111111111111112,0
3359,M,36,Yamoussoukro,Boutique,Nouveau,31,910477.0,29370.225806451614,2024-11-10,51,0.8611111111111112,0
3360,M,38,Yamoussoukro,Site Web,Nouveau,21,737286.0,35108.857142857145,2024-11-23,38,0.5833333333333334,0
3361,F,36,Abidjan,Réseaux sociaux,Nouveau,2,56255.0,28127.5,2023-03-07,665,0.05555555555555555,1
3362,F,21,Abidjan,Boutique,Occasionnel,29,821987.0,28344.379310344826,2024-12-27,4,0.8055555555555556,0
3363,M,23,Abidjan,Site Web,Nouveau,27,623024.0,23074.962962962964,2024-12-11,20,0.75,0
3364,M,38,Bouaké,Mobile Money,Occasionnel,33,917618.0,27806.60606060606,2024-12-09,22,0.9166666666666666,0
3365,F,50,Abidjan,Partenaire,Fidèle,27,628735.0,23286.48148148148,2024-12-06,25,0.75,0
3366,F,35,Bouaké,Boutique,Occasionnel,25,828010.0,33120.4,2024-12-02,29,0.6944444444444444,0
3367,M,29,Daloa,Site Web,VIP,29,728360.0,25115.862068965518,2024-12-10,21,0.8055555555555556,0
3368,M,36,Divo,Mobile Money,Fidèle,30,764147.0,25471.566666666666,2024-12-10,21,0.8333333333333334,0
3369,F,21,Abidjan,Site Web,Régulier,35,963975.0,27542.14285714286,2024-11-30,31,0.9722222222222222,0
3370,F,48,Abidjan,Boutique,Régulier,27,640838.0,23734.74074074074,2024-12-16,15,0.75,0
3371,M,36,Abidjan,Boutique,Fidèle,28,774861.0,27673.60714285714,2024-12-15,16,0.7777777777777778,0
3372,F,26,Abidjan,Site Web,Occasionnel,33,837216.0,25370.18181818182,2024-12-15,16,0.9166666666666666,0
3373,M,32,Abidjan,Site Web,Nouveau,34,1119037.0,32912.85294117647,2024-12-28,3,0.9444444444444444,0
3374,F,28,Korhogo,Boutique,Fidèle,27,696671.0,25802.62962962963,2024-12-01,30,0.75,0
3375,F,48,Abidjan,Réseaux sociaux,Occasionnel,31,1037645.0,33472.41935483871,2024-10-22,70,0.8611111111111112,0
3376,F,31,Abidjan,Mobile Money,Fidèle,30,883480.0,29449.333333333332,2024-12-11,20,0.8333333333333334,0
3377,F,35,Abidjan,Boutique,Occasionnel,23,654379.0,28451.260869565216,2024-11-30,31,0.6388888888888888,0
3378,M,40,Abengourou,Mobile Money,Nouveau,37,1178186.0,31842.864864864863,2024-11-10,51,1.0277777777777777,0
3379,F,25,Abidjan,Mobile Money,Régulier,32,841069.0,26283.40625,2024-12-30,1,0.8888888888888888,0
3380,M,36,Daloa,Réseaux sociaux,Régulier,35,953722.0,27249.2,2024-10-30,62,0.9722222222222222,0
3381,F,37,San-Pédro,Mobile Money,Occasionnel,33,1003038.0,30395.090909090908,2024-10-27,65,0.9166666666666666,0
3382,M,18,Abidjan,Réseaux sociaux,Fidèle,27,461678.0,17099.185185185186,2024-12-07,24,0.75,0
3383,M,36,Bouaké,Mobile Money,Occasionnel,29,592352.0,20425.931034482757,2024-10-31,61,0.8055555555555556,0
3384,M,33,Abidjan,Site Web,Nouveau,25,819800.0,32792.0,2024-12-30,1,0.6944444444444444,0
3385,F,35,Abidjan,Mobile Money,Régulier,33,1012299.0,30675.727272727272,2024-12-09,22,0.9166666666666666,0
3386,M,34,Abidjan,Site Web,Nouveau,29,927728.0,31990.620689655174,2024-09-05,117,0.8055555555555556,1
3387,M,36,Abidjan,Réseaux sociaux,Occasionnel,18,534969.0,29720.5,2024-11-30,31,0.5,0
3388,M,48,Yamoussoukro,Boutique,Nouveau,3,46020.0,15340.0,2023-11-13,414,0.08333333333333333,1
3389,F,21,San-Pédro,Boutique,Nouveau,1,40116.0,40116.0,2023-02-21,679,0.027777777777777776,1
3390,F,30,Abidjan,Site Web,VIP,23,764514.0,33239.739130434784,2024-12-08,23,0.6388888888888888,0
3391,F,41,Bouaké,Site Web,Nouveau,1,12529.0,12529.0,2022-09-20,833,0.027777777777777776,1
3392,M,39,Abidjan,Mobile Money,Régulier,27,1251716.0,46359.851851851854,2024-12-11,20,0.75,0
3393,M,39,Abidjan,Site Web,Régulier,22,551939.0,25088.136363636364,2024-10-14,78,0.6111111111111112,0
3394,F,64,Yamoussoukro,Site Web,Nouveau,25,639060.0,25562.4,2024-12-14,17,0.6944444444444444,0
3395,M,40,Abidjan,Site Web,Fidèle,3,23977.0,7992.333333333333,2024-12-02,29,0.08333333333333333,1
3396,M,46,Daloa,Mobile Money,Nouveau,35,1123142.0,32089.77142857143,2024-11-23,38,0.9722222222222222,0
3397,F,30,Abidjan,Boutique,Occasionnel,8,380883.0,47610.375,2024-08-22,131,0.2222222222222222,1
3398,F,23,San-Pédro,Partenaire,Régulier,31,788497.0,25435.387096774193,2024-12-22,9,0.8611111111111112,1
3399,M,30,Abidjan,Boutique,Régulier,5,138644.0,27728.8,2024-05-02,243,0.1388888888888889,1
3400,M,41,Abidjan,Boutique,Nouveau,29,724784.0,24992.55172413793,2024-12-23,8,0.8055555555555556,0
3401,F,38,Daloa,Partenaire,Fidèle,36,807745.0,22437.36111111111,2024-12-20,11,1.0,0
3402,M,38,Abidjan,Mobile Money,VIP,24,695728.0,28988.666666666668,2024-10-26,66,0.6666666666666666,0
3403,M,31,Abidjan,Boutique,Occasionnel,32,1103078.0,34471.1875,2024-09-24,98,0.8888888888888888,1
3404,M,29,San-Pédro,Site Web,Régulier,30,1054976.0,35165.86666666667,2024-12-29,2,0.8333333333333334,0
3405,M,32,Abidjan,Site Web,Occasionnel,41,1317278.0,32128.731707317074,2024-12-21,10,1.1388888888888888,0
3406,M,41,Abidjan,Partenaire,Occasionnel,21,626950.0,29854.761904761905,2024-12-22,9,0.5833333333333334,0
3407,F,43,Abidjan,Site Web,Occasionnel,28,997720.0,35632.857142857145,2024-12-28,3,0.7777777777777778,0
3408,F,22,Bouaké,Mobile Money,Nouveau,33,1321630.0,40049.393939393936,2024-12-17,14,0.9166666666666666,0
3409,F,42,Bouaké,Boutique,Régulier,42,1167111.0,27788.35714285714,2024-12-30,1,1.1666666666666667,0
3410,F,26,San-Pédro,Mobile Money,Nouveau,37,1387186.0,37491.51351351351,2024-12-22,9,1.0277777777777777,1
3411,M,39,Abidjan,Partenaire,Nouveau,24,842696.0,35112.333333333336,2024-09-22,100,0.6666666666666666,1
3412,F,31,Abidjan,Mobile Money,Occasionnel,31,898738.0,28991.548387096773,2024-11-24,37,0.8611111111111112,1
3413,F,51,Abidjan,Boutique,Nouveau,31,878053.0,28324.290322580644,2024-09-19,103,0.8611111111111112,1
3414,F,29,Abidjan,Boutique,Occasionnel,3,27025.0,9008.333333333334,2024-10-10,82,0.08333333333333333,1
3415,F,35,Daloa,Mobile Money,Occasionnel,1,18889.0,18889.0,2022-08-13,871,0.027777777777777776,1
3416,F,40,Abidjan,Mobile Money,Nouveau,28,979387.0,34978.107142857145,2024-12-08,23,0.7777777777777778,0
3417,M,24,Bouaké,Site Web,Nouveau,22,668541.0,30388.227272727272,2024-10-27,65,0.6111111111111112,0
3418,M,33,Bouaké,Mobile Money,Nouveau,27,1485348.0,55012.88888888889,2024-12-16,15,0.75,0
3419,F,31,Daloa,Partenaire,Occasionnel,2,120870.0,60435.0,2023-12-03,394,0.05555555555555555,1
3421,M,29,Abidjan,Mobile Money,Régulier,4,104304.0,26076.0,2024-07-12,172,0.1111111111111111,1
3422,F,46,Korhogo,Réseaux sociaux,Régulier,1,41366.0,41366.0,2023-02-14,686,0.027777777777777776,1
3423,M,27,Bouaké,Mobile Money,Occasionnel,28,743401.0,26550.035714285714,2024-12-10,21,0.7777777777777778,0
3424,F,40,Abidjan,Mobile Money,Nouveau,36,889781.0,24716.13888888889,2024-12-20,11,1.0,0
3425,F,37,Daloa,Mobile Money,Nouveau,29,1006111.0,34693.48275862069,2024-12-07,24,0.8055555555555556,0
3426,M,18,Korhogo,Réseaux sociaux,Nouveau,27,627147.0,23227.666666666668,2024-11-02,59,0.75,0
3427,F,39,Abidjan,Site Web,Nouveau,21,517952.0,24664.380952380954,2024-12-04,27,0.5833333333333334,0
3428,M,18,Korhogo,Mobile Money,VIP,27,688151.0,25487.074074074073,2024-11-10,51,0.75,0
3429,M,40,Abidjan,Site Web,Nouveau,21,583819.0,27800.904761904763,2024-12-28,3,0.5833333333333334,0
3430,M,28,Gagnoa,Site Web,Nouveau,1,36992.0,36992.0,2024-09-18,104,0.027777777777777776,1
3431,M,34,Abidjan,Site Web,Fidèle,28,772155.0,27576.964285714286,2024-11-27,34,0.7777777777777778,0
3432,M,19,Abidjan,Boutique,Fidèle,3,112863.0,37621.0,2024-02-12,323,0.08333333333333333,1
3433,M,35,Abidjan,Réseaux sociaux,Occasionnel,2,11527.0,5763.5,2024-05-28,217,0.05555555555555555,1
3434,F,44,San-Pédro,Site Web,Occasionnel,34,725024.0,21324.235294117647,2024-11-10,51,0.9444444444444444,0
3435,F,25,Abengourou,Mobile Money,Nouveau,43,1379497.0,32081.325581395347,2024-12-26,5,1.1944444444444444,0
3436,M,27,Abidjan,Réseaux sociaux,Régulier,27,940506.0,34833.555555555555,2024-11-23,38,0.75,0
3437,F,39,Abidjan,Mobile Money,Occasionnel,6,182038.0,30339.666666666668,2024-12-15,16,0.16666666666666666,0
3438,F,39,Abidjan,Site Web,Occasionnel,30,1119079.0,37302.63333333333,2024-11-13,48,0.8333333333333334,0
3439,F,18,Abidjan,Site Web,Nouveau,31,1049930.0,33868.709677419356,2024-12-28,3,0.8611111111111112,1
3440,M,56,Daloa,Mobile Money,Occasionnel,36,1007497.0,27986.027777777777,2024-12-13,18,1.0,0
3441,F,39,Abidjan,Mobile Money,Régulier,2,30912.0,15456.0,2024-06-23,191,0.05555555555555555,1
3442,F,41,Gagnoa,Site Web,Nouveau,18,472011.0,26222.833333333332,2024-08-27,126,0.5,1
3443,F,32,Man,Réseaux sociaux,Occasionnel,32,1076023.0,33625.71875,2024-12-25,6,0.8888888888888888,0
3444,F,18,Abidjan,Réseaux sociaux,Nouveau,28,826462.0,29516.5,2024-12-17,14,0.7777777777777778,0
3445,M,41,Abidjan,Site Web,Régulier,26,798075.0,30695.19230769231,2024-12-07,24,0.7222222222222222,0
3446,F,27,Abengourou,Mobile Money,Nouveau,2,47585.0,23792.5,2024-09-25,97,0.05555555555555555,1
3447,M,39,San-Pédro,Mobile Money,Fidèle,36,844262.0,23451.722222222223,2024-11-12,49,1.0,0
3448,M,31,Yamoussoukro,Site Web,Occasionnel,4,196420.0,49105.0,2024-11-20,41,0.1111111111111111,0
3449,F,36,Abidjan,Boutique,Occasionnel,25,753414.0,30136.56,2024-11-18,43,0.6944444444444444,0
3450,M,25,Abidjan,Site Web,Occasionnel,34,672067.0,19766.676470588234,2024-11-18,43,0.9444444444444444,0
3451,M,43,Daloa,Mobile Money,Occasionnel,24,543614.0,22650.583333333332,2024-10-08,84,0.6666666666666666,0
3452,M,20,Abidjan,Mobile Money,Nouveau,28,692694.0,24739.071428571428,2024-12-26,5,0.7777777777777778,0
3453,F,58,Yamoussoukro,Site Web,Occasionnel,23,568633.0,24723.17391304348,2024-12-02,29,0.6388888888888888,0
3454,F,58,Daloa,Site Web,Nouveau,29,699030.0,24104.48275862069,2024-11-04,57,0.8055555555555556,0
3456,M,48,Abidjan,Mobile Money,Régulier,1,7841.0,7841.0,2024-03-22,284,0.027777777777777776,1
3457,M,33,Abidjan,Réseaux sociaux,Nouveau,33,961581.0,29138.81818181818,2024-12-23,8,0.9166666666666666,0
3458,M,46,Korhogo,Boutique,Fidèle,26,749021.0,28808.5,2024-12-25,6,0.7222222222222222,0
3459,F,32,Abidjan,Site Web,Fidèle,6,192055.0,32009.166666666668,2024-10-31,61,0.16666666666666666,0
3460,M,18,Abidjan,Site Web,Régulier,32,923294.0,28852.9375,2024-10-30,62,0.8888888888888888,0
3461,F,50,Divo,Boutique,Nouveau,35,740894.0,21168.4,2024-12-13,18,0.9722222222222222,1
3462,M,46,Yamoussoukro,Site Web,Occasionnel,31,967296.0,31203.09677419355,2024-12-13,18,0.8611111111111112,0
3463,F,33,Abidjan,Boutique,Fidèle,31,772049.0,24904.8064516129,2024-10-23,69,0.8611111111111112,0
3464,F,20,San-Pédro,Boutique,Occasionnel,33,1123031.0,34031.242424242424,2024-12-24,7,0.9166666666666666,0
3465,M,27,Abidjan,Site Web,Nouveau,34,937675.0,27578.676470588234,2024-10-01,91,0.9444444444444444,1
3466,M,18,Abengourou,Mobile Money,Nouveau,26,666849.0,25648.03846153846,2024-12-07,24,0.7222222222222222,0
3467,M,44,San-Pédro,Réseaux sociaux,Occasionnel,27,1007190.0,37303.333333333336,2024-12-10,21,0.75,1
3468,F,18,Abidjan,Mobile Money,Nouveau,28,656255.0,23437.678571428572,2024-12-18,13,0.7777777777777778,0
3469,F,37,Abidjan,Mobile Money,Nouveau,25,1127793.0,45111.72,2024-12-14,17,0.6944444444444444,0
3470,M,24,Abidjan,Site Web,Régulier,34,1498765.0,44081.32352941176,2024-12-26,5,0.9444444444444444,0
3471,F,18,Yamoussoukro,Mobile Money,Occasionnel,27,837140.0,31005.185185185186,2024-11-25,36,0.75,0
3472,F,36,Bouaké,Partenaire,Nouveau,27,909565.0,33687.59259259259,2024-11-07,54,0.75,0
3473,M,30,Abidjan,Boutique,Fidèle,37,1357498.0,36689.13513513513,2024-12-28,3,1.0277777777777777,0
3474,F,43,Gagnoa,Mobile Money,Nouveau,27,594845.0,22031.296296296296,2024-12-30,1,0.75,0
3475,M,20,Abidjan,Mobile Money,Nouveau,29,929335.0,32046.03448275862,2024-12-03,28,0.8055555555555556,0
3476,F,25,Daloa,Mobile Money,Nouveau,26,619541.0,23828.5,2024-12-19,12,0.7222222222222222,0
3477,M,18,Yamoussoukro,Mobile Money,Nouveau,31,718149.0,23166.09677419355,2024-11-25,36,0.8611111111111112,0
3478,M,18,Abidjan,Mobile Money,Occasionnel,24,843535.0,35147.291666666664,2024-12-05,26,0.6666666666666666,0
3479,M,53,Abidjan,Mobile Money,Nouveau,43,937562.0,21803.767441860466,2024-12-30,1,1.1944444444444444,0
3480,M,56,Yamoussoukro,Mobile Money,Fidèle,23,509038.0,22132.08695652174,2024-12-22,9,0.6388888888888888,0
3481,F,35,Bouaké,Boutique,Fidèle,25,464689.0,18587.56,2024-12-13,18,0.6944444444444444,0
3482,M,24,Abidjan,Mobile Money,Nouveau,28,717643.0,25630.10714285714,2024-12-28,3,0.7777777777777778,0
3483,M,30,Daloa,Mobile Money,Régulier,4,67565.0,16891.25,2024-02-10,325,0.1111111111111111,1
3484,M,43,Abidjan,Mobile Money,Occasionnel,25,715810.0,28632.4,2024-12-23,8,0.6944444444444444,0
3485,M,28,Abidjan,Mobile Money,Fidèle,24,486900.0,20287.5,2024-12-15,16,0.6666666666666666,0
3486,M,36,San-Pédro,Mobile Money,Nouveau,1,23531.0,23531.0,2022-01-09,1087,0.027777777777777776,1
3487,M,33,Abidjan,Mobile Money,Régulier,29,718200.0,24765.51724137931,2024-12-02,29,0.8055555555555556,0
3488,M,27,Bouaké,Boutique,Nouveau,42,1162908.0,27688.285714285714,2024-12-23,8,1.1666666666666667,0
3489,F,28,Bouaké,Partenaire,Nouveau,5,161802.0,32360.4,2024-09-20,102,0.1388888888888889,1
3490,F,37,Abidjan,Mobile Money,Fidèle,32,1041404.0,32543.875,2024-07-14,170,0.8888888888888888,1
3491,M,23,Abidjan,Mobile Money,Nouveau,33,737721.0,22355.18181818182,2024-10-30,62,0.9166666666666666,0
3492,F,38,Abidjan,Site Web,Occasionnel,29,1135929.0,39169.96551724138,2024-12-12,19,0.8055555555555556,0
3493,M,28,Abidjan,Boutique,Nouveau,4,71360.0,17840.0,2024-12-27,4,0.1111111111111111,0
3494,M,35,Yamoussoukro,Mobile Money,Fidèle,29,877112.0,30245.241379310344,2024-11-13,48,0.8055555555555556,1
3495,F,49,Abidjan,Site Web,Occasionnel,2,97453.0,48726.5,2023-01-11,720,0.05555555555555555,1
3496,M,32,Gagnoa,Site Web,Nouveau,29,1261072.0,43485.24137931035,2024-08-25,128,0.8055555555555556,1
3497,M,44,Abidjan,Partenaire,Régulier,26,813871.0,31302.73076923077,2024-09-09,113,0.7222222222222222,1
3498,M,18,Abidjan,Partenaire,Nouveau,32,920173.0,28755.40625,2024-12-12,19,0.8888888888888888,0
3499,F,28,Man,Boutique,Nouveau,6,204438.0,34073.0,2024-12-17,14,0.16666666666666666,0
3500,M,34,Abidjan,Site Web,Régulier,27,815140.0,30190.37037037037,2024-11-25,36,0.75,0
3501,F,55,Bouaké,Boutique,VIP,3,81977.0,27325.666666666668,2024-12-07,24,0.08333333333333333,0
3502,M,18,Yamoussoukro,Réseaux sociaux,Régulier,37,1342828.0,36292.64864864865,2024-12-05,26,1.0277777777777777,0
3503,F,32,Korhogo,Boutique,Nouveau,2,20058.0,10029.0,2024-07-06,178,0.05555555555555555,1
3504,M,50,Abidjan,Mobile Money,Nouveau,31,624962.0,20160.064516129034,2024-12-24,7,0.8611111111111112,0
3505,M,25,Abidjan,Mobile Money,Régulier,30,933946.0,31131.533333333333,2024-12-25,6,0.8333333333333334,0
3506,M,31,Abengourou,Boutique,Nouveau,24,588388.0,24516.166666666668,2024-12-27,4,0.6666666666666666,0
3507,F,37,Abidjan,Boutique,Régulier,41,1161734.0,28334.975609756097,2024-12-29,2,1.1388888888888888,0
3508,M,36,Yamoussoukro,Réseaux sociaux,Occasionnel,34,1038145.0,30533.676470588234,2024-12-27,4,0.9444444444444444,0
3509,M,51,Bouaké,Mobile Money,Fidèle,30,900686.0,30022.866666666665,2024-12-01,30,0.8333333333333334,0
3511,M,48,Daloa,Mobile Money,Fidèle,30,765479.0,25515.966666666667,2024-10-21,71,0.8333333333333334,0
3512,M,30,Abengourou,Boutique,Occasionnel,28,1704617.0,60879.17857142857,2024-12-29,2,0.7777777777777778,0
3513,M,25,Abidjan,Boutique,Régulier,36,1422278.0,39507.72222222222,2024-12-30,1,1.0,0
3514,M,31,Bouaké,Mobile Money,Nouveau,34,847965.0,24940.147058823528,2024-07-24,160,0.9444444444444444,1
3515,M,21,Yamoussoukro,Boutique,Occasionnel,31,842868.0,27189.290322580644,2024-12-26,5,0.8611111111111112,0
3516,M,39,Abidjan,Mobile Money,Nouveau,2,118741.0,59370.5,2024-07-18,166,0.05555555555555555,1
3517,M,29,Korhogo,Mobile Money,Nouveau,36,1459171.0,40532.52777777778,2024-12-16,15,1.0,0
3518,F,26,Abidjan,Réseaux sociaux,Occasionnel,33,920761.0,27901.848484848484,2024-12-22,9,0.9166666666666666,0
3519,M,39,Abidjan,Mobile Money,Nouveau,27,1179016.0,43667.25925925926,2024-10-11,81,0.75,1
3520,M,21,San-Pédro,Site Web,VIP,27,1079569.0,39984.03703703704,2024-10-14,78,0.75,0
3521,M,42,Divo,Site Web,Régulier,29,864950.0,29825.862068965518,2024-12-29,2,0.8055555555555556,0
3522,M,28,Abidjan,Mobile Money,Régulier,3,299395.0,99798.33333333333,2024-03-30,276,0.08333333333333333,1
3523,F,46,Daloa,Réseaux sociaux,Occasionnel,35,1197856.0,34224.45714285714,2024-12-22,9,0.9722222222222222,0
3524,F,29,Abidjan,Site Web,Nouveau,31,826894.0,26674.0,2024-10-05,87,0.8611111111111112,0
3525,F,40,Abidjan,Site Web,Nouveau,26,585362.0,22513.923076923078,2024-11-13,48,0.7222222222222222,0
3526,F,35,Abidjan,Réseaux sociaux,Nouveau,1,18463.0,18463.0,2023-03-03,669,0.027777777777777776,1
3527,F,42,San-Pédro,Boutique,Occasionnel,34,757220.0,22271.176470588234,2024-12-29,2,0.9444444444444444,0
3528,F,35,Abidjan,Partenaire,Régulier,31,573213.0,18490.74193548387,2024-12-18,13,0.8611111111111112,0
3529,M,18,Abidjan,Mobile Money,Nouveau,18,344229.0,19123.833333333332,2024-11-12,49,0.5,0
3530,F,45,Daloa,Mobile Money,Nouveau,35,864148.0,24689.942857142858,2024-10-15,77,0.9722222222222222,0
3531,F,33,Abidjan,Site Web,Nouveau,39,1437815.0,36867.05128205128,2024-12-01,30,1.0833333333333333,0
3532,F,42,Abidjan,Mobile Money,Occasionnel,38,1058952.0,27867.157894736843,2024-11-30,31,1.0555555555555556,0
3533,F,41,Abidjan,Site Web,Nouveau,26,881947.0,33921.03846153846,2024-12-08,23,0.7222222222222222,0
3534,F,25,Daloa,Boutique,Occasionnel,29,1163908.0,40134.75862068965,2024-11-08,53,0.8055555555555556,0
3535,M,23,Bouaké,Mobile Money,Nouveau,3,38811.0,12937.0,2023-09-10,478,0.08333333333333333,1
3536,M,41,Daloa,Réseaux sociaux,Nouveau,34,1161178.0,34152.294117647056,2024-12-23,8,0.9444444444444444,0
3537,F,30,Abidjan,Mobile Money,Régulier,39,1022737.0,26224.02564102564,2024-12-14,17,1.0833333333333333,0
3538,M,44,Abidjan,Mobile Money,VIP,31,886933.0,28610.74193548387,2024-10-23,69,0.8611111111111112,0
3539,F,32,Daloa,Site Web,Nouveau,32,1044475.0,32639.84375,2024-10-17,75,0.8888888888888888,0
3540,F,45,Abidjan,Site Web,Nouveau,35,911472.0,26042.057142857142,2024-12-04,27,0.9722222222222222,0
3541,M,38,Abidjan,Réseaux sociaux,Nouveau,38,848451.0,22327.657894736843,2024-12-21,10,1.0555555555555556,0
3542,M,37,Abidjan,Mobile Money,Régulier,24,719276.0,29969.833333333332,2024-12-13,18,0.6666666666666666,0
3543,M,29,Abidjan,Réseaux sociaux,Occasionnel,46,1171437.0,25466.021739130436,2024-12-29,2,1.2777777777777777,0
3544,F,36,Abidjan,Site Web,Occasionnel,32,805556.0,25173.625,2024-11-02,59,0.8888888888888888,1
3545,F,47,Divo,Réseaux sociaux,Occasionnel,25,723646.0,28945.84,2024-11-22,39,0.6944444444444444,0
3546,F,33,Abidjan,Mobile Money,Fidèle,27,717040.0,26557.037037037036,2024-12-29,2,0.75,0
3547,F,39,Bouaké,Boutique,Nouveau,30,629076.0,20969.2,2024-12-16,15,0.8333333333333334,0
3548,M,34,Abidjan,Boutique,Nouveau,37,1045771.0,28264.08108108108,2024-10-21,71,1.0277777777777777,1
3549,F,35,Bouaké,Boutique,Occasionnel,37,1215661.0,32855.7027027027,2024-12-30,1,1.0277777777777777,0
3550,M,52,Bouaké,Mobile Money,Occasionnel,36,914898.0,25413.833333333332,2024-12-22,9,1.0,0
3551,M,47,Man,Boutique,Nouveau,3,43811.0,14603.666666666666,2024-05-30,215,0.08333333333333333,1
3552,M,34,Abidjan,Site Web,Fidèle,30,752122.0,25070.733333333334,2024-10-27,65,0.8333333333333334,0
3553,F,36,Daloa,Boutique,Régulier,25,761654.0,30466.16,2024-12-18,13,0.6944444444444444,0
3554,F,26,Abidjan,Boutique,Fidèle,2,80920.0,40460.0,2024-10-17,75,0.05555555555555555,0
3555,F,32,Bouaké,Mobile Money,Fidèle,30,599634.0,19987.8,2024-12-08,23,0.8333333333333334,0
3556,M,37,Man,Réseaux sociaux,Occasionnel,32,984143.0,30754.46875,2024-12-14,17,0.8888888888888888,0
3557,F,43,Bouaké,Boutique,Fidèle,2,38394.0,19197.0,2023-07-28,522,0.05555555555555555,1
3558,M,42,Yamoussoukro,Boutique,Régulier,33,911395.0,27618.030303030304,2024-10-30,62,0.9166666666666666,0
3559,M,21,Korhogo,Partenaire,Occasionnel,38,1230977.0,32394.13157894737,2024-12-08,23,1.0555555555555556,0
3560,F,44,Man,Site Web,Régulier,32,949425.0,29669.53125,2024-12-18,13,0.8888888888888888,0
3561,M,33,Abidjan,Mobile Money,VIP,20,813903.0,40695.15,2024-12-06,25,0.5555555555555556,0
3562,F,23,Abidjan,Site Web,Régulier,32,812994.0,25406.0625,2024-12-24,7,0.8888888888888888,0
3563,M,48,Bouaké,Partenaire,Régulier,39,1302544.0,33398.5641025641,2024-12-28,3,1.0833333333333333,0
3564,F,50,Abengourou,Mobile Money,Nouveau,30,1006633.0,33554.433333333334,2024-12-20,11,0.8333333333333334,0
3565,M,36,Abidjan,Site Web,Fidèle,27,1169019.0,43297.0,2024-11-07,54,0.75,0
3566,M,41,Abidjan,Mobile Money,Occasionnel,3,70442.0,23480.666666666668,2024-07-27,157,0.08333333333333333,1
3567,M,42,Abidjan,Réseaux sociaux,Régulier,2,33996.0,16998.0,2024-04-14,261,0.05555555555555555,1
3568,F,49,Abidjan,Site Web,Régulier,29,891263.0,30733.206896551725,2024-11-14,47,0.8055555555555556,0
3569,M,42,Abidjan,Partenaire,Occasionnel,27,947104.0,35077.92592592593,2024-12-16,15,0.75,0
3570,F,19,Abidjan,Site Web,Nouveau,25,493850.0,19754.0,2024-10-28,64,0.6944444444444444,0
3571,M,56,Abidjan,Mobile Money,Régulier,4,61850.0,15462.5,2024-10-21,71,0.1111111111111111,0
3572,F,45,Yamoussoukro,Boutique,Nouveau,4,189348.0,47337.0,2024-05-14,231,0.1111111111111111,1
3573,F,28,Abidjan,Réseaux sociaux,Nouveau,44,1136618.0,25832.227272727272,2024-10-19,73,1.2222222222222223,0
3574,F,22,Abidjan,Mobile Money,Nouveau,33,1090123.0,33034.030303030304,2024-11-24,37,0.9166666666666666,0
3575,F,39,Abidjan,Mobile Money,Régulier,33,730961.0,22150.333333333332,2024-11-04,57,0.9166666666666666,0
3576,F,30,Abidjan,Site Web,Nouveau,25,840514.0,33620.56,2024-12-22,9,0.6944444444444444,0
3577,M,37,Abidjan,Boutique,Nouveau,17,697416.0,41024.470588235294,2024-09-20,102,0.4722222222222222,1
3578,F,42,Abidjan,Mobile Money,Fidèle,39,1519799.0,38969.205128205125,2024-12-15,16,1.0833333333333333,0
3579,M,27,Abidjan,Mobile Money,Occasionnel,30,836630.0,27887.666666666668,2024-08-17,136,0.8333333333333334,1
3580,F,21,Yamoussoukro,Mobile Money,Fidèle,26,686817.0,26416.03846153846,2024-11-17,44,0.7222222222222222,0
3581,M,38,Abidjan,Site Web,Occasionnel,24,800074.0,33336.416666666664,2024-12-22,9,0.6666666666666666,0
3582,M,28,Abidjan,Boutique,Nouveau,5,53729.0,10745.8,2024-11-30,31,0.1388888888888889,1
3583,F,35,Abidjan,Boutique,Régulier,21,649698.0,30938.0,2024-11-11,50,0.5833333333333334,0
3584,M,19,Abidjan,Réseaux sociaux,Occasionnel,4,79156.0,19789.0,2024-01-23,343,0.1111111111111111,1
3585,M,31,Abidjan,Mobile Money,VIP,27,769979.0,28517.74074074074,2024-10-15,77,0.75,0
3586,M,41,Abidjan,Site Web,Nouveau,25,1277255.0,51090.2,2024-11-30,31,0.6944444444444444,0
3587,F,40,Abidjan,Boutique,Fidèle,26,687471.0,26441.19230769231,2024-11-26,35,0.7222222222222222,0
3588,F,25,Abidjan,Boutique,Occasionnel,23,693146.0,30136.782608695652,2024-08-03,150,0.6388888888888888,1
3589,M,21,Korhogo,Boutique,Fidèle,1,9389.0,9389.0,2023-09-23,465,0.027777777777777776,1
3590,F,34,Abidjan,Site Web,Nouveau,34,915494.0,26926.29411764706,2024-12-12,19,0.9444444444444444,0
3591,M,40,Abidjan,Partenaire,Régulier,1,20416.0,20416.0,2022-03-02,1035,0.027777777777777776,1
3592,F,38,Abidjan,Mobile Money,Nouveau,32,861029.0,26907.15625,2024-11-26,35,0.8888888888888888,1
3593,M,28,Abidjan,Mobile Money,Régulier,24,1010501.0,42104.208333333336,2024-08-03,150,0.6666666666666666,1
3594,F,37,Daloa,Boutique,Nouveau,33,1189027.0,36031.121212121216,2024-11-25,36,0.9166666666666666,0
3595,F,50,Abidjan,Boutique,Occasionnel,36,1512214.0,42005.944444444445,2024-12-25,6,1.0,0
3596,M,36,Abidjan,Mobile Money,Régulier,28,954228.0,34079.57142857143,2024-12-29,2,0.7777777777777778,0
3597,M,18,Divo,Réseaux sociaux,Occasionnel,29,907122.0,31280.068965517243,2024-11-25,36,0.8055555555555556,0
3598,M,36,Abidjan,Site Web,Régulier,28,630462.0,22516.5,2024-12-23,8,0.7777777777777778,0
3599,M,56,Abidjan,Boutique,Régulier,2,24860.0,12430.0,2024-12-19,12,0.05555555555555555,1
3600,F,19,Bouaké,Boutique,Nouveau,37,1129262.0,30520.594594594593,2024-12-27,4,1.0277777777777777,1
3601,F,34,Gagnoa,Mobile Money,Régulier,3,128852.0,42950.666666666664,2024-05-07,238,0.08333333333333333,1
3602,F,31,Abidjan,Boutique,Occasionnel,29,839904.0,28962.206896551725,2024-12-16,15,0.8055555555555556,0
3603,F,35,Bouaké,Boutique,Occasionnel,25,978281.0,39131.24,2024-12-20,11,0.6944444444444444,0
3604,F,36,Abidjan,Réseaux sociaux,Nouveau,3,62953.0,20984.333333333332,2023-10-03,455,0.08333333333333333,1
3605,M,46,Bouaké,Boutique,Occasionnel,35,1278360.0,36524.57142857143,2024-12-15,16,0.9722222222222222,1
3606,F,34,Abidjan,Mobile Money,Régulier,35,1263797.0,36108.485714285714,2024-12-15,16,0.9722222222222222,0
3607,F,48,Bouaké,Mobile Money,Fidèle,4,53762.0,13440.5,2024-09-05,117,0.1111111111111111,1
3609,F,30,Abidjan,Partenaire,Régulier,35,1197183.0,34205.22857142857,2024-12-14,17,0.9722222222222222,0
3610,F,26,Abidjan,Site Web,Nouveau,6,300926.0,50154.333333333336,2024-09-14,108,0.16666666666666666,1
3611,M,18,Yamoussoukro,Réseaux sociaux,Occasionnel,24,489065.0,20377.708333333332,2024-12-30,1,0.6666666666666666,0
3612,F,37,Daloa,Réseaux sociaux,Nouveau,27,917836.0,33993.92592592593,2024-12-30,1,0.75,0
3613,M,56,San-Pédro,Mobile Money,Régulier,34,1664710.0,48962.05882352941,2024-12-06,25,0.9444444444444444,0
3614,M,39,Abengourou,Site Web,Nouveau,27,969568.0,35909.92592592593,2024-07-25,159,0.75,1
3615,M,41,Abidjan,Site Web,VIP,33,870200.0,26369.696969696968,2024-11-06,55,0.9166666666666666,0
3616,M,29,Yamoussoukro,Mobile Money,Nouveau,36,881132.0,24475.88888888889,2024-12-28,3,1.0,0
3617,F,31,Abidjan,Boutique,Nouveau,31,892824.0,28800.774193548386,2024-12-13,18,0.8611111111111112,0
3618,F,44,Korhogo,Site Web,Fidèle,3,166275.0,55425.0,2024-12-27,4,0.08333333333333333,0
3619,F,56,Bouaké,Réseaux sociaux,Nouveau,3,81601.0,27200.333333333332,2024-03-28,278,0.08333333333333333,1
3620,M,50,Abidjan,Mobile Money,Nouveau,2,29343.0,14671.5,2024-07-11,173,0.05555555555555555,1
3621,M,42,Abidjan,Réseaux sociaux,Occasionnel,32,1164114.0,36378.5625,2024-11-07,54,0.8888888888888888,1
3622,F,34,Daloa,Partenaire,VIP,1,5924.0,5924.0,2024-10-13,79,0.027777777777777776,1
3623,F,36,San-Pédro,Partenaire,Nouveau,32,923429.0,28857.15625,2024-12-13,18,0.8888888888888888,0
3624,M,25,San-Pédro,Mobile Money,Occasionnel,36,1213845.0,33717.916666666664,2024-12-27,4,1.0,0
3625,M,18,Abidjan,Mobile Money,Nouveau,35,962538.0,27501.085714285713,2024-11-15,46,0.9722222222222222,0
3626,M,21,Abidjan,Site Web,Occasionnel,27,1122466.0,41572.81481481482,2024-12-22,9,0.75,0
3627,M,34,Divo,Mobile Money,Nouveau,32,1176211.0,36756.59375,2024-12-11,20,0.8888888888888888,0
3628,M,30,Bouaké,Mobile Money,Occasionnel,25,802234.0,32089.36,2024-11-11,50,0.6944444444444444,0
3629,M,18,Abidjan,Site Web,Occasionnel,2,119623.0,59811.5,2024-09-21,101,0.05555555555555555,1
3630,F,33,Bouaké,Mobile Money,Fidèle,21,408566.0,19455.52380952381,2024-10-10,82,0.5833333333333334,0
3631,F,30,Bouaké,Boutique,Régulier,32,1125985.0,35187.03125,2024-12-30,1,0.8888888888888888,0
3632,M,21,Yamoussoukro,Partenaire,Régulier,38,1095916.0,28839.894736842107,2024-12-11,20,1.0555555555555556,0
3633,M,29,Bouaké,Boutique,Occasionnel,39,1164193.0,29851.102564102563,2024-12-21,10,1.0833333333333333,0
3634,F,30,Korhogo,Réseaux sociaux,Nouveau,5,111097.0,22219.4,2024-06-29,185,0.1388888888888889,1
3635,M,27,San-Pédro,Boutique,Nouveau,40,1141449.0,28536.225,2024-12-25,6,1.1111111111111112,0
3636,F,44,Abidjan,Boutique,Occasionnel,32,1155374.0,36105.4375,2024-12-08,23,0.8888888888888888,0
3637,M,18,Abidjan,Mobile Money,Nouveau,32,1338518.0,41828.6875,2024-12-22,9,0.8888888888888888,0
3638,F,18,Bouaké,Boutique,Nouveau,26,1078139.0,41466.88461538462,2024-12-29,2,0.7222222222222222,1
3639,M,34,Bouaké,Mobile Money,Occasionnel,31,761310.0,24558.387096774193,2024-11-29,32,0.8611111111111112,0
3640,M,35,Abidjan,Réseaux sociaux,Nouveau,35,779391.0,22268.314285714285,2024-12-24,7,0.9722222222222222,0
3641,F,38,Korhogo,Réseaux sociaux,Nouveau,28,772477.0,27588.464285714286,2024-12-11,20,0.7777777777777778,0
3642,F,28,Abidjan,Mobile Money,Occasionnel,27,962767.0,35658.03703703704,2024-10-25,67,0.75,0
3643,M,23,Abidjan,Mobile Money,Régulier,3,102872.0,34290.666666666664,2024-11-20,41,0.08333333333333333,0
3644,F,33,Korhogo,Site Web,Nouveau,29,848754.0,29267.379310344826,2024-12-27,4,0.8055555555555556,0
3645,F,29,Man,Boutique,Régulier,23,798458.0,34715.565217391304,2024-12-21,10,0.6388888888888888,1
3646,M,51,Abidjan,Mobile Money,Nouveau,25,993081.0,39723.24,2024-06-05,209,0.6944444444444444,1
3647,F,30,Abidjan,Mobile Money,VIP,34,1014455.0,29836.91176470588,2024-11-23,38,0.9444444444444444,0
3648,F,33,Abidjan,Mobile Money,Occasionnel,28,650091.0,23217.535714285714,2024-11-11,50,0.7777777777777778,0
3649,F,61,Abidjan,Boutique,Occasionnel,37,1002931.0,27106.243243243243,2024-12-04,27,1.0277777777777777,0
3650,M,31,Abidjan,Mobile Money,Régulier,35,969311.0,27694.6,2024-11-28,33,0.9722222222222222,0
3651,F,40,Abidjan,Site Web,Occasionnel,32,1040979.0,32530.59375,2024-11-14,47,0.8888888888888888,0
3652,F,41,Abidjan,Mobile Money,Occasionnel,30,806883.0,26896.1,2024-09-19,103,0.8333333333333334,0
3653,F,42,Yamoussoukro,Boutique,Occasionnel,42,1356460.0,32296.666666666668,2024-11-23,38,1.1666666666666667,0
3654,F,37,Bouaké,Boutique,VIP,29,1222408.0,42152.0,2024-12-14,17,0.8055555555555556,0
3655,F,36,Yamoussoukro,Mobile Money,Fidèle,22,530332.0,24106.0,2024-08-22,131,0.6111111111111112,1
3656,F,35,Abidjan,Réseaux sociaux,Occasionnel,2,12768.0,6384.0,2023-01-04,727,0.05555555555555555,1
3657,F,27,Abidjan,Site Web,Fidèle,34,853282.0,25096.529411764706,2024-12-20,11,0.9444444444444444,1
3658,F,37,Abidjan,Réseaux sociaux,Nouveau,17,326860.0,19227.058823529413,2024-12-01,30,0.4722222222222222,0
3659,M,56,Divo,Boutique,Occasionnel,25,999290.0,39971.6,2024-12-22,9,0.6944444444444444,0
3660,F,47,Abidjan,Boutique,Occasionnel,37,961511.0,25986.783783783783,2024-12-23,8,1.0277777777777777,0
3661,F,37,Bouaké,Mobile Money,Nouveau,5,103831.0,20766.2,2023-01-11,720,0.1388888888888889,1
3662,M,43,Abidjan,Boutique,Fidèle,30,708660.0,23622.0,2024-08-12,141,0.8333333333333334,1
3663,M,24,Korhogo,Boutique,Fidèle,30,927090.0,30903.0,2024-11-20,41,0.8333333333333334,0
3664,M,31,Abidjan,Boutique,Fidèle,32,836072.0,26127.25,2024-12-14,17,0.8888888888888888,0
3665,F,44,Abidjan,Mobile Money,Régulier,20,743306.0,37165.3,2024-11-17,44,0.5555555555555556,0
3666,F,50,San-Pédro,Mobile Money,Occasionnel,5,140614.0,28122.8,2024-05-27,218,0.1388888888888889,1
3667,F,25,Abidjan,Mobile Money,Régulier,5,156577.0,31315.4,2023-08-03,516,0.1388888888888889,1
3668,F,28,Bouaké,Mobile Money,Nouveau,37,1033837.0,27941.54054054054,2024-10-26,66,1.0277777777777777,0
3669,F,57,Abidjan,Boutique,Fidèle,34,905122.0,26621.235294117647,2024-12-24,7,0.9444444444444444,0
3670,M,35,Abengourou,Partenaire,Nouveau,26,760058.0,29233.0,2024-12-21,10,0.7222222222222222,0
3671,F,54,Yamoussoukro,Mobile Money,Régulier,28,821318.0,29332.785714285714,2024-12-29,2,0.7777777777777778,0
3672,M,36,Abidjan,Mobile Money,Régulier,33,968284.0,29341.939393939392,2024-11-17,44,0.9166666666666666,0
3673,F,36,San-Pédro,Mobile Money,Nouveau,3,70096.0,23365.333333333332,2024-05-10,235,0.08333333333333333,1
3674,F,30,Yamoussoukro,Mobile Money,Nouveau,29,481756.0,16612.275862068964,2024-12-14,17,0.8055555555555556,0
3675,M,44,Bouaké,Site Web,Occasionnel,29,1338101.0,46141.41379310345,2024-12-04,27,0.8055555555555556,0
3676,M,48,Abidjan,Mobile Money,Nouveau,31,912062.0,29421.354838709678,2024-12-04,27,0.8611111111111112,0
3677,F,22,Abidjan,Partenaire,Fidèle,37,1212124.0,32760.108108108107,2024-12-12,19,1.0277777777777777,0
3678,M,30,Bouaké,Réseaux sociaux,Nouveau,4,52917.0,13229.25,2024-08-30,123,0.1111111111111111,1
3679,F,44,Abidjan,Boutique,Occasionnel,30,878211.0,29273.7,2024-12-02,29,0.8333333333333334,0
3680,F,32,Korhogo,Partenaire,Nouveau,4,138086.0,34521.5,2024-03-16,290,0.1111111111111111,1
3681,M,28,Abidjan,Site Web,Nouveau,35,875848.0,25024.22857142857,2024-12-25,6,0.9722222222222222,0
3682,F,45,Bouaké,Partenaire,Nouveau,20,311429.0,15571.45,2024-12-29,2,0.5555555555555556,0
3683,F,46,Abidjan,Mobile Money,Fidèle,23,588333.0,25579.695652173912,2024-12-27,4,0.6388888888888888,1
3684,F,29,Bouaké,Partenaire,Régulier,26,533356.0,20513.69230769231,2024-10-27,65,0.7222222222222222,0
3685,F,36,Abidjan,Mobile Money,Fidèle,35,793223.0,22663.514285714286,2024-12-23,8,0.9722222222222222,0
3686,F,20,Abidjan,Boutique,Occasionnel,39,1468926.0,37664.769230769234,2024-12-24,7,1.0833333333333333,0
3687,F,24,Abidjan,Partenaire,Nouveau,39,1109962.0,28460.5641025641,2024-12-06,25,1.0833333333333333,0
3688,M,35,Bouaké,Boutique,Nouveau,15,427761.0,28517.4,2024-09-11,111,0.4166666666666667,1
3689,M,34,Abidjan,Mobile Money,Occasionnel,21,620734.0,29558.761904761905,2024-12-20,11,0.5833333333333334,0
3690,F,23,Daloa,Mobile Money,Nouveau,29,635232.0,21904.55172413793,2024-12-27,4,0.8055555555555556,0
3691,F,26,Abidjan,Mobile Money,Nouveau,28,980189.0,35006.75,2024-10-31,61,0.7777777777777778,0
3692,M,22,Bouaké,Boutique,Régulier,31,1035364.0,33398.83870967742,2024-09-24,98,0.8611111111111112,1
3693,F,39,Bouaké,Boutique,Nouveau,3,114034.0,38011.333333333336,2024-09-02,120,0.08333333333333333,1
3694,M,18,Abidjan,Boutique,Occasionnel,20,510071.0,25503.55,2024-12-05,26,0.5555555555555556,0
3695,M,22,Abidjan,Réseaux sociaux,Occasionnel,31,911602.0,29406.516129032258,2024-12-29,2,0.8611111111111112,0
3696,F,18,Abidjan,Mobile Money,Régulier,29,988568.0,34088.55172413793,2024-12-20,11,0.8055555555555556,0
3697,F,38,Bouaké,Réseaux sociaux,Occasionnel,31,993581.0,32051.0,2024-12-10,21,0.8611111111111112,0
3698,F,18,Gagnoa,Boutique,Régulier,2,33202.0,16601.0,2023-09-12,476,0.05555555555555555,1
3699,F,34,Abidjan,Site Web,Occasionnel,25,687974.0,27518.96,2024-06-10,204,0.6944444444444444,1
3700,F,52,Yamoussoukro,Site Web,Nouveau,1,13147.0,13147.0,2022-11-07,785,0.027777777777777776,1
3701,M,52,Yamoussoukro,Réseaux sociaux,Nouveau,26,835542.0,32136.23076923077,2024-11-15,46,0.7222222222222222,0
3702,F,18,Yamoussoukro,Mobile Money,Nouveau,23,758489.0,32977.782608695656,2024-11-06,55,0.6388888888888888,0
3703,M,37,Abidjan,Boutique,Occasionnel,29,821686.0,28334.0,2024-12-02,29,0.8055555555555556,0
3704,M,23,Gagnoa,Réseaux sociaux,Régulier,30,929127.0,30970.9,2024-11-03,58,0.8333333333333334,1
3705,F,20,Abidjan,Site Web,Régulier,2,54225.0,27112.5,2024-01-20,346,0.05555555555555555,1
3706,F,32,San-Pédro,Mobile Money,Nouveau,29,708533.0,24432.172413793105,2024-12-20,11,0.8055555555555556,0
3707,F,47,Abidjan,Site Web,Nouveau,21,518921.0,24710.52380952381,2024-11-24,37,0.5833333333333334,0
3708,M,40,San-Pédro,Site Web,Nouveau,29,945843.0,32615.275862068964,2024-12-04,27,0.8055555555555556,0
3709,F,26,Abengourou,Mobile Money,VIP,25,660398.0,26415.92,2024-12-06,25,0.6944444444444444,1
3710,M,41,Man,Site Web,Nouveau,6,128919.0,21486.5,2024-09-23,99,0.16666666666666666,1
3711,M,18,Abidjan,Réseaux sociaux,Occasionnel,23,462320.0,20100.869565217392,2024-09-29,93,0.6388888888888888,1
3712,M,25,San-Pédro,Boutique,Nouveau,1,11350.0,11350.0,2023-11-19,408,0.027777777777777776,1
3713,M,24,Abidjan,Mobile Money,Régulier,19,683738.0,35986.21052631579,2024-09-02,120,0.5277777777777778,1
3714,M,34,Yamoussoukro,Boutique,Occasionnel,2,29446.0,14723.0,2023-08-17,502,0.05555555555555555,1
3715,M,31,Abidjan,Boutique,Nouveau,27,775961.0,28739.296296296296,2024-08-02,151,0.75,1
3716,M,32,Yamoussoukro,Boutique,Occasionnel,4,188614.0,47153.5,2024-03-24,282,0.1111111111111111,1
3717,M,32,Abidjan,Site Web,Régulier,28,887722.0,31704.35714285714,2024-12-06,25,0.7777777777777778,0
3718,M,34,Abidjan,Boutique,Occasionnel,29,1206521.0,41604.1724137931,2024-11-21,40,0.8055555555555556,1
3719,M,39,Abidjan,Réseaux sociaux,VIP,35,806827.0,23052.2,2024-10-25,67,0.9722222222222222,0
3720,F,35,Abidjan,Site Web,Fidèle,2,132927.0,66463.5,2023-12-08,389,0.05555555555555555,1
3721,M,30,Abidjan,Réseaux sociaux,Occasionnel,2,32549.0,16274.5,2023-12-29,368,0.05555555555555555,1
3722,F,38,San-Pédro,Boutique,Fidèle,36,1325590.0,36821.944444444445,2024-12-27,4,1.0,0
3723,M,43,Daloa,Mobile Money,Régulier,43,1328393.0,30892.86046511628,2024-12-26,5,1.1944444444444444,0
3724,F,27,Daloa,Site Web,Occasionnel,29,1051938.0,36273.724137931036,2024-12-26,5,0.8055555555555556,0
3725,M,33,San-Pédro,Mobile Money,Régulier,19,664472.0,34972.21052631579,2024-12-21,10,0.5277777777777778,0
3726,M,46,Abidjan,Boutique,Occasionnel,36,1045455.0,29040.416666666668,2024-12-10,21,1.0,0
3727,M,21,Abidjan,Mobile Money,Occasionnel,34,713155.0,20975.147058823528,2024-12-26,5,0.9444444444444444,0
3728,F,53,Abidjan,Boutique,Occasionnel,22,436816.0,19855.272727272728,2024-09-18,104,0.6111111111111112,1
3729,M,19,Abidjan,Site Web,Régulier,42,1073324.0,25555.333333333332,2024-12-26,5,1.1666666666666667,0
3730,M,30,Bouaké,Boutique,Fidèle,31,587856.0,18963.09677419355,2024-12-25,6,0.8611111111111112,0
3731,M,23,Yamoussoukro,Boutique,Nouveau,35,1355386.0,38725.31428571429,2024-12-30,1,0.9722222222222222,0
3732,M,58,Bouaké,Mobile Money,Régulier,31,859646.0,27730.516129032258,2024-12-13,18,0.8611111111111112,1
3733,M,28,Daloa,Mobile Money,Régulier,25,684707.0,27388.28,2024-12-30,1,0.6944444444444444,0
3734,M,28,Abidjan,Boutique,Fidèle,31,1047953.0,33804.93548387097,2024-10-29,63,0.8611111111111112,0
3735,F,29,Daloa,Réseaux sociaux,Occasionnel,28,686639.0,24522.821428571428,2024-11-12,49,0.7777777777777778,0
3736,M,35,Abidjan,Réseaux sociaux,Nouveau,34,1095839.0,32230.558823529413,2024-12-21,10,0.9444444444444444,0
3737,F,30,Korhogo,Partenaire,Nouveau,2,65515.0,32757.5,2023-05-18,593,0.05555555555555555,1
3738,M,32,Abidjan,Mobile Money,Nouveau,37,1403583.0,37934.67567567567,2024-12-20,11,1.0277777777777777,0
3739,M,18,Abidjan,Mobile Money,Nouveau,2,34577.0,17288.5,2024-08-07,146,0.05555555555555555,1
3740,F,34,Abidjan,Boutique,Nouveau,23,566230.0,24618.695652173912,2024-12-05,26,0.6388888888888888,0
3741,F,34,Abidjan,Site Web,Nouveau,24,1173831.0,48909.625,2024-08-01,152,0.6666666666666666,1
3742,F,45,Abidjan,Site Web,Fidèle,31,581662.0,18763.290322580644,2024-12-18,13,0.8611111111111112,1
3743,M,48,Abidjan,Site Web,Occasionnel,3,129227.0,43075.666666666664,2023-02-04,696,0.08333333333333333,1
3744,F,31,Bouaké,Boutique,Occasionnel,27,743347.0,27531.37037037037,2024-12-16,15,0.75,0
3745,F,42,Man,Boutique,Régulier,30,983599.0,32786.63333333333,2024-12-19,12,0.8333333333333334,0
3746,M,21,Abidjan,Partenaire,Nouveau,25,759954.0,30398.16,2024-11-18,43,0.6944444444444444,0
3747,F,42,Abidjan,Mobile Money,Régulier,22,786445.0,35747.5,2024-12-08,23,0.6111111111111112,0
3748,M,27,Korhogo,Réseaux sociaux,Fidèle,28,861271.0,30759.678571428572,2024-12-23,8,0.7777777777777778,0
3749,F,20,Abidjan,Site Web,Occasionnel,34,865247.0,25448.441176470587,2024-12-21,10,0.9444444444444444,0
3750,F,31,San-Pédro,Mobile Money,Occasionnel,33,691656.0,20959.272727272728,2024-12-27,4,0.9166666666666666,0
3751,F,49,Abidjan,Partenaire,Nouveau,25,602190.0,24087.6,2024-11-28,33,0.6944444444444444,0
3752,F,35,Abidjan,Réseaux sociaux,Occasionnel,27,830199.0,30748.11111111111,2024-09-22,100,0.75,1
3753,F,50,Abidjan,Site Web,Occasionnel,1,75740.0,75740.0,2024-07-08,176,0.027777777777777776,1
3754,M,25,Abidjan,Mobile Money,Nouveau,4,87941.0,21985.25,2023-12-29,368,0.1111111111111111,1
3755,F,45,Bouaké,Mobile Money,Occasionnel,21,445796.0,21228.380952380954,2024-12-21,10,0.5833333333333334,0
3756,F,26,San-Pédro,Site Web,Occasionnel,32,1057965.0,33061.40625,2024-12-28,3,0.8888888888888888,0
3757,F,36,Abidjan,Mobile Money,Nouveau,31,813407.0,26238.935483870966,2024-11-24,37,0.8611111111111112,0
3758,F,36,Man,Mobile Money,Nouveau,34,852867.0,25084.323529411766,2024-11-02,59,0.9444444444444444,0
3759,M,41,Abidjan,Boutique,Occasionnel,23,615686.0,26768.956521739132,2024-11-26,35,0.6388888888888888,0
3760,F,36,Abidjan,Mobile Money,Nouveau,27,499396.0,18496.14814814815,2024-11-09,52,0.75,0
3761,M,25,Korhogo,Site Web,Régulier,28,844709.0,30168.178571428572,2024-12-11,20,0.7777777777777778,0
3762,F,43,Korhogo,Boutique,Fidèle,23,534268.0,23229.043478260868,2024-11-22,39,0.6388888888888888,0
3763,F,53,Abidjan,Mobile Money,Régulier,35,738169.0,21090.542857142857,2024-12-12,19,0.9722222222222222,0
3764,F,27,Abidjan,Boutique,Nouveau,5,103579.0,20715.8,2023-10-17,441,0.1388888888888889,1
3765,F,18,Abidjan,Mobile Money,Occasionnel,1,8583.0,8583.0,2023-02-16,684,0.027777777777777776,1
3766,M,39,Abidjan,Mobile Money,Régulier,21,635189.0,30247.095238095237,2024-12-29,2,0.5833333333333334,0
3767,F,30,Daloa,Boutique,Régulier,30,658061.0,21935.366666666665,2024-11-25,36,0.8333333333333334,0
3768,F,32,Abidjan,Boutique,VIP,26,666373.0,25629.73076923077,2024-12-21,10,0.7222222222222222,0
3769,M,40,Yamoussoukro,Mobile Money,Occasionnel,27,892671.0,33061.88888888889,2024-11-20,41,0.75,0
3770,M,28,Abidjan,Site Web,Nouveau,5,90237.0,18047.4,2024-08-28,125,0.1388888888888889,1
3771,M,31,Abidjan,Boutique,Occasionnel,32,958661.0,29958.15625,2024-12-16,15,0.8888888888888888,0
3772,M,32,Abidjan,Boutique,Fidèle,35,748134.0,21375.257142857143,2024-12-24,7,0.9722222222222222,0
3773,M,50,Abidjan,Boutique,Régulier,28,797569.0,28484.60714285714,2024-12-22,9,0.7777777777777778,0
3774,M,34,Bouaké,Site Web,Fidèle,28,1297865.0,46352.32142857143,2024-12-30,1,0.7777777777777778,0
3775,M,20,Abengourou,Boutique,Régulier,22,477732.0,21715.090909090908,2024-12-21,10,0.6111111111111112,0
3776,F,20,Korhogo,Mobile Money,VIP,28,764186.0,27292.35714285714,2024-12-16,15,0.7777777777777778,0
3777,M,35,Yamoussoukro,Site Web,Occasionnel,28,791535.0,28269.10714285714,2024-11-29,32,0.7777777777777778,0
3778,F,21,Abidjan,Site Web,Fidèle,39,1700047.0,43590.94871794872,2024-11-21,40,1.0833333333333333,0
3779,M,18,Man,Mobile Money,Fidèle,30,710018.0,23667.266666666666,2024-08-02,151,0.8333333333333334,1
3780,M,40,Korhogo,Site Web,Fidèle,30,805715.0,26857.166666666668,2024-12-08,23,0.8333333333333334,0
3781,F,41,Korhogo,Site Web,Fidèle,21,494166.0,23531.714285714286,2024-12-02,29,0.5833333333333334,0
3782,M,29,Abidjan,Mobile Money,Occasionnel,32,857973.0,26811.65625,2024-11-23,38,0.8888888888888888,0
3783,M,37,Abidjan,Réseaux sociaux,Régulier,38,1119699.0,29465.763157894737,2024-12-24,7,1.0555555555555556,0
3784,F,36,Daloa,Boutique,Occasionnel,28,762922.0,27247.214285714286,2024-11-10,51,0.7777777777777778,0
3785,M,40,Abidjan,Site Web,Régulier,29,874873.0,30168.03448275862,2024-11-14,47,0.8055555555555556,1
3786,M,40,Abidjan,Réseaux sociaux,Régulier,28,795714.0,28418.35714285714,2024-09-26,96,0.7777777777777778,1
3787,M,18,Abidjan,Partenaire,Régulier,24,704380.0,29349.166666666668,2024-09-19,103,0.6666666666666666,1
3788,F,31,Bouaké,Boutique,Occasionnel,30,955820.0,31860.666666666668,2024-10-04,88,0.8333333333333334,0
3790,M,29,Yamoussoukro,Mobile Money,Fidèle,22,757113.0,34414.22727272727,2024-11-28,33,0.6111111111111112,1
3791,F,34,Bouaké,Mobile Money,Régulier,27,731121.0,27078.555555555555,2024-12-18,13,0.75,0
3792,F,42,Abidjan,Réseaux sociaux,Occasionnel,34,922397.0,27129.323529411766,2024-12-24,7,0.9444444444444444,0
3793,F,34,Abidjan,Boutique,Fidèle,2,27857.0,13928.5,2022-05-04,972,0.05555555555555555,1
3794,F,50,Man,Réseaux sociaux,Régulier,27,602418.0,22311.777777777777,2024-11-02,59,0.75,0
3795,M,46,Abidjan,Mobile Money,Occasionnel,23,645516.0,28065.91304347826,2024-11-30,31,0.6388888888888888,1
3796,M,32,Abidjan,Mobile Money,Occasionnel,36,896522.0,24903.38888888889,2024-12-25,6,1.0,0
3797,M,31,Abidjan,Mobile Money,Régulier,3,70564.0,23521.333333333332,2024-09-22,100,0.08333333333333333,1
3798,M,18,Abidjan,Boutique,Régulier,40,1520631.0,38015.775,2024-12-17,14,1.1111111111111112,0
3799,F,30,Yamoussoukro,Mobile Money,Nouveau,24,730897.0,30454.041666666668,2024-12-06,25,0.6666666666666666,0
3800,F,19,Abidjan,Boutique,Nouveau,37,815162.0,22031.405405405407,2024-12-22,9,1.0277777777777777,0
3801,F,36,Korhogo,Partenaire,Fidèle,32,1046962.0,32717.5625,2024-12-21,10,0.8888888888888888,0
3802,F,35,Abidjan,Site Web,Fidèle,38,1233354.0,32456.684210526317,2024-10-23,69,1.0555555555555556,0
3803,F,41,Abengourou,Site Web,Occasionnel,24,712302.0,29679.25,2024-12-22,9,0.6666666666666666,0
3804,F,49,Bouaké,Mobile Money,Fidèle,27,878664.0,32543.11111111111,2024-12-07,24,0.75,0
3805,F,33,Abidjan,Boutique,Occasionnel,3,46061.0,15353.666666666666,2023-11-23,404,0.08333333333333333,1
3806,F,59,Bouaké,Site Web,Nouveau,35,926593.0,26474.085714285713,2024-12-29,2,0.9722222222222222,0
3807,M,36,Abidjan,Mobile Money,Régulier,29,991119.0,34176.51724137931,2024-12-02,29,0.8055555555555556,0
3808,M,19,Divo,Boutique,Nouveau,25,636536.0,25461.44,2024-12-05,26,0.6944444444444444,0
3809,M,27,Daloa,Partenaire,Nouveau,17,451181.0,26540.058823529413,2024-12-01,30,0.4722222222222222,0
3810,M,29,Abidjan,Mobile Money,Fidèle,1,10714.0,10714.0,2024-01-30,336,0.027777777777777776,1
3811,M,40,Abidjan,Réseaux sociaux,Occasionnel,37,855006.0,23108.27027027027,2024-11-10,51,1.0277777777777777,0
3812,F,23,Abengourou,Mobile Money,Nouveau,26,1074172.0,41314.307692307695,2024-11-09,52,0.7222222222222222,0
3813,M,30,Yamoussoukro,Mobile Money,Occasionnel,38,1121535.0,29514.07894736842,2024-12-13,18,1.0555555555555556,0
3814,F,32,Abidjan,Mobile Money,Occasionnel,28,541692.0,19346.14285714286,2024-10-16,76,0.7777777777777778,0
3815,F,29,Abidjan,Partenaire,Régulier,1,11832.0,11832.0,2023-05-08,603,0.027777777777777776,1
3816,F,42,Abidjan,Site Web,Nouveau,31,682037.0,22001.1935483871,2024-11-30,31,0.8611111111111112,0
3817,F,41,Yamoussoukro,Site Web,Occasionnel,1,21865.0,21865.0,2024-04-04,271,0.027777777777777776,1
3818,F,46,Bouaké,Boutique,Occasionnel,27,897250.0,33231.48148148148,2024-12-30,1,0.75,0
3819,M,30,San-Pédro,Réseaux sociaux,Régulier,43,1345359.0,31287.418604651164,2024-12-16,15,1.1944444444444444,0
3820,M,47,Bouaké,Boutique,Fidèle,30,821435.0,27381.166666666668,2024-08-18,135,0.8333333333333334,1
3821,M,18,Bouaké,Boutique,Occasionnel,2,120213.0,60106.5,2022-10-26,797,0.05555555555555555,1
3822,M,18,Abidjan,Site Web,Fidèle,25,885348.0,35413.92,2024-12-30,1,0.6944444444444444,0
3823,M,20,Daloa,Site Web,VIP,31,897443.0,28949.774193548386,2024-11-16,45,0.8611111111111112,0
3824,F,34,Abidjan,Site Web,Nouveau,28,1221207.0,43614.53571428572,2024-10-15,77,0.7777777777777778,0
3825,M,47,San-Pédro,Mobile Money,Nouveau,28,653210.0,23328.928571428572,2024-08-07,146,0.7777777777777778,1
3826,M,27,Abidjan,Réseaux sociaux,Régulier,25,709773.0,28390.92,2024-10-31,61,0.6944444444444444,0
3827,F,28,Yamoussoukro,Mobile Money,Fidèle,33,954483.0,28923.727272727272,2024-12-16,15,0.9166666666666666,0
3828,F,31,Korhogo,Partenaire,Nouveau,6,167730.0,27955.0,2024-07-16,168,0.16666666666666666,1
3829,M,40,Daloa,Boutique,Nouveau,30,525197.0,17506.566666666666,2024-12-27,4,0.8333333333333334,0
3830,M,28,Abidjan,Mobile Money,Régulier,2,64079.0,32039.5,2024-06-07,207,0.05555555555555555,1
3831,F,28,Yamoussoukro,Mobile Money,Régulier,26,553579.0,21291.5,2024-08-22,131,0.7222222222222222,1
3832,M,19,Abidjan,Boutique,Nouveau,44,1248893.0,28383.93181818182,2024-12-11,20,1.2222222222222223,0
3833,F,27,Abidjan,Boutique,Occasionnel,27,1066996.0,39518.37037037037,2024-12-10,21,0.75,0
3834,F,46,Daloa,Réseaux sociaux,Nouveau,34,916247.0,26948.441176470587,2024-11-24,37,0.9444444444444444,0
3835,F,35,San-Pédro,Site Web,VIP,26,688006.0,26461.76923076923,2024-12-20,11,0.7222222222222222,0
3836,F,25,Abidjan,Mobile Money,Régulier,27,704906.0,26107.62962962963,2024-11-08,53,0.75,0
3837,M,47,Divo,Boutique,Occasionnel,27,801244.0,29675.703703703704,2024-11-30,31,0.75,0
3838,F,27,Abidjan,Site Web,Fidèle,35,1052728.0,30077.942857142858,2024-12-17,14,0.9722222222222222,0
3839,M,49,Korhogo,Réseaux sociaux,Occasionnel,32,1011119.0,31597.46875,2024-11-09,52,0.8888888888888888,0
3840,F,49,Daloa,Boutique,Fidèle,32,908156.0,28379.875,2024-12-30,1,0.8888888888888888,0
3841,M,34,Korhogo,Partenaire,Nouveau,28,836828.0,29886.714285714286,2024-12-24,7,0.7777777777777778,0
3842,M,18,San-Pédro,Mobile Money,Nouveau,1,5718.0,5718.0,2022-03-09,1028,0.027777777777777776,1
3843,M,59,Gagnoa,Site Web,Occasionnel,37,835104.0,22570.37837837838,2024-12-24,7,1.0277777777777777,0
3844,M,38,Bouaké,Site Web,Nouveau,3,66655.0,22218.333333333332,2024-07-22,162,0.08333333333333333,1
3845,M,30,Abidjan,Boutique,Fidèle,3,40625.0,13541.666666666666,2024-10-22,70,0.08333333333333333,1
3846,F,44,Abidjan,Mobile Money,Occasionnel,3,36811.0,12270.333333333334,2024-11-28,33,0.08333333333333333,1
3847,M,41,Daloa,Site Web,Nouveau,31,883034.0,28484.967741935485,2024-12-22,9,0.8611111111111112,0
3848,M,48,Abidjan,Boutique,Régulier,29,774505.0,26707.068965517243,2024-12-22,9,0.8055555555555556,0
3849,F,26,Man,Mobile Money,Occasionnel,25,722657.0,28906.28,2024-12-05,26,0.6944444444444444,0
3850,F,37,Abidjan,Mobile Money,Occasionnel,30,848423.0,28280.766666666666,2024-08-14,139,0.8333333333333334,1
3851,F,20,Korhogo,Site Web,Nouveau,31,1070858.0,34543.8064516129,2024-12-27,4,0.8611111111111112,0
3852,F,41,Abidjan,Mobile Money,VIP,34,1404504.0,41308.94117647059,2024-12-06,25,0.9444444444444444,1
3853,F,33,San-Pédro,Boutique,Régulier,24,781533.0,32563.875,2024-12-30,1,0.6666666666666666,0
3854,F,37,Divo,Partenaire,Fidèle,5,167847.0,33569.4,2024-06-19,195,0.1388888888888889,1
3855,M,32,Abidjan,Site Web,Régulier,34,905317.0,26626.970588235294,2024-12-30,1,0.9444444444444444,0
3856,F,31,Yamoussoukro,Boutique,Occasionnel,2,40819.0,20409.5,2023-12-12,385,0.05555555555555555,1
3857,M,24,Abidjan,Boutique,Nouveau,35,1016081.0,29030.885714285716,2024-11-23,38,0.9722222222222222,0
3858,F,42,San-Pédro,Mobile Money,Régulier,2,31574.0,15787.0,2023-02-11,689,0.05555555555555555,1
3859,M,50,San-Pédro,Boutique,Nouveau,27,466471.0,17276.703703703704,2024-12-29,2,0.75,0
3860,F,27,Abidjan,Mobile Money,VIP,4,79455.0,19863.75,2024-05-10,235,0.1111111111111111,1
3861,F,40,Abidjan,Mobile Money,Nouveau,23,527142.0,22919.217391304348,2024-11-18,43,0.6388888888888888,0
3863,M,34,Abidjan,Site Web,Occasionnel,27,827289.0,30640.333333333332,2024-12-10,21,0.75,0
3864,F,18,San-Pédro,Mobile Money,Occasionnel,31,943290.0,30428.709677419356,2024-12-28,3,0.8611111111111112,1
3865,M,19,Abidjan,Mobile Money,Régulier,25,602362.0,24094.48,2024-09-04,118,0.6944444444444444,1
3866,F,25,Divo,Réseaux sociaux,Régulier,27,758124.0,28078.666666666668,2024-12-18,13,0.75,0
3867,M,18,Gagnoa,Mobile Money,Régulier,1,22939.0,22939.0,2024-10-23,69,0.027777777777777776,0
3868,F,49,Korhogo,Site Web,Fidèle,32,897710.0,28053.4375,2024-11-18,43,0.8888888888888888,1
3869,M,38,Bouaké,Boutique,Occasionnel,25,649962.0,25998.48,2024-12-09,22,0.6944444444444444,0
3870,F,33,Abidjan,Boutique,Occasionnel,23,644881.0,28038.304347826088,2024-11-24,37,0.6388888888888888,0
3871,F,18,San-Pédro,Mobile Money,Fidèle,5,79125.0,15825.0,2024-10-18,74,0.1388888888888889,0
3872,F,18,Yamoussoukro,Mobile Money,Nouveau,29,877206.0,30248.48275862069,2024-12-23,8,0.8055555555555556,0
3873,F,33,Gagnoa,Réseaux sociaux,Nouveau,2,84629.0,42314.5,2024-11-10,51,0.05555555555555555,0
3874,F,55,Abidjan,Boutique,Nouveau,30,795787.0,26526.233333333334,2024-08-18,135,0.8333333333333334,1
3875,M,26,Abidjan,Mobile Money,Régulier,38,1251313.0,32929.28947368421,2024-12-14,17,1.0555555555555556,0
3876,F,43,Abengourou,Boutique,Régulier,40,1118401.0,27960.025,2024-12-27,4,1.1111111111111112,0
3877,F,28,San-Pédro,Boutique,Nouveau,25,458550.0,18342.0,2024-09-23,99,0.6944444444444444,1
3878,M,34,Abidjan,Mobile Money,Nouveau,3,27509.0,9169.666666666666,2023-12-20,377,0.08333333333333333,1
3879,F,47,Yamoussoukro,Boutique,Nouveau,30,974461.0,32482.033333333333,2024-12-13,18,0.8333333333333334,0
3880,F,30,Abidjan,Boutique,Occasionnel,3,107733.0,35911.0,2023-08-09,510,0.08333333333333333,1
3881,M,26,Bouaké,Site Web,Nouveau,1,12765.0,12765.0,2023-02-18,682,0.027777777777777776,1
3882,M,49,Abidjan,Réseaux sociaux,Régulier,29,910793.0,31406.655172413793,2024-12-11,20,0.8055555555555556,0
3883,M,34,Abidjan,Boutique,VIP,30,1383508.0,46116.933333333334,2024-12-14,17,0.8333333333333334,0
3884,F,46,Abidjan,Réseaux sociaux,Régulier,30,727496.0,24249.866666666665,2024-12-17,14,0.8333333333333334,1
3885,M,26,Abidjan,Boutique,Fidèle,31,795252.0,25653.290322580644,2024-11-18,43,0.8611111111111112,1
3886,F,49,Abidjan,Boutique,VIP,3,96142.0,32047.333333333332,2024-10-25,67,0.08333333333333333,0
3887,M,37,Abidjan,Site Web,Régulier,35,904670.0,25847.714285714286,2024-12-02,29,0.9722222222222222,0
3888,M,38,Abidjan,Site Web,Occasionnel,40,1499135.0,37478.375,2024-12-20,11,1.1111111111111112,0
3889,M,35,Bouaké,Mobile Money,Régulier,31,989252.0,31911.354838709678,2024-10-04,88,0.8611111111111112,0
3890,F,28,Yamoussoukro,Partenaire,Occasionnel,3,110956.0,36985.333333333336,2024-05-03,242,0.08333333333333333,1
3891,F,33,Yamoussoukro,Partenaire,Occasionnel,16,481958.0,30122.375,2024-12-09,22,0.4444444444444444,0
3892,M,29,Abidjan,Mobile Money,Nouveau,34,602001.0,17705.91176470588,2024-12-14,17,0.9444444444444444,0
3893,F,44,Abidjan,Boutique,Régulier,31,623438.0,20110.90322580645,2024-12-27,4,0.8611111111111112,0
3894,M,31,San-Pédro,Site Web,Fidèle,1,19446.0,19446.0,2023-02-13,687,0.027777777777777776,1
3895,M,18,Korhogo,Partenaire,Régulier,37,918923.0,24835.756756756757,2024-12-09,22,1.0277777777777777,0
3896,M,18,Gagnoa,Boutique,Occasionnel,25,679005.0,27160.2,2024-09-27,95,0.6944444444444444,1
3897,F,18,Divo,Mobile Money,Régulier,5,111720.0,22344.0,2024-10-12,80,0.1388888888888889,0
3898,F,40,Bouaké,Site Web,Régulier,36,950154.0,26393.166666666668,2024-12-24,7,1.0,0
3899,F,21,Korhogo,Mobile Money,Régulier,22,870981.0,39590.045454545456,2024-12-27,4,0.6111111111111112,0
3900,F,37,Abidjan,Site Web,Occasionnel,33,906240.0,27461.81818181818,2024-12-09,22,0.9166666666666666,0
3901,F,35,Daloa,Boutique,Occasionnel,26,655800.0,25223.076923076922,2024-10-29,63,0.7222222222222222,0
3902,M,33,Divo,Site Web,Occasionnel,24,560569.0,23357.041666666668,2024-12-02,29,0.6666666666666666,1
3903,M,38,Daloa,Mobile Money,Fidèle,25,606651.0,24266.04,2024-08-20,133,0.6944444444444444,1
3904,M,35,Abidjan,Boutique,Nouveau,20,539151.0,26957.55,2024-12-19,12,0.5555555555555556,1
3905,F,18,Abidjan,Site Web,Fidèle,27,719131.0,26634.48148148148,2024-09-21,101,0.75,1
3906,M,30,Abidjan,Mobile Money,Nouveau,30,1032604.0,34420.13333333333,2024-11-06,55,0.8333333333333334,0
3907,M,38,Abidjan,Mobile Money,VIP,42,1072281.0,25530.5,2024-12-10,21,1.1666666666666667,0
3908,M,52,San-Pédro,Mobile Money,Occasionnel,34,1097049.0,32266.147058823528,2024-12-25,6,0.9444444444444444,0
3909,M,52,Yamoussoukro,Réseaux sociaux,Régulier,21,709880.0,33803.80952380953,2024-11-09,52,0.5833333333333334,0
3910,M,19,Abidjan,Boutique,Régulier,30,984363.0,32812.1,2024-10-10,82,0.8333333333333334,0
3911,F,30,Yamoussoukro,Site Web,Régulier,2,47172.0,23586.0,2024-06-11,203,0.05555555555555555,1
3912,F,18,Abidjan,Boutique,Régulier,23,548964.0,23868.0,2024-12-21,10,0.6388888888888888,0
3913,M,50,Bouaké,Réseaux sociaux,Nouveau,2,65939.0,32969.5,2024-06-07,207,0.05555555555555555,1
3914,F,45,Abidjan,Boutique,Nouveau,25,660625.0,26425.0,2024-12-23,8,0.6944444444444444,0
3915,F,37,Abidjan,Mobile Money,Nouveau,33,735822.0,22297.636363636364,2024-09-13,109,0.9166666666666666,1
3916,F,35,Yamoussoukro,Mobile Money,Régulier,32,933082.0,29158.8125,2024-12-24,7,0.8888888888888888,1
3917,F,49,Daloa,Mobile Money,Régulier,29,711723.0,24542.172413793105,2024-12-26,5,0.8055555555555556,0
3918,M,47,Daloa,Réseaux sociaux,Nouveau,1,80893.0,80893.0,2023-02-05,695,0.027777777777777776,1
3919,M,46,Abidjan,Site Web,Régulier,29,742070.0,25588.620689655174,2024-10-16,76,0.8055555555555556,0
3920,F,39,Yamoussoukro,Site Web,Nouveau,38,1137172.0,29925.57894736842,2024-12-27,4,1.0555555555555556,0
3921,F,30,Abidjan,Site Web,Nouveau,33,1032454.0,31286.484848484848,2024-09-10,112,0.9166666666666666,1
3922,M,42,Abidjan,Réseaux sociaux,Occasionnel,33,1257421.0,38103.666666666664,2024-10-16,76,0.9166666666666666,0
3923,F,42,Bouaké,Partenaire,Régulier,35,1431305.0,40894.42857142857,2024-11-23,38,0.9722222222222222,0
3924,M,31,Yamoussoukro,Site Web,Nouveau,34,1089083.0,32031.852941176472,2024-12-03,28,0.9444444444444444,0
3926,M,46,Abidjan,Mobile Money,Régulier,30,978466.0,32615.533333333333,2024-12-13,18,0.8333333333333334,0
3927,M,52,San-Pédro,Boutique,Occasionnel,30,751305.0,25043.5,2024-12-07,24,0.8333333333333334,0
3928,M,25,Abidjan,Site Web,Nouveau,31,962959.0,31063.1935483871,2024-12-25,6,0.8611111111111112,0
3929,F,31,Bouaké,Boutique,Régulier,39,1146088.0,29386.871794871793,2024-12-24,7,1.0833333333333333,0
3930,M,37,San-Pédro,Mobile Money,Fidèle,41,924148.0,22540.19512195122,2024-12-24,7,1.1388888888888888,1
3931,M,39,Yamoussoukro,Site Web,Occasionnel,25,647780.0,25911.2,2024-11-20,41,0.6944444444444444,0
3932,M,28,Korhogo,Boutique,Nouveau,4,88254.0,22063.5,2024-12-10,21,0.1111111111111111,0
3933,F,54,San-Pédro,Mobile Money,Occasionnel,31,1049460.0,33853.54838709677,2024-12-07,24,0.8611111111111112,0
3934,F,38,Abidjan,Réseaux sociaux,Occasionnel,27,748748.0,27731.40740740741,2024-12-22,9,0.75,0
3935,F,39,Abengourou,Boutique,Nouveau,32,759313.0,23728.53125,2024-11-28,33,0.8888888888888888,0
3936,F,53,Man,Mobile Money,Régulier,40,1327205.0,33180.125,2024-11-21,40,1.1111111111111112,0
3937,F,29,Abidjan,Mobile Money,Nouveau,29,909488.0,31361.655172413793,2024-11-10,51,0.8055555555555556,0
3938,M,33,Abidjan,Boutique,Fidèle,32,1000584.0,31268.25,2024-12-27,4,0.8888888888888888,0
3939,F,20,Abidjan,Boutique,Occasionnel,5,66530.0,13306.0,2023-03-04,668,0.1388888888888889,1
3940,F,32,San-Pédro,Mobile Money,Régulier,31,789083.0,25454.290322580644,2024-12-07,24,0.8611111111111112,1
3941,F,18,Divo,Site Web,Fidèle,3,48261.0,16087.0,2024-02-17,318,0.08333333333333333,1
3942,F,42,San-Pédro,Site Web,Occasionnel,2,39357.0,19678.5,2024-06-21,193,0.05555555555555555,1
3943,F,38,Abidjan,Mobile Money,Nouveau,22,500860.0,22766.363636363636,2024-08-29,124,0.6111111111111112,1
3944,M,30,Abidjan,Boutique,Occasionnel,5,316560.0,63312.0,2024-04-15,260,0.1388888888888889,1
3945,F,32,Abidjan,Boutique,Occasionnel,22,421491.0,19158.68181818182,2024-11-18,43,0.6111111111111112,0
3946,M,42,Abidjan,Mobile Money,Régulier,21,558818.0,26610.380952380954,2024-10-19,73,0.5833333333333334,0
3947,F,21,Abidjan,Mobile Money,Fidèle,24,1067295.0,44470.625,2024-12-30,1,0.6666666666666666,0
3948,F,36,Abidjan,Mobile Money,Régulier,21,867770.0,41322.380952380954,2024-11-09,52,0.5833333333333334,0
3949,M,41,Abidjan,Boutique,VIP,29,1041766.0,35922.96551724138,2024-12-14,17,0.8055555555555556,0
3950,F,18,Abidjan,Réseaux sociaux,Nouveau,3,73706.0,24568.666666666668,2022-12-30,732,0.08333333333333333,1
3951,F,41,Daloa,Boutique,Nouveau,25,713843.0,28553.72,2024-12-12,19,0.6944444444444444,0
3952,M,18,Abidjan,Partenaire,Nouveau,27,860819.0,31882.185185185186,2024-10-30,62,0.75,0
3953,M,32,Abidjan,Boutique,Régulier,25,668011.0,26720.44,2024-11-25,36,0.6944444444444444,0
3954,M,21,Bouaké,Site Web,Nouveau,2,40672.0,20336.0,2024-09-25,97,0.05555555555555555,1
3955,F,49,Gagnoa,Boutique,Nouveau,28,720001.0,25714.321428571428,2024-12-03,28,0.7777777777777778,0
3956,M,21,Daloa,Site Web,VIP,29,1096338.0,37804.75862068965,2024-11-11,50,0.8055555555555556,0
3957,M,18,Bouaké,Réseaux sociaux,Nouveau,29,1514727.0,52231.96551724138,2024-12-09,22,0.8055555555555556,0
3958,M,35,Daloa,Boutique,Nouveau,1,15145.0,15145.0,2022-06-19,926,0.027777777777777776,1
3959,F,29,Yamoussoukro,Boutique,Occasionnel,30,643760.0,21458.666666666668,2024-12-30,1,0.8333333333333334,0
3960,F,18,Yamoussoukro,Partenaire,Nouveau,31,928443.0,29949.774193548386,2024-12-17,14,0.8611111111111112,0
3961,F,39,Abidjan,Partenaire,Nouveau,33,862994.0,26151.333333333332,2024-12-05,26,0.9166666666666666,0
3962,F,18,Bouaké,Partenaire,Nouveau,23,766724.0,33335.82608695652,2024-12-27,4,0.6388888888888888,0
3963,M,22,Abidjan,Mobile Money,Nouveau,31,706190.0,22780.322580645163,2024-12-18,13,0.8611111111111112,0
3964,F,27,Abidjan,Mobile Money,Régulier,3,106662.0,35554.0,2024-11-16,45,0.08333333333333333,0
3965,F,42,Abidjan,Boutique,Occasionnel,35,1159448.0,33127.08571428571,2024-12-26,5,0.9722222222222222,0
3966,F,48,Abidjan,Site Web,Régulier,36,1265379.0,35149.416666666664,2024-10-30,62,1.0,0
3967,F,46,Abidjan,Mobile Money,Régulier,3,95008.0,31669.333333333332,2023-07-20,530,0.08333333333333333,1
3968,F,32,Bouaké,Boutique,Régulier,30,819501.0,27316.7,2024-12-21,10,0.8333333333333334,0
3969,F,18,Abidjan,Boutique,Fidèle,23,617458.0,26846.0,2024-12-04,27,0.6388888888888888,0
3970,F,38,Abidjan,Mobile Money,Occasionnel,27,863161.0,31968.925925925927,2024-12-03,28,0.75,0
3971,M,50,Abidjan,Site Web,Nouveau,23,354448.0,15410.782608695652,2024-12-22,9,0.6388888888888888,0
3972,F,47,Abidjan,Mobile Money,Nouveau,28,809982.0,28927.928571428572,2024-12-17,14,0.7777777777777778,0
3973,M,39,Yamoussoukro,Réseaux sociaux,Nouveau,28,617771.0,22063.25,2024-11-12,49,0.7777777777777778,0
3974,F,20,Abidjan,Boutique,Fidèle,30,805732.0,26857.733333333334,2024-12-14,17,0.8333333333333334,0
3975,F,28,Abidjan,Boutique,Occasionnel,4,92173.0,23043.25,2024-03-03,303,0.1111111111111111,1
3976,F,55,Abidjan,Boutique,Nouveau,27,688884.0,25514.222222222223,2024-12-21,10,0.75,0
3977,F,18,Abidjan,Mobile Money,Nouveau,23,523076.0,22742.434782608696,2024-09-01,121,0.6388888888888888,0
3978,F,21,Abidjan,Boutique,Fidèle,27,853843.0,31623.814814814814,2024-09-25,97,0.75,1
3979,F,44,Abidjan,Réseaux sociaux,Occasionnel,4,52575.0,13143.75,2024-08-27,126,0.1111111111111111,1
3980,M,29,Bouaké,Boutique,Nouveau,36,1215748.0,33770.77777777778,2024-12-27,4,1.0,0
3981,F,21,Man,Mobile Money,Fidèle,29,923430.0,31842.41379310345,2024-12-27,4,0.8055555555555556,0
3982,F,50,Yamoussoukro,Site Web,Régulier,2,53499.0,26749.5,2022-07-18,897,0.05555555555555555,1
3983,M,39,Abidjan,Mobile Money,Occasionnel,34,1853168.0,54504.94117647059,2024-09-10,112,0.9444444444444444,1
3984,F,29,Abidjan,Boutique,Occasionnel,3,120171.0,40057.0,2024-06-07,207,0.08333333333333333,1
3985,F,21,Daloa,Boutique,Régulier,29,839913.0,28962.51724137931,2024-12-05,26,0.8055555555555556,0
3986,F,56,Abidjan,Boutique,Nouveau,4,43467.0,10866.75,2024-02-08,327,0.1111111111111111,1
3987,F,33,Man,Mobile Money,VIP,31,1024832.0,33059.096774193546,2024-12-15,16,0.8611111111111112,0
3989,M,43,Abidjan,Mobile Money,Régulier,30,770618.0,25687.266666666666,2024-11-30,31,0.8333333333333334,0
3990,M,28,Abidjan,Boutique,Régulier,26,547916.0,21073.69230769231,2024-11-05,56,0.7222222222222222,0
3991,M,28,Korhogo,Site Web,VIP,20,647008.0,32350.4,2024-11-09,52,0.5555555555555556,0
3992,F,49,Abengourou,Site Web,Nouveau,44,1541850.0,35042.045454545456,2024-12-28,3,1.2222222222222223,0
3993,F,50,Korhogo,Mobile Money,Nouveau,21,706432.0,33639.619047619046,2024-08-13,140,0.5833333333333334,1
3994,F,18,Abidjan,Mobile Money,Régulier,25,460142.0,18405.68,2024-11-25,36,0.6944444444444444,0
3995,F,40,Daloa,Site Web,Nouveau,26,897466.0,34517.92307692308,2024-09-24,98,0.7222222222222222,1
3996,F,32,Abidjan,Boutique,Régulier,27,1032379.0,38236.25925925926,2024-11-02,59,0.75,0
3997,F,22,Abidjan,Réseaux sociaux,Occasionnel,29,682155.0,23522.58620689655,2024-09-11,111,0.8055555555555556,1
3998,F,36,Yamoussoukro,Mobile Money,Nouveau,23,451948.0,19649.91304347826,2024-09-09,113,0.6388888888888888,1
3999,F,19,Gagnoa,Mobile Money,Nouveau,35,1252106.0,35774.45714285714,2024-12-25,6,0.9722222222222222,0
4000,F,28,Abidjan,Boutique,Régulier,29,952160.0,32833.10344827586,2024-12-25,6,0.8055555555555556,0
4001,M,25,Abidjan,Site Web,Nouveau,29,658157.0,22695.068965517243,2024-12-10,21,0.8055555555555556,0
4002,F,28,Abidjan,Boutique,Nouveau,26,698637.0,26870.653846153848,2024-12-17,14,0.7222222222222222,0
4003,M,33,Abidjan,Mobile Money,Occasionnel,31,928955.0,29966.290322580644,2024-12-26,5,0.8611111111111112,0
4004,F,22,Abidjan,Mobile Money,Nouveau,29,851926.0,29376.758620689656,2024-12-10,21,0.8055555555555556,0
4005,M,51,San-Pédro,Site Web,Régulier,23,943042.0,41001.82608695652,2024-05-19,226,0.6388888888888888,1
4006,F,39,Abidjan,Mobile Money,VIP,37,1081295.0,29224.18918918919,2024-12-05,26,1.0277777777777777,0
4007,F,53,Yamoussoukro,Site Web,Régulier,28,998852.0,35673.28571428572,2024-12-09,22,0.7777777777777778,1
4008,F,32,Abidjan,Mobile Money,Régulier,32,990330.0,30947.8125,2024-12-30,1,0.8888888888888888,0
4009,F,27,Abidjan,Mobile Money,Occasionnel,31,1076702.0,34732.32258064516,2024-12-10,21,0.8611111111111112,0
4010,M,53,Abidjan,Mobile Money,VIP,21,751374.0,35779.71428571428,2024-12-17,14,0.5833333333333334,0
4011,F,27,Abidjan,Partenaire,Fidèle,31,911199.0,29393.516129032258,2024-11-29,32,0.8611111111111112,0
4012,F,32,Abidjan,Mobile Money,Fidèle,41,1374953.0,33535.439024390245,2024-12-06,25,1.1388888888888888,0
4013,M,41,Bouaké,Mobile Money,Nouveau,27,750305.0,27789.074074074073,2024-12-27,4,0.75,0
4014,F,20,Divo,Réseaux sociaux,Nouveau,24,697131.0,29047.125,2024-11-12,49,0.6666666666666666,0
4015,M,41,Abidjan,Mobile Money,Nouveau,4,74838.0,18709.5,2024-12-22,9,0.1111111111111111,0
4016,M,40,Bouaké,Mobile Money,Nouveau,35,994833.0,28423.8,2024-08-12,141,0.9722222222222222,1
4017,F,47,Korhogo,Mobile Money,Nouveau,29,538737.0,18577.137931034482,2024-12-14,17,0.8055555555555556,0
4018,F,43,Abidjan,Site Web,Fidèle,4,177260.0,44315.0,2024-05-19,226,0.1111111111111111,1
4019,F,48,Korhogo,Boutique,Nouveau,27,788872.0,29217.48148148148,2024-12-18,13,0.75,0
4020,M,32,Divo,Réseaux sociaux,Nouveau,34,1294166.0,38063.705882352944,2024-11-17,44,0.9444444444444444,0
4021,F,24,San-Pédro,Site Web,Fidèle,32,833763.0,26055.09375,2024-11-30,31,0.8888888888888888,0
4022,F,57,Bouaké,Boutique,VIP,32,957672.0,29927.25,2024-12-10,21,0.8888888888888888,0
4023,F,18,Yamoussoukro,Mobile Money,Nouveau,33,1140173.0,34550.69696969697,2024-10-02,90,0.9166666666666666,0
4024,M,18,Abidjan,Site Web,Nouveau,26,821843.0,31609.346153846152,2024-12-26,5,0.7222222222222222,0
4025,M,40,Bouaké,Réseaux sociaux,Régulier,26,747488.0,28749.53846153846,2024-12-03,28,0.7222222222222222,0
4026,M,51,Gagnoa,Réseaux sociaux,VIP,4,135254.0,33813.5,2024-09-23,99,0.1111111111111111,1
4027,M,36,Abidjan,Mobile Money,Régulier,25,526953.0,21078.12,2024-10-18,74,0.6944444444444444,0
4028,M,44,Daloa,Site Web,Occasionnel,28,730092.0,26074.714285714286,2024-11-27,34,0.7777777777777778,0
4029,F,18,Abidjan,Site Web,Régulier,36,1481873.0,41163.13888888889,2024-08-28,125,1.0,1
4030,M,28,Abidjan,Partenaire,Régulier,28,959097.0,34253.46428571428,2024-09-12,110,0.7777777777777778,1
4031,F,18,Bouaké,Mobile Money,Nouveau,3,20535.0,6845.0,2024-11-12,49,0.08333333333333333,1
4032,F,42,Daloa,Site Web,Occasionnel,24,740781.0,30865.875,2024-11-27,34,0.6666666666666666,0
4033,M,18,Bouaké,Site Web,Fidèle,28,647541.0,23126.464285714286,2024-12-24,7,0.7777777777777778,0
4034,M,19,San-Pédro,Réseaux sociaux,Régulier,34,986676.0,29019.882352941175,2024-11-30,31,0.9444444444444444,0
4035,F,39,Abidjan,Site Web,Nouveau,31,928696.0,29957.935483870966,2024-09-29,93,0.8611111111111112,1
4036,F,45,Man,Réseaux sociaux,Régulier,7,135202.0,19314.571428571428,2023-11-20,407,0.19444444444444445,1
4037,F,32,Bouaké,Boutique,Régulier,29,915439.0,31566.862068965518,2024-08-11,142,0.8055555555555556,1
4038,M,40,San-Pédro,Mobile Money,Nouveau,25,621454.0,24858.16,2024-12-03,28,0.6944444444444444,0
4039,F,39,Abidjan,Boutique,Nouveau,39,1478924.0,37921.1282051282,2024-12-30,1,1.0833333333333333,0
4040,M,31,Abidjan,Réseaux sociaux,Nouveau,2,58382.0,29191.0,2024-10-14,78,0.05555555555555555,0
4041,F,21,Korhogo,Mobile Money,VIP,36,1257721.0,34936.694444444445,2024-10-27,65,1.0,1
4042,M,40,Abidjan,Site Web,Nouveau,22,846559.0,38479.954545454544,2024-12-11,20,0.6111111111111112,0
4043,F,40,Abidjan,Partenaire,Fidèle,3,118353.0,39451.0,2023-09-08,480,0.08333333333333333,1
4044,M,43,Daloa,Réseaux sociaux,Occasionnel,37,1415014.0,38243.62162162162,2024-12-18,13,1.0277777777777777,0
4045,F,37,Daloa,Site Web,Fidèle,25,611025.0,24441.0,2024-08-29,124,0.6944444444444444,1
4046,F,21,San-Pédro,Site Web,VIP,7,147604.0,21086.285714285714,2024-05-17,228,0.19444444444444445,1
4047,F,41,Daloa,Mobile Money,VIP,29,1091517.0,37638.51724137931,2024-11-20,41,0.8055555555555556,0
4048,F,33,Divo,Boutique,Fidèle,25,770513.0,30820.52,2024-05-28,217,0.6944444444444444,1
4049,F,28,Abidjan,Boutique,Occasionnel,38,1498330.0,39429.73684210526,2024-12-21,10,1.0555555555555556,0
4050,M,30,Bouaké,Site Web,Nouveau,1,132687.0,132687.0,2022-11-14,778,0.027777777777777776,1
4051,M,26,San-Pédro,Mobile Money,Nouveau,34,897235.0,26389.264705882353,2024-12-10,21,0.9444444444444444,0
4052,M,43,Yamoussoukro,Mobile Money,Régulier,31,636188.0,20522.1935483871,2024-12-21,10,0.8611111111111112,0
4053,M,18,Abidjan,Site Web,Nouveau,45,1559428.0,34653.955555555556,2024-12-19,12,1.25,0
4054,F,23,Abidjan,Boutique,Occasionnel,36,837248.0,23256.88888888889,2024-09-29,93,1.0,1
4055,M,30,Bouaké,Réseaux sociaux,Nouveau,28,601099.0,21467.821428571428,2024-12-21,10,0.7777777777777778,1
4056,M,51,Daloa,Boutique,Régulier,2,19815.0,9907.5,2023-10-09,449,0.05555555555555555,1
4057,F,45,Abidjan,Réseaux sociaux,Nouveau,21,756615.0,36029.28571428572,2024-12-15,16,0.5833333333333334,0
4058,M,18,Daloa,Boutique,Nouveau,6,210509.0,35084.833333333336,2024-02-01,334,0.16666666666666666,1
4059,F,48,San-Pédro,Site Web,Occasionnel,25,692654.0,27706.16,2024-12-26,5,0.6944444444444444,0
4060,M,48,Abidjan,Site Web,Occasionnel,38,992669.0,26122.86842105263,2024-12-08,23,1.0555555555555556,0
4061,M,21,Bouaké,Mobile Money,Fidèle,19,821808.0,43253.05263157895,2024-12-10,21,0.5277777777777778,0
4062,M,18,Bouaké,Mobile Money,Régulier,24,618379.0,25765.791666666668,2024-11-25,36,0.6666666666666666,0
4063,F,33,Abidjan,Réseaux sociaux,Régulier,23,436738.0,18988.608695652172,2024-11-19,42,0.6388888888888888,0
4064,M,46,Abidjan,Mobile Money,Nouveau,27,853961.0,31628.185185185186,2024-12-26,5,0.75,0
4065,F,51,Abidjan,Site Web,Nouveau,29,732911.0,25272.793103448275,2024-09-20,102,0.8055555555555556,1
4066,M,24,San-Pédro,Mobile Money,Régulier,24,839696.0,34987.333333333336,2024-12-26,5,0.6666666666666666,0
4067,F,53,Abidjan,Site Web,Nouveau,28,616665.0,22023.75,2024-06-18,196,0.7777777777777778,1
4068,M,18,Abidjan,Mobile Money,Fidèle,30,1098730.0,36624.333333333336,2024-12-23,8,0.8333333333333334,0
4069,M,29,Abidjan,Boutique,Fidèle,1,9371.0,9371.0,2024-04-16,259,0.027777777777777776,1
4070,F,29,San-Pédro,Boutique,Nouveau,28,756469.0,27016.75,2024-11-24,37,0.7777777777777778,0
4071,F,46,Bouaké,Mobile Money,Régulier,36,1337883.0,37163.416666666664,2024-12-10,21,1.0,0
4072,M,48,Abidjan,Boutique,Occasionnel,29,629435.0,21704.655172413793,2024-12-07,24,0.8055555555555556,0
4073,F,44,Man,Réseaux sociaux,Nouveau,22,573673.0,26076.045454545456,2024-09-25,97,0.6111111111111112,1
4074,F,19,Abidjan,Site Web,Occasionnel,28,1043081.0,37252.892857142855,2024-12-26,5,0.7777777777777778,0
4076,F,39,Abidjan,Site Web,VIP,5,97203.0,19440.6,2024-06-21,193,0.1388888888888889,1
4077,M,18,Daloa,Site Web,Nouveau,30,942806.0,31426.866666666665,2024-11-03,58,0.8333333333333334,0
4078,M,18,San-Pédro,Boutique,Régulier,26,640548.0,24636.46153846154,2024-11-28,33,0.7222222222222222,0
4079,F,45,Abidjan,Partenaire,Nouveau,34,1163040.0,34207.05882352941,2024-12-25,6,0.9444444444444444,0
4080,F,32,Daloa,Boutique,Nouveau,4,163043.0,40760.75,2024-03-21,285,0.1111111111111111,1
4081,F,19,Yamoussoukro,Boutique,Régulier,29,629957.0,21722.655172413793,2024-10-06,86,0.8055555555555556,1
4082,F,31,Korhogo,Réseaux sociaux,Régulier,38,827223.0,21769.026315789473,2024-11-20,41,1.0555555555555556,0
4083,M,38,Korhogo,Partenaire,Régulier,3,44297.0,14765.666666666666,2024-10-01,91,0.08333333333333333,1
4084,F,33,Daloa,Boutique,Fidèle,28,726749.0,25955.321428571428,2024-11-18,43,0.7777777777777778,0
4085,M,18,Abidjan,Mobile Money,Nouveau,25,829502.0,33180.08,2024-12-24,7,0.6944444444444444,0
4086,M,54,Abidjan,Site Web,Occasionnel,37,1096365.0,29631.486486486487,2024-12-19,12,1.0277777777777777,0
4087,M,45,Man,Site Web,Nouveau,32,1116138.0,34879.3125,2024-12-18,13,0.8888888888888888,0
4088,M,30,Bouaké,Boutique,Régulier,33,968522.0,29349.151515151516,2024-12-03,28,0.9166666666666666,0
4089,F,30,Abidjan,Site Web,Nouveau,18,443424.0,24634.666666666668,2024-11-27,34,0.5,0
4090,F,37,Man,Boutique,Nouveau,35,1067296.0,30494.17142857143,2024-12-23,8,0.9722222222222222,0
4091,F,21,Korhogo,Mobile Money,Régulier,32,1323496.0,41359.25,2024-11-08,53,0.8888888888888888,0
4092,M,37,Yamoussoukro,Site Web,Occasionnel,30,947030.0,31567.666666666668,2024-10-15,77,0.8333333333333334,0
4093,M,19,Korhogo,Boutique,Régulier,38,1036715.0,27281.973684210527,2024-11-26,35,1.0555555555555556,0
4094,F,33,Abidjan,Site Web,VIP,34,1093267.0,32154.91176470588,2024-12-14,17,0.9444444444444444,0
4095,F,21,Daloa,Mobile Money,Occasionnel,30,1165603.0,38853.433333333334,2024-12-16,15,0.8333333333333334,0
4096,F,21,Gagnoa,Réseaux sociaux,Occasionnel,26,800151.0,30775.03846153846,2024-10-27,65,0.7222222222222222,0
4097,M,52,Abidjan,Mobile Money,VIP,33,930129.0,28185.727272727272,2024-11-22,39,0.9166666666666666,0
4098,M,34,Abidjan,Partenaire,Régulier,34,943620.0,27753.529411764706,2024-12-30,1,0.9444444444444444,0
4099,M,36,Daloa,Site Web,Nouveau,27,938418.0,34756.22222222222,2024-11-15,46,0.75,0
4100,M,18,Abidjan,Mobile Money,Régulier,40,791234.0,19780.85,2024-11-20,41,1.1111111111111112,0
4101,F,27,Abidjan,Partenaire,Occasionnel,1,92876.0,92876.0,2022-08-03,881,0.027777777777777776,1
4102,M,39,Abidjan,Boutique,Régulier,40,1174202.0,29355.05,2024-12-04,27,1.1111111111111112,0
4103,M,36,Abidjan,Boutique,Occasionnel,30,831742.0,27724.733333333334,2024-12-27,4,0.8333333333333334,0
4104,F,18,Abidjan,Réseaux sociaux,Nouveau,27,788487.0,29203.222222222223,2024-10-09,83,0.75,0
4105,M,36,Korhogo,Réseaux sociaux,Régulier,28,898255.0,32080.535714285714,2024-11-16,45,0.7777777777777778,0
4106,F,38,Yamoussoukro,Site Web,Nouveau,39,1000743.0,25660.076923076922,2024-12-16,15,1.0833333333333333,0
4107,M,48,Daloa,Partenaire,Fidèle,30,736995.0,24566.5,2024-11-24,37,0.8333333333333334,0
4108,M,26,Abidjan,Mobile Money,Régulier,32,670045.0,20938.90625,2024-12-28,3,0.8888888888888888,0
4109,M,18,Abidjan,Mobile Money,VIP,25,564985.0,22599.4,2024-12-23,8,0.6944444444444444,0
4110,F,23,Abidjan,Mobile Money,Nouveau,28,755133.0,26969.035714285714,2024-11-16,45,0.7777777777777778,0
4111,F,21,San-Pédro,Boutique,Occasionnel,1,28439.0,28439.0,2024-12-22,9,0.027777777777777776,0
4112,M,42,Divo,Site Web,Nouveau,18,416884.0,23160.222222222223,2024-06-04,210,0.5,1
4113,M,18,Abidjan,Mobile Money,Occasionnel,25,763191.0,30527.64,2024-09-10,112,0.6944444444444444,1
4114,F,29,Gagnoa,Boutique,Occasionnel,29,924937.0,31894.379310344826,2024-11-23,38,0.8055555555555556,0
4115,M,49,Abidjan,Mobile Money,Occasionnel,31,1342595.0,43309.51612903226,2024-12-17,14,0.8611111111111112,0
4116,F,34,Abidjan,Boutique,Occasionnel,28,665606.0,23771.64285714286,2024-06-28,186,0.7777777777777778,1
4117,M,43,Daloa,Site Web,VIP,41,1109736.0,27066.731707317074,2024-12-27,4,1.1388888888888888,0
4118,M,18,Abidjan,Mobile Money,Nouveau,38,1193379.0,31404.71052631579,2024-12-29,2,1.0555555555555556,0
4119,F,18,Man,Site Web,Occasionnel,26,882970.0,33960.38461538462,2024-12-28,3,0.7222222222222222,0
4120,F,49,Abidjan,Site Web,Régulier,2,40085.0,20042.5,2024-09-29,93,0.05555555555555555,1
4121,M,35,Daloa,Boutique,Nouveau,29,799835.0,27580.51724137931,2024-12-29,2,0.8055555555555556,0
4122,M,35,Abidjan,Réseaux sociaux,Régulier,30,693494.0,23116.466666666667,2024-12-07,24,0.8333333333333334,0
4123,M,21,Abidjan,Partenaire,Régulier,36,1256118.0,34892.166666666664,2024-12-20,11,1.0,0
4124,F,35,Abidjan,Mobile Money,Régulier,24,689493.0,28728.875,2024-07-21,163,0.6666666666666666,1
4125,M,21,Divo,Site Web,Régulier,31,1148965.0,37063.3870967742,2024-10-30,62,0.8611111111111112,0
4126,F,47,Bouaké,Mobile Money,Régulier,32,1056782.0,33024.4375,2024-11-16,45,0.8888888888888888,0
4127,F,64,Bouaké,Boutique,VIP,1,14981.0,14981.0,2023-12-27,370,0.027777777777777776,1
4128,F,39,Abidjan,Site Web,Nouveau,36,1285062.0,35696.166666666664,2024-12-26,5,1.0,0
4129,M,27,Abidjan,Site Web,Occasionnel,29,1181646.0,40746.41379310345,2024-07-29,155,0.8055555555555556,1
4130,M,18,Abidjan,Réseaux sociaux,Régulier,2,29590.0,14795.0,2023-03-09,663,0.05555555555555555,1
4131,M,18,San-Pédro,Site Web,Nouveau,26,603456.0,23209.846153846152,2024-12-14,17,0.7222222222222222,0
4132,M,51,Abidjan,Site Web,Occasionnel,23,674874.0,29342.347826086956,2024-12-21,10,0.6388888888888888,0
4133,F,22,Abidjan,Boutique,Régulier,38,987283.0,25981.13157894737,2024-12-30,1,1.0555555555555556,0
4134,F,29,Bouaké,Mobile Money,Nouveau,4,49531.0,12382.75,2024-07-25,159,0.1111111111111111,1
4135,F,41,Bouaké,Mobile Money,Occasionnel,30,923214.0,30773.8,2024-10-28,64,0.8333333333333334,0
4136,F,50,Abidjan,Boutique,Régulier,32,818279.0,25571.21875,2024-12-07,24,0.8888888888888888,0
4137,F,31,Abidjan,Site Web,Nouveau,28,798414.0,28514.785714285714,2024-11-06,55,0.7777777777777778,0
4138,M,29,Abidjan,Mobile Money,Nouveau,29,1020366.0,35185.03448275862,2024-11-08,53,0.8055555555555556,0
4139,M,34,Daloa,Boutique,Régulier,2,32386.0,16193.0,2024-04-03,272,0.05555555555555555,1
4140,M,27,Abidjan,Mobile Money,Régulier,23,652086.0,28351.565217391304,2024-12-22,9,0.6388888888888888,0
4141,F,27,Yamoussoukro,Boutique,Occasionnel,24,654016.0,27250.666666666668,2024-07-13,171,0.6666666666666666,1
4142,M,38,Abidjan,Boutique,Occasionnel,36,1072713.0,29797.583333333332,2024-12-29,2,1.0,0
4143,F,36,Korhogo,Mobile Money,Nouveau,29,1048441.0,36153.137931034486,2024-11-24,37,0.8055555555555556,1
4144,F,57,Divo,Mobile Money,Régulier,3,199899.0,66633.0,2024-10-07,85,0.08333333333333333,0
4145,F,38,Abidjan,Mobile Money,Nouveau,21,431343.0,20540.14285714286,2024-12-16,15,0.5833333333333334,0
4146,F,46,Abidjan,Boutique,Fidèle,29,951034.0,32794.275862068964,2024-12-25,6,0.8055555555555556,0
4147,F,22,Abidjan,Partenaire,Régulier,28,1004141.0,35862.17857142857,2024-11-30,31,0.7777777777777778,0
4148,M,39,San-Pédro,Mobile Money,Nouveau,2,12529.0,6264.5,2024-06-26,188,0.05555555555555555,1
4149,F,26,Abidjan,Boutique,Régulier,35,935176.0,26719.314285714285,2024-12-12,19,0.9722222222222222,0
4150,F,38,Bouaké,Boutique,Fidèle,29,828179.0,28557.896551724138,2024-09-17,105,0.8055555555555556,1
4151,F,41,Abidjan,Site Web,Fidèle,34,1223193.0,35976.26470588235,2024-11-21,40,0.9444444444444444,0
4152,M,34,Abidjan,Mobile Money,Régulier,36,1251728.0,34770.22222222222,2024-11-10,51,1.0,0
4153,F,60,Yamoussoukro,Mobile Money,Nouveau,1,93576.0,93576.0,2023-02-28,672,0.027777777777777776,1
4154,F,49,Bouaké,Partenaire,Régulier,29,822946.0,28377.44827586207,2024-12-28,3,0.8055555555555556,0
4155,M,46,San-Pédro,Partenaire,Régulier,28,917593.0,32771.17857142857,2024-11-13,48,0.7777777777777778,0
4156,F,42,San-Pédro,Boutique,Occasionnel,25,712007.0,28480.28,2024-10-22,70,0.6944444444444444,0
4157,M,53,Bouaké,Boutique,Nouveau,32,733297.0,22915.53125,2024-12-02,29,0.8888888888888888,0
4158,F,18,Abidjan,Mobile Money,Fidèle,33,1056959.0,32029.060606060608,2024-12-23,8,0.9166666666666666,0
4159,F,49,Man,Mobile Money,Occasionnel,28,674391.0,24085.39285714286,2024-12-01,30,0.7777777777777778,0
4160,F,23,San-Pédro,Mobile Money,Nouveau,34,1037317.0,30509.323529411766,2024-10-25,67,0.9444444444444444,0
4161,M,27,Korhogo,Site Web,Nouveau,27,641017.0,23741.37037037037,2024-12-30,1,0.75,0
4162,F,40,Abengourou,Mobile Money,Nouveau,23,781629.0,33983.86956521739,2024-06-10,204,0.6388888888888888,1
4163,M,47,Abidjan,Mobile Money,Occasionnel,26,755296.0,29049.846153846152,2024-11-08,53,0.7222222222222222,0
4164,F,21,Yamoussoukro,Mobile Money,Nouveau,4,147470.0,36867.5,2024-11-06,55,0.1111111111111111,0
4165,M,28,Yamoussoukro,Mobile Money,Occasionnel,34,1445326.0,42509.58823529412,2024-10-21,71,0.9444444444444444,0
4166,F,35,Abidjan,Boutique,Nouveau,32,650050.0,20314.0625,2024-12-01,30,0.8888888888888888,0
4167,F,31,Bouaké,Boutique,Nouveau,2,194298.0,97149.0,2024-07-30,154,0.05555555555555555,1
4168,F,43,Abidjan,Boutique,Nouveau,6,271635.0,45272.5,2024-12-04,27,0.16666666666666666,0
4169,M,71,Abidjan,Boutique,Occasionnel,1,27661.0,27661.0,2024-02-18,317,0.027777777777777776,1
4170,F,38,Abidjan,Boutique,Occasionnel,4,84449.0,21112.25,2024-05-07,238,0.1111111111111111,1
4171,M,25,Daloa,Site Web,Occasionnel,36,1096457.0,30457.13888888889,2024-12-01,30,1.0,0
4172,M,19,Yamoussoukro,Mobile Money,Régulier,29,972945.0,33549.8275862069,2024-11-13,48,0.8055555555555556,1
4173,M,30,Abidjan,Mobile Money,Occasionnel,7,107218.0,15316.857142857143,2024-12-10,21,0.19444444444444445,1
4174,F,23,Abidjan,Réseaux sociaux,Régulier,32,712087.0,22252.71875,2024-11-16,45,0.8888888888888888,0
4175,M,39,Bouaké,Site Web,Nouveau,19,401241.0,21117.947368421053,2024-10-28,64,0.5277777777777778,0
4176,M,38,Abidjan,Boutique,Occasionnel,40,963548.0,24088.7,2024-11-22,39,1.1111111111111112,0
4177,M,28,Abidjan,Mobile Money,Nouveau,26,544536.0,20943.69230769231,2024-11-28,33,0.7222222222222222,0
4178,M,55,Abidjan,Mobile Money,Occasionnel,38,920674.0,24228.263157894737,2024-12-18,13,1.0555555555555556,0
4179,M,25,Korhogo,Mobile Money,Régulier,33,966153.0,29277.363636363636,2024-12-25,6,0.9166666666666666,0
4180,M,32,Abidjan,Réseaux sociaux,Régulier,25,507739.0,20309.56,2024-12-19,12,0.6944444444444444,1
4181,M,41,Bouaké,Boutique,Occasionnel,35,997507.0,28500.2,2024-11-24,37,0.9722222222222222,0
4182,F,43,Korhogo,Mobile Money,Occasionnel,30,842314.0,28077.133333333335,2024-12-23,8,0.8333333333333334,0
4183,M,48,Abidjan,Mobile Money,Nouveau,33,1256822.0,38085.51515151515,2024-12-23,8,0.9166666666666666,0
4184,F,38,Korhogo,Mobile Money,VIP,3,48818.0,16272.666666666666,2024-06-25,189,0.08333333333333333,1
4185,M,45,Abidjan,Mobile Money,Nouveau,31,708080.0,22841.290322580644,2024-12-21,10,0.8611111111111112,0
4186,M,26,Abidjan,Boutique,Nouveau,32,775392.0,24231.0,2024-12-10,21,0.8888888888888888,0
4187,F,44,Abidjan,Boutique,Nouveau,31,669486.0,21596.322580645163,2024-09-22,100,0.8611111111111112,1
4188,F,43,Bouaké,Réseaux sociaux,VIP,34,765792.0,22523.29411764706,2024-11-07,54,0.9444444444444444,0
4189,F,50,Divo,Site Web,Fidèle,41,1575674.0,38431.07317073171,2024-12-07,24,1.1388888888888888,0
4190,F,18,Yamoussoukro,Réseaux sociaux,Nouveau,32,617580.0,19299.375,2024-12-22,9,0.8888888888888888,0
4191,F,24,Bouaké,Réseaux sociaux,Nouveau,3,293095.0,97698.33333333333,2024-06-29,185,0.08333333333333333,0
4192,M,43,Abidjan,Partenaire,Régulier,32,873768.0,27305.25,2024-11-17,44,0.8888888888888888,0
4193,M,18,Man,Partenaire,Nouveau,19,582985.0,30683.42105263158,2024-11-17,44,0.5277777777777778,0
4194,M,39,Abidjan,Mobile Money,Nouveau,30,974654.0,32488.466666666667,2024-12-12,19,0.8333333333333334,0
4195,F,45,Abidjan,Mobile Money,Occasionnel,1,34557.0,34557.0,2022-05-05,971,0.027777777777777776,1
4196,F,27,Abengourou,Mobile Money,Occasionnel,2,31041.0,15520.5,2024-08-13,140,0.05555555555555555,1
4197,F,29,Abidjan,Site Web,Occasionnel,26,779409.0,29977.26923076923,2024-11-20,41,0.7222222222222222,0
4198,M,22,Abidjan,Site Web,Régulier,3,70761.0,23587.0,2024-09-12,110,0.08333333333333333,1
4199,F,28,Abidjan,Mobile Money,Régulier,27,882512.0,32685.62962962963,2024-12-04,27,0.75,0
4200,F,28,Abidjan,Réseaux sociaux,Occasionnel,33,997894.0,30239.21212121212,2024-11-24,37,0.9166666666666666,0
4201,F,26,San-Pédro,Site Web,Nouveau,28,867478.0,30981.35714285714,2024-12-10,21,0.7777777777777778,0
4202,M,25,Abidjan,Site Web,Nouveau,2,55412.0,27706.0,2022-11-29,763,0.05555555555555555,1
4203,F,31,Divo,Boutique,Fidèle,32,744849.0,23276.53125,2024-09-21,101,0.8888888888888888,1
4204,M,30,Abidjan,Mobile Money,Nouveau,32,808290.0,25259.0625,2024-12-24,7,0.8888888888888888,0
4205,M,54,Bouaké,Boutique,Occasionnel,31,786508.0,25371.225806451614,2024-10-07,85,0.8611111111111112,0
4206,M,29,Yamoussoukro,Mobile Money,Nouveau,37,976233.0,26384.675675675677,2024-12-22,9,1.0277777777777777,0
4207,F,37,Bouaké,Site Web,Nouveau,1,8096.0,8096.0,2024-05-29,216,0.027777777777777776,1
4208,F,27,Abidjan,Mobile Money,Occasionnel,25,524443.0,20977.72,2024-08-13,140,0.6944444444444444,1
4209,F,27,Bouaké,Mobile Money,Nouveau,30,677052.0,22568.4,2024-10-10,82,0.8333333333333334,0
4210,F,18,Yamoussoukro,Boutique,Régulier,32,1131868.0,35370.875,2024-08-09,144,0.8888888888888888,1
4211,M,18,Korhogo,Boutique,Occasionnel,22,762782.0,34671.90909090909,2024-10-07,85,0.6111111111111112,0
4212,F,20,Abidjan,Boutique,Régulier,35,1272872.0,36367.77142857143,2024-11-01,60,0.9722222222222222,0
4213,F,36,Abidjan,Partenaire,Régulier,28,1231026.0,43965.21428571428,2024-12-05,26,0.7777777777777778,0
4214,F,45,Bouaké,Mobile Money,Nouveau,42,1446285.0,34435.357142857145,2024-12-11,20,1.1666666666666667,0
4215,M,18,Abidjan,Réseaux sociaux,Régulier,23,525831.0,22862.217391304348,2024-09-08,114,0.6388888888888888,1
4216,F,27,Abidjan,Mobile Money,Fidèle,26,920182.0,35391.61538461538,2024-10-23,69,0.7222222222222222,0
4217,M,18,Gagnoa,Mobile Money,Nouveau,3,62063.0,20687.666666666668,2023-05-26,585,0.08333333333333333,1
4218,F,31,Abidjan,Partenaire,Régulier,35,1049557.0,29987.342857142856,2024-12-13,18,0.9722222222222222,0
4219,M,45,Abidjan,Site Web,Régulier,32,941549.0,29423.40625,2024-10-27,65,0.8888888888888888,0
4220,M,29,Bouaké,Site Web,Régulier,1,57160.0,57160.0,2022-12-16,746,0.027777777777777776,1
4221,F,33,Abidjan,Site Web,Nouveau,36,911963.0,25332.305555555555,2024-12-14,17,1.0,0
4222,F,50,Abidjan,Boutique,Nouveau,32,1287014.0,40219.1875,2024-10-04,88,0.8888888888888888,0
4223,F,39,Abidjan,Site Web,Nouveau,26,783445.0,30132.5,2024-12-21,10,0.7222222222222222,0
4224,F,25,Abidjan,Mobile Money,Nouveau,35,739524.0,21129.257142857143,2024-12-29,2,0.9722222222222222,0
4225,F,35,Abidjan,Site Web,Occasionnel,27,691006.0,25592.814814814814,2024-12-18,13,0.75,0
4226,M,24,San-Pédro,Partenaire,Fidèle,1,17897.0,17897.0,2023-05-31,580,0.027777777777777776,1
4227,M,38,Abidjan,Réseaux sociaux,Occasionnel,38,1309408.0,34458.10526315789,2024-12-09,22,1.0555555555555556,0
4228,F,39,Abidjan,Site Web,Occasionnel,30,1446998.0,48233.26666666667,2024-12-28,3,0.8333333333333334,0
4230,F,35,Abidjan,Boutique,Occasionnel,33,795894.0,24118.0,2024-10-29,63,0.9166666666666666,0
4231,M,32,Abidjan,Boutique,Régulier,42,1364712.0,32493.14285714286,2024-12-28,3,1.1666666666666667,0
4232,F,39,Abidjan,Réseaux sociaux,Fidèle,22,689878.0,31358.090909090908,2024-11-12,49,0.6111111111111112,0
4233,M,43,Abidjan,Site Web,Occasionnel,28,664525.0,23733.035714285714,2024-12-03,28,0.7777777777777778,0
4234,M,39,Abidjan,Boutique,Occasionnel,29,637150.0,21970.689655172413,2024-12-13,18,0.8055555555555556,0
4235,F,30,Abidjan,Site Web,Nouveau,42,1283418.0,30557.571428571428,2024-12-13,18,1.1666666666666667,0
4236,F,44,Korhogo,Mobile Money,VIP,29,825096.0,28451.58620689655,2024-12-20,11,0.8055555555555556,0
4237,F,24,Gagnoa,Réseaux sociaux,Nouveau,5,273287.0,54657.4,2024-07-16,168,0.1388888888888889,1
4238,M,19,Korhogo,Réseaux sociaux,Nouveau,2,146972.0,73486.0,2024-10-19,73,0.05555555555555555,0
4239,M,18,Abidjan,Mobile Money,Occasionnel,31,1057380.0,34109.032258064515,2024-12-26,5,0.8611111111111112,0
4240,M,33,Daloa,Mobile Money,Nouveau,23,958054.0,41654.52173913043,2024-10-02,90,0.6388888888888888,0
4241,M,24,Bouaké,Site Web,Nouveau,26,667474.0,25672.076923076922,2024-12-25,6,0.7222222222222222,0
4242,M,38,Abidjan,Mobile Money,Fidèle,32,792996.0,24781.125,2024-12-29,2,0.8888888888888888,0
4243,F,18,Man,Partenaire,Nouveau,28,902803.0,32242.964285714286,2024-10-06,86,0.7777777777777778,0
4244,F,26,Daloa,Mobile Money,Nouveau,30,924089.0,30802.966666666667,2024-12-01,30,0.8333333333333334,0
4245,M,39,Abidjan,Mobile Money,Nouveau,34,745394.0,21923.352941176472,2024-12-25,6,0.9444444444444444,0
4246,F,22,Gagnoa,Mobile Money,Nouveau,22,318542.0,14479.181818181818,2024-09-19,103,0.6111111111111112,1
4247,M,38,Abidjan,Site Web,VIP,34,1307968.0,38469.64705882353,2024-12-08,23,0.9444444444444444,0
4248,F,27,Abidjan,Boutique,Régulier,4,118683.0,29670.75,2023-10-21,437,0.1111111111111111,1
4249,F,33,Abidjan,Réseaux sociaux,Fidèle,32,698116.0,21816.125,2024-11-03,58,0.8888888888888888,0
4250,M,40,Abidjan,Partenaire,Fidèle,33,705503.0,21378.878787878788,2024-12-04,27,0.9166666666666666,0
4251,F,44,Gagnoa,Site Web,Régulier,21,603433.0,28734.904761904763,2024-03-12,294,0.5833333333333334,1
4252,F,35,Bouaké,Mobile Money,Occasionnel,42,1660231.0,39529.30952380953,2024-12-22,9,1.1666666666666667,0
4253,F,25,Abidjan,Mobile Money,Occasionnel,34,940150.0,27651.470588235294,2024-11-18,43,0.9444444444444444,0
4254,M,28,Daloa,Réseaux sociaux,Régulier,23,707848.0,30776.0,2024-09-05,117,0.6388888888888888,1
4255,M,41,Korhogo,Mobile Money,Régulier,30,738129.0,24604.3,2024-11-04,57,0.8333333333333334,0
4256,F,22,Man,Réseaux sociaux,Occasionnel,35,1020086.0,29145.314285714285,2024-10-29,63,0.9722222222222222,0
4257,F,32,Man,Réseaux sociaux,Occasionnel,35,940190.0,26862.571428571428,2024-12-23,8,0.9722222222222222,0
4258,F,29,Korhogo,Site Web,Régulier,33,968736.0,29355.636363636364,2024-12-15,16,0.9166666666666666,0
4259,M,32,Bouaké,Site Web,Nouveau,28,1075387.0,38406.67857142857,2024-09-23,99,0.7777777777777778,1
4260,F,22,Abidjan,Partenaire,Occasionnel,38,1257241.0,33085.28947368421,2024-12-26,5,1.0555555555555556,0
4261,M,18,Man,Site Web,Occasionnel,20,558790.0,27939.5,2024-11-05,56,0.5555555555555556,0
4262,M,39,Abidjan,Site Web,Occasionnel,26,658318.0,25319.923076923078,2024-11-04,57,0.7222222222222222,0
4263,F,44,Abidjan,Boutique,Occasionnel,25,821086.0,32843.44,2024-11-01,60,0.6944444444444444,0
4264,M,18,Abidjan,Boutique,Régulier,33,1228430.0,37225.15151515151,2024-12-26,5,0.9166666666666666,0
4265,M,38,Abidjan,Boutique,Régulier,5,73567.0,14713.4,2023-06-06,574,0.1388888888888889,1
4266,F,45,Bouaké,Partenaire,Nouveau,3,49413.0,16471.0,2024-01-13,353,0.08333333333333333,1
4267,F,40,Korhogo,Site Web,Occasionnel,23,511064.0,22220.17391304348,2024-10-28,64,0.6388888888888888,0
4268,M,29,Abidjan,Site Web,Nouveau,25,671001.0,26840.04,2024-12-28,3,0.6944444444444444,0
4269,M,23,Bouaké,Mobile Money,Nouveau,30,860572.0,28685.733333333334,2024-09-08,114,0.8333333333333334,1
4270,M,34,Abidjan,Réseaux sociaux,Nouveau,24,606800.0,25283.333333333332,2024-12-14,17,0.6666666666666666,0
4271,M,36,Yamoussoukro,Boutique,Régulier,18,397316.0,22073.11111111111,2024-12-24,7,0.5,0
4272,F,35,Abidjan,Site Web,Régulier,38,938236.0,24690.42105263158,2024-12-18,13,1.0555555555555556,0
4273,M,32,Abidjan,Mobile Money,Nouveau,2,71236.0,35618.0,2023-12-12,385,0.05555555555555555,1
4274,M,22,Bouaké,Réseaux sociaux,Fidèle,33,1154694.0,34990.72727272727,2024-11-27,34,0.9166666666666666,0
4275,F,38,Abidjan,Site Web,Occasionnel,34,950555.0,27957.5,2024-11-06,55,0.9444444444444444,0
4276,F,39,Abidjan,Boutique,Régulier,25,638729.0,25549.16,2024-10-23,69,0.6944444444444444,0
4277,F,36,Abidjan,Mobile Money,Occasionnel,2,46565.0,23282.5,2024-12-01,30,0.05555555555555555,0
4278,M,35,Abidjan,Mobile Money,Régulier,3,49369.0,16456.333333333332,2023-12-15,382,0.08333333333333333,1
4279,F,52,Yamoussoukro,Mobile Money,Occasionnel,23,931208.0,40487.30434782609,2024-09-04,118,0.6388888888888888,1
4280,M,27,Abidjan,Mobile Money,Nouveau,39,1266406.0,32471.94871794872,2024-12-30,1,1.0833333333333333,0
4281,F,48,Abidjan,Boutique,Nouveau,35,811869.0,23196.257142857143,2024-12-24,7,0.9722222222222222,0
4282,F,25,Korhogo,Boutique,Régulier,25,525916.0,21036.64,2024-12-14,17,0.6944444444444444,0
4283,M,46,Daloa,Boutique,Fidèle,32,795194.0,24849.8125,2024-10-10,82,0.8888888888888888,0
4284,F,47,Abidjan,Site Web,Régulier,28,948527.0,33875.96428571428,2024-11-14,47,0.7777777777777778,0
4285,M,30,Yamoussoukro,Boutique,Régulier,29,614378.0,21185.44827586207,2024-12-11,20,0.8055555555555556,0
4286,F,52,Abidjan,Mobile Money,Nouveau,24,697096.0,29045.666666666668,2024-12-03,28,0.6666666666666666,0
4287,M,39,Abidjan,Réseaux sociaux,Régulier,33,804189.0,24369.363636363636,2024-10-30,62,0.9166666666666666,0
4288,F,24,Yamoussoukro,Boutique,Fidèle,26,525457.0,20209.884615384617,2024-10-30,62,0.7222222222222222,0
4289,M,29,Abidjan,Site Web,Occasionnel,30,921887.0,30729.566666666666,2024-12-27,4,0.8333333333333334,0
4290,M,46,Abidjan,Partenaire,Occasionnel,28,1000093.0,35717.607142857145,2024-09-30,92,0.7777777777777778,1
4291,F,44,Korhogo,Site Web,Nouveau,4,329871.0,82467.75,2024-03-10,296,0.1111111111111111,1
4292,F,22,Daloa,Boutique,Nouveau,22,686187.0,31190.31818181818,2024-12-02,29,0.6111111111111112,1
4293,F,32,Man,Boutique,Nouveau,38,1053592.0,27726.105263157893,2024-12-21,10,1.0555555555555556,0
4294,M,36,Korhogo,Réseaux sociaux,Régulier,22,932115.0,42368.86363636364,2024-12-22,9,0.6111111111111112,0
4295,M,28,Abidjan,Réseaux sociaux,Régulier,27,776079.0,28743.666666666668,2024-10-15,77,0.75,0
4296,F,59,Bouaké,Mobile Money,Nouveau,3,230805.0,76935.0,2024-02-27,308,0.08333333333333333,1
4297,F,36,Abidjan,Site Web,Fidèle,32,959256.0,29976.75,2024-12-13,18,0.8888888888888888,0
4298,M,33,Yamoussoukro,Réseaux sociaux,Fidèle,31,980196.0,31619.225806451614,2024-11-28,33,0.8611111111111112,0
4299,M,47,Abidjan,Réseaux sociaux,Occasionnel,32,676093.0,21127.90625,2024-12-27,4,0.8888888888888888,0
4300,M,29,Abidjan,Mobile Money,VIP,23,622259.0,27054.739130434784,2024-12-13,18,0.6388888888888888,1
4301,F,45,Abidjan,Boutique,Fidèle,28,756810.0,27028.928571428572,2024-12-14,17,0.7777777777777778,0
4302,M,18,Daloa,Boutique,Nouveau,35,950132.0,27146.628571428573,2024-12-29,2,0.9722222222222222,1
4303,M,29,Abidjan,Mobile Money,VIP,1,15229.0,15229.0,2023-04-09,632,0.027777777777777776,1
4304,F,45,Bouaké,Site Web,Occasionnel,27,671233.0,24860.48148148148,2024-09-20,102,0.75,1
4305,F,51,San-Pédro,Boutique,Nouveau,25,825965.0,33038.6,2024-12-29,2,0.6944444444444444,0
4306,F,25,Daloa,Mobile Money,Nouveau,3,44463.0,14821.0,2023-03-22,650,0.08333333333333333,1
4307,M,24,Abidjan,Mobile Money,Régulier,27,836674.0,30987.925925925927,2024-11-21,40,0.75,0
4308,F,40,Abidjan,Réseaux sociaux,VIP,6,94344.0,15724.0,2024-08-05,148,0.16666666666666666,1
4309,M,27,Man,Réseaux sociaux,Occasionnel,32,1001507.0,31297.09375,2024-12-09,22,0.8888888888888888,0
4310,M,31,Bouaké,Réseaux sociaux,Occasionnel,24,741701.0,30904.208333333332,2024-12-04,27,0.6666666666666666,0
4311,M,43,Abidjan,Réseaux sociaux,Nouveau,3,151518.0,50506.0,2023-09-14,474,0.08333333333333333,1
4312,M,28,Divo,Partenaire,Fidèle,19,978479.0,51498.89473684211,2024-11-09,52,0.5277777777777778,0
4313,F,18,Abidjan,Boutique,Nouveau,19,497266.0,26171.894736842107,2024-07-26,158,0.5277777777777778,1
4314,M,19,Abidjan,Mobile Money,Occasionnel,35,1156889.0,33053.97142857143,2024-12-11,20,0.9722222222222222,0
4315,F,34,Abidjan,Réseaux sociaux,Occasionnel,31,990803.0,31961.387096774193,2024-12-15,16,0.8611111111111112,0
4316,M,18,Abidjan,Site Web,Nouveau,20,534277.0,26713.85,2024-09-25,97,0.5555555555555556,1
4317,M,30,Abidjan,Boutique,Fidèle,23,817661.0,35550.47826086957,2024-11-14,47,0.6388888888888888,0
4318,M,18,Yamoussoukro,Partenaire,VIP,3,50346.0,16782.0,2024-03-07,299,0.08333333333333333,1
4319,M,52,Abidjan,Mobile Money,Occasionnel,23,686545.0,29849.782608695652,2024-11-23,38,0.6388888888888888,0
4320,F,57,Yamoussoukro,Réseaux sociaux,Régulier,38,1112006.0,29263.315789473683,2024-11-30,31,1.0555555555555556,0
4321,M,22,San-Pédro,Boutique,Fidèle,34,1220398.0,35894.05882352941,2024-12-07,24,0.9444444444444444,0
4322,M,36,Korhogo,Mobile Money,Nouveau,30,834475.0,27815.833333333332,2024-12-18,13,0.8333333333333334,0
4323,M,23,Abidjan,Réseaux sociaux,Nouveau,33,733011.0,22212.454545454544,2024-12-23,8,0.9166666666666666,1
4324,F,30,Daloa,Site Web,Régulier,37,915053.0,24731.162162162163,2024-12-02,29,1.0277777777777777,0
4325,F,53,Abidjan,Site Web,Occasionnel,29,827948.0,28549.931034482757,2024-12-12,19,0.8055555555555556,0
4326,M,28,Yamoussoukro,Site Web,Régulier,24,649309.0,27054.541666666668,2024-11-08,53,0.6666666666666666,0
4327,F,30,Abidjan,Mobile Money,Occasionnel,1,55153.0,55153.0,2023-07-28,522,0.027777777777777776,1
4328,M,23,Yamoussoukro,Mobile Money,Régulier,5,336693.0,67338.6,2024-05-20,225,0.1388888888888889,1
4329,M,46,Abidjan,Mobile Money,Nouveau,25,547637.0,21905.48,2024-11-25,36,0.6944444444444444,0
4330,M,18,Bouaké,Mobile Money,Nouveau,32,1241904.0,38809.5,2024-10-21,71,0.8888888888888888,0
4331,F,29,Abidjan,Mobile Money,Nouveau,29,881334.0,30390.827586206895,2024-11-29,32,0.8055555555555556,0
4332,M,33,Abidjan,Boutique,Occasionnel,39,998887.0,25612.48717948718,2024-12-23,8,1.0833333333333333,0
4333,F,26,Bouaké,Mobile Money,Régulier,23,701875.0,30516.304347826088,2024-12-11,20,0.6388888888888888,0
4334,F,43,Abidjan,Boutique,Fidèle,27,1254933.0,46479.0,2024-12-06,25,0.75,0
4335,M,47,Yamoussoukro,Mobile Money,Occasionnel,27,484196.0,17933.185185185186,2024-11-20,41,0.75,0
4336,F,18,Yamoussoukro,Mobile Money,Régulier,23,545459.0,23715.608695652172,2024-12-27,4,0.6388888888888888,0
4337,F,57,Bouaké,Partenaire,Nouveau,29,1096291.0,37803.137931034486,2024-09-13,109,0.8055555555555556,1
4338,F,18,Daloa,Partenaire,Occasionnel,2,50695.0,25347.5,2024-05-12,233,0.05555555555555555,1
4339,F,48,Daloa,Réseaux sociaux,Fidèle,29,820816.0,28304.0,2024-09-28,94,0.8055555555555556,1
4340,M,35,Man,Mobile Money,Nouveau,32,895505.0,27984.53125,2024-11-27,34,0.8888888888888888,0
4341,F,28,Abidjan,Site Web,Régulier,31,1134244.0,36588.51612903226,2024-10-08,84,0.8611111111111112,0
4342,F,29,Bouaké,Mobile Money,Nouveau,29,551275.0,19009.48275862069,2024-12-01,30,0.8055555555555556,0
4343,M,33,Daloa,Boutique,Nouveau,4,105855.0,26463.75,2024-12-20,11,0.1111111111111111,0
4344,F,36,Abidjan,Réseaux sociaux,Régulier,35,1348749.0,38535.68571428571,2024-12-10,21,0.9722222222222222,0
4345,M,23,Abidjan,Boutique,Régulier,33,1618608.0,49048.72727272727,2024-12-26,5,0.9166666666666666,0
4346,M,31,Abidjan,Partenaire,Occasionnel,42,1771535.0,42179.40476190476,2024-12-25,6,1.1666666666666667,0
4347,M,25,Bouaké,Site Web,Fidèle,36,1300670.0,36129.72222222222,2024-12-19,12,1.0,0
4348,M,20,Abidjan,Mobile Money,Fidèle,28,1096396.0,39157.0,2024-12-16,15,0.7777777777777778,0
4349,F,25,Yamoussoukro,Mobile Money,Régulier,2,130154.0,65077.0,2024-07-11,173,0.05555555555555555,1
4350,M,21,Bouaké,Réseaux sociaux,Nouveau,36,754963.0,20971.194444444445,2024-12-22,9,1.0,0
4351,F,29,Yamoussoukro,Boutique,Occasionnel,33,719654.0,21807.696969696968,2024-12-08,23,0.9166666666666666,0
4352,F,38,Abidjan,Mobile Money,Régulier,27,996108.0,36892.88888888889,2024-12-12,19,0.75,0
4353,M,35,Daloa,Mobile Money,Régulier,2,67857.0,33928.5,2023-04-20,621,0.05555555555555555,1
4354,F,55,Yamoussoukro,Partenaire,Occasionnel,38,689088.0,18133.894736842107,2024-12-29,2,1.0555555555555556,0
4355,M,18,Abidjan,Mobile Money,Occasionnel,28,979660.0,34987.857142857145,2024-12-05,26,0.7777777777777778,0
4356,M,39,Abidjan,Partenaire,Nouveau,37,1058128.0,28598.054054054053,2024-12-13,18,1.0277777777777777,0
4357,M,34,Abidjan,Site Web,Nouveau,27,889278.0,32936.22222222222,2024-11-28,33,0.75,0
4358,F,42,Man,Mobile Money,Occasionnel,31,788337.0,25430.225806451614,2024-12-29,2,0.8611111111111112,0
4359,F,41,Abidjan,Boutique,Fidèle,26,629416.0,24208.30769230769,2024-12-28,3,0.7222222222222222,0
4361,F,35,Abidjan,Boutique,VIP,22,766064.0,34821.09090909091,2024-11-02,59,0.6111111111111112,0
4362,M,25,Abidjan,Mobile Money,Régulier,27,674853.0,24994.555555555555,2024-12-21,10,0.75,0
4363,M,40,Abidjan,Mobile Money,Nouveau,28,530381.0,18942.178571428572,2024-12-21,10,0.7777777777777778,0
4364,M,18,Daloa,Réseaux sociaux,Régulier,28,1157063.0,41323.67857142857,2024-12-03,28,0.7777777777777778,0
4365,M,42,Abidjan,Site Web,Fidèle,26,1000808.0,38492.61538461538,2024-12-14,17,0.7222222222222222,0
4366,F,33,San-Pédro,Boutique,Régulier,5,200684.0,40136.8,2024-12-14,17,0.1388888888888889,0
4367,F,28,Abidjan,Mobile Money,Occasionnel,21,827102.0,39385.80952380953,2024-07-26,158,0.5833333333333334,1
4368,M,31,Abidjan,Boutique,Régulier,24,870110.0,36254.583333333336,2024-12-25,6,0.6666666666666666,0
4369,F,32,Daloa,Site Web,Nouveau,33,954238.0,28916.303030303032,2024-12-13,18,0.9166666666666666,0
4370,F,48,Yamoussoukro,Mobile Money,Nouveau,32,1026844.0,32088.875,2024-12-25,6,0.8888888888888888,0
4371,F,69,San-Pédro,Partenaire,Nouveau,24,688470.0,28686.25,2024-12-16,15,0.6666666666666666,0
4372,F,47,Abidjan,Réseaux sociaux,Occasionnel,31,843799.0,27219.322580645163,2024-10-26,66,0.8611111111111112,0
4373,F,27,Abidjan,Mobile Money,Fidèle,25,521666.0,20866.64,2024-12-18,13,0.6944444444444444,0
4374,F,40,Yamoussoukro,Réseaux sociaux,Nouveau,25,950594.0,38023.76,2024-12-14,17,0.6944444444444444,1
4375,M,41,Abidjan,Site Web,Nouveau,26,848238.0,32624.53846153846,2024-12-05,26,0.7222222222222222,1
4376,F,23,San-Pédro,Site Web,Régulier,28,551809.0,19707.464285714286,2024-11-04,57,0.7777777777777778,0
4377,M,20,Abidjan,Mobile Money,Fidèle,39,1128477.0,28935.30769230769,2024-12-17,14,1.0833333333333333,0
4378,F,33,Abidjan,Réseaux sociaux,Occasionnel,23,602887.0,26212.478260869564,2024-12-17,14,0.6388888888888888,0
4379,M,42,Daloa,Boutique,Occasionnel,4,112516.0,28129.0,2023-10-22,436,0.1111111111111111,1
4380,F,18,Yamoussoukro,Réseaux sociaux,Occasionnel,33,1034019.0,31333.909090909092,2024-12-17,14,0.9166666666666666,1
4381,M,26,Korhogo,Mobile Money,Régulier,28,841829.0,30065.321428571428,2024-11-09,52,0.7777777777777778,0
4382,F,40,Korhogo,Mobile Money,Fidèle,30,1031714.0,34390.46666666667,2024-11-07,54,0.8333333333333334,0
4383,F,34,Abidjan,Partenaire,Nouveau,29,1157717.0,39921.275862068964,2024-09-12,110,0.8055555555555556,1
4384,F,49,Bouaké,Boutique,Fidèle,31,742218.0,23942.516129032258,2024-10-12,80,0.8611111111111112,0
4385,M,18,Abengourou,Mobile Money,Régulier,4,126344.0,31586.0,2024-07-12,172,0.1111111111111111,1
4386,M,59,Abidjan,Réseaux sociaux,Régulier,1,8234.0,8234.0,2024-08-14,139,0.027777777777777776,1
4387,F,18,Abidjan,Mobile Money,Nouveau,36,968187.0,26894.083333333332,2024-11-20,41,1.0,0
4388,F,18,Man,Réseaux sociaux,Fidèle,32,1373243.0,42913.84375,2024-12-11,20,0.8888888888888888,0
4389,M,33,Abidjan,Réseaux sociaux,Occasionnel,35,904087.0,25831.057142857142,2024-10-21,71,0.9722222222222222,0
4390,M,21,Man,Mobile Money,Occasionnel,28,994031.0,35501.107142857145,2024-12-18,13,0.7777777777777778,0
4391,F,33,Abidjan,Boutique,Occasionnel,28,920979.0,32892.107142857145,2024-08-15,138,0.7777777777777778,1
4392,M,33,Korhogo,Partenaire,Nouveau,3,40573.0,13524.333333333334,2023-08-06,513,0.08333333333333333,1
4393,F,31,Bouaké,Partenaire,Nouveau,22,502835.0,22856.136363636364,2024-12-27,4,0.6111111111111112,0
4394,M,24,Yamoussoukro,Boutique,Nouveau,35,1208671.0,34533.45714285714,2024-11-22,39,0.9722222222222222,1
4396,F,30,Abidjan,Site Web,Occasionnel,25,528177.0,21127.08,2024-11-18,43,0.6944444444444444,0
4397,F,46,Bouaké,Mobile Money,Régulier,26,512803.0,19723.19230769231,2024-12-21,10,0.7222222222222222,0
4399,F,23,Divo,Mobile Money,Occasionnel,30,802958.0,26765.266666666666,2024-11-18,43,0.8333333333333334,0
4400,M,18,Gagnoa,Mobile Money,Nouveau,25,705640.0,28225.6,2024-10-15,77,0.6944444444444444,0
4401,M,32,Bouaké,Boutique,Occasionnel,37,1145356.0,30955.567567567567,2024-12-11,20,1.0277777777777777,0
4402,M,20,Bouaké,Réseaux sociaux,Régulier,37,1058438.0,28606.432432432433,2024-09-21,101,1.0277777777777777,1
4403,F,19,Bouaké,Mobile Money,Régulier,39,1045397.0,26805.05128205128,2024-12-12,19,1.0833333333333333,0
4404,F,39,Bouaké,Mobile Money,Nouveau,4,72835.0,18208.75,2024-10-18,74,0.1111111111111111,0
4405,F,18,Bouaké,Mobile Money,Fidèle,23,531386.0,23103.739130434784,2024-10-29,63,0.6388888888888888,0
4406,M,49,Abidjan,Mobile Money,Régulier,32,1829326.0,57166.4375,2024-12-25,6,0.8888888888888888,0
4407,M,35,Abidjan,Partenaire,Fidèle,6,460797.0,76799.5,2024-04-25,250,0.16666666666666666,1
4408,F,33,Bouaké,Boutique,Régulier,1,207049.0,207049.0,2023-01-06,725,0.027777777777777776,1
4409,M,22,Abidjan,Mobile Money,Occasionnel,5,220931.0,44186.2,2024-06-11,203,0.1388888888888889,1
4410,F,42,Abidjan,Partenaire,Fidèle,5,101395.0,20279.0,2023-12-20,377,0.1388888888888889,1
4411,F,33,Abidjan,Mobile Money,Fidèle,4,143538.0,35884.5,2024-12-05,26,0.1111111111111111,0
4412,F,26,San-Pédro,Boutique,Fidèle,2,10945.0,5472.5,2023-08-14,505,0.05555555555555555,1
4413,M,36,Gagnoa,Réseaux sociaux,Fidèle,29,785589.0,27089.275862068964,2024-12-19,12,0.8055555555555556,1
4414,F,18,Bouaké,Site Web,Fidèle,31,1145106.0,36938.903225806454,2024-10-05,87,0.8611111111111112,0
4415,F,18,Divo,Mobile Money,Régulier,19,902316.0,47490.31578947369,2024-11-17,44,0.5277777777777778,0
4416,M,21,Korhogo,Site Web,Nouveau,40,1164845.0,29121.125,2024-12-02,29,1.1111111111111112,0
4417,M,37,Abidjan,Site Web,Occasionnel,25,997540.0,39901.6,2024-12-24,7,0.6944444444444444,0
4418,F,33,Abidjan,Site Web,Régulier,38,1218781.0,32073.184210526317,2024-12-10,21,1.0555555555555556,0
4419,F,45,Abidjan,Mobile Money,Régulier,31,869114.0,28035.935483870966,2024-11-23,38,0.8611111111111112,0
4420,F,23,Abidjan,Réseaux sociaux,Occasionnel,23,660853.0,28732.739130434784,2024-12-03,28,0.6388888888888888,0
4421,F,40,Bouaké,Boutique,Occasionnel,30,840928.0,28030.933333333334,2024-10-20,72,0.8333333333333334,0
4422,F,32,Abidjan,Site Web,VIP,27,772175.0,28599.074074074073,2024-12-18,13,0.75,0
4423,M,23,Man,Partenaire,Occasionnel,18,475258.0,26403.222222222223,2024-09-20,102,0.5,1
4424,F,38,Bouaké,Réseaux sociaux,Nouveau,25,533216.0,21328.64,2024-09-05,117,0.6944444444444444,1
4425,M,33,Abidjan,Site Web,Régulier,41,1036637.0,25283.829268292684,2024-11-07,54,1.1388888888888888,1
4426,F,27,Abengourou,Mobile Money,Occasionnel,20,504335.0,25216.75,2024-09-10,112,0.5555555555555556,1
4427,F,34,Divo,Mobile Money,Nouveau,33,985061.0,29850.333333333332,2024-12-12,19,0.9166666666666666,0
4428,F,32,Daloa,Boutique,Régulier,5,68366.0,13673.2,2024-11-09,52,0.1388888888888889,1
4429,F,32,Daloa,Mobile Money,VIP,25,751008.0,30040.32,2024-09-07,115,0.6944444444444444,1
4430,F,29,Gagnoa,Site Web,Nouveau,1,21086.0,21086.0,2022-03-16,1021,0.027777777777777776,1
4431,F,19,Bouaké,Site Web,Occasionnel,4,242785.0,60696.25,2024-02-25,310,0.1111111111111111,1
4432,M,34,Korhogo,Boutique,Occasionnel,3,218511.0,72837.0,2023-10-04,454,0.08333333333333333,1
4433,M,25,Abidjan,Mobile Money,Régulier,2,31637.0,15818.5,2024-01-27,339,0.05555555555555555,1
4434,F,22,Bouaké,Réseaux sociaux,Occasionnel,23,697660.0,30333.043478260868,2024-09-11,111,0.6388888888888888,1
4435,M,31,Abidjan,Boutique,Occasionnel,21,536374.0,25541.619047619046,2024-12-10,21,0.5833333333333334,0
4436,M,42,Abidjan,Boutique,Régulier,23,1612873.0,70124.91304347826,2024-12-18,13,0.6388888888888888,0
4437,M,36,Abidjan,Boutique,VIP,24,846309.0,35262.875,2024-12-28,3,0.6666666666666666,0
4438,F,28,Abidjan,Mobile Money,Nouveau,37,1161833.0,31400.891891891893,2024-12-12,19,1.0277777777777777,0
4439,F,27,Abidjan,Site Web,Occasionnel,4,208707.0,52176.75,2023-09-11,477,0.1111111111111111,1
4440,F,40,Abidjan,Mobile Money,Régulier,40,1422440.0,35561.0,2024-12-07,24,1.1111111111111112,0
4441,F,18,Abidjan,Boutique,Nouveau,25,782716.0,31308.64,2024-12-12,19,0.6944444444444444,0
4442,F,42,San-Pédro,Mobile Money,Régulier,2,19435.0,9717.5,2024-08-22,131,0.05555555555555555,1
4443,M,18,Bouaké,Mobile Money,Occasionnel,28,838324.0,29940.14285714286,2024-12-22,9,0.7777777777777778,0
4444,M,18,Yamoussoukro,Mobile Money,Nouveau,21,777907.0,37043.19047619047,2024-12-01,30,0.5833333333333334,0
4445,F,28,Abidjan,Mobile Money,Nouveau,23,727620.0,31635.652173913044,2024-11-20,41,0.6388888888888888,0
4446,F,57,San-Pédro,Réseaux sociaux,Nouveau,39,1027629.0,26349.46153846154,2024-11-26,35,1.0833333333333333,0
4447,F,52,Abidjan,Réseaux sociaux,Régulier,41,1161423.0,28327.39024390244,2024-12-17,14,1.1388888888888888,0
4448,F,41,Abidjan,Mobile Money,Régulier,35,652115.0,18631.85714285714,2024-08-26,127,0.9722222222222222,1
4449,M,37,Abidjan,Mobile Money,Régulier,23,506317.0,22013.782608695652,2024-12-21,10,0.6388888888888888,0
4450,F,18,Man,Site Web,Régulier,26,794409.0,30554.19230769231,2024-11-28,33,0.7222222222222222,0
4451,M,35,Abengourou,Mobile Money,Occasionnel,31,1279411.0,41271.32258064516,2024-10-26,66,0.8611111111111112,0
4452,M,27,Daloa,Boutique,Fidèle,26,770233.0,29624.346153846152,2024-06-14,200,0.7222222222222222,1
4453,M,25,Yamoussoukro,Mobile Money,Fidèle,31,824948.0,26611.225806451614,2024-11-13,48,0.8611111111111112,0
4454,M,35,Abidjan,Boutique,Nouveau,41,1209995.0,29512.073170731706,2024-11-02,59,1.1388888888888888,0
4455,M,28,Yamoussoukro,Partenaire,Régulier,2,161278.0,80639.0,2023-09-27,461,0.05555555555555555,1
4456,F,43,Abidjan,Mobile Money,Régulier,30,986508.0,32883.6,2024-10-23,69,0.8333333333333334,0
4457,F,18,Abidjan,Partenaire,Occasionnel,28,1020072.0,36431.142857142855,2024-08-23,130,0.7777777777777778,1
4458,M,34,Abengourou,Réseaux sociaux,Nouveau,25,898162.0,35926.48,2024-12-27,4,0.6944444444444444,0
4459,F,24,Gagnoa,Partenaire,Nouveau,38,945297.0,24876.236842105263,2024-10-30,62,1.0555555555555556,0
4460,M,29,Abidjan,Site Web,VIP,2,56687.0,28343.5,2024-04-21,254,0.05555555555555555,1
4461,F,37,Abidjan,Réseaux sociaux,Régulier,3,100882.0,33627.333333333336,2024-08-23,130,0.08333333333333333,1
4462,F,21,Abidjan,Boutique,Régulier,25,583556.0,23342.24,2024-12-07,24,0.6944444444444444,1
4463,F,35,Abidjan,Réseaux sociaux,Fidèle,37,700576.0,18934.486486486487,2024-12-16,15,1.0277777777777777,0
4464,M,31,Abidjan,Mobile Money,Nouveau,35,1095964.0,31313.257142857143,2024-12-25,6,0.9722222222222222,0
4465,F,26,Bouaké,Site Web,VIP,16,361021.0,22563.8125,2024-12-25,6,0.4444444444444444,0
4466,F,28,Abidjan,Site Web,Occasionnel,34,1007822.0,29641.823529411766,2024-11-29,32,0.9444444444444444,0
4467,F,32,Abidjan,Mobile Money,Régulier,28,675427.0,24122.39285714286,2024-12-25,6,0.7777777777777778,0
4468,M,25,Abidjan,Mobile Money,Nouveau,2,64368.0,32184.0,2024-04-04,271,0.05555555555555555,1
4469,M,34,Daloa,Mobile Money,Nouveau,21,566426.0,26972.666666666668,2024-12-02,29,0.5833333333333334,0
4470,F,30,Abidjan,Boutique,Occasionnel,3,31230.0,10410.0,2023-06-13,567,0.08333333333333333,1
4471,M,27,Abidjan,Mobile Money,Nouveau,28,850768.0,30384.571428571428,2024-11-06,55,0.7777777777777778,0
4472,F,51,Yamoussoukro,Mobile Money,Nouveau,3,139223.0,46407.666666666664,2023-02-05,695,0.08333333333333333,1
4474,F,29,Abidjan,Boutique,Régulier,31,898472.0,28982.967741935485,2024-11-24,37,0.8611111111111112,0
4475,F,35,Daloa,Mobile Money,Fidèle,23,688057.0,29915.521739130436,2024-12-16,15,0.6388888888888888,1
4476,M,22,Abidjan,Mobile Money,Nouveau,25,644503.0,25780.12,2024-12-03,28,0.6944444444444444,0
4477,M,29,Bouaké,Mobile Money,Nouveau,31,858229.0,27684.8064516129,2024-10-03,89,0.8611111111111112,0
4478,F,30,Abidjan,Boutique,Occasionnel,31,898136.0,28972.129032258064,2024-12-28,3,0.8611111111111112,0
4479,M,20,Man,Mobile Money,Régulier,1,21380.0,21380.0,2022-12-10,752,0.027777777777777776,1
4480,M,38,Abengourou,Partenaire,Régulier,43,1069271.0,24866.767441860466,2024-12-25,6,1.1944444444444444,0
4481,F,28,Daloa,Mobile Money,VIP,3,137435.0,45811.666666666664,2024-06-17,197,0.08333333333333333,1
4482,M,30,Man,Mobile Money,Nouveau,29,1230448.0,42429.24137931035,2024-11-10,51,0.8055555555555556,0
4483,M,27,Abidjan,Boutique,Occasionnel,29,683838.0,23580.620689655174,2024-09-26,96,0.8055555555555556,1
4484,F,66,Yamoussoukro,Réseaux sociaux,Fidèle,22,1013234.0,46056.09090909091,2024-11-28,33,0.6111111111111112,0
4485,M,26,Abidjan,Boutique,Régulier,42,1106275.0,26339.880952380954,2024-12-11,20,1.1666666666666667,0
4486,F,18,Abidjan,Mobile Money,Occasionnel,34,1435908.0,42232.58823529412,2024-12-12,19,0.9444444444444444,0
4487,M,18,Abidjan,Boutique,Fidèle,29,1201915.0,41445.34482758621,2024-09-12,110,0.8055555555555556,1
4488,F,42,Daloa,Boutique,Nouveau,27,803582.0,29762.296296296296,2024-12-05,26,0.75,0
4489,F,48,Yamoussoukro,Boutique,Nouveau,30,1093664.0,36455.46666666667,2024-09-22,100,0.8333333333333334,1
4490,M,26,Korhogo,Partenaire,Nouveau,37,708043.0,19136.297297297297,2024-12-05,26,1.0277777777777777,0
4491,M,48,Bouaké,Partenaire,Fidèle,27,881932.0,32664.14814814815,2024-12-24,7,0.75,0
4492,M,42,Man,Boutique,Fidèle,31,630563.0,20340.74193548387,2024-12-02,29,0.8611111111111112,0
4493,M,31,Korhogo,Mobile Money,Nouveau,24,820161.0,34173.375,2024-11-27,34,0.6666666666666666,0
4494,F,31,San-Pédro,Boutique,Occasionnel,39,1160962.0,29768.25641025641,2024-12-29,2,1.0833333333333333,0
4495,F,35,Abidjan,Partenaire,Occasionnel,31,996622.0,32149.09677419355,2024-11-18,43,0.8611111111111112,0
4496,F,43,Abidjan,Partenaire,Nouveau,23,665560.0,28937.391304347828,2024-11-26,35,0.6388888888888888,0
4497,F,38,Daloa,Mobile Money,Fidèle,37,1008178.0,27248.054054054053,2024-10-01,91,1.0277777777777777,1
4498,F,26,Gagnoa,Mobile Money,Occasionnel,25,1023499.0,40939.96,2024-12-29,2,0.6944444444444444,0
4499,M,32,Abidjan,Mobile Money,Fidèle,43,1036274.0,24099.39534883721,2024-11-22,39,1.1944444444444444,0
4500,M,55,Abidjan,Réseaux sociaux,Régulier,2,32612.0,16306.0,2024-12-17,14,0.05555555555555555,0
4501,F,36,Abidjan,Boutique,Nouveau,29,896251.0,30905.206896551725,2024-10-29,63,0.8055555555555556,0
4502,F,43,Abidjan,Mobile Money,Régulier,31,1080471.0,34853.903225806454,2024-11-22,39,0.8611111111111112,0
4503,M,39,San-Pédro,Mobile Money,Régulier,31,982093.0,31680.41935483871,2024-12-19,12,0.8611111111111112,0
4504,F,37,Abidjan,Mobile Money,Nouveau,2,31141.0,15570.5,2023-01-06,725,0.05555555555555555,1
4505,F,35,Abidjan,Réseaux sociaux,Nouveau,28,783173.0,27970.464285714286,2024-12-16,15,0.7777777777777778,0
4506,F,43,Yamoussoukro,Boutique,Fidèle,5,108327.0,21665.4,2024-06-04,210,0.1388888888888889,1
4507,F,41,Abidjan,Mobile Money,Régulier,4,89749.0,22437.25,2024-10-21,71,0.1111111111111111,0
4508,F,36,Abidjan,Site Web,Régulier,35,1181363.0,33753.22857142857,2024-12-30,1,0.9722222222222222,0
4509,M,26,Bouaké,Site Web,Nouveau,21,444557.0,21169.380952380954,2024-10-10,82,0.5833333333333334,0
4510,F,38,Abidjan,Site Web,Régulier,37,1396861.0,37753.0,2024-12-26,5,1.0277777777777777,0
4511,M,33,Abengourou,Réseaux sociaux,Régulier,5,108709.0,21741.8,2024-12-18,13,0.1388888888888889,0
4512,F,30,Daloa,Mobile Money,Nouveau,1,38705.0,38705.0,2022-06-20,925,0.027777777777777776,1
4513,M,63,Abengourou,Mobile Money,Nouveau,1,57883.0,57883.0,2023-08-05,514,0.027777777777777776,1
4514,F,18,Abidjan,Mobile Money,Occasionnel,5,87171.0,17434.2,2024-11-30,31,0.1388888888888889,0
4515,F,44,Daloa,Site Web,Régulier,25,670670.0,26826.8,2024-11-20,41,0.6944444444444444,1
4516,F,24,Bouaké,Partenaire,Nouveau,32,811277.0,25352.40625,2024-11-29,32,0.8888888888888888,0
4517,F,35,Yamoussoukro,Mobile Money,Fidèle,36,1119721.0,31103.36111111111,2024-11-06,55,1.0,0
4518,F,62,Abidjan,Site Web,Nouveau,29,1740082.0,60002.8275862069,2024-12-17,14,0.8055555555555556,0
4519,M,23,Abidjan,Site Web,Fidèle,24,855754.0,35656.416666666664,2024-11-30,31,0.6666666666666666,1
4520,F,26,Abidjan,Partenaire,Nouveau,35,993380.0,28382.285714285714,2024-11-29,32,0.9722222222222222,0
4521,F,33,San-Pédro,Boutique,Régulier,27,946368.0,35050.666666666664,2024-12-29,2,0.75,0
4522,F,24,San-Pédro,Mobile Money,Occasionnel,27,493155.0,18265.0,2024-12-25,6,0.75,0
4523,M,43,Abidjan,Site Web,Régulier,34,895185.0,26328.970588235294,2024-10-26,66,0.9444444444444444,0
4524,M,28,Bouaké,Réseaux sociaux,VIP,29,829689.0,28609.96551724138,2024-11-21,40,0.8055555555555556,0
4525,M,41,Daloa,Site Web,Nouveau,33,1030697.0,31233.242424242424,2024-11-14,47,0.9166666666666666,0
4526,M,19,Bouaké,Réseaux sociaux,Nouveau,27,1069295.0,39603.51851851852,2024-12-22,9,0.75,0
4527,M,18,Abidjan,Boutique,Nouveau,30,864409.0,28813.633333333335,2024-11-10,51,0.8333333333333334,0
4528,M,31,Korhogo,Site Web,Occasionnel,27,1008850.0,37364.81481481482,2024-12-22,9,0.75,0
4529,F,18,Bouaké,Mobile Money,Régulier,25,660143.0,26405.72,2024-12-02,29,0.6944444444444444,0
4530,M,50,Yamoussoukro,Boutique,Nouveau,32,1037988.0,32437.125,2024-12-25,6,0.8888888888888888,0
4531,M,18,Yamoussoukro,Mobile Money,Régulier,25,613873.0,24554.92,2024-12-13,18,0.6944444444444444,0
4532,F,22,Yamoussoukro,Mobile Money,Occasionnel,32,1461418.0,45669.3125,2024-12-13,18,0.8888888888888888,0
4533,M,38,Abidjan,Mobile Money,Fidèle,22,743017.0,33773.5,2024-12-28,3,0.6111111111111112,0
4534,F,27,Man,Site Web,Occasionnel,32,880661.0,27520.65625,2024-12-22,9,0.8888888888888888,0
4535,F,18,Abidjan,Réseaux sociaux,VIP,2,110104.0,55052.0,2024-12-17,14,0.05555555555555555,0
4536,F,56,San-Pédro,Mobile Money,Occasionnel,36,1298374.0,36065.944444444445,2024-12-19,12,1.0,0
4537,M,22,Korhogo,Boutique,VIP,24,890030.0,37084.583333333336,2024-11-15,46,0.6666666666666666,0
4539,F,31,Bouaké,Boutique,Nouveau,29,835440.0,28808.275862068964,2024-11-21,40,0.8055555555555556,0
4540,F,41,Abidjan,Mobile Money,Régulier,37,661080.0,17867.027027027027,2024-12-03,28,1.0277777777777777,0
4541,F,39,Abidjan,Boutique,Occasionnel,33,854702.0,25900.060606060608,2024-11-26,35,0.9166666666666666,0
4542,F,24,Bouaké,Réseaux sociaux,Nouveau,31,819346.0,26430.516129032258,2024-10-19,73,0.8611111111111112,0
4543,M,30,Abidjan,Boutique,Occasionnel,27,1262941.0,46775.59259259259,2024-12-20,11,0.75,0
4544,F,31,Abidjan,Site Web,Fidèle,25,831685.0,33267.4,2024-12-12,19,0.6944444444444444,0
4545,F,42,Abengourou,Site Web,Régulier,28,1031865.0,36852.32142857143,2024-12-07,24,0.7777777777777778,0
4546,F,21,Abidjan,Mobile Money,Nouveau,25,847168.0,33886.72,2024-09-06,116,0.6944444444444444,1
4548,F,25,Abidjan,Mobile Money,Occasionnel,27,825804.0,30585.333333333332,2024-12-18,13,0.75,0
4550,F,21,Abidjan,Réseaux sociaux,Nouveau,44,960158.0,21821.772727272728,2024-12-17,14,1.2222222222222223,0
4551,F,19,Daloa,Boutique,Nouveau,29,685734.0,23646.0,2024-09-22,100,0.8055555555555556,1
4552,M,24,Abidjan,Boutique,Régulier,30,1239112.0,41303.73333333333,2024-12-07,24,0.8333333333333334,0
4553,F,23,Abidjan,Mobile Money,Nouveau,22,479569.0,21798.590909090908,2024-11-05,56,0.6111111111111112,0
4554,M,29,Abidjan,Mobile Money,Nouveau,28,949149.0,33898.17857142857,2024-12-19,12,0.7777777777777778,0
4555,F,23,Abidjan,Partenaire,Occasionnel,26,699869.0,26918.03846153846,2024-12-29,2,0.7222222222222222,0
4556,M,41,San-Pédro,Mobile Money,Fidèle,40,1331112.0,33277.8,2024-12-25,6,1.1111111111111112,0
4557,M,25,Abidjan,Site Web,Régulier,24,842766.0,35115.25,2024-11-10,51,0.6666666666666666,0
4558,M,24,Abidjan,Mobile Money,Occasionnel,37,1210565.0,32717.972972972973,2024-11-17,44,1.0277777777777777,0
4559,F,29,Abidjan,Mobile Money,Régulier,25,567365.0,22694.6,2024-12-20,11,0.6944444444444444,0
4560,M,44,Abidjan,Mobile Money,Nouveau,30,686255.0,22875.166666666668,2024-11-06,55,0.8333333333333334,0
4561,M,36,Abidjan,Réseaux sociaux,Fidèle,25,925318.0,37012.72,2024-12-13,18,0.6944444444444444,0
4562,F,32,Abidjan,Mobile Money,Nouveau,40,1076578.0,26914.45,2024-12-29,2,1.1111111111111112,0
4563,F,18,Divo,Site Web,Nouveau,28,724857.0,25887.75,2024-10-21,71,0.7777777777777778,0
4564,M,21,Abidjan,Mobile Money,Occasionnel,32,1014600.0,31706.25,2024-12-30,1,0.8888888888888888,0
4565,F,19,Bouaké,Site Web,Nouveau,3,73401.0,24467.0,2023-10-05,453,0.08333333333333333,1
4566,M,48,Yamoussoukro,Boutique,Nouveau,35,1217125.0,34775.0,2024-12-26,5,0.9722222222222222,0
4567,M,39,Abidjan,Site Web,Régulier,31,1255064.0,40485.93548387097,2024-11-21,40,0.8611111111111112,0
4568,F,24,Bouaké,Mobile Money,Occasionnel,3,83938.0,27979.333333333332,2023-10-09,449,0.08333333333333333,1
4569,M,27,Korhogo,Mobile Money,Nouveau,31,733074.0,23647.548387096773,2024-12-07,24,0.8611111111111112,0
4570,M,24,Daloa,Réseaux sociaux,Régulier,34,812705.0,23903.08823529412,2024-12-07,24,0.9444444444444444,0
4571,F,24,Man,Boutique,Régulier,40,939235.0,23480.875,2024-12-21,10,1.1111111111111112,0
4572,M,39,Yamoussoukro,Mobile Money,Fidèle,25,1420404.0,56816.16,2024-12-20,11,0.6944444444444444,0
4573,F,30,Abidjan,Boutique,Nouveau,34,900025.0,26471.323529411766,2024-12-23,8,0.9444444444444444,0
4574,F,56,Man,Mobile Money,Fidèle,3,235213.0,78404.33333333333,2023-09-20,468,0.08333333333333333,1
4575,M,47,Abidjan,Boutique,Régulier,34,1215713.0,35756.26470588235,2024-12-30,1,0.9444444444444444,1
4576,F,48,Bouaké,Boutique,Occasionnel,24,567567.0,23648.625,2024-10-27,65,0.6666666666666666,0
4577,M,41,Daloa,Mobile Money,Nouveau,29,828590.0,28572.068965517243,2024-11-22,39,0.8055555555555556,0
4578,F,29,Korhogo,Boutique,Occasionnel,26,1011726.0,38912.53846153846,2024-12-21,10,0.7222222222222222,0
4579,F,40,Man,Site Web,Nouveau,3,36336.0,12112.0,2024-03-08,298,0.08333333333333333,1
4580,F,30,Abidjan,Partenaire,Régulier,3,222132.0,74044.0,2024-10-12,80,0.08333333333333333,0
4581,M,51,Yamoussoukro,Site Web,Régulier,6,132464.0,22077.333333333332,2024-09-18,104,0.16666666666666666,1
4582,M,38,Abidjan,Boutique,Nouveau,32,977851.0,30557.84375,2024-12-21,10,0.8888888888888888,0
4583,M,36,Daloa,Site Web,Nouveau,3,102019.0,34006.333333333336,2024-05-06,239,0.08333333333333333,1
4584,M,35,Yamoussoukro,Mobile Money,Fidèle,31,1093264.0,35266.58064516129,2024-11-28,33,0.8611111111111112,0
4585,M,53,Abidjan,Site Web,Occasionnel,22,1136353.0,51652.40909090909,2024-11-05,56,0.6111111111111112,0
4586,M,18,San-Pédro,Mobile Money,Occasionnel,30,831084.0,27702.8,2024-12-25,6,0.8333333333333334,0
4587,F,54,Abidjan,Mobile Money,VIP,24,524701.0,21862.541666666668,2024-12-26,5,0.6666666666666666,0
4588,M,31,Abidjan,Site Web,Nouveau,32,1095785.0,34243.28125,2024-12-19,12,0.8888888888888888,0
4589,M,18,Gagnoa,Mobile Money,Régulier,34,1194232.0,35124.470588235294,2024-12-25,6,0.9444444444444444,0
4590,M,25,Yamoussoukro,Site Web,Régulier,4,71401.0,17850.25,2024-07-09,175,0.1111111111111111,1
4591,F,18,Bouaké,Site Web,Nouveau,28,1188783.0,42456.53571428572,2024-11-23,38,0.7777777777777778,0
4592,F,41,Abidjan,Mobile Money,Nouveau,29,934756.0,32232.96551724138,2024-12-13,18,0.8055555555555556,0
4593,M,22,Abidjan,Boutique,Fidèle,34,1099470.0,32337.352941176472,2024-12-26,5,0.9444444444444444,0
4594,F,35,Abidjan,Site Web,Nouveau,40,1536116.0,38402.9,2024-11-11,50,1.1111111111111112,0
4595,F,46,Abidjan,Site Web,Nouveau,25,592638.0,23705.52,2024-12-21,10,0.6944444444444444,0
4596,M,26,Abidjan,Réseaux sociaux,Occasionnel,38,1095790.0,28836.57894736842,2024-12-06,25,1.0555555555555556,0
4597,F,31,Abidjan,Mobile Money,Régulier,29,833034.0,28725.310344827587,2024-11-21,40,0.8055555555555556,0
4598,F,19,Yamoussoukro,Réseaux sociaux,Occasionnel,35,1091335.0,31181.0,2024-12-03,28,0.9722222222222222,0
4599,F,29,Abidjan,Boutique,Nouveau,3,81785.0,27261.666666666668,2023-09-03,485,0.08333333333333333,1
4600,F,62,Bouaké,Mobile Money,Occasionnel,4,82303.0,20575.75,2024-01-28,338,0.1111111111111111,1
4601,M,42,Man,Site Web,Occasionnel,32,1167729.0,36491.53125,2024-12-28,3,0.8888888888888888,0
4602,M,31,Abidjan,Mobile Money,Régulier,28,1014247.0,36223.107142857145,2024-09-25,97,0.7777777777777778,1
4603,M,27,Yamoussoukro,Mobile Money,Fidèle,35,843458.0,24098.8,2024-12-06,25,0.9722222222222222,0
4604,M,33,Abidjan,Mobile Money,Nouveau,27,711579.0,26354.777777777777,2024-12-24,7,0.75,0
4605,M,35,Abidjan,Réseaux sociaux,Régulier,20,546523.0,27326.15,2024-11-11,50,0.5555555555555556,0
4606,F,29,Daloa,Réseaux sociaux,Régulier,32,1117219.0,34913.09375,2024-10-29,63,0.8888888888888888,0
4607,M,39,Abidjan,Partenaire,Régulier,35,636685.0,18191.0,2024-12-09,22,0.9722222222222222,0
4608,F,23,Abidjan,Mobile Money,Occasionnel,28,661494.0,23624.785714285714,2024-12-08,23,0.7777777777777778,0
4609,F,23,Korhogo,Boutique,Nouveau,4,256697.0,64174.25,2024-11-24,37,0.1111111111111111,1
4610,M,38,Abidjan,Réseaux sociaux,Régulier,31,952673.0,30731.387096774193,2024-12-18,13,0.8611111111111112,0
4611,M,21,Yamoussoukro,Mobile Money,Régulier,35,1211432.0,34612.34285714286,2024-12-07,24,0.9722222222222222,0
4612,F,42,Bouaké,Boutique,Régulier,3,134306.0,44768.666666666664,2022-07-13,902,0.08333333333333333,1
4613,M,33,Abidjan,Mobile Money,Nouveau,30,698918.0,23297.266666666666,2024-11-15,46,0.8333333333333334,0
4614,F,18,Daloa,Boutique,Nouveau,37,1296619.0,35043.75675675676,2024-10-28,64,1.0277777777777777,0
4615,F,35,Abidjan,Site Web,Nouveau,24,743481.0,30978.375,2024-12-04,27,0.6666666666666666,0
4616,F,18,Abidjan,Mobile Money,Nouveau,26,556729.0,21412.653846153848,2024-12-15,16,0.7222222222222222,0
4617,F,41,Divo,Mobile Money,Nouveau,29,625216.0,21559.172413793105,2024-12-26,5,0.8055555555555556,0
4618,M,31,Abidjan,Site Web,Nouveau,23,1067109.0,46396.04347826087,2024-12-14,17,0.6388888888888888,0
4619,F,54,Daloa,Site Web,Nouveau,21,789796.0,37609.333333333336,2024-12-05,26,0.5833333333333334,0
4620,F,45,Abidjan,Mobile Money,Nouveau,31,1348909.0,43513.1935483871,2024-11-02,59,0.8611111111111112,0
4621,F,22,Abidjan,Mobile Money,VIP,23,453891.0,19734.391304347828,2024-12-06,25,0.6388888888888888,0
4622,M,18,Daloa,Partenaire,Occasionnel,29,1139044.0,39277.379310344826,2024-11-19,42,0.8055555555555556,1
4623,M,25,Yamoussoukro,Site Web,Nouveau,23,816599.0,35504.30434782609,2024-11-22,39,0.6388888888888888,0
4624,M,20,Abidjan,Boutique,Régulier,45,1515731.0,33682.91111111111,2024-12-23,8,1.25,0
4625,F,54,Daloa,Site Web,Occasionnel,38,1370224.0,36058.52631578947,2024-12-08,23,1.0555555555555556,0
4626,M,33,Abidjan,Partenaire,Nouveau,1,9045.0,9045.0,2024-02-15,320,0.027777777777777776,1
4627,M,44,Abidjan,Mobile Money,Occasionnel,35,1074590.0,30702.571428571428,2024-11-29,32,0.9722222222222222,0
4628,F,30,Daloa,Mobile Money,Nouveau,28,830010.0,29643.214285714286,2024-12-13,18,0.7777777777777778,0
4629,F,32,Bouaké,Boutique,Occasionnel,27,755260.0,27972.59259259259,2024-11-24,37,0.75,0
4630,F,33,Abidjan,Réseaux sociaux,Nouveau,25,565966.0,22638.64,2024-12-23,8,0.6944444444444444,1
4631,F,46,Daloa,Mobile Money,Occasionnel,20,633727.0,31686.35,2024-12-06,25,0.5555555555555556,0
4632,F,37,Abidjan,Mobile Money,Nouveau,22,737267.0,33512.13636363636,2024-10-01,91,0.6111111111111112,1
4633,F,22,Man,Mobile Money,Nouveau,36,1325691.0,36824.75,2024-12-19,12,1.0,0
4634,F,51,San-Pédro,Site Web,Régulier,4,84170.0,21042.5,2023-08-26,493,0.1111111111111111,1
4635,M,30,Abidjan,Site Web,Nouveau,27,828859.0,30698.48148148148,2024-11-24,37,0.75,0
4636,F,28,Abidjan,Boutique,Occasionnel,26,871545.0,33520.96153846154,2024-12-29,2,0.7222222222222222,0
4637,F,18,Divo,Mobile Money,Nouveau,24,588149.0,24506.208333333332,2024-12-21,10,0.6666666666666666,0
4638,M,40,Korhogo,Site Web,Régulier,28,815442.0,29122.928571428572,2024-12-23,8,0.7777777777777778,0
4639,F,35,Abidjan,Mobile Money,Occasionnel,23,752384.0,32712.347826086956,2024-10-04,88,0.6388888888888888,0
4640,F,35,Abidjan,Site Web,Régulier,31,1061671.0,34247.45161290323,2024-12-20,11,0.8611111111111112,0
4641,F,29,Abidjan,Mobile Money,Occasionnel,30,1156315.0,38543.833333333336,2024-12-30,1,0.8333333333333334,0
4642,F,27,Korhogo,Réseaux sociaux,VIP,31,942693.0,30409.451612903227,2024-12-02,29,0.8611111111111112,0
4643,F,29,Man,Boutique,Nouveau,31,945871.0,30511.967741935485,2024-08-20,133,0.8611111111111112,1
4644,F,39,San-Pédro,Site Web,Régulier,25,724281.0,28971.24,2024-12-22,9,0.6944444444444444,0
4645,F,41,Abidjan,Mobile Money,Occasionnel,30,953702.0,31790.066666666666,2024-11-14,47,0.8333333333333334,0
4646,M,31,Korhogo,Mobile Money,Occasionnel,36,1408743.0,39131.75,2024-12-16,15,1.0,0
4647,M,44,Abidjan,Site Web,Régulier,31,1218842.0,39317.48387096774,2024-12-25,6,0.8611111111111112,0
4648,F,33,Abidjan,Boutique,VIP,5,76838.0,15367.6,2024-12-07,24,0.1388888888888889,0
4649,F,28,Abidjan,Site Web,Régulier,28,1034252.0,36937.57142857143,2024-12-21,10,0.7777777777777778,0
4650,F,36,Abidjan,Boutique,Nouveau,1,38541.0,38541.0,2023-04-13,628,0.027777777777777776,1
4651,M,19,Bouaké,Boutique,Occasionnel,23,726892.0,31604.0,2024-12-07,24,0.6388888888888888,0
4652,M,36,Abidjan,Réseaux sociaux,Nouveau,35,1074521.0,30700.6,2024-12-08,23,0.9722222222222222,0
4653,F,18,Abidjan,Boutique,Régulier,28,966410.0,34514.642857142855,2024-11-10,51,0.7777777777777778,0
4654,F,22,San-Pédro,Réseaux sociaux,Occasionnel,27,813997.0,30148.037037037036,2024-10-15,77,0.75,0
4655,F,18,Abidjan,Boutique,Nouveau,29,634476.0,21878.48275862069,2024-12-22,9,0.8055555555555556,0
4656,M,32,Abidjan,Mobile Money,Nouveau,21,615830.0,29325.238095238095,2024-11-18,43,0.5833333333333334,0
4657,M,51,Abidjan,Site Web,Fidèle,26,543724.0,20912.46153846154,2024-12-10,21,0.7222222222222222,0
4658,F,32,Abidjan,Mobile Money,Nouveau,36,1077801.0,29938.916666666668,2024-10-29,63,1.0,0
4659,M,41,Abidjan,Mobile Money,Nouveau,4,38672.0,9668.0,2024-09-05,117,0.1111111111111111,1
4660,F,59,Yamoussoukro,Mobile Money,Nouveau,24,598428.0,24934.5,2024-12-19,12,0.6666666666666666,0
4661,M,38,Abidjan,Boutique,Occasionnel,8,217366.0,27170.75,2024-07-24,160,0.2222222222222222,1
4662,M,25,Abidjan,Site Web,Nouveau,6,65708.0,10951.333333333334,2024-10-08,84,0.16666666666666666,0
4663,F,27,San-Pédro,Mobile Money,Régulier,17,588739.0,34631.705882352944,2024-12-30,1,0.4722222222222222,0
4664,F,34,Abidjan,Mobile Money,Nouveau,31,954460.0,30789.032258064515,2024-12-20,11,0.8611111111111112,0
4665,M,27,Daloa,Mobile Money,Nouveau,27,910154.0,33709.40740740741,2024-09-29,93,0.75,1
4666,F,27,Abidjan,Mobile Money,Nouveau,35,798865.0,22824.714285714286,2024-12-25,6,0.9722222222222222,0
4667,M,44,Man,Mobile Money,Nouveau,2,50531.0,25265.5,2023-10-20,438,0.05555555555555555,1
4668,F,45,Abidjan,Mobile Money,Régulier,3,43468.0,14489.333333333334,2024-10-09,83,0.08333333333333333,1
4669,M,18,Bouaké,Réseaux sociaux,Nouveau,29,1036628.0,35745.793103448275,2024-08-27,126,0.8055555555555556,1
4670,F,25,Bouaké,Site Web,Régulier,33,831453.0,25195.545454545456,2024-12-28,3,0.9166666666666666,0
4671,F,28,Bouaké,Mobile Money,Occasionnel,23,530004.0,23043.652173913044,2024-12-20,11,0.6388888888888888,0
4672,F,40,San-Pédro,Mobile Money,Nouveau,22,1009111.0,45868.681818181816,2024-10-26,66,0.6111111111111112,0
4673,F,46,Abidjan,Mobile Money,Nouveau,27,941606.0,34874.2962962963,2024-11-15,46,0.75,0
4674,F,63,Abidjan,Boutique,Occasionnel,23,696291.0,30273.521739130436,2024-11-24,37,0.6388888888888888,0
4675,M,28,Korhogo,Boutique,Occasionnel,32,738807.0,23087.71875,2024-12-11,20,0.8888888888888888,0
4676,F,29,Korhogo,Réseaux sociaux,Occasionnel,44,864626.0,19650.590909090908,2024-11-29,32,1.2222222222222223,0
4677,F,40,Abidjan,Site Web,Régulier,32,1117775.0,34930.46875,2024-12-28,3,0.8888888888888888,0
4678,F,26,Bouaké,Boutique,Nouveau,6,147007.0,24501.166666666668,2024-09-06,116,0.16666666666666666,1
4679,F,32,Daloa,Mobile Money,Occasionnel,31,981340.0,31656.129032258064,2024-12-23,8,0.8611111111111112,0
4680,M,29,Daloa,Site Web,Occasionnel,22,738624.0,33573.818181818184,2024-09-20,102,0.6111111111111112,1
4681,M,18,Korhogo,Partenaire,Nouveau,35,994041.0,28401.17142857143,2024-12-30,1,0.9722222222222222,0
4682,F,35,San-Pédro,Mobile Money,Occasionnel,31,1152161.0,37166.48387096774,2024-11-17,44,0.8611111111111112,0
4683,M,31,Abidjan,Réseaux sociaux,Occasionnel,35,757874.0,21653.542857142857,2024-11-03,58,0.9722222222222222,0
4684,M,47,Bouaké,Mobile Money,Occasionnel,28,749734.0,26776.214285714286,2024-12-15,16,0.7777777777777778,0
4685,M,34,Abidjan,Site Web,Régulier,34,1003128.0,29503.764705882353,2024-11-04,57,0.9444444444444444,0
4686,F,20,Abidjan,Mobile Money,Nouveau,24,635595.0,26483.125,2024-11-28,33,0.6666666666666666,0
4687,F,31,San-Pédro,Site Web,Occasionnel,32,638902.0,19965.6875,2024-11-27,34,0.8888888888888888,0
4688,F,18,Bouaké,Mobile Money,Régulier,24,603945.0,25164.375,2024-11-16,45,0.6666666666666666,0
4689,M,20,Abidjan,Boutique,Occasionnel,38,1338026.0,35211.21052631579,2024-11-16,45,1.0555555555555556,0
4690,M,40,Yamoussoukro,Site Web,Régulier,31,629659.0,20311.58064516129,2024-11-11,50,0.8611111111111112,0
4691,F,31,Abidjan,Site Web,Occasionnel,26,767942.0,29536.23076923077,2024-12-08,23,0.7222222222222222,0
4692,F,44,Abidjan,Site Web,Occasionnel,4,380484.0,95121.0,2024-04-17,258,0.1111111111111111,1
4693,M,18,Bouaké,Mobile Money,Nouveau,33,999666.0,30292.909090909092,2024-12-20,11,0.9166666666666666,0
4694,M,31,Daloa,Site Web,Régulier,37,692760.0,18723.243243243243,2024-12-06,25,1.0277777777777777,0
4695,F,28,Abidjan,Mobile Money,Occasionnel,2,101091.0,50545.5,2023-12-21,376,0.05555555555555555,1
4696,M,44,Abidjan,Site Web,Nouveau,30,1184511.0,39483.7,2024-12-18,13,0.8333333333333334,0
4697,F,41,Bouaké,Mobile Money,Nouveau,1,6827.0,6827.0,2024-01-15,351,0.027777777777777776,1
4698,F,41,Abidjan,Boutique,Nouveau,19,311987.0,16420.36842105263,2024-11-22,39,0.5277777777777778,0
4699,M,50,Man,Boutique,Occasionnel,30,1219336.0,40644.53333333333,2024-10-21,71,0.8333333333333334,0
4700,M,29,Abidjan,Partenaire,Nouveau,1,23256.0,23256.0,2024-07-16,168,0.027777777777777776,1
4701,M,48,Korhogo,Site Web,Fidèle,28,643490.0,22981.785714285714,2024-12-21,10,0.7777777777777778,0
4702,F,22,Abidjan,Mobile Money,Fidèle,35,1117417.0,31926.2,2024-12-15,16,0.9722222222222222,1
4703,F,22,Abidjan,Site Web,VIP,23,723532.0,31457.91304347826,2024-12-14,17,0.6388888888888888,0
4704,F,42,Abidjan,Mobile Money,Nouveau,29,721531.0,24880.379310344826,2024-12-27,4,0.8055555555555556,0
4705,F,18,Daloa,Mobile Money,Occasionnel,32,644505.0,20140.78125,2024-12-24,7,0.8888888888888888,0
4706,F,40,Divo,Boutique,Fidèle,31,881784.0,28444.645161290322,2024-12-04,27,0.8611111111111112,0
4707,F,35,Abidjan,Site Web,Régulier,1,98794.0,98794.0,2023-10-16,442,0.027777777777777776,1
4708,F,45,Abidjan,Partenaire,Nouveau,28,690777.0,24670.60714285714,2024-12-01,30,0.7777777777777778,0
4709,F,33,Abidjan,Partenaire,Fidèle,20,387298.0,19364.9,2024-11-25,36,0.5555555555555556,0
4710,F,34,Bouaké,Mobile Money,Occasionnel,24,684237.0,28509.875,2024-12-22,9,0.6666666666666666,0
4711,M,39,Abidjan,Mobile Money,Régulier,31,707904.0,22835.612903225807,2024-12-22,9,0.8611111111111112,0
4712,F,26,Korhogo,Réseaux sociaux,VIP,27,1171621.0,43393.37037037037,2024-10-24,68,0.75,0
4713,M,26,Abidjan,Mobile Money,VIP,26,682304.0,26242.46153846154,2024-12-22,9,0.7222222222222222,0
4714,M,39,Daloa,Boutique,Occasionnel,8,521868.0,65233.5,2024-10-20,72,0.2222222222222222,0
4715,M,33,San-Pédro,Partenaire,Nouveau,18,817763.0,45431.27777777778,2024-12-10,21,0.5,0
4716,F,29,Abidjan,Mobile Money,Régulier,33,862485.0,26135.909090909092,2024-12-17,14,0.9166666666666666,0
4717,F,33,Abidjan,Boutique,Régulier,33,1116599.0,33836.333333333336,2024-10-21,71,0.9166666666666666,0
4718,M,51,Korhogo,Réseaux sociaux,Occasionnel,39,1026648.0,26324.30769230769,2024-11-18,43,1.0833333333333333,0
4719,F,29,Abidjan,Site Web,Occasionnel,42,1439726.0,34279.19047619047,2024-12-14,17,1.1666666666666667,0
4720,F,28,Bouaké,Partenaire,Occasionnel,33,837585.0,25381.363636363636,2024-09-22,100,0.9166666666666666,1
4721,F,18,Korhogo,Site Web,Occasionnel,31,846188.0,27296.387096774193,2024-10-24,68,0.8611111111111112,1
4722,M,33,Abidjan,Mobile Money,Fidèle,33,941280.0,28523.636363636364,2024-12-17,14,0.9166666666666666,0
4724,M,43,Abidjan,Site Web,Occasionnel,3,100977.0,33659.0,2024-09-06,116,0.08333333333333333,1
4725,F,35,Bouaké,Partenaire,Occasionnel,24,449724.0,18738.5,2024-11-25,36,0.6666666666666666,0
4726,F,44,Abidjan,Boutique,Occasionnel,26,853037.0,32809.11538461538,2024-07-24,160,0.7222222222222222,1
4727,M,42,Abidjan,Boutique,Occasionnel,2,25431.0,12715.5,2023-11-01,426,0.05555555555555555,1
4728,F,46,Abidjan,Mobile Money,Nouveau,30,1417780.0,47259.333333333336,2024-11-13,48,0.8333333333333334,0
4729,M,44,Abidjan,Mobile Money,Régulier,34,1133695.0,33343.970588235294,2024-12-22,9,0.9444444444444444,0
4730,F,51,Abidjan,Partenaire,Régulier,35,953362.0,27238.914285714287,2024-11-22,39,0.9722222222222222,0
4731,F,32,Abidjan,Partenaire,Occasionnel,30,1012508.0,33750.26666666667,2024-10-01,91,0.8333333333333334,1
4732,M,19,Bouaké,Boutique,Fidèle,4,140303.0,35075.75,2024-10-11,81,0.1111111111111111,0
4733,F,41,Abidjan,Partenaire,VIP,33,1335765.0,40477.72727272727,2024-12-26,5,0.9166666666666666,1
4734,F,42,Abidjan,Boutique,Régulier,42,1008030.0,24000.714285714286,2024-12-15,16,1.1666666666666667,0
4735,M,51,Abidjan,Réseaux sociaux,Fidèle,34,1534763.0,45140.08823529412,2024-10-25,67,0.9444444444444444,0
4736,M,48,Abidjan,Site Web,Occasionnel,31,635424.0,20497.548387096773,2024-11-16,45,0.8611111111111112,0
4738,F,40,Abidjan,Site Web,Fidèle,33,798710.0,24203.333333333332,2024-11-20,41,0.9166666666666666,0
4739,F,36,Bouaké,Site Web,Régulier,5,154966.0,30993.2,2024-09-17,105,0.1388888888888889,1
4740,M,18,Daloa,Réseaux sociaux,Nouveau,31,829707.0,26764.74193548387,2024-11-23,38,0.8611111111111112,0
4741,F,37,Yamoussoukro,Boutique,Nouveau,2,30961.0,15480.5,2024-09-05,117,0.05555555555555555,1
4742,F,27,Abidjan,Réseaux sociaux,Occasionnel,1,10308.0,10308.0,2022-01-26,1070,0.027777777777777776,1
4743,M,36,San-Pédro,Mobile Money,Régulier,38,1010546.0,26593.315789473683,2024-12-20,11,1.0555555555555556,1
4744,F,34,Bouaké,Mobile Money,Occasionnel,3,155915.0,51971.666666666664,2024-04-23,252,0.08333333333333333,1
4745,F,39,Bouaké,Site Web,Régulier,26,479746.0,18451.76923076923,2024-12-12,19,0.7222222222222222,0
4746,F,32,Abidjan,Site Web,Régulier,37,1004818.0,27157.243243243243,2024-12-02,29,1.0277777777777777,0
4747,F,44,Abidjan,Réseaux sociaux,Nouveau,29,664492.0,22913.51724137931,2024-11-28,33,0.8055555555555556,0
4748,M,18,Abidjan,Mobile Money,Nouveau,35,916094.0,26174.114285714284,2024-07-10,174,0.9722222222222222,1
4749,M,36,Abidjan,Mobile Money,Régulier,2,16303.0,8151.5,2024-01-09,357,0.05555555555555555,1
4750,F,47,Yamoussoukro,Boutique,Nouveau,42,1426452.0,33963.142857142855,2024-12-19,12,1.1666666666666667,1
4751,F,54,Abidjan,Réseaux sociaux,Fidèle,29,899781.0,31026.931034482757,2024-11-03,58,0.8055555555555556,0
4752,M,42,Abidjan,Partenaire,Fidèle,3,55769.0,18589.666666666668,2024-11-16,45,0.08333333333333333,0
4753,F,52,Abidjan,Réseaux sociaux,Occasionnel,31,629235.0,20297.90322580645,2024-09-10,112,0.8611111111111112,1
4754,F,35,Abidjan,Boutique,Occasionnel,34,1451389.0,42687.91176470588,2024-12-12,19,0.9444444444444444,1
4755,M,34,Abidjan,Réseaux sociaux,Fidèle,3,65712.0,21904.0,2023-04-08,633,0.08333333333333333,1
4756,M,39,Abidjan,Mobile Money,Fidèle,34,889943.0,26174.79411764706,2024-12-13,18,0.9444444444444444,0
4757,F,33,Abidjan,Partenaire,Occasionnel,5,138394.0,27678.8,2024-10-06,86,0.1388888888888889,0
4758,M,25,Abidjan,Boutique,VIP,40,1225563.0,30639.075,2024-12-13,18,1.1111111111111112,0
4759,F,28,Bouaké,Boutique,Occasionnel,38,1149045.0,30238.026315789473,2024-12-11,20,1.0555555555555556,0
4760,M,21,Man,Boutique,Nouveau,36,1805456.0,50151.555555555555,2024-12-27,4,1.0,0
4761,F,39,Korhogo,Site Web,Occasionnel,34,1333461.0,39219.44117647059,2024-12-01,30,0.9444444444444444,0
4762,F,34,Bouaké,Mobile Money,Régulier,33,850759.0,25780.575757575756,2024-12-06,25,0.9166666666666666,0
4763,M,30,Abidjan,Mobile Money,VIP,33,975486.0,29560.18181818182,2024-11-17,44,0.9166666666666666,0
4764,F,27,Yamoussoukro,Site Web,Nouveau,20,445989.0,22299.45,2024-11-29,32,0.5555555555555556,0
4765,F,39,Man,Partenaire,Occasionnel,26,1078427.0,41477.96153846154,2024-11-11,50,0.7222222222222222,0
4766,F,42,Abidjan,Site Web,Occasionnel,25,692426.0,27697.04,2024-09-27,95,0.6944444444444444,1
4767,M,21,Abidjan,Mobile Money,Fidèle,34,834323.0,24538.91176470588,2024-12-21,10,0.9444444444444444,0
4768,M,19,Daloa,Site Web,Régulier,30,730713.0,24357.1,2024-10-30,62,0.8333333333333334,0
4769,F,44,Abidjan,Mobile Money,Nouveau,31,966439.0,31175.451612903227,2024-10-15,77,0.8611111111111112,0
4770,M,18,Daloa,Mobile Money,Fidèle,23,1026627.0,44635.95652173913,2024-12-09,22,0.6388888888888888,0
4771,M,40,Abidjan,Mobile Money,Régulier,31,893117.0,28810.225806451614,2024-11-24,37,0.8611111111111112,0
4772,F,51,Abidjan,Boutique,Fidèle,32,875192.0,27349.75,2024-12-21,10,0.8888888888888888,0
4773,F,51,Daloa,Mobile Money,Fidèle,4,202156.0,50539.0,2023-10-30,428,0.1111111111111111,1
4774,F,42,Yamoussoukro,Mobile Money,Nouveau,25,1114045.0,44561.8,2024-11-19,42,0.6944444444444444,0
4775,F,41,Bouaké,Mobile Money,VIP,19,396674.0,20877.57894736842,2024-10-25,67,0.5277777777777778,0
4776,F,58,San-Pédro,Site Web,Occasionnel,34,941803.0,27700.08823529412,2024-11-16,45,0.9444444444444444,0
4777,F,18,San-Pédro,Mobile Money,VIP,27,507726.0,18804.666666666668,2024-12-22,9,0.75,0
4778,F,28,Abidjan,Mobile Money,Nouveau,27,731684.0,27099.40740740741,2024-12-18,13,0.75,1
4779,F,43,Abengourou,Boutique,Régulier,33,829455.0,25135.0,2024-12-25,6,0.9166666666666666,0
4780,M,30,Abidjan,Site Web,Nouveau,39,1209482.0,31012.358974358973,2024-11-11,50,1.0833333333333333,0
4781,F,47,Abidjan,Réseaux sociaux,Nouveau,3,71195.0,23731.666666666668,2024-02-07,328,0.08333333333333333,1
4782,M,33,San-Pédro,Boutique,VIP,30,998167.0,33272.23333333333,2024-11-02,59,0.8333333333333334,0
4783,M,35,Abidjan,Site Web,Nouveau,3,120582.0,40194.0,2023-08-21,498,0.08333333333333333,1
4784,M,30,Korhogo,Réseaux sociaux,Nouveau,32,667879.0,20871.21875,2024-11-29,32,0.8888888888888888,0
4785,M,28,Abidjan,Site Web,Fidèle,32,1392999.0,43531.21875,2024-10-14,78,0.8888888888888888,0
4786,M,27,Abidjan,Boutique,Occasionnel,33,869824.0,26358.303030303032,2024-11-24,37,0.9166666666666666,0
4787,F,36,Abidjan,Mobile Money,Occasionnel,5,210697.0,42139.4,2024-10-04,88,0.1388888888888889,0
4788,M,25,Bouaké,Mobile Money,VIP,28,678188.0,24221.0,2024-12-23,8,0.7777777777777778,0
4789,F,44,San-Pédro,Mobile Money,Occasionnel,19,854161.0,44955.84210526316,2024-11-30,31,0.5277777777777778,0
4790,M,41,Abidjan,Boutique,Nouveau,37,865793.0,23399.81081081081,2024-12-25,6,1.0277777777777777,0
4791,F,46,Abidjan,Partenaire,Régulier,6,83338.0,13889.666666666666,2024-09-19,103,0.16666666666666666,1
4792,F,21,Abidjan,Mobile Money,Régulier,31,1158829.0,37381.58064516129,2024-11-04,57,0.8611111111111112,0
4793,F,18,Abidjan,Boutique,Nouveau,23,755559.0,32850.391304347824,2024-10-15,77,0.6388888888888888,0
4794,M,33,Bouaké,Partenaire,Occasionnel,4,130476.0,32619.0,2023-09-30,458,0.1111111111111111,1
4795,F,65,Yamoussoukro,Site Web,Occasionnel,3,155806.0,51935.333333333336,2024-04-08,267,0.08333333333333333,1
4796,F,47,Abidjan,Mobile Money,Nouveau,23,677590.0,29460.434782608696,2024-11-13,48,0.6388888888888888,1
4797,F,27,Abidjan,Partenaire,Nouveau,37,1432027.0,38703.43243243243,2024-12-05,26,1.0277777777777777,1
4798,F,38,Bouaké,Mobile Money,Fidèle,33,829350.0,25131.81818181818,2024-12-21,10,0.9166666666666666,0
4799,M,42,Abidjan,Mobile Money,Nouveau,2,91988.0,45994.0,2024-10-23,69,0.05555555555555555,0
4800,M,18,Abidjan,Boutique,Nouveau,28,892861.0,31887.89285714286,2024-11-06,55,0.7777777777777778,0
4801,F,49,Bouaké,Mobile Money,Fidèle,31,1021404.0,32948.51612903226,2024-12-06,25,0.8611111111111112,0
4802,F,32,Abidjan,Réseaux sociaux,Occasionnel,26,915409.0,35208.03846153846,2024-12-24,7,0.7222222222222222,0
4803,F,33,Abidjan,Mobile Money,Fidèle,2,17092.0,8546.0,2023-11-20,407,0.05555555555555555,1
4804,F,34,Abidjan,Réseaux sociaux,Fidèle,29,885083.0,30520.103448275862,2024-12-06,25,0.8055555555555556,0
4805,M,46,Daloa,Mobile Money,Occasionnel,35,696218.0,19891.942857142858,2024-10-23,69,0.9722222222222222,0
4806,M,25,Abidjan,Partenaire,Occasionnel,28,864160.0,30862.85714285714,2024-12-21,10,0.7777777777777778,0
4807,F,18,San-Pédro,Mobile Money,Nouveau,4,115142.0,28785.5,2024-06-04,210,0.1111111111111111,1
4808,M,37,Abidjan,Partenaire,Nouveau,5,146276.0,29255.2,2024-07-25,159,0.1388888888888889,1
4809,F,18,Abidjan,Mobile Money,Nouveau,23,763965.0,33215.86956521739,2024-11-19,42,0.6388888888888888,0
4810,M,30,Daloa,Réseaux sociaux,Occasionnel,24,365186.0,15216.083333333334,2024-12-25,6,0.6666666666666666,0
4811,F,47,Abidjan,Réseaux sociaux,Occasionnel,31,828481.0,26725.1935483871,2024-12-26,5,0.8611111111111112,0
4812,M,40,Abidjan,Boutique,Régulier,25,1041458.0,41658.32,2024-11-20,41,0.6944444444444444,0
4813,F,45,Abidjan,Mobile Money,Nouveau,21,577055.0,27478.809523809523,2024-11-30,31,0.5833333333333334,0
4814,M,40,Yamoussoukro,Site Web,Occasionnel,30,1150570.0,38352.333333333336,2024-12-28,3,0.8333333333333334,0
4815,F,60,Abidjan,Site Web,Nouveau,32,849887.0,26558.96875,2024-12-05,26,0.8888888888888888,0
4816,F,27,San-Pédro,Boutique,Nouveau,31,1055840.0,34059.354838709674,2024-12-19,12,0.8611111111111112,1
4817,F,38,Abidjan,Site Web,Régulier,32,721039.0,22532.46875,2024-12-20,11,0.8888888888888888,0
4818,F,29,Abidjan,Partenaire,Régulier,7,147570.0,21081.428571428572,2024-10-07,85,0.19444444444444445,1
4819,M,44,Abidjan,Partenaire,Occasionnel,27,741215.0,27452.40740740741,2024-12-25,6,0.75,0
4820,M,33,Abidjan,Boutique,Occasionnel,30,1209226.0,40307.53333333333,2024-11-06,55,0.8333333333333334,0
4821,M,52,San-Pédro,Mobile Money,Occasionnel,32,1227854.0,38370.4375,2024-12-19,12,0.8888888888888888,0
4822,F,28,Abidjan,Mobile Money,Fidèle,24,407330.0,16972.083333333332,2024-08-29,124,0.6666666666666666,1
4823,M,49,Korhogo,Site Web,Occasionnel,23,518193.0,22530.130434782608,2024-12-26,5,0.6388888888888888,0
4824,M,40,Abidjan,Partenaire,Régulier,5,64310.0,12862.0,2024-10-22,70,0.1388888888888889,1
4825,F,33,Abidjan,Boutique,Nouveau,26,549616.0,21139.076923076922,2024-12-12,19,0.7222222222222222,0
4826,F,39,Abidjan,Mobile Money,Occasionnel,3,64491.0,21497.0,2024-08-07,146,0.08333333333333333,1
4827,F,36,Daloa,Boutique,Occasionnel,24,688501.0,28687.541666666668,2024-11-18,43,0.6666666666666666,0
4828,F,37,Abidjan,Boutique,Nouveau,23,676022.0,29392.260869565216,2024-10-10,82,0.6388888888888888,0
4829,M,31,Bouaké,Partenaire,Occasionnel,2,110114.0,55057.0,2024-05-09,236,0.05555555555555555,1
4830,M,26,Man,Site Web,Occasionnel,21,528593.0,25171.095238095237,2024-10-04,88,0.5833333333333334,0
4831,M,30,Bouaké,Mobile Money,Nouveau,34,1251875.0,36819.85294117647,2024-10-25,67,0.9444444444444444,0
4832,F,18,Abidjan,Mobile Money,VIP,39,916472.0,23499.28205128205,2024-12-14,17,1.0833333333333333,0
4833,M,43,Daloa,Mobile Money,Nouveau,30,726913.0,24230.433333333334,2024-12-27,4,0.8333333333333334,0
4834,M,20,Abidjan,Site Web,Fidèle,32,770010.0,24062.8125,2024-12-07,24,0.8888888888888888,1
4835,F,31,Abidjan,Site Web,Occasionnel,29,1052027.0,36276.793103448275,2024-10-01,91,0.8055555555555556,1
4836,M,41,Abidjan,Mobile Money,Nouveau,37,906924.0,24511.45945945946,2024-12-22,9,1.0277777777777777,0
4837,F,43,San-Pédro,Mobile Money,Nouveau,32,1178384.0,36824.5,2024-12-27,4,0.8888888888888888,0
4838,F,18,Abidjan,Réseaux sociaux,Régulier,28,782170.0,27934.64285714286,2024-12-13,18,0.7777777777777778,0
4839,F,32,Daloa,Réseaux sociaux,Régulier,22,685895.0,31177.045454545456,2024-12-23,8,0.6111111111111112,0
4840,F,39,Yamoussoukro,Boutique,Régulier,34,1244829.0,36612.617647058825,2024-12-04,27,0.9444444444444444,0
4841,M,34,Abidjan,Boutique,Occasionnel,29,793231.0,27352.793103448275,2024-11-12,49,0.8055555555555556,0
4842,F,48,Abidjan,Partenaire,Nouveau,27,640867.0,23735.814814814814,2024-12-03,28,0.75,0
4843,F,24,Yamoussoukro,Site Web,Régulier,39,1418512.0,36372.10256410256,2024-12-14,17,1.0833333333333333,0
4844,F,18,Abidjan,Partenaire,Fidèle,34,1054414.0,31012.176470588234,2024-10-13,79,0.9444444444444444,0
4845,F,42,Abidjan,Mobile Money,Occasionnel,24,625479.0,26061.625,2024-10-17,75,0.6666666666666666,0
4846,F,28,Abidjan,Mobile Money,Fidèle,29,983898.0,33927.51724137931,2024-10-16,76,0.8055555555555556,1
4847,F,18,Korhogo,Mobile Money,Régulier,18,586005.0,32555.833333333332,2024-10-15,77,0.5,0
4848,M,32,Abidjan,Réseaux sociaux,Occasionnel,24,738475.0,30769.791666666668,2024-09-30,92,0.6666666666666666,1
4849,F,47,Abidjan,Site Web,Régulier,1,17722.0,17722.0,2023-03-24,648,0.027777777777777776,1
4850,M,20,Abidjan,Mobile Money,Nouveau,5,209256.0,41851.2,2024-08-18,135,0.1388888888888889,1
4851,F,59,Abidjan,Partenaire,Nouveau,28,811571.0,28984.678571428572,2024-12-19,12,0.7777777777777778,0
4852,M,24,Gagnoa,Partenaire,Régulier,40,1315660.0,32891.5,2024-12-04,27,1.1111111111111112,0
4853,M,34,Abidjan,Mobile Money,VIP,2,17428.0,8714.0,2023-06-26,554,0.05555555555555555,1
4854,F,20,Yamoussoukro,Site Web,Occasionnel,27,893107.0,33078.03703703704,2024-09-28,94,0.75,1
4855,F,34,Daloa,Site Web,Nouveau,19,367749.0,19355.21052631579,2024-11-12,49,0.5277777777777778,0
4856,M,32,Abidjan,Mobile Money,Nouveau,27,784643.0,29060.85185185185,2024-12-28,3,0.75,0
4857,F,18,Daloa,Site Web,Occasionnel,24,664994.0,27708.083333333332,2024-12-25,6,0.6666666666666666,0
4858,M,65,Gagnoa,Mobile Money,Régulier,22,551522.0,25069.18181818182,2024-11-05,56,0.6111111111111112,0
4859,F,28,Daloa,Réseaux sociaux,Nouveau,4,92093.0,23023.25,2024-10-14,78,0.1111111111111111,0
4860,F,28,Yamoussoukro,Réseaux sociaux,Nouveau,22,562947.0,25588.5,2024-12-09,22,0.6111111111111112,0
4861,F,44,Abidjan,Réseaux sociaux,Régulier,3,94834.0,31611.333333333332,2024-11-05,56,0.08333333333333333,0
4862,M,53,San-Pédro,Site Web,Nouveau,34,1238821.0,36435.91176470588,2024-12-22,9,0.9444444444444444,0
4863,F,46,Abidjan,Mobile Money,Occasionnel,2,51144.0,25572.0,2024-03-14,292,0.05555555555555555,1
4864,M,20,Daloa,Boutique,Régulier,2,155032.0,77516.0,2024-07-08,176,0.05555555555555555,1
4865,M,36,Abidjan,Site Web,Nouveau,26,817708.0,31450.30769230769,2024-12-21,10,0.7222222222222222,0
4866,F,18,Bouaké,Mobile Money,Occasionnel,33,919896.0,27875.636363636364,2024-11-25,36,0.9166666666666666,0
4867,F,43,Korhogo,Site Web,Nouveau,27,530071.0,19632.25925925926,2024-10-08,84,0.75,0
4868,F,18,Bouaké,Mobile Money,Nouveau,28,673726.0,24061.64285714286,2024-11-30,31,0.7777777777777778,0
4869,F,25,Abidjan,Mobile Money,Fidèle,24,780947.0,32539.458333333332,2024-07-02,182,0.6666666666666666,1
4870,M,33,Yamoussoukro,Boutique,Régulier,33,1217591.0,36896.69696969697,2024-10-21,71,0.9166666666666666,0
4871,F,38,Man,Site Web,Nouveau,2,175743.0,87871.5,2024-02-21,314,0.05555555555555555,1
4872,F,31,Bouaké,Boutique,Nouveau,37,775901.0,20970.297297297297,2024-12-21,10,1.0277777777777777,0
4873,M,50,Korhogo,Site Web,Nouveau,29,902939.0,31135.827586206895,2024-11-24,37,0.8055555555555556,1
4874,M,41,San-Pédro,Boutique,Fidèle,18,574838.0,31935.444444444445,2024-08-09,144,0.5,1
4875,F,41,Korhogo,Site Web,Régulier,36,1001778.0,27827.166666666668,2024-12-26,5,1.0,0
4876,M,20,Abidjan,Site Web,Régulier,3,79889.0,26629.666666666668,2024-08-21,132,0.08333333333333333,1
4877,F,52,Abidjan,Boutique,Nouveau,32,967699.0,30240.59375,2024-12-07,24,0.8888888888888888,0
4878,M,25,San-Pédro,Boutique,Fidèle,28,631778.0,22563.5,2024-12-23,8,0.7777777777777778,0
4879,F,53,Man,Boutique,Régulier,5,201299.0,40259.8,2024-03-31,275,0.1388888888888889,1
4880,F,56,Abidjan,Mobile Money,Nouveau,40,1039541.0,25988.525,2024-12-11,20,1.1111111111111112,0
4881,F,39,Abidjan,Site Web,Occasionnel,6,126996.0,21166.0,2024-07-13,171,0.16666666666666666,1
4882,M,45,Abidjan,Mobile Money,Occasionnel,22,581434.0,26428.81818181818,2024-12-30,1,0.6111111111111112,0
4883,M,18,Daloa,Réseaux sociaux,Occasionnel,21,683857.0,32564.619047619046,2024-09-24,98,0.5833333333333334,1
4884,F,31,Korhogo,Réseaux sociaux,Occasionnel,32,1041012.0,32531.625,2024-11-20,41,0.8888888888888888,0
4885,M,46,Bouaké,Boutique,Nouveau,23,491634.0,21375.391304347828,2024-10-23,69,0.6388888888888888,0
4886,M,44,Abidjan,Réseaux sociaux,Régulier,32,790531.0,24704.09375,2024-11-20,41,0.8888888888888888,0
4887,F,20,Abidjan,Site Web,Régulier,4,179689.0,44922.25,2024-04-11,264,0.1111111111111111,0
4888,M,30,San-Pédro,Mobile Money,Occasionnel,2,32765.0,16382.5,2024-12-14,17,0.05555555555555555,0
4889,F,18,Abidjan,Site Web,Occasionnel,3,54750.0,18250.0,2024-03-13,293,0.08333333333333333,1
4890,M,38,Abidjan,Partenaire,Nouveau,3,60167.0,20055.666666666668,2023-12-22,375,0.08333333333333333,1
4891,F,18,Abidjan,Mobile Money,Occasionnel,3,54973.0,18324.333333333332,2023-08-01,518,0.08333333333333333,1
4892,F,46,San-Pédro,Mobile Money,Régulier,33,765992.0,23211.878787878788,2024-12-24,7,0.9166666666666666,0
4893,F,47,Abidjan,Boutique,Occasionnel,35,817847.0,23367.057142857142,2024-11-27,34,0.9722222222222222,0
4894,F,28,Abidjan,Boutique,Fidèle,2,124423.0,62211.5,2024-10-09,83,0.05555555555555555,0
4895,M,39,Abidjan,Site Web,Régulier,4,60933.0,15233.25,2024-11-24,37,0.1111111111111111,0
4896,F,31,Divo,Boutique,Régulier,40,1267591.0,31689.775,2024-12-27,4,1.1111111111111112,0
4897,F,36,Abidjan,Site Web,Occasionnel,37,1103551.0,29825.702702702703,2024-11-05,56,1.0277777777777777,0
4898,F,21,Abidjan,Mobile Money,Nouveau,30,1142845.0,38094.833333333336,2024-09-05,117,0.8333333333333334,1
4899,M,40,Abidjan,Boutique,Fidèle,2,66558.0,33279.0,2023-02-26,674,0.05555555555555555,1
4900,M,18,Abidjan,Réseaux sociaux,Régulier,5,72035.0,14407.0,2023-10-06,452,0.1388888888888889,1
4901,F,18,San-Pédro,Boutique,Fidèle,31,525251.0,16943.58064516129,2024-12-07,24,0.8611111111111112,1
4902,F,32,Daloa,Boutique,Régulier,1,24000.0,24000.0,2024-06-08,206,0.027777777777777776,1
4903,F,31,Abidjan,Mobile Money,Occasionnel,19,731882.0,38520.10526315789,2024-12-02,29,0.5277777777777778,0
4904,M,36,Korhogo,Mobile Money,Nouveau,36,1455982.0,40443.944444444445,2024-12-28,3,1.0,0
4905,M,26,Abidjan,Boutique,Occasionnel,3,43298.0,14432.666666666666,2024-09-05,117,0.08333333333333333,1
4906,M,54,Korhogo,Boutique,Occasionnel,3,31790.0,10596.666666666666,2024-06-17,197,0.08333333333333333,1
4907,M,35,Abidjan,Site Web,Fidèle,28,938814.0,33529.07142857143,2024-12-12,19,0.7777777777777778,0
4908,F,36,Abidjan,Site Web,Fidèle,2,51445.0,25722.5,2023-01-25,706,0.05555555555555555,1
4909,M,36,San-Pédro,Réseaux sociaux,Occasionnel,6,272110.0,45351.666666666664,2023-06-20,560,0.16666666666666666,1
4911,F,40,Daloa,Mobile Money,Nouveau,3,73260.0,24420.0,2024-05-11,234,0.08333333333333333,1
4912,F,38,Yamoussoukro,Mobile Money,Occasionnel,24,627138.0,26130.75,2024-12-22,9,0.6666666666666666,0
4913,F,42,San-Pédro,Réseaux sociaux,VIP,24,733030.0,30542.916666666668,2024-08-03,150,0.6666666666666666,1
4914,M,18,Yamoussoukro,Mobile Money,Régulier,28,1024106.0,36575.21428571428,2024-12-19,12,0.7777777777777778,0
4915,F,18,Abidjan,Boutique,Occasionnel,25,1014843.0,40593.72,2024-12-25,6,0.6944444444444444,0
4916,M,33,Abidjan,Mobile Money,Fidèle,31,734560.0,23695.483870967742,2024-10-25,67,0.8611111111111112,0
4917,M,31,Yamoussoukro,Site Web,Nouveau,32,958176.0,29943.0,2024-12-18,13,0.8888888888888888,0
4918,M,40,Bouaké,Mobile Money,VIP,32,996807.0,31150.21875,2024-12-13,18,0.8888888888888888,0
4919,M,34,Korhogo,Mobile Money,Régulier,38,1211436.0,31879.894736842107,2024-12-19,12,1.0555555555555556,0
4920,F,40,Abidjan,Boutique,Nouveau,34,914045.0,26883.676470588234,2024-11-26,35,0.9444444444444444,0
4921,F,20,Abidjan,Site Web,Régulier,31,723219.0,23329.645161290322,2024-11-27,34,0.8611111111111112,0
4922,F,33,Abidjan,Mobile Money,Nouveau,19,560864.0,29519.157894736843,2024-11-15,46,0.5277777777777778,0
4923,F,19,San-Pédro,Site Web,Régulier,28,643257.0,22973.464285714286,2024-12-08,23,0.7777777777777778,0
4924,M,38,Abidjan,Boutique,Nouveau,22,530512.0,24114.18181818182,2024-12-26,5,0.6111111111111112,0
4925,F,18,Korhogo,Boutique,Nouveau,3,112566.0,37522.0,2023-07-27,523,0.08333333333333333,1
4926,F,37,Abidjan,Boutique,Régulier,26,833037.0,32039.884615384617,2024-12-21,10,0.7222222222222222,0
4927,F,18,Abidjan,Mobile Money,Occasionnel,27,569453.0,21090.85185185185,2024-10-23,69,0.75,0
4928,F,29,San-Pédro,Mobile Money,Nouveau,3,49145.0,16381.666666666666,2023-04-28,613,0.08333333333333333,1
4929,M,43,Abidjan,Réseaux sociaux,Fidèle,26,625651.0,24063.5,2024-12-12,19,0.7222222222222222,0
4930,F,36,San-Pédro,Mobile Money,Nouveau,27,785877.0,29106.555555555555,2024-12-30,1,0.75,0
4931,M,18,Abidjan,Partenaire,Régulier,44,1010617.0,22968.56818181818,2024-12-17,14,1.2222222222222223,0
4932,M,26,Abidjan,Mobile Money,Régulier,20,620466.0,31023.3,2024-10-27,65,0.5555555555555556,0
4933,M,18,Bouaké,Boutique,Nouveau,28,755657.0,26987.75,2024-07-16,168,0.7777777777777778,1
4934,F,18,Korhogo,Site Web,VIP,4,251466.0,62866.5,2024-09-20,102,0.1111111111111111,1
4935,M,35,Abidjan,Réseaux sociaux,Occasionnel,24,592715.0,24696.458333333332,2024-12-29,2,0.6666666666666666,0
4936,F,40,Abidjan,Mobile Money,Nouveau,5,96891.0,19378.2,2024-12-04,27,0.1388888888888889,0
4937,F,38,Yamoussoukro,Mobile Money,Occasionnel,25,862145.0,34485.8,2024-09-15,107,0.6944444444444444,1
4938,M,40,Gagnoa,Site Web,Régulier,5,65043.0,13008.6,2024-11-12,49,0.1388888888888889,0
4939,M,33,San-Pédro,Mobile Money,Nouveau,35,1045536.0,29872.457142857143,2024-11-23,38,0.9722222222222222,0
4940,F,30,San-Pédro,Site Web,Nouveau,25,722372.0,28894.88,2024-10-02,90,0.6944444444444444,0
4941,M,22,Abidjan,Réseaux sociaux,Occasionnel,34,1115887.0,32820.205882352944,2024-11-23,38,0.9444444444444444,0
4942,F,29,Bouaké,Mobile Money,Régulier,20,651263.0,32563.15,2024-11-25,36,0.5555555555555556,0
4943,M,19,San-Pédro,Réseaux sociaux,Nouveau,27,793432.0,29386.37037037037,2024-10-26,66,0.75,0
4944,M,24,Korhogo,Mobile Money,Occasionnel,6,243123.0,40520.5,2024-10-16,76,0.16666666666666666,0
4945,M,34,San-Pédro,Réseaux sociaux,Nouveau,35,940107.0,26860.2,2024-12-14,17,0.9722222222222222,0
4946,M,32,San-Pédro,Partenaire,Nouveau,33,1036096.0,31396.848484848484,2024-11-01,60,0.9166666666666666,1
4947,M,67,Korhogo,Site Web,Régulier,41,1218671.0,29723.682926829268,2024-12-22,9,1.1388888888888888,0
4948,M,19,Abidjan,Partenaire,Nouveau,23,1008681.0,43855.69565217391,2024-12-28,3,0.6388888888888888,0
4949,M,32,Abidjan,Réseaux sociaux,Nouveau,22,737525.0,33523.86363636364,2024-09-20,102,0.6111111111111112,1
4950,M,18,Gagnoa,Mobile Money,Nouveau,33,976730.0,29597.878787878788,2024-12-18,13,0.9166666666666666,1
4951,F,29,Abidjan,Mobile Money,Régulier,3,338522.0,112840.66666666667,2024-10-01,91,0.08333333333333333,1
4952,M,30,Abidjan,Mobile Money,Occasionnel,35,795855.0,22738.714285714286,2024-12-19,12,0.9722222222222222,0
4953,F,43,Abidjan,Boutique,Occasionnel,3,115698.0,38566.0,2024-10-03,89,0.08333333333333333,0
4954,M,29,Bouaké,Site Web,Régulier,29,580583.0,20020.103448275862,2024-11-26,35,0.8055555555555556,0
4955,F,31,San-Pédro,Boutique,Régulier,34,1206460.0,35484.117647058825,2024-12-26,5,0.9444444444444444,0
4956,F,29,San-Pédro,Site Web,Nouveau,34,864580.0,25428.823529411766,2024-12-15,16,0.9444444444444444,0
4957,M,18,Abidjan,Boutique,Nouveau,32,1210227.0,37819.59375,2024-10-13,79,0.8888888888888888,0
4958,F,26,Abidjan,Mobile Money,Nouveau,24,604997.0,25208.208333333332,2024-12-20,11,0.6666666666666666,0
4959,F,29,Abidjan,Mobile Money,Fidèle,25,1239866.0,49594.64,2024-09-29,93,0.6944444444444444,1
4960,M,34,Korhogo,Partenaire,Nouveau,32,1041272.0,32539.75,2024-12-10,21,0.8888888888888888,0
4961,F,40,Abidjan,Boutique,Nouveau,4,98079.0,24519.75,2023-09-10,478,0.1111111111111111,1
4962,F,31,Bouaké,Mobile Money,Occasionnel,2,33684.0,16842.0,2024-09-09,113,0.05555555555555555,1
4963,F,31,Bouaké,Mobile Money,Occasionnel,29,652443.0,22498.03448275862,2024-10-24,68,0.8055555555555556,0
4964,F,18,Bouaké,Partenaire,Régulier,28,838287.0,29938.821428571428,2024-12-12,19,0.7777777777777778,0
4965,F,39,Bouaké,Mobile Money,Occasionnel,27,1136381.0,42088.18518518518,2024-12-20,11,0.75,0
4966,F,26,Yamoussoukro,Site Web,Nouveau,32,1297290.0,40540.3125,2024-12-19,12,0.8888888888888888,0
4967,F,42,Bouaké,Mobile Money,Régulier,21,503864.0,23993.52380952381,2024-11-07,54,0.5833333333333334,0
4968,F,48,Abidjan,Mobile Money,Régulier,33,820013.0,24848.878787878788,2024-12-18,13,0.9166666666666666,0
4969,F,31,Abidjan,Site Web,VIP,35,864105.0,24688.714285714286,2024-10-05,87,0.9722222222222222,0
4970,M,22,Abidjan,Site Web,Régulier,25,1011885.0,40475.4,2024-09-07,115,0.6944444444444444,1
4971,M,33,Abidjan,Site Web,Occasionnel,5,67575.0,13515.0,2024-01-12,354,0.1388888888888889,1
4972,F,37,Daloa,Mobile Money,Nouveau,21,824086.0,39242.19047619047,2024-10-29,63,0.5833333333333334,0
4973,F,30,Abidjan,Partenaire,VIP,34,961835.0,28289.264705882353,2024-10-22,70,0.9444444444444444,0
4974,M,27,San-Pédro,Boutique,Régulier,22,691908.0,31450.363636363636,2024-09-15,107,0.6111111111111112,1
4975,M,40,Abidjan,Partenaire,Nouveau,32,894080.0,27940.0,2024-12-14,17,0.8888888888888888,0
4976,F,39,Daloa,Mobile Money,Occasionnel,38,1144129.0,30108.657894736843,2024-12-25,6,1.0555555555555556,0
4977,F,30,Abidjan,Boutique,Occasionnel,33,1026036.0,31092.0,2024-12-23,8,0.9166666666666666,0
4978,F,18,Abidjan,Mobile Money,Nouveau,20,511117.0,25555.85,2024-11-16,45,0.5555555555555556,0
4979,M,39,Abidjan,Site Web,Régulier,31,804355.0,25946.935483870966,2024-10-20,72,0.8611111111111112,1
4980,M,25,Bouaké,Site Web,Régulier,30,958094.0,31936.466666666667,2024-08-21,132,0.8333333333333334,1
4981,M,36,Abidjan,Boutique,Nouveau,40,1091649.0,27291.225,2024-11-20,41,1.1111111111111112,0
4982,F,35,Daloa,Mobile Money,VIP,35,767939.0,21941.114285714284,2024-12-25,6,0.9722222222222222,0
4984,F,34,Divo,Mobile Money,Nouveau,5,115023.0,23004.6,2024-11-02,59,0.1388888888888889,0
4985,F,39,Yamoussoukro,Réseaux sociaux,Occasionnel,34,704301.0,20714.735294117647,2024-12-15,16,0.9444444444444444,0
4986,F,41,Bouaké,Mobile Money,Fidèle,38,1375286.0,36191.73684210526,2024-12-21,10,1.0555555555555556,0
4987,M,35,San-Pédro,Mobile Money,Occasionnel,27,881498.0,32648.074074074073,2024-11-27,34,0.75,0
4988,F,18,Abidjan,Boutique,VIP,3,70096.0,23365.333333333332,2024-02-27,308,0.08333333333333333,1
4989,M,48,Bouaké,Mobile Money,Nouveau,33,1176785.0,35660.15151515151,2024-11-22,39,0.9166666666666666,0
4990,F,38,Abidjan,Partenaire,Régulier,37,1268196.0,34275.56756756757,2024-12-25,6,1.0277777777777777,0
4991,F,20,Daloa,Mobile Money,Occasionnel,30,845416.0,28180.533333333333,2024-09-08,114,0.8333333333333334,1
4992,M,25,Abidjan,Partenaire,Nouveau,31,914062.0,29485.870967741936,2024-09-18,104,0.8611111111111112,1
4993,M,36,Abidjan,Site Web,Régulier,1,23659.0,23659.0,2022-08-05,879,0.027777777777777776,1
4994,F,41,Yamoussoukro,Boutique,Nouveau,31,898113.0,28971.387096774193,2024-11-06,55,0.8611111111111112,0
4995,M,28,Abidjan,Boutique,Nouveau,20,579299.0,28964.95,2024-10-11,81,0.5555555555555556,0
4996,F,43,Abidjan,Site Web,Nouveau,2,24007.0,12003.5,2022-11-11,781,0.05555555555555555,1
4997,F,18,Abidjan,Site Web,Nouveau,19,472877.0,24888.263157894737,2024-11-27,34,0.5277777777777778,0
4998,F,22,San-Pédro,Mobile Money,Nouveau,23,488746.0,21249.82608695652,2024-12-17,14,0.6388888888888888,0
4999,F,18,Abidjan,Réseaux sociaux,Occasionnel,36,1158328.0,32175.777777777777,2024-12-30,1,1.0,0
5000,M,24,Abidjan,Boutique,Nouveau,37,1290702.0,34883.83783783784,2024-12-03,28,1.0277777777777777,0
