client_key,client_id_nk,genre,age,tranche_age,ville,canal_acquisition,segment_marketing,date_inscription,statut
1,1,M,21,18-25,Abidjan,Partenaire,Occasionnel,2023-10-01,Actif
2,2,F,28,26-35,Korhogo,Réseaux sociaux,Fidèle,2023-01-22,Actif
3,3,M,36,36-45,Abidjan,Mobile Money,Régulier,2024-07-09,Inactif
4,4,M,27,26-35,Abidjan,Boutique,Régulier,2023-03-22,Actif
5,5,F,30,26-35,Divo,Mobile Money,Occasionnel,2022-12-09,Actif
6,6,M,38,36-45,Abidjan,Partenaire,Occasionnel,2024-01-21,Actif
7,7,M,30,26-35,Abidjan,Boutique,Nouveau,2022-02-24,Actif
8,8,M,36,36-45,Abidjan,Boutique,Régulier,2023-02-16,Actif
9,9,F,51,46-55,Abidjan,Mobile Money,Occasionnel,2022-08-14,Actif
10,10,F,32,26-35,Abidjan,Boutique,Nouveau,2023-02-14,Actif
11,11,F,46,46-55,Abidjan,Mobile Money,Nouveau,2023-05-07,Actif
12,12,M,40,36-45,Abidjan,Site Web,Nouveau,2022-03-11,Actif
13,13,M,18,18-25,Abidjan,Boutique,Nouveau,2024-08-04,Actif
14,14,M,21,18-25,Abidjan,Boutique,Nouveau,2023-04-02,Inactif
15,15,F,24,18-25,Abidjan,Réseaux sociaux,Occasionnel,2023-01-28,Actif
16,16,F,24,18-25,Divo,Mobile Money,Occasionnel,2022-06-13,Inactif
17,17,M,33,26-35,Abidjan,Mobile Money,Occasionnel,2024-12-26,Actif
18,18,F,40,36-45,Abidjan,Boutique,Nouveau,2024-07-25,Actif
19,19,M,47,46-55,Korhogo,Site Web,Occasionnel,2023-06-12,Actif
20,20,M,37,36-45,Abidjan,Mobile Money,Régulier,2023-01-02,Actif
21,21,M,29,26-35,Abidjan,Site Web,Nouveau,2023-05-27,Actif
22,22,F,18,18-25,San-Pédro,Boutique,Nouveau,2024-11-18,Inactif
23,23,M,34,26-35,Bouaké,Boutique,Occasionnel,2022-08-31,Actif
24,24,M,34,26-35,Abidjan,Boutique,Nouveau,2024-01-20,Inactif
25,25,M,36,36-45,Daloa,Mobile Money,Nouveau,2024-09-16,Actif
26,26,F,57,56+,Yamoussoukro,Mobile Money,Occasionnel,2024-04-07,Actif
27,27,F,47,46-55,Abidjan,Site Web,Occasionnel,2024-08-10,Actif
28,28,F,42,36-45,Abidjan,Boutique,Régulier,2024-11-03,Inactif
29,29,F,23,18-25,Abidjan,Boutique,Fidèle,2022-03-07,Actif
30,30,M,28,26-35,San-Pédro,Partenaire,Occasionnel,2022-09-19,Inactif
31,31,M,32,26-35,Abidjan,Mobile Money,Occasionnel,2022-06-08,Actif
32,32,M,25,18-25,Abidjan,Boutique,VIP,2023-09-14,Inactif
33,33,F,39,36-45,Abidjan,Boutique,Occasionnel,2023-03-23,Inactif
34,34,F,37,36-45,Man,Mobile Money,VIP,2022-02-14,Actif
35,35,F,22,18-25,Abidjan,Partenaire,Régulier,2023-09-03,Actif
36,36,F,47,46-55,Abidjan,Partenaire,Nouveau,2022-04-21,Actif
37,37,F,35,26-35,Abidjan,Mobile Money,Nouveau,2023-03-23,Inactif
38,38,F,18,18-25,Yamoussoukro,Partenaire,Nouveau,2023-02-06,Actif
39,39,F,33,26-35,Abidjan,Mobile Money,Régulier,2024-09-05,Actif
40,40,M,37,36-45,Korhogo,Partenaire,Nouveau,2024-01-18,Inactif
41,41,F,44,36-45,Abidjan,Réseaux sociaux,Régulier,2023-11-15,Actif
42,42,M,30,26-35,Abidjan,Mobile Money,Occasionnel,2024-06-29,Actif
43,43,M,43,36-45,Abidjan,Boutique,Fidèle,2022-07-17,Actif
44,44,F,36,36-45,Abidjan,Site Web,Régulier,2022-10-08,Actif
45,45,M,19,18-25,Abidjan,Mobile Money,Nouveau,2024-04-03,Actif
46,46,M,18,18-25,Daloa,Boutique,Nouveau,2024-03-31,Actif
47,47,F,46,46-55,Abidjan,Site Web,Occasionnel,2022-01-24,Inactif
48,48,F,47,46-55,Daloa,Mobile Money,Régulier,2022-09-03,Actif
49,49,M,37,36-45,Abidjan,Mobile Money,Régulier,2022-09-06,Inactif
50,50,F,50,46-55,Bouaké,Mobile Money,Occasionnel,2022-01-07,Actif
51,51,F,45,36-45,Abidjan,Site Web,Régulier,2023-12-26,Inactif
52,52,F,41,36-45,Abidjan,Boutique,Occasionnel,2022-03-01,Actif
53,53,M,23,18-25,Abidjan,Boutique,Nouveau,2024-07-10,Actif
54,54,M,53,46-55,Divo,Mobile Money,Fidèle,2023-10-04,Inactif
55,55,M,39,36-45,Korhogo,Mobile Money,Occasionnel,2024-04-14,Actif
56,56,M,29,26-35,San-Pédro,Site Web,Régulier,2023-06-29,Inactif
57,57,F,26,26-35,Korhogo,Mobile Money,Occasionnel,2024-11-28,Actif
58,58,M,36,36-45,Abidjan,Site Web,Occasionnel,2022-10-24,Actif
59,59,F,18,18-25,Abidjan,Boutique,Nouveau,2023-09-03,Actif
60,60,F,41,36-45,Abidjan,Site Web,Occasionnel,2022-01-08,Inactif
61,61,M,23,18-25,Korhogo,Boutique,Nouveau,2024-07-01,Actif
62,62,F,38,36-45,Abidjan,Réseaux sociaux,Régulier,2023-09-14,Actif
63,63,M,28,26-35,Abidjan,Mobile Money,Nouveau,2022-07-12,Actif
64,64,M,31,26-35,Yamoussoukro,Réseaux sociaux,Nouveau,2024-06-14,Actif
65,65,M,25,18-25,Abidjan,Mobile Money,Occasionnel,2024-12-19,Inactif
66,66,M,32,26-35,Daloa,Mobile Money,Occasionnel,2022-03-17,Inactif
67,67,M,54,46-55,Abidjan,Boutique,Occasionnel,2024-07-15,Actif
68,68,F,49,46-55,Yamoussoukro,Mobile Money,Régulier,2024-03-17,Actif
69,69,F,37,36-45,Korhogo,Boutique,Régulier,2023-01-24,Actif
70,70,F,33,26-35,Bouaké,Réseaux sociaux,Occasionnel,2023-11-26,Actif
71,71,F,43,36-45,Abidjan,Site Web,Occasionnel,2024-05-10,Inactif
72,72,F,46,46-55,Abidjan,Site Web,Nouveau,2023-06-09,Actif
73,73,M,24,18-25,Abidjan,Partenaire,Occasionnel,2023-12-31,Actif
74,74,F,33,26-35,Abidjan,Boutique,Fidèle,2022-02-22,Actif
75,75,F,18,18-25,Bouaké,Mobile Money,Occasionnel,2024-10-10,Inactif
76,76,F,46,46-55,Abidjan,Réseaux sociaux,Fidèle,2024-10-08,Actif
77,77,F,56,56+,Abidjan,Mobile Money,Nouveau,2022-08-19,Inactif
78,78,M,34,26-35,Abidjan,Mobile Money,Régulier,2023-06-07,Actif
79,79,M,18,18-25,Divo,Mobile Money,Régulier,2022-09-19,Actif
80,80,M,40,36-45,Abidjan,Mobile Money,Régulier,2023-03-14,Inactif
81,81,M,24,18-25,Abidjan,Mobile Money,Régulier,2022-10-29,Actif
82,82,F,26,26-35,Abidjan,Mobile Money,Nouveau,2024-08-01,Inactif
83,83,M,40,36-45,Abidjan,Boutique,Régulier,2024-01-31,Actif
84,84,F,36,36-45,Man,Site Web,Occasionnel,2024-07-14,Inactif
85,85,F,28,26-35,Abidjan,Partenaire,Occasionnel,2024-05-18,Actif
86,86,F,26,26-35,Yamoussoukro,Mobile Money,Nouveau,2024-03-07,Actif
87,87,M,35,26-35,Bouaké,Mobile Money,Nouveau,2022-07-02,Inactif
88,88,F,29,26-35,San-Pédro,Boutique,Fidèle,2024-06-27,Inactif
89,89,F,21,18-25,Yamoussoukro,Mobile Money,Nouveau,2024-05-07,Inactif
90,90,F,30,26-35,Daloa,Boutique,Occasionnel,2022-05-17,Actif
91,91,F,37,36-45,Abidjan,Site Web,Nouveau,2022-04-07,Actif
92,92,M,32,26-35,Abidjan,Site Web,Régulier,2024-04-13,Actif
93,93,F,18,18-25,Yamoussoukro,Mobile Money,Régulier,2023-03-04,Actif
94,94,F,44,36-45,Bouaké,Site Web,Fidèle,2022-12-26,Actif
95,95,F,18,18-25,Abidjan,Site Web,Occasionnel,2023-03-11,Actif
96,96,M,29,26-35,Abidjan,Réseaux sociaux,Nouveau,2024-08-07,Actif
97,97,F,27,26-35,Abidjan,Mobile Money,Nouveau,2023-02-03,Actif
98,98,F,35,26-35,Abidjan,Site Web,Nouveau,2023-02-10,Inactif
99,99,F,40,36-45,Abidjan,Site Web,Régulier,2023-03-14,Inactif
100,100,M,46,46-55,Abidjan,Mobile Money,VIP,2022-03-01,Actif
101,101,M,26,26-35,Abidjan,Site Web,Nouveau,2022-02-11,Inactif
102,102,M,40,36-45,Bouaké,Site Web,Occasionnel,2023-03-30,Inactif
103,103,F,36,36-45,Yamoussoukro,Mobile Money,Régulier,2022-01-19,Actif
104,104,M,18,18-25,Bouaké,Boutique,Occasionnel,2024-04-08,Actif
105,105,M,54,46-55,Yamoussoukro,Boutique,Régulier,2023-04-10,Inactif
106,106,M,18,18-25,Abidjan,Site Web,Occasionnel,2023-07-03,Actif
107,107,F,38,36-45,Abidjan,Mobile Money,Nouveau,2023-01-03,Actif
108,108,F,38,36-45,Yamoussoukro,Boutique,Occasionnel,2024-04-16,Actif
109,109,F,37,36-45,San-Pédro,Mobile Money,Occasionnel,2023-04-14,Actif
110,110,M,28,26-35,Yamoussoukro,Site Web,Régulier,2022-02-08,Actif
111,111,F,43,36-45,Yamoussoukro,Site Web,Nouveau,2023-06-19,Actif
112,112,F,18,18-25,Yamoussoukro,Boutique,Occasionnel,2022-07-13,Actif
113,113,F,33,26-35,Daloa,Boutique,VIP,2023-10-14,Inactif
114,114,M,27,26-35,Yamoussoukro,Mobile Money,Occasionnel,2023-09-10,Actif
115,115,F,26,26-35,Daloa,Mobile Money,Nouveau,2023-06-04,Inactif
116,116,M,38,36-45,Abidjan,Site Web,Fidèle,2023-02-26,Actif
117,117,M,45,36-45,Abidjan,Mobile Money,Nouveau,2023-10-15,Inactif
118,118,M,30,26-35,Abidjan,Site Web,Régulier,2024-01-15,Actif
119,119,F,42,36-45,Abidjan,Site Web,Nouveau,2024-08-20,Inactif
120,120,M,34,26-35,Daloa,Réseaux sociaux,Fidèle,2024-11-19,Inactif
121,121,M,24,18-25,Abidjan,Mobile Money,Nouveau,2022-04-02,Actif
122,122,M,31,26-35,Abidjan,Boutique,Occasionnel,2023-12-24,Actif
123,123,F,30,26-35,Daloa,Mobile Money,VIP,2022-04-03,Inactif
124,124,F,26,26-35,Abidjan,Réseaux sociaux,Occasionnel,2023-04-03,Actif
125,125,F,38,36-45,San-Pédro,Site Web,Nouveau,2024-03-22,Actif
126,126,F,36,36-45,Abidjan,Site Web,Nouveau,2023-08-17,Actif
127,127,F,18,18-25,Abidjan,Site Web,Nouveau,2024-06-03,Inactif
128,128,F,18,18-25,Abidjan,Mobile Money,Nouveau,2024-09-26,Actif
129,129,F,38,36-45,Abidjan,Site Web,Occasionnel,2024-12-02,Actif
130,130,M,25,18-25,Abidjan,Réseaux sociaux,Occasionnel,2024-01-07,Actif
131,131,F,37,36-45,Abidjan,Mobile Money,Fidèle,2024-01-08,Actif
132,132,M,42,36-45,Abidjan,Partenaire,Régulier,2024-05-29,Inactif
133,133,M,20,18-25,Abidjan,Réseaux sociaux,Fidèle,2022-09-13,Inactif
134,134,F,18,18-25,Daloa,Partenaire,Occasionnel,2022-11-27,Actif
135,135,M,52,46-55,Abidjan,Réseaux sociaux,Occasionnel,2023-01-09,Actif
136,136,F,37,36-45,Abidjan,Mobile Money,Occasionnel,2024-03-26,Actif
137,137,M,29,26-35,Abidjan,Boutique,Occasionnel,2023-01-20,Actif
138,138,F,23,18-25,Man,Mobile Money,Nouveau,2022-06-02,Inactif
139,139,M,28,26-35,Daloa,Site Web,Fidèle,2024-05-24,Actif
140,140,F,20,18-25,Abengourou,Mobile Money,Régulier,2024-04-01,Actif
141,141,F,43,36-45,Man,Réseaux sociaux,Nouveau,2023-10-13,Actif
142,142,F,25,18-25,Abidjan,Mobile Money,Occasionnel,2024-08-23,Actif
143,143,M,46,46-55,Yamoussoukro,Mobile Money,Nouveau,2024-05-17,Actif
144,144,M,29,26-35,Abidjan,Mobile Money,Occasionnel,2024-09-12,Actif
145,145,F,22,18-25,Korhogo,Site Web,Occasionnel,2022-10-12,Actif
146,146,F,29,26-35,Abidjan,Mobile Money,Fidèle,2022-05-08,Inactif
147,147,F,18,18-25,Abidjan,Mobile Money,Occasionnel,2023-01-09,Actif
148,148,M,32,26-35,Man,Mobile Money,Occasionnel,2024-06-27,Inactif
149,149,F,32,26-35,San-Pédro,Mobile Money,Régulier,2024-10-09,Actif
150,150,F,43,36-45,Gagnoa,Partenaire,Fidèle,2022-05-01,Actif
151,151,M,18,18-25,Abidjan,Boutique,Régulier,2024-07-25,Inactif
152,152,M,46,46-55,Abidjan,Mobile Money,Occasionnel,2023-06-08,Inactif
153,153,F,43,36-45,Abidjan,Mobile Money,Occasionnel,2024-06-14,Actif
154,154,M,47,46-55,Abidjan,Mobile Money,Régulier,2024-01-18,Actif
155,155,F,33,26-35,Abidjan,Boutique,Régulier,2022-03-07,Actif
156,156,M,45,36-45,Abidjan,Mobile Money,VIP,2023-06-15,Actif
157,157,F,18,18-25,Daloa,Mobile Money,Occasionnel,2022-04-08,Actif
158,158,M,41,36-45,Abidjan,Mobile Money,Régulier,2023-01-08,Actif
159,159,M,25,18-25,Yamoussoukro,Mobile Money,Nouveau,2024-04-09,Actif
160,160,M,18,18-25,San-Pédro,Site Web,Nouveau,2024-01-19,Actif
161,161,F,21,18-25,Bouaké,Mobile Money,Nouveau,2024-02-11,Actif
162,162,M,34,26-35,Abidjan,Site Web,Nouveau,2023-12-25,Actif
163,163,F,24,18-25,Abidjan,Site Web,Occasionnel,2022-01-17,Actif
164,164,F,38,36-45,Abidjan,Réseaux sociaux,Occasionnel,2023-10-01,Inactif
165,165,M,18,18-25,Daloa,Mobile Money,Régulier,2023-06-16,Inactif
166,166,F,18,18-25,Abidjan,Site Web,Régulier,2023-08-02,Actif
167,167,M,49,46-55,Abidjan,Réseaux sociaux,Nouveau,2022-08-21,Actif
168,168,M,43,36-45,Abengourou,Partenaire,Régulier,2024-02-12,Inactif
169,169,F,22,18-25,Yamoussoukro,Réseaux sociaux,Nouveau,2023-10-28,Actif
170,170,M,33,26-35,San-Pédro,Mobile Money,Nouveau,2023-03-18,Actif
171,171,F,45,36-45,Abidjan,Partenaire,VIP,2022-03-03,Actif
172,172,F,38,36-45,Divo,Réseaux sociaux,Nouveau,2022-03-17,Actif
173,173,F,35,26-35,Abidjan,Mobile Money,Nouveau,2023-01-29,Actif
174,174,M,46,46-55,Abidjan,Mobile Money,Régulier,2023-08-12,Actif
175,175,F,25,18-25,Korhogo,Partenaire,Occasionnel,2024-12-27,Actif
176,176,F,34,26-35,Korhogo,Mobile Money,Occasionnel,2024-03-03,Actif
177,177,F,33,26-35,Abidjan,Site Web,Régulier,2023-06-16,Actif
178,178,M,30,26-35,Abidjan,Boutique,Régulier,2022-11-24,Actif
179,179,M,29,26-35,Abidjan,Site Web,Occasionnel,2022-07-04,Inactif
180,180,M,34,26-35,Daloa,Mobile Money,Fidèle,2022-06-04,Actif
181,181,M,34,26-35,San-Pédro,Site Web,Nouveau,2022-03-20,Actif
182,182,M,22,18-25,Abidjan,Boutique,Occasionnel,2024-09-25,Actif
183,183,F,42,36-45,Abidjan,Réseaux sociaux,Nouveau,2022-01-18,Actif
184,184,F,23,18-25,Yamoussoukro,Mobile Money,Nouveau,2024-08-03,Inactif
185,185,M,31,26-35,Daloa,Mobile Money,VIP,2023-10-01,Inactif
186,186,M,30,26-35,Abidjan,Mobile Money,Régulier,2023-11-09,Actif
187,187,F,37,36-45,Bouaké,Mobile Money,Nouveau,2024-11-15,Actif
188,188,F,18,18-25,Abengourou,Partenaire,Occasionnel,2024-05-11,Actif
189,189,M,43,36-45,Abidjan,Mobile Money,Nouveau,2022-06-11,Actif
190,190,F,26,26-35,Bouaké,Mobile Money,Régulier,2024-11-26,Actif
191,191,M,47,46-55,Bouaké,Réseaux sociaux,Occasionnel,2022-07-12,Actif
192,192,F,28,26-35,Abidjan,Mobile Money,Fidèle,2023-09-16,Actif
193,193,F,33,26-35,Korhogo,Mobile Money,Nouveau,2023-12-03,Actif
194,194,M,55,46-55,Bouaké,Site Web,Nouveau,2022-09-25,Actif
195,195,F,30,26-35,Abidjan,Boutique,Fidèle,2023-11-22,Actif
196,196,F,47,46-55,Abidjan,Réseaux sociaux,Fidèle,2023-12-01,Actif
197,197,M,34,26-35,Yamoussoukro,Site Web,Nouveau,2024-12-08,Actif
198,198,M,38,36-45,Abidjan,Mobile Money,Occasionnel,2024-09-28,Actif
199,199,F,34,26-35,Abidjan,Boutique,Fidèle,2023-03-14,Actif
200,200,F,43,36-45,Abidjan,Réseaux sociaux,Régulier,2024-01-26,Actif
201,201,M,26,26-35,Bouaké,Boutique,Régulier,2024-06-17,Actif
202,202,M,23,18-25,Abengourou,Site Web,Régulier,2022-01-29,Actif
203,203,F,26,26-35,Yamoussoukro,Boutique,Fidèle,2024-01-20,Actif
204,204,F,35,26-35,San-Pédro,Boutique,Occasionnel,2024-10-01,Actif
205,205,F,31,26-35,Abidjan,Site Web,Nouveau,2022-05-12,Actif
206,206,F,41,36-45,Abidjan,Mobile Money,Occasionnel,2024-04-05,Actif
207,207,F,48,46-55,Gagnoa,Boutique,Régulier,2022-03-08,Actif
208,208,M,23,18-25,Abidjan,Mobile Money,Occasionnel,2023-03-17,Actif
209,209,F,25,18-25,San-Pédro,Site Web,Nouveau,2024-06-16,Actif
210,210,F,18,18-25,Abidjan,Site Web,Régulier,2024-12-17,Inactif
211,211,M,56,56+,Abidjan,Mobile Money,Occasionnel,2024-03-07,Inactif
212,212,M,37,36-45,Bouaké,Mobile Money,VIP,2024-03-01,Inactif
213,213,F,39,36-45,Abidjan,Partenaire,Occasionnel,2022-10-11,Inactif
214,214,M,19,18-25,Abidjan,Mobile Money,Régulier,2024-06-22,Actif
215,215,M,33,26-35,Abidjan,Mobile Money,Occasionnel,2023-12-23,Actif
216,216,M,39,36-45,Abidjan,Mobile Money,Nouveau,2024-10-29,Actif
217,217,F,31,26-35,Abidjan,Boutique,Occasionnel,2023-10-23,Actif
218,218,F,45,36-45,Korhogo,Mobile Money,Nouveau,2022-02-13,Inactif
219,219,M,59,56+,Abidjan,Réseaux sociaux,Régulier,2023-07-14,Inactif
220,220,F,23,18-25,San-Pédro,Site Web,Régulier,2024-04-27,Actif
221,221,F,22,18-25,Bouaké,Mobile Money,Nouveau,2024-05-12,Inactif
222,222,F,24,18-25,Abidjan,Boutique,Occasionnel,2023-02-28,Actif
223,223,M,51,46-55,Abidjan,Mobile Money,VIP,2022-07-07,Actif
224,224,M,45,36-45,Man,Mobile Money,Nouveau,2024-08-09,Actif
225,225,F,32,26-35,Bouaké,Site Web,Fidèle,2024-06-20,Inactif
226,226,M,34,26-35,Man,Mobile Money,Nouveau,2024-08-20,Actif
227,227,F,25,18-25,Abidjan,Réseaux sociaux,Nouveau,2024-01-05,Actif
228,228,M,43,36-45,Yamoussoukro,Boutique,Occasionnel,2024-06-26,Actif
229,229,M,29,26-35,Daloa,Mobile Money,Nouveau,2023-03-18,Inactif
230,230,F,31,26-35,Gagnoa,Partenaire,Fidèle,2024-05-03,Inactif
231,231,F,40,36-45,Abidjan,Boutique,Régulier,2023-06-19,Actif
232,232,F,31,26-35,Divo,Mobile Money,Régulier,2024-05-19,Inactif
233,233,M,31,26-35,Abidjan,Boutique,Régulier,2022-06-10,Actif
234,234,M,34,26-35,San-Pédro,Partenaire,Régulier,2022-11-21,Inactif
235,235,M,42,36-45,Abidjan,Boutique,Régulier,2022-08-23,Actif
236,236,M,52,46-55,Bouaké,Boutique,Régulier,2023-03-22,Actif
237,237,F,40,36-45,Abidjan,Boutique,Fidèle,2024-06-10,Inactif
238,238,M,42,36-45,San-Pédro,Mobile Money,Occasionnel,2022-05-06,Inactif
239,239,F,31,26-35,Abidjan,Mobile Money,Occasionnel,2024-03-10,Actif
240,240,F,26,26-35,Abidjan,Boutique,Occasionnel,2024-06-28,Inactif
241,241,M,41,36-45,Bouaké,Réseaux sociaux,Occasionnel,2024-01-05,Actif
242,242,M,35,26-35,Daloa,Site Web,Nouveau,2023-12-09,Actif
243,243,F,18,18-25,Abidjan,Mobile Money,Occasionnel,2022-06-01,Actif
244,244,M,30,26-35,Yamoussoukro,Boutique,Occasionnel,2023-11-02,Actif
245,245,M,33,26-35,Abidjan,Mobile Money,Nouveau,2022-09-05,Actif
246,246,M,28,26-35,Yamoussoukro,Mobile Money,Fidèle,2022-09-27,Actif
247,247,M,50,46-55,Yamoussoukro,Site Web,Régulier,2024-08-01,Actif
248,248,F,39,36-45,Yamoussoukro,Mobile Money,Nouveau,2023-11-05,Actif
249,249,F,49,46-55,San-Pédro,Réseaux sociaux,Fidèle,2024-12-23,Actif
250,250,F,36,36-45,Abidjan,Boutique,Fidèle,2023-05-13,Actif
251,251,M,34,26-35,Abidjan,Site Web,Fidèle,2023-01-27,Actif
252,252,M,23,18-25,Yamoussoukro,Réseaux sociaux,Nouveau,2024-12-25,Actif
253,253,F,34,26-35,Abidjan,Site Web,Occasionnel,2023-11-13,Actif
254,254,F,34,26-35,Abidjan,Réseaux sociaux,Occasionnel,2024-08-03,Actif
255,255,F,18,18-25,Daloa,Réseaux sociaux,Régulier,2022-02-18,Actif
256,256,M,28,26-35,Abidjan,Boutique,Régulier,2023-07-30,Inactif
257,257,M,30,26-35,Abidjan,Mobile Money,Régulier,2024-06-13,Inactif
258,258,F,38,36-45,Abengourou,Mobile Money,Régulier,2024-06-04,Actif
259,259,F,39,36-45,Abidjan,Réseaux sociaux,Fidèle,2024-02-22,Actif
260,260,M,27,26-35,Abidjan,Mobile Money,Occasionnel,2022-06-30,Actif
261,261,F,39,36-45,Abidjan,Partenaire,Fidèle,2023-08-22,Actif
262,262,M,31,26-35,Abidjan,Mobile Money,Régulier,2022-04-22,Actif
263,263,F,18,18-25,Yamoussoukro,Site Web,Nouveau,2024-05-28,Actif
264,264,F,28,26-35,Daloa,Mobile Money,Régulier,2023-11-22,Actif
265,265,M,45,36-45,Bouaké,Partenaire,Nouveau,2022-08-01,Actif
266,266,F,18,18-25,Abidjan,Mobile Money,Nouveau,2024-03-06,Inactif
267,267,F,35,26-35,Abidjan,Boutique,VIP,2024-02-27,Actif
268,268,F,51,46-55,Abidjan,Réseaux sociaux,Occasionnel,2022-02-28,Actif
269,269,F,25,18-25,Yamoussoukro,Mobile Money,Occasionnel,2022-04-08,Inactif
270,270,F,34,26-35,Bouaké,Mobile Money,VIP,2022-08-09,Actif
271,271,F,19,18-25,Abidjan,Réseaux sociaux,Occasionnel,2022-03-18,Actif
272,272,F,51,46-55,San-Pédro,Réseaux sociaux,Nouveau,2023-08-12,Actif
273,273,F,33,26-35,Daloa,Mobile Money,Nouveau,2024-08-21,Actif
274,274,M,34,26-35,Abidjan,Boutique,Occasionnel,2022-03-10,Actif
275,275,M,48,46-55,Bouaké,Mobile Money,Nouveau,2023-11-04,Actif
276,276,F,41,36-45,Bouaké,Mobile Money,Nouveau,2023-04-10,Actif
277,277,F,24,18-25,Abidjan,Site Web,Régulier,2024-07-04,Actif
278,278,F,26,26-35,Abidjan,Mobile Money,Nouveau,2023-06-12,Actif
279,279,M,39,36-45,Yamoussoukro,Boutique,Occasionnel,2024-01-03,Actif
280,280,M,27,26-35,Man,Mobile Money,Nouveau,2024-10-06,Actif
281,281,F,18,18-25,Bouaké,Réseaux sociaux,Occasionnel,2022-05-30,Actif
282,282,F,33,26-35,Bouaké,Boutique,Régulier,2022-12-12,Actif
283,283,F,18,18-25,Bouaké,Mobile Money,Occasionnel,2022-10-23,Actif
284,284,F,51,46-55,Abidjan,Partenaire,Nouveau,2022-07-04,Actif
285,285,M,35,26-35,Abidjan,Réseaux sociaux,Nouveau,2023-12-11,Actif
286,286,F,24,18-25,Abidjan,Mobile Money,Nouveau,2022-01-09,Actif
287,287,F,26,26-35,Korhogo,Partenaire,Nouveau,2023-02-27,Actif
288,288,F,18,18-25,San-Pédro,Mobile Money,Occasionnel,2022-05-14,Actif
289,289,M,21,18-25,Man,Mobile Money,Nouveau,2023-11-05,Actif
290,290,F,45,36-45,Abidjan,Boutique,Nouveau,2024-04-02,Actif
291,291,M,58,56+,Abidjan,Mobile Money,Nouveau,2023-05-27,Actif
292,292,F,41,36-45,Bouaké,Site Web,Régulier,2023-05-03,Inactif
293,293,M,32,26-35,Abidjan,Boutique,Occasionnel,2023-05-08,Actif
294,294,F,29,26-35,Abidjan,Réseaux sociaux,Occasionnel,2022-08-06,Actif
295,295,M,23,18-25,Daloa,Mobile Money,Occasionnel,2023-02-16,Inactif
296,296,M,56,56+,Yamoussoukro,Mobile Money,Occasionnel,2024-10-18,Actif
297,297,M,31,26-35,Bouaké,Boutique,Nouveau,2022-02-15,Actif
298,298,M,57,56+,Abidjan,Mobile Money,Occasionnel,2024-05-12,Actif
299,299,M,49,46-55,Abidjan,Partenaire,Occasionnel,2022-06-30,Actif
300,300,M,18,18-25,Abidjan,Site Web,Occasionnel,2022-05-06,Actif
301,301,M,26,26-35,Abidjan,Site Web,Nouveau,2022-11-09,Inactif
302,302,F,26,26-35,Abidjan,Site Web,Fidèle,2022-10-22,Actif
303,303,M,33,26-35,Abidjan,Mobile Money,Régulier,2022-12-13,Actif
304,304,F,33,26-35,Gagnoa,Mobile Money,Nouveau,2024-07-19,Actif
305,305,M,66,56+,Abidjan,Boutique,Fidèle,2024-09-17,Inactif
306,306,F,22,18-25,Abidjan,Réseaux sociaux,Nouveau,2024-01-29,Actif
307,307,F,36,36-45,Abidjan,Mobile Money,Nouveau,2022-06-10,Actif
308,308,M,40,36-45,Yamoussoukro,Mobile Money,Nouveau,2024-11-01,Actif
309,309,F,33,26-35,Abidjan,Site Web,Fidèle,2024-07-16,Actif
310,310,F,35,26-35,Abidjan,Mobile Money,Nouveau,2022-03-25,Actif
311,311,F,22,18-25,Abidjan,Boutique,Régulier,2023-03-01,Inactif
312,312,F,35,26-35,Abidjan,Mobile Money,Régulier,2024-04-29,Inactif
313,313,F,39,36-45,Bouaké,Boutique,Occasionnel,2022-04-08,Actif
314,314,F,37,36-45,Abidjan,Boutique,Occasionnel,2022-03-25,Actif
315,315,F,40,36-45,Abidjan,Réseaux sociaux,Nouveau,2023-10-26,Actif
316,316,F,49,46-55,Daloa,Site Web,Régulier,2023-01-04,Actif
317,317,F,44,36-45,Abidjan,Mobile Money,Occasionnel,2023-04-29,Actif
318,318,M,34,26-35,Bouaké,Site Web,Occasionnel,2024-04-01,Actif
319,319,F,21,18-25,Abidjan,Site Web,Nouveau,2023-08-20,Actif
320,320,M,27,26-35,Bouaké,Site Web,Régulier,2024-02-18,Actif
321,321,M,31,26-35,Abidjan,Partenaire,Régulier,2022-05-19,Actif
322,322,F,36,36-45,Abidjan,Réseaux sociaux,Occasionnel,2022-01-03,Actif
323,323,F,28,26-35,Abidjan,Mobile Money,Occasionnel,2022-10-03,Actif
324,324,M,23,18-25,Abengourou,Boutique,Nouveau,2022-08-10,Actif
325,325,M,20,18-25,Abidjan,Boutique,Nouveau,2022-12-21,Actif
326,326,M,18,18-25,Man,Boutique,Nouveau,2024-05-02,Actif
327,327,M,31,26-35,Man,Partenaire,Régulier,2022-06-16,Actif
328,328,M,18,18-25,Abidjan,Site Web,Nouveau,2022-05-19,Actif
329,329,M,22,18-25,Abidjan,Mobile Money,Nouveau,2022-08-08,Inactif
330,330,F,29,26-35,Abidjan,Partenaire,Nouveau,2022-12-24,Actif
331,331,M,19,18-25,Abengourou,Site Web,Nouveau,2022-08-05,Actif
332,332,F,38,36-45,Bouaké,Mobile Money,Occasionnel,2022-07-21,Actif
333,333,M,42,36-45,Abidjan,Réseaux sociaux,Régulier,2023-09-27,Actif
334,334,M,27,26-35,Abidjan,Boutique,Occasionnel,2022-05-03,Inactif
335,335,F,29,26-35,San-Pédro,Boutique,Occasionnel,2022-06-18,Actif
336,336,M,39,36-45,Abidjan,Boutique,Occasionnel,2024-07-05,Actif
337,337,F,26,26-35,Abidjan,Partenaire,Occasionnel,2022-01-20,Actif
338,338,M,25,18-25,Abidjan,Mobile Money,Fidèle,2022-03-09,Actif
339,339,F,47,46-55,Abidjan,Mobile Money,Régulier,2022-03-18,Actif
340,340,M,43,36-45,Korhogo,Site Web,Fidèle,2023-08-10,Actif
341,341,F,40,36-45,Daloa,Réseaux sociaux,Fidèle,2024-01-31,Inactif
342,342,M,44,36-45,Abidjan,Mobile Money,Fidèle,2024-01-29,Actif
343,343,M,18,18-25,Abidjan,Mobile Money,Occasionnel,2024-01-26,Actif
344,344,M,48,46-55,Daloa,Partenaire,Occasionnel,2022-03-05,Actif
345,345,M,38,36-45,Abidjan,Site Web,Régulier,2023-01-13,Actif
346,346,M,45,36-45,Abidjan,Boutique,Nouveau,2023-11-25,Actif
347,347,M,38,36-45,Abidjan,Boutique,Occasionnel,2024-01-17,Actif
348,348,F,34,26-35,Bouaké,Boutique,Fidèle,2023-01-01,Actif
349,349,M,30,26-35,Gagnoa,Site Web,Occasionnel,2024-07-16,Actif
350,350,F,38,36-45,Yamoussoukro,Boutique,Nouveau,2024-07-01,Inactif
351,351,M,30,26-35,Abidjan,Site Web,Occasionnel,2024-04-18,Actif
352,352,F,43,36-45,Yamoussoukro,Mobile Money,Nouveau,2024-05-23,Actif
353,353,M,18,18-25,Abidjan,Réseaux sociaux,Occasionnel,2024-12-03,Actif
354,354,M,28,26-35,Korhogo,Mobile Money,Occasionnel,2024-05-19,Actif
355,355,F,56,56+,Abidjan,Réseaux sociaux,Occasionnel,2023-10-04,Actif
356,356,M,27,26-35,Abidjan,Mobile Money,Occasionnel,2023-03-13,Actif
357,357,M,31,26-35,Abidjan,Mobile Money,Nouveau,2023-02-01,Actif
358,358,M,24,18-25,Abidjan,Mobile Money,Occasionnel,2024-06-19,Actif
359,359,F,37,36-45,Abidjan,Mobile Money,Nouveau,2022-11-21,Actif
360,360,M,25,18-25,Bouaké,Boutique,Occasionnel,2023-11-21,Actif
361,361,M,31,26-35,Daloa,Site Web,Régulier,2023-07-05,Inactif
362,362,F,43,36-45,San-Pédro,Réseaux sociaux,Nouveau,2023-02-19,Actif
363,363,F,26,26-35,Abidjan,Boutique,Fidèle,2023-05-09,Actif
364,364,F,42,36-45,Abidjan,Boutique,Régulier,2022-03-30,Actif
365,365,M,43,36-45,Abidjan,Mobile Money,Nouveau,2024-02-16,Actif
366,366,F,45,36-45,Abidjan,Réseaux sociaux,Occasionnel,2022-03-15,Actif
367,367,M,35,26-35,Abidjan,Mobile Money,Nouveau,2022-03-22,Actif
368,368,M,69,56+,Korhogo,Mobile Money,Nouveau,2022-10-03,Inactif
369,369,F,45,36-45,Gagnoa,Mobile Money,Fidèle,2023-08-05,Actif
370,370,M,37,36-45,Abidjan,Mobile Money,Régulier,2022-11-25,Actif
371,371,M,24,18-25,Daloa,Boutique,Régulier,2024-08-21,Actif
372,372,F,32,26-35,Bouaké,Mobile Money,Régulier,2024-10-12,Inactif
373,373,F,49,46-55,Abidjan,Mobile Money,Fidèle,2023-03-07,Actif
374,374,F,52,46-55,Bouaké,Réseaux sociaux,Fidèle,2024-12-30,Inactif
375,375,F,50,46-55,Abidjan,Mobile Money,Nouveau,2022-04-08,Actif
376,376,F,42,36-45,Abidjan,Site Web,Nouveau,2022-06-07,Actif
377,377,M,20,18-25,Abengourou,Boutique,Occasionnel,2023-01-16,Inactif
378,378,F,39,36-45,Bouaké,Réseaux sociaux,Nouveau,2024-10-29,Actif
379,379,F,20,18-25,Abidjan,Site Web,Occasionnel,2023-07-06,Actif
380,380,M,18,18-25,Abidjan,Mobile Money,Nouveau,2024-02-13,Actif
381,381,M,36,36-45,Divo,Réseaux sociaux,Régulier,2023-12-16,Actif
382,382,M,39,36-45,Abidjan,Boutique,Nouveau,2023-06-30,Inactif
383,383,M,43,36-45,Korhogo,Mobile Money,Régulier,2024-10-17,Inactif
384,384,F,39,36-45,Korhogo,Site Web,Occasionnel,2024-11-11,Actif
385,385,F,39,36-45,Abidjan,Site Web,Nouveau,2023-05-06,Actif
386,386,M,23,18-25,Yamoussoukro,Mobile Money,Fidèle,2024-02-21,Actif
387,387,M,32,26-35,Yamoussoukro,Boutique,Occasionnel,2023-11-15,Actif
388,388,M,18,18-25,Daloa,Mobile Money,Régulier,2023-10-13,Actif
389,389,F,18,18-25,Abidjan,Boutique,Fidèle,2022-04-22,Actif
390,390,M,42,36-45,Abidjan,Partenaire,Nouveau,2022-08-18,Inactif
391,391,M,25,18-25,Abidjan,Boutique,Nouveau,2024-12-20,Actif
392,392,F,43,36-45,Bouaké,Partenaire,Nouveau,2022-09-25,Actif
393,393,M,46,46-55,Daloa,Mobile Money,Nouveau,2023-12-15,Inactif
394,394,M,27,26-35,Daloa,Site Web,Fidèle,2024-09-25,Inactif
395,395,F,40,36-45,Bouaké,Partenaire,Régulier,2023-10-22,Actif
396,396,F,26,26-35,Abidjan,Site Web,Occasionnel,2022-08-24,Actif
397,397,M,18,18-25,Abidjan,Mobile Money,Régulier,2024-07-30,Actif
398,398,F,35,26-35,Daloa,Mobile Money,Fidèle,2022-02-05,Actif
399,399,F,28,26-35,Abidjan,Mobile Money,Nouveau,2024-03-02,Actif
400,400,F,29,26-35,Daloa,Site Web,Nouveau,2022-10-19,Actif
401,401,F,55,46-55,Abidjan,Partenaire,Fidèle,2023-12-03,Actif
402,402,M,18,18-25,Abidjan,Boutique,Régulier,2023-06-11,Actif
403,403,M,38,36-45,Man,Mobile Money,Nouveau,2023-09-16,Inactif
404,404,F,23,18-25,Abidjan,Mobile Money,Occasionnel,2023-02-23,Inactif
405,405,M,43,36-45,Abidjan,Boutique,Nouveau,2023-08-03,Actif
406,406,M,37,36-45,Yamoussoukro,Boutique,Régulier,2024-10-21,Actif
407,407,F,38,36-45,Bouaké,Mobile Money,Régulier,2024-06-23,Actif
408,408,M,23,18-25,Divo,Site Web,Nouveau,2023-04-04,Actif
409,409,F,25,18-25,Korhogo,Mobile Money,Régulier,2024-10-27,Inactif
410,410,M,44,36-45,Daloa,Site Web,Occasionnel,2024-08-31,Actif
411,411,M,53,46-55,Abidjan,Boutique,Régulier,2023-11-18,Actif
412,412,M,39,36-45,Abidjan,Mobile Money,Régulier,2023-10-14,Actif
413,413,F,24,18-25,Korhogo,Site Web,Occasionnel,2022-02-09,Actif
414,414,M,37,36-45,Abidjan,Site Web,Nouveau,2023-07-28,Actif
415,415,F,60,56+,Gagnoa,Boutique,Nouveau,2022-08-21,Actif
416,416,F,35,26-35,Yamoussoukro,Site Web,Régulier,2022-06-25,Actif
417,417,F,50,46-55,Abidjan,Boutique,Régulier,2024-07-28,Actif
418,418,M,25,18-25,Abidjan,Mobile Money,Nouveau,2022-10-24,Inactif
419,419,F,33,26-35,Yamoussoukro,Partenaire,VIP,2023-11-05,Actif
420,420,M,40,36-45,Abidjan,Partenaire,Régulier,2024-08-07,Actif
421,421,M,38,36-45,Abidjan,Mobile Money,Nouveau,2023-10-17,Actif
422,422,F,25,18-25,Yamoussoukro,Partenaire,Nouveau,2024-05-04,Inactif
423,423,F,25,18-25,Abidjan,Site Web,Occasionnel,2024-04-28,Actif
424,424,F,44,36-45,Abidjan,Mobile Money,Nouveau,2023-05-05,Actif
425,425,M,47,46-55,Yamoussoukro,Boutique,VIP,2024-10-06,Actif
426,426,M,50,46-55,Daloa,Mobile Money,Régulier,2024-09-22,Actif
427,427,F,53,46-55,Abidjan,Boutique,Nouveau,2023-01-05,Inactif
428,428,M,35,26-35,Divo,Partenaire,Occasionnel,2024-06-16,Actif
429,429,F,30,26-35,Man,Boutique,Nouveau,2022-07-20,Actif
430,430,M,48,46-55,Abidjan,Boutique,Occasionnel,2022-05-03,Inactif
431,431,M,41,36-45,Abidjan,Mobile Money,Nouveau,2023-08-04,Actif
432,432,M,23,18-25,Daloa,Boutique,Fidèle,2023-10-26,Actif
433,433,M,22,18-25,Abidjan,Réseaux sociaux,Régulier,2023-10-01,Actif
434,434,M,39,36-45,San-Pédro,Mobile Money,Fidèle,2024-05-24,Actif
435,435,F,32,26-35,Bouaké,Boutique,Nouveau,2023-03-05,Inactif
436,436,F,33,26-35,Abidjan,Boutique,Occasionnel,2024-06-04,Actif
437,437,F,45,36-45,Bouaké,Site Web,Régulier,2024-09-14,Actif
438,438,F,42,36-45,Abidjan,Site Web,Occasionnel,2022-04-11,Inactif
439,439,M,48,46-55,Man,Site Web,Occasionnel,2023-05-07,Actif
440,440,M,18,18-25,Abidjan,Boutique,VIP,2022-09-03,Actif
441,441,M,36,36-45,Man,Boutique,Régulier,2023-12-20,Actif
442,442,F,41,36-45,Abidjan,Site Web,Fidèle,2023-03-29,Actif
443,443,M,18,18-25,Daloa,Site Web,Occasionnel,2022-11-05,Actif
444,444,F,26,26-35,Man,Boutique,Occasionnel,2022-10-03,Actif
445,445,F,24,18-25,Abidjan,Réseaux sociaux,Occasionnel,2023-01-24,Actif
446,446,M,34,26-35,Abidjan,Mobile Money,Occasionnel,2022-04-30,Actif
447,447,M,51,46-55,San-Pédro,Mobile Money,Nouveau,2022-04-25,Actif
448,448,M,56,56+,San-Pédro,Partenaire,Fidèle,2023-11-20,Actif
449,449,F,25,18-25,Abidjan,Mobile Money,Occasionnel,2024-10-29,Actif
450,450,M,39,36-45,Abidjan,Réseaux sociaux,Occasionnel,2023-07-10,Actif
451,451,F,40,36-45,San-Pédro,Site Web,Fidèle,2024-10-12,Actif
452,452,M,38,36-45,Abidjan,Réseaux sociaux,Régulier,2022-06-19,Actif
453,453,M,38,36-45,Bouaké,Boutique,Nouveau,2024-12-01,Inactif
454,454,F,37,36-45,Abidjan,Réseaux sociaux,Régulier,2023-10-05,Inactif
455,455,F,52,46-55,Abidjan,Site Web,Occasionnel,2024-03-25,Actif
456,456,F,46,46-55,San-Pédro,Boutique,Nouveau,2022-03-09,Inactif
457,457,M,22,18-25,Abidjan,Boutique,Nouveau,2023-10-24,Actif
458,458,F,42,36-45,Man,Mobile Money,Régulier,2023-02-24,Inactif
459,459,M,43,36-45,Bouaké,Mobile Money,Régulier,2024-09-10,Inactif
460,460,M,37,36-45,Abidjan,Partenaire,Fidèle,2024-05-17,Actif
461,461,M,46,46-55,Abidjan,Mobile Money,Occasionnel,2024-08-04,Actif
462,462,F,36,36-45,Abidjan,Site Web,Occasionnel,2024-09-01,Actif
463,463,M,36,36-45,San-Pédro,Boutique,Nouveau,2024-02-29,Actif
464,464,F,35,26-35,Yamoussoukro,Mobile Money,VIP,2022-09-26,Actif
465,465,M,18,18-25,Daloa,Partenaire,Fidèle,2022-11-06,Actif
466,466,M,33,26-35,Abidjan,Mobile Money,VIP,2024-07-30,Actif
467,467,M,26,26-35,Abidjan,Boutique,Occasionnel,2023-10-21,Inactif
468,468,M,20,18-25,Abidjan,Boutique,Nouveau,2024-09-03,Inactif
469,469,F,49,46-55,Daloa,Mobile Money,Occasionnel,2024-05-20,Actif
470,470,F,39,36-45,Abidjan,Mobile Money,Occasionnel,2023-10-27,Actif
471,471,F,33,26-35,Abidjan,Site Web,Nouveau,2022-06-16,Inactif
472,472,F,27,26-35,Abidjan,Mobile Money,Nouveau,2024-12-11,Actif
473,473,F,37,36-45,Abidjan,Réseaux sociaux,Nouveau,2022-09-24,Inactif
474,474,F,44,36-45,Yamoussoukro,Site Web,Occasionnel,2022-09-27,Actif
475,475,F,24,18-25,Bouaké,Mobile Money,Fidèle,2022-06-09,Actif
476,476,F,33,26-35,Gagnoa,Mobile Money,Régulier,2022-03-17,Actif
477,477,F,43,36-45,Abidjan,Mobile Money,Régulier,2023-02-15,Actif
478,478,M,18,18-25,Bouaké,Site Web,Nouveau,2024-07-12,Actif
479,479,M,33,26-35,Abidjan,Boutique,Régulier,2024-08-06,Inactif
480,480,F,29,26-35,San-Pédro,Mobile Money,Occasionnel,2023-06-22,Actif
481,481,F,32,26-35,Bouaké,Boutique,Nouveau,2022-12-11,Actif
482,482,F,28,26-35,Abidjan,Boutique,Occasionnel,2023-01-15,Actif
483,483,M,35,26-35,San-Pédro,Site Web,Nouveau,2024-10-03,Actif
484,484,F,55,46-55,Abidjan,Mobile Money,Fidèle,2022-03-02,Actif
485,485,F,30,26-35,Abidjan,Mobile Money,Fidèle,2022-03-04,Actif
486,486,F,37,36-45,Abidjan,Boutique,Nouveau,2022-03-12,Actif
487,487,F,55,46-55,Abidjan,Site Web,Régulier,2024-08-30,Inactif
488,488,F,27,26-35,Korhogo,Site Web,Occasionnel,2022-04-10,Inactif
489,489,M,53,46-55,Daloa,Mobile Money,Nouveau,2024-10-27,Actif
490,490,M,34,26-35,Daloa,Mobile Money,Régulier,2022-07-21,Actif
491,491,M,53,46-55,Korhogo,Site Web,Régulier,2023-08-24,Inactif
492,492,M,42,36-45,Daloa,Mobile Money,Régulier,2024-11-28,Actif
493,493,M,37,36-45,Abidjan,Boutique,Nouveau,2022-05-07,Actif
494,494,F,33,26-35,Abidjan,Boutique,Occasionnel,2022-11-05,Actif
495,495,M,27,26-35,Abidjan,Mobile Money,Nouveau,2024-03-07,Actif
496,496,M,34,26-35,Man,Boutique,Nouveau,2024-06-13,Actif
497,497,F,43,36-45,Divo,Mobile Money,Nouveau,2024-09-20,Actif
498,498,M,33,26-35,Daloa,Boutique,Nouveau,2022-01-22,Actif
499,499,F,30,26-35,Abidjan,Mobile Money,Nouveau,2024-04-30,Actif
500,500,F,31,26-35,Abidjan,Boutique,Occasionnel,2022-12-19,Actif
501,501,M,44,36-45,Korhogo,Boutique,Régulier,2023-09-03,Actif
502,502,M,47,46-55,Abidjan,Mobile Money,Nouveau,2024-09-19,Actif
503,503,M,26,26-35,Bouaké,Site Web,Nouveau,2024-09-14,Actif
504,504,F,26,26-35,Abidjan,Site Web,Fidèle,2022-07-22,Actif
505,505,M,38,36-45,Abidjan,Partenaire,Fidèle,2023-05-31,Actif
506,506,M,50,46-55,Yamoussoukro,Mobile Money,Nouveau,2022-11-08,Actif
507,507,F,46,46-55,Divo,Mobile Money,Occasionnel,2023-11-05,Actif
508,508,M,20,18-25,Daloa,Mobile Money,Nouveau,2024-06-24,Actif
509,509,F,31,26-35,Abidjan,Réseaux sociaux,VIP,2022-12-15,Inactif
510,510,F,23,18-25,Abidjan,Boutique,Occasionnel,2022-05-13,Actif
511,511,F,31,26-35,Korhogo,Mobile Money,Nouveau,2022-03-12,Actif
512,512,M,51,46-55,Bouaké,Site Web,Régulier,2022-02-28,Actif
513,513,F,18,18-25,Abidjan,Mobile Money,Régulier,2023-02-06,Actif
514,514,F,18,18-25,Yamoussoukro,Boutique,Nouveau,2024-11-23,Inactif
515,515,F,24,18-25,Abidjan,Boutique,Nouveau,2022-10-03,Actif
516,516,F,37,36-45,Abidjan,Site Web,Occasionnel,2023-03-20,Actif
517,517,F,40,36-45,San-Pédro,Site Web,Nouveau,2024-01-10,Actif
518,518,M,38,36-45,Bouaké,Mobile Money,Nouveau,2023-12-22,Actif
519,519,F,46,46-55,Abidjan,Site Web,Régulier,2022-10-23,Actif
520,520,M,18,18-25,Abidjan,Boutique,Régulier,2022-05-20,Actif
521,521,M,47,46-55,Abengourou,Mobile Money,Régulier,2022-06-21,Actif
522,522,F,30,26-35,Bouaké,Réseaux sociaux,Régulier,2022-08-30,Actif
523,523,F,42,36-45,Bouaké,Site Web,Occasionnel,2022-04-05,Inactif
524,524,M,19,18-25,Abidjan,Partenaire,Occasionnel,2023-05-19,Inactif
525,525,F,34,26-35,Gagnoa,Site Web,Régulier,2023-12-09,Actif
526,526,F,36,36-45,Korhogo,Mobile Money,Nouveau,2024-01-10,Actif
527,527,M,46,46-55,Abidjan,Boutique,Nouveau,2024-09-22,Actif
528,528,M,18,18-25,Abidjan,Boutique,Nouveau,2022-11-18,Inactif
529,529,M,34,26-35,Yamoussoukro,Mobile Money,Régulier,2023-12-18,Actif
530,530,F,22,18-25,San-Pédro,Boutique,Occasionnel,2024-08-26,Actif
531,531,M,39,36-45,Daloa,Boutique,Occasionnel,2022-02-01,Actif
532,532,M,42,36-45,Gagnoa,Mobile Money,Occasionnel,2024-05-05,Actif
533,533,F,48,46-55,Bouaké,Réseaux sociaux,Fidèle,2022-04-07,Actif
534,534,M,28,26-35,Abidjan,Mobile Money,Nouveau,2023-08-27,Actif
535,535,F,44,36-45,Abidjan,Boutique,Occasionnel,2024-06-28,Actif
536,536,F,48,46-55,San-Pédro,Site Web,Régulier,2023-05-18,Actif
537,537,M,18,18-25,Abidjan,Site Web,Régulier,2023-09-05,Actif
538,538,F,40,36-45,Abidjan,Mobile Money,Occasionnel,2023-11-10,Actif
539,539,F,44,36-45,Yamoussoukro,Site Web,Nouveau,2023-09-25,Actif
540,540,M,31,26-35,Abidjan,Site Web,Fidèle,2024-03-12,Actif
541,541,M,20,18-25,San-Pédro,Réseaux sociaux,Occasionnel,2024-07-29,Inactif
542,542,M,44,36-45,Abidjan,Mobile Money,Fidèle,2022-05-28,Actif
543,543,M,20,18-25,Abidjan,Mobile Money,Régulier,2023-04-01,Actif
544,544,M,32,26-35,Abidjan,Site Web,Fidèle,2024-07-22,Inactif
545,545,F,33,26-35,Yamoussoukro,Mobile Money,Nouveau,2023-02-22,Actif
546,546,F,41,36-45,Daloa,Site Web,Occasionnel,2023-06-20,Inactif
547,547,F,27,26-35,Abidjan,Site Web,Nouveau,2024-03-23,Actif
548,548,F,26,26-35,Abidjan,Site Web,Nouveau,2024-10-21,Actif
549,549,M,35,26-35,Abidjan,Partenaire,Nouveau,2022-10-03,Actif
550,550,F,45,36-45,Yamoussoukro,Boutique,Occasionnel,2024-11-12,Actif
551,551,F,59,56+,Abengourou,Réseaux sociaux,Occasionnel,2024-02-17,Inactif
552,552,F,18,18-25,Daloa,Site Web,Régulier,2022-02-03,Inactif
553,553,F,37,36-45,Abidjan,Mobile Money,Nouveau,2024-08-01,Actif
554,554,M,22,18-25,Bouaké,Site Web,Nouveau,2023-02-26,Actif
555,555,F,45,36-45,Abidjan,Site Web,Occasionnel,2022-11-06,Actif
556,556,F,23,18-25,Abidjan,Partenaire,Régulier,2023-07-31,Actif
557,557,F,26,26-35,Abidjan,Mobile Money,Nouveau,2023-09-23,Actif
558,558,F,27,26-35,Abidjan,Mobile Money,Régulier,2023-08-14,Actif
559,559,M,33,26-35,Abidjan,Réseaux sociaux,Nouveau,2022-03-02,Actif
560,560,F,37,36-45,Daloa,Mobile Money,Occasionnel,2024-06-19,Actif
561,561,F,39,36-45,Abidjan,Site Web,Régulier,2023-01-10,Actif
562,562,F,33,26-35,Daloa,Boutique,Occasionnel,2022-06-04,Actif
563,563,M,19,18-25,Divo,Mobile Money,Régulier,2023-09-12,Actif
564,564,M,42,36-45,Bouaké,Mobile Money,Fidèle,2023-11-13,Actif
565,565,M,33,26-35,Abidjan,Réseaux sociaux,Nouveau,2022-04-24,Actif
566,566,M,46,46-55,Daloa,Mobile Money,Nouveau,2024-10-29,Actif
567,567,M,26,26-35,Abidjan,Site Web,Fidèle,2023-10-20,Actif
568,568,F,18,18-25,Abidjan,Site Web,Fidèle,2024-12-27,Inactif
569,569,F,33,26-35,Abidjan,Site Web,Régulier,2024-01-05,Actif
570,570,M,48,46-55,San-Pédro,Boutique,Nouveau,2022-01-12,Actif
571,571,F,35,26-35,San-Pédro,Mobile Money,Nouveau,2022-08-17,Actif
572,572,M,31,26-35,San-Pédro,Réseaux sociaux,Fidèle,2024-11-30,Inactif
573,573,F,24,18-25,Yamoussoukro,Mobile Money,Régulier,2023-09-05,Actif
574,574,M,53,46-55,Abidjan,Mobile Money,Nouveau,2022-05-14,Actif
575,575,M,22,18-25,San-Pédro,Partenaire,Nouveau,2022-03-23,Actif
576,576,F,26,26-35,Korhogo,Mobile Money,Régulier,2023-08-11,Actif
577,577,M,40,36-45,Abidjan,Mobile Money,Occasionnel,2023-10-13,Inactif
578,578,M,18,18-25,Abengourou,Partenaire,VIP,2022-09-27,Inactif
579,579,M,48,46-55,Korhogo,Mobile Money,Occasionnel,2022-08-02,Inactif
580,580,F,40,36-45,Abidjan,Mobile Money,Nouveau,2023-10-26,Actif
581,581,F,43,36-45,Abidjan,Boutique,Nouveau,2023-04-22,Actif
582,582,M,40,36-45,Abidjan,Site Web,Occasionnel,2022-02-10,Actif
583,583,F,32,26-35,Daloa,Réseaux sociaux,Nouveau,2022-03-05,Inactif
584,584,F,22,18-25,Abidjan,Site Web,Nouveau,2022-09-18,Actif
585,585,M,32,26-35,Abidjan,Partenaire,Nouveau,2023-09-10,Actif
586,586,M,23,18-25,Bouaké,Mobile Money,Nouveau,2022-11-26,Inactif
587,587,F,39,36-45,Korhogo,Site Web,Régulier,2022-01-17,Inactif
588,588,F,42,36-45,San-Pédro,Mobile Money,Nouveau,2024-09-29,Actif
589,589,F,50,46-55,Daloa,Réseaux sociaux,Occasionnel,2024-01-30,Actif
590,590,F,38,36-45,Abidjan,Partenaire,Régulier,2023-10-02,Actif
591,591,M,44,36-45,Abidjan,Mobile Money,Nouveau,2022-09-25,Actif
592,592,F,30,26-35,Yamoussoukro,Réseaux sociaux,Occasionnel,2024-02-15,Actif
593,593,F,28,26-35,Abidjan,Site Web,Fidèle,2024-11-02,Actif
594,594,M,39,36-45,Bouaké,Mobile Money,Occasionnel,2024-01-11,Actif
595,595,F,29,26-35,Abengourou,Site Web,Occasionnel,2022-11-20,Inactif
596,596,F,36,36-45,Bouaké,Partenaire,Fidèle,2023-03-06,Inactif
597,597,M,22,18-25,Bouaké,Mobile Money,Fidèle,2024-10-14,Inactif
598,598,M,24,18-25,Yamoussoukro,Mobile Money,Fidèle,2022-01-16,Inactif
599,599,M,40,36-45,San-Pédro,Partenaire,Occasionnel,2022-08-31,Actif
600,600,M,43,36-45,Abidjan,Boutique,Régulier,2022-04-28,Actif
601,601,F,23,18-25,Abidjan,Boutique,Occasionnel,2023-12-04,Actif
602,602,M,41,36-45,Abidjan,Site Web,Nouveau,2023-05-18,Actif
603,603,M,28,26-35,Bouaké,Site Web,Occasionnel,2022-05-26,Actif
604,604,M,34,26-35,Abidjan,Mobile Money,Fidèle,2024-10-27,Actif
605,605,M,49,46-55,Abidjan,Mobile Money,Nouveau,2023-08-28,Inactif
606,606,M,42,36-45,Daloa,Réseaux sociaux,Fidèle,2022-09-30,Actif
607,607,M,42,36-45,Abidjan,Boutique,VIP,2024-11-01,Actif
608,608,F,54,46-55,Bouaké,Site Web,Nouveau,2024-02-04,Actif
609,609,M,26,26-35,Abidjan,Réseaux sociaux,Nouveau,2022-05-23,Actif
610,610,F,23,18-25,Abidjan,Mobile Money,VIP,2024-06-24,Actif
611,611,M,26,26-35,Abidjan,Réseaux sociaux,Nouveau,2022-03-06,Actif
612,612,M,31,26-35,Abidjan,Site Web,Régulier,2024-09-19,Actif
613,613,M,18,18-25,Abengourou,Partenaire,Nouveau,2023-03-07,Actif
614,614,M,31,26-35,Abengourou,Mobile Money,Nouveau,2022-11-18,Actif
615,615,F,28,26-35,Yamoussoukro,Mobile Money,Nouveau,2022-02-28,Inactif
616,616,M,42,36-45,Bouaké,Site Web,Nouveau,2024-10-16,Actif
617,617,M,37,36-45,Daloa,Partenaire,Fidèle,2023-09-05,Actif
618,618,F,27,26-35,Korhogo,Partenaire,Nouveau,2023-10-28,Actif
619,619,F,40,36-45,Abidjan,Boutique,Nouveau,2024-07-20,Actif
620,620,F,41,36-45,Abidjan,Boutique,Régulier,2023-07-11,Inactif
621,621,M,25,18-25,Yamoussoukro,Mobile Money,VIP,2022-11-14,Actif
622,622,F,28,26-35,Abengourou,Site Web,Occasionnel,2024-05-02,Inactif
623,623,M,18,18-25,Abidjan,Réseaux sociaux,Régulier,2023-08-04,Inactif
624,624,F,22,18-25,Abidjan,Site Web,Nouveau,2022-09-19,Actif
625,625,M,25,18-25,Abidjan,Boutique,Fidèle,2024-07-13,Actif
626,626,F,34,26-35,Abidjan,Partenaire,Régulier,2024-06-08,Inactif
627,627,M,23,18-25,Yamoussoukro,Mobile Money,Fidèle,2022-09-28,Inactif
628,628,F,28,26-35,Abidjan,Boutique,Régulier,2023-12-13,Actif
629,629,M,20,18-25,Divo,Boutique,Fidèle,2024-10-05,Actif
630,630,M,35,26-35,Daloa,Boutique,Occasionnel,2024-05-25,Actif
631,631,M,38,36-45,Abidjan,Site Web,Régulier,2022-08-06,Actif
632,632,M,38,36-45,San-Pédro,Site Web,Régulier,2024-07-26,Actif
633,633,F,34,26-35,Daloa,Mobile Money,Nouveau,2022-03-03,Actif
634,634,F,18,18-25,Abidjan,Mobile Money,Fidèle,2023-11-07,Actif
635,635,F,27,26-35,Abidjan,Boutique,Régulier,2023-07-14,Inactif
636,636,F,29,26-35,San-Pédro,Site Web,Fidèle,2022-02-10,Actif
637,637,M,29,26-35,Abidjan,Boutique,Occasionnel,2024-03-05,Inactif
638,638,M,34,26-35,Abidjan,Boutique,Fidèle,2022-11-23,Actif
639,639,M,49,46-55,Abidjan,Mobile Money,Nouveau,2024-07-22,Actif
640,640,M,42,36-45,Abidjan,Site Web,VIP,2024-08-19,Inactif
641,641,M,23,18-25,Yamoussoukro,Boutique,Nouveau,2023-10-09,Actif
642,642,M,41,36-45,Abidjan,Boutique,Régulier,2023-11-18,Actif
643,643,F,41,36-45,Bouaké,Boutique,Nouveau,2022-02-27,Inactif
644,644,F,25,18-25,Abidjan,Mobile Money,Régulier,2024-09-01,Inactif
645,645,M,43,36-45,San-Pédro,Mobile Money,Occasionnel,2024-01-17,Inactif
646,646,M,32,26-35,Abidjan,Mobile Money,Fidèle,2023-02-26,Actif
647,647,F,18,18-25,Man,Site Web,Fidèle,2022-04-04,Actif
648,648,F,39,36-45,Korhogo,Mobile Money,Occasionnel,2023-07-07,Actif
649,649,M,36,36-45,Abidjan,Mobile Money,Régulier,2024-09-13,Actif
650,650,F,31,26-35,Yamoussoukro,Partenaire,Régulier,2024-08-02,Inactif
651,651,F,33,26-35,Abidjan,Boutique,Occasionnel,2022-04-19,Actif
652,652,M,26,26-35,San-Pédro,Boutique,Nouveau,2024-04-14,Actif
653,653,M,40,36-45,Bouaké,Boutique,Nouveau,2022-03-31,Actif
654,654,F,33,26-35,Abidjan,Mobile Money,Nouveau,2023-02-18,Actif
655,655,M,35,26-35,Abidjan,Mobile Money,Occasionnel,2023-05-05,Actif
656,656,F,37,36-45,Abidjan,Réseaux sociaux,Occasionnel,2022-01-25,Actif
657,657,M,21,18-25,San-Pédro,Boutique,Occasionnel,2022-05-31,Actif
658,658,F,24,18-25,Daloa,Site Web,VIP,2024-08-21,Inactif
659,659,M,18,18-25,Abidjan,Partenaire,Nouveau,2023-11-21,Actif
660,660,F,40,36-45,Abidjan,Mobile Money,Fidèle,2024-05-11,Actif
661,661,F,20,18-25,Abidjan,Site Web,Régulier,2023-09-18,Actif
662,662,M,35,26-35,Bouaké,Mobile Money,Régulier,2023-05-07,Actif
663,663,F,38,36-45,Abidjan,Boutique,Occasionnel,2022-01-20,Actif
664,664,F,40,36-45,Abidjan,Réseaux sociaux,Nouveau,2023-08-22,Actif
665,665,F,20,18-25,Korhogo,Mobile Money,Fidèle,2024-04-23,Actif
666,666,M,33,26-35,Abidjan,Partenaire,Régulier,2022-08-12,Inactif
667,667,M,52,46-55,Daloa,Boutique,Fidèle,2023-06-22,Inactif
668,668,M,52,46-55,Abidjan,Boutique,Nouveau,2023-03-28,Inactif
669,669,F,44,36-45,Abidjan,Mobile Money,Occasionnel,2024-08-11,Actif
670,670,F,37,36-45,Bouaké,Boutique,Occasionnel,2022-06-28,Actif
671,671,F,22,18-25,Abidjan,Boutique,Régulier,2022-04-26,Actif
672,672,M,41,36-45,Abidjan,Mobile Money,Régulier,2022-08-19,Actif
673,673,M,32,26-35,Abengourou,Boutique,Nouveau,2022-06-21,Actif
674,674,M,40,36-45,Korhogo,Mobile Money,Nouveau,2024-07-15,Actif
675,675,M,27,26-35,Daloa,Partenaire,Nouveau,2022-10-13,Actif
676,676,F,32,26-35,Abidjan,Mobile Money,Nouveau,2023-02-01,Actif
677,677,M,35,26-35,Abidjan,Boutique,Nouveau,2022-10-09,Actif
678,678,F,36,36-45,Abidjan,Site Web,Nouveau,2024-06-11,Inactif
679,679,F,39,36-45,Man,Site Web,Occasionnel,2023-12-29,Actif
680,680,F,27,26-35,San-Pédro,Réseaux sociaux,Régulier,2023-06-03,Actif
681,681,F,19,18-25,Abidjan,Partenaire,Régulier,2024-05-24,Actif
682,682,F,51,46-55,Gagnoa,Mobile Money,Nouveau,2022-03-19,Actif
683,683,F,61,56+,Abidjan,Boutique,Nouveau,2024-01-13,Actif
684,684,F,38,36-45,Bouaké,Site Web,Régulier,2023-01-31,Inactif
685,685,M,19,18-25,Abidjan,Mobile Money,Occasionnel,2023-02-20,Actif
686,686,F,25,18-25,Abidjan,Site Web,Nouveau,2022-06-23,Actif
687,687,F,39,36-45,Divo,Mobile Money,Occasionnel,2022-04-17,Inactif
688,688,M,48,46-55,Korhogo,Réseaux sociaux,VIP,2024-01-30,Actif
689,689,M,20,18-25,Abidjan,Site Web,Occasionnel,2024-07-19,Actif
690,690,M,32,26-35,Abidjan,Boutique,VIP,2024-09-24,Actif
691,691,F,36,36-45,Bouaké,Boutique,Nouveau,2022-09-24,Actif
692,692,M,43,36-45,Abidjan,Partenaire,Nouveau,2024-04-15,Actif
693,693,F,30,26-35,Bouaké,Site Web,Nouveau,2022-05-02,Actif
694,694,F,18,18-25,Bouaké,Réseaux sociaux,Régulier,2024-05-02,Actif
695,695,M,40,36-45,Abidjan,Réseaux sociaux,Occasionnel,2023-09-12,Inactif
696,696,M,46,46-55,Abidjan,Mobile Money,Occasionnel,2024-08-01,Actif
697,697,M,33,26-35,Abidjan,Mobile Money,VIP,2022-03-16,Actif
698,698,M,38,36-45,Man,Mobile Money,Occasionnel,2024-04-30,Inactif
699,699,M,28,26-35,Abidjan,Site Web,Nouveau,2023-05-27,Actif
700,700,F,24,18-25,Bouaké,Site Web,Régulier,2023-09-15,Actif
701,701,F,45,36-45,Abidjan,Mobile Money,Nouveau,2023-08-14,Actif
702,702,F,38,36-45,Yamoussoukro,Partenaire,Occasionnel,2024-02-22,Actif
703,703,F,39,36-45,Abidjan,Mobile Money,Fidèle,2023-10-18,Inactif
704,704,M,50,46-55,Abidjan,Site Web,Occasionnel,2023-04-01,Actif
705,705,F,22,18-25,Daloa,Boutique,Nouveau,2023-04-22,Actif
706,706,M,27,26-35,Yamoussoukro,Boutique,Occasionnel,2022-03-19,Actif
707,707,M,35,26-35,Abidjan,Mobile Money,Nouveau,2024-03-04,Actif
708,708,M,27,26-35,Abidjan,Site Web,Nouveau,2024-02-12,Actif
709,709,F,42,36-45,Divo,Site Web,Occasionnel,2023-09-13,Actif
710,710,F,31,26-35,Abidjan,Mobile Money,Nouveau,2024-03-01,Actif
711,711,M,23,18-25,Abidjan,Boutique,Nouveau,2022-10-22,Actif
712,712,M,34,26-35,Abidjan,Site Web,Occasionnel,2022-09-02,Actif
713,713,M,35,26-35,Abidjan,Boutique,Occasionnel,2024-10-09,Actif
714,714,M,44,36-45,Bouaké,Site Web,Occasionnel,2024-11-10,Actif
715,715,M,38,36-45,Yamoussoukro,Boutique,VIP,2024-07-22,Inactif
716,716,F,39,36-45,Abidjan,Réseaux sociaux,Nouveau,2022-02-27,Inactif
717,717,M,37,36-45,Bouaké,Site Web,Nouveau,2023-08-24,Inactif
718,718,F,31,26-35,Abidjan,Mobile Money,Fidèle,2024-03-16,Actif
719,719,M,26,26-35,Daloa,Site Web,Nouveau,2022-02-10,Actif
720,720,M,37,36-45,Abidjan,Mobile Money,Fidèle,2024-11-26,Actif
721,721,F,30,26-35,Abidjan,Partenaire,Régulier,2024-05-11,Inactif
722,722,F,52,46-55,Yamoussoukro,Site Web,Occasionnel,2022-12-05,Inactif
723,723,F,48,46-55,Abidjan,Mobile Money,Nouveau,2023-07-09,Actif
724,724,M,40,36-45,Abidjan,Site Web,Occasionnel,2024-09-26,Actif
725,725,F,38,36-45,Abidjan,Mobile Money,Fidèle,2024-07-23,Actif
726,726,F,33,26-35,Yamoussoukro,Réseaux sociaux,Nouveau,2024-06-23,Actif
727,727,F,20,18-25,Abidjan,Partenaire,Régulier,2024-12-13,Actif
728,728,F,31,26-35,Yamoussoukro,Site Web,Fidèle,2024-03-25,Actif
729,729,F,35,26-35,Daloa,Boutique,Régulier,2024-10-21,Actif
730,730,F,36,36-45,Bouaké,Site Web,Nouveau,2024-11-10,Actif
731,731,F,39,36-45,Abidjan,Boutique,Régulier,2022-01-22,Actif
732,732,F,44,36-45,San-Pédro,Mobile Money,Régulier,2023-12-18,Actif
733,733,F,26,26-35,Abidjan,Partenaire,Nouveau,2023-01-01,Actif
734,734,F,26,26-35,Korhogo,Mobile Money,Fidèle,2023-06-26,Actif
735,735,F,49,46-55,Yamoussoukro,Mobile Money,Nouveau,2022-07-03,Actif
736,736,M,42,36-45,Abidjan,Mobile Money,VIP,2024-01-10,Actif
737,737,F,29,26-35,Daloa,Partenaire,Nouveau,2024-07-03,Actif
738,738,F,32,26-35,Abidjan,Partenaire,Nouveau,2023-03-27,Actif
739,739,F,32,26-35,Abidjan,Boutique,Régulier,2024-02-04,Actif
740,740,F,34,26-35,Abidjan,Mobile Money,Nouveau,2022-12-22,Actif
741,741,F,39,36-45,Bouaké,Réseaux sociaux,Nouveau,2024-03-31,Actif
742,742,F,61,56+,Yamoussoukro,Boutique,Nouveau,2022-04-01,Actif
743,743,M,36,36-45,Korhogo,Partenaire,Fidèle,2024-08-21,Actif
744,744,F,41,36-45,Abidjan,Réseaux sociaux,Nouveau,2023-02-18,Actif
745,745,F,18,18-25,Bouaké,Site Web,Régulier,2023-07-07,Actif
746,746,F,28,26-35,Yamoussoukro,Mobile Money,Occasionnel,2024-05-29,Actif
747,747,F,47,46-55,Yamoussoukro,Site Web,Occasionnel,2022-02-02,Actif
748,748,F,38,36-45,Abidjan,Partenaire,Occasionnel,2024-11-01,Inactif
749,749,M,18,18-25,Abidjan,Boutique,Nouveau,2023-11-04,Actif
750,750,M,41,36-45,Daloa,Réseaux sociaux,VIP,2024-12-03,Actif
751,751,F,55,46-55,Abidjan,Boutique,Régulier,2023-08-27,Actif
752,752,F,18,18-25,Abidjan,Partenaire,Fidèle,2022-08-15,Actif
753,753,F,50,46-55,Abidjan,Site Web,Régulier,2023-09-30,Inactif
754,754,F,18,18-25,Abidjan,Mobile Money,Fidèle,2023-09-18,Actif
755,755,M,44,36-45,Abidjan,Boutique,VIP,2024-10-05,Actif
756,756,F,33,26-35,Abidjan,Mobile Money,Occasionnel,2023-09-23,Inactif
757,757,F,18,18-25,Yamoussoukro,Boutique,Fidèle,2023-03-21,Actif
758,758,M,38,36-45,Gagnoa,Réseaux sociaux,Nouveau,2022-07-12,Actif
759,759,F,46,46-55,Abidjan,Mobile Money,Nouveau,2022-12-23,Actif
760,760,F,38,36-45,Abidjan,Partenaire,Occasionnel,2023-09-29,Actif
761,761,M,40,36-45,San-Pédro,Mobile Money,Occasionnel,2023-02-09,Actif
762,762,F,29,26-35,Abidjan,Site Web,Occasionnel,2023-02-02,Actif
763,763,F,18,18-25,Abengourou,Partenaire,Occasionnel,2022-01-16,Actif
764,764,F,41,36-45,Bouaké,Site Web,Occasionnel,2024-10-28,Actif
765,765,M,53,46-55,Abidjan,Réseaux sociaux,Fidèle,2024-07-05,Actif
766,766,F,46,46-55,Abidjan,Partenaire,Nouveau,2022-10-07,Actif
767,767,F,18,18-25,Abidjan,Site Web,Nouveau,2022-05-31,Actif
768,768,F,18,18-25,Daloa,Site Web,Régulier,2024-07-03,Actif
769,769,F,24,18-25,Abidjan,Mobile Money,Régulier,2024-07-05,Actif
770,770,M,18,18-25,San-Pédro,Boutique,Fidèle,2024-09-09,Inactif
771,771,F,34,26-35,Daloa,Mobile Money,Nouveau,2023-08-23,Actif
772,772,M,38,36-45,Korhogo,Réseaux sociaux,Nouveau,2024-03-16,Actif
773,773,M,18,18-25,Korhogo,Site Web,Fidèle,2024-03-09,Actif
774,774,M,42,36-45,Abidjan,Site Web,Nouveau,2022-08-24,Actif
775,775,F,40,36-45,Abidjan,Partenaire,Régulier,2023-07-28,Actif
776,776,M,27,26-35,San-Pédro,Mobile Money,Nouveau,2022-10-13,Actif
777,777,M,32,26-35,Abidjan,Partenaire,Occasionnel,2024-04-05,Actif
778,778,F,18,18-25,Abidjan,Mobile Money,Fidèle,2024-11-29,Actif
779,779,M,30,26-35,Abidjan,Boutique,Occasionnel,2022-03-25,Inactif
780,780,M,34,26-35,Abidjan,Site Web,Nouveau,2022-03-25,Actif
781,781,F,35,26-35,Korhogo,Boutique,Régulier,2022-10-17,Actif
782,782,M,38,36-45,Abidjan,Site Web,Nouveau,2022-05-09,Actif
783,783,F,36,36-45,Yamoussoukro,Site Web,Nouveau,2022-01-10,Actif
784,784,M,31,26-35,Gagnoa,Réseaux sociaux,Occasionnel,2024-12-07,Actif
785,785,M,37,36-45,Abidjan,Mobile Money,Occasionnel,2023-09-30,Actif
786,786,F,45,36-45,Daloa,Mobile Money,Régulier,2024-04-30,Inactif
787,787,M,32,26-35,Abidjan,Mobile Money,Occasionnel,2023-09-12,Actif
788,788,F,37,36-45,Abidjan,Boutique,Occasionnel,2024-03-28,Actif
789,789,M,31,26-35,Abidjan,Mobile Money,Nouveau,2024-01-22,Actif
790,790,M,26,26-35,Abidjan,Mobile Money,Fidèle,2022-06-25,Actif
791,791,F,39,36-45,Abidjan,Réseaux sociaux,Nouveau,2022-06-14,Actif
792,792,F,27,26-35,Abidjan,Partenaire,Fidèle,2023-06-20,Actif
793,793,F,38,36-45,Abidjan,Réseaux sociaux,Occasionnel,2023-02-11,Inactif
794,794,F,34,26-35,Abidjan,Mobile Money,Occasionnel,2024-07-09,Actif
795,795,F,30,26-35,Yamoussoukro,Boutique,Régulier,2022-12-02,Inactif
796,796,F,30,26-35,Abidjan,Mobile Money,Occasionnel,2022-12-27,Inactif
797,797,F,28,26-35,San-Pédro,Boutique,Régulier,2023-08-03,Inactif
798,798,F,18,18-25,Man,Boutique,Fidèle,2022-07-31,Actif
799,799,M,38,36-45,Yamoussoukro,Partenaire,Fidèle,2024-07-29,Actif
800,800,M,36,36-45,Bouaké,Site Web,Occasionnel,2022-01-12,Actif
801,801,M,43,36-45,Yamoussoukro,Mobile Money,Régulier,2024-07-17,Actif
802,802,F,28,26-35,Yamoussoukro,Site Web,Occasionnel,2023-11-13,Actif
803,803,M,54,46-55,Man,Partenaire,Régulier,2024-08-30,Actif
804,804,M,29,26-35,Gagnoa,Mobile Money,Nouveau,2022-11-18,Actif
805,805,F,24,18-25,Abidjan,Réseaux sociaux,Nouveau,2024-09-12,Actif
806,806,F,23,18-25,Bouaké,Mobile Money,Occasionnel,2024-08-03,Actif
807,807,M,18,18-25,San-Pédro,Mobile Money,Nouveau,2023-05-16,Actif
808,808,F,50,46-55,Abidjan,Réseaux sociaux,Régulier,2022-11-07,Actif
809,809,F,49,46-55,Abidjan,Mobile Money,Nouveau,2022-08-04,Inactif
810,810,M,40,36-45,Yamoussoukro,Site Web,Nouveau,2022-06-15,Actif
811,811,F,24,18-25,Yamoussoukro,Mobile Money,Régulier,2023-10-01,Actif
812,812,F,53,46-55,Abidjan,Site Web,Occasionnel,2024-11-17,Actif
813,813,M,30,26-35,Abidjan,Site Web,VIP,2023-09-12,Actif
814,814,M,31,26-35,Abidjan,Réseaux sociaux,Nouveau,2024-11-22,Actif
815,815,F,49,46-55,Bouaké,Réseaux sociaux,Nouveau,2024-04-07,Actif
816,816,M,41,36-45,Man,Site Web,Nouveau,2024-01-21,Inactif
817,817,M,58,56+,Korhogo,Boutique,Occasionnel,2024-03-04,Actif
818,818,M,36,36-45,Abidjan,Mobile Money,Nouveau,2024-10-13,Actif
819,819,M,29,26-35,Abidjan,Site Web,Régulier,2024-07-28,Actif
820,820,F,27,26-35,Daloa,Boutique,Nouveau,2022-06-27,Actif
821,821,F,18,18-25,Yamoussoukro,Mobile Money,Fidèle,2023-10-03,Actif
822,822,M,30,26-35,Abidjan,Partenaire,Occasionnel,2023-05-20,Inactif
823,823,F,46,46-55,Abidjan,Mobile Money,Régulier,2024-08-20,Actif
824,824,M,40,36-45,Abidjan,Mobile Money,Nouveau,2022-08-12,Actif
825,825,M,34,26-35,Daloa,Réseaux sociaux,Nouveau,2024-06-16,Inactif
826,826,F,23,18-25,Bouaké,Boutique,Occasionnel,2023-06-09,Actif
827,827,M,36,36-45,Abidjan,Site Web,Occasionnel,2024-10-17,Inactif
828,828,F,45,36-45,Man,Mobile Money,Occasionnel,2024-05-16,Actif
829,829,M,38,36-45,Yamoussoukro,Boutique,Nouveau,2023-01-13,Actif
830,830,F,35,26-35,Man,Site Web,Nouveau,2024-07-14,Actif
831,831,M,25,18-25,Abidjan,Mobile Money,VIP,2022-07-25,Inactif
832,832,M,43,36-45,Abidjan,Site Web,Nouveau,2022-01-05,Inactif
833,833,F,18,18-25,Man,Mobile Money,Nouveau,2023-07-09,Actif
834,834,M,38,36-45,Divo,Mobile Money,Occasionnel,2023-03-03,Actif
835,835,M,62,56+,Gagnoa,Mobile Money,Nouveau,2022-05-18,Actif
836,836,M,18,18-25,San-Pédro,Mobile Money,Occasionnel,2024-12-24,Actif
837,837,M,31,26-35,Abidjan,Mobile Money,Régulier,2022-02-12,Actif
838,838,M,33,26-35,Abidjan,Site Web,Régulier,2023-10-08,Actif
839,839,F,28,26-35,Abidjan,Boutique,Régulier,2022-10-13,Actif
840,840,F,45,36-45,Man,Mobile Money,Nouveau,2022-11-21,Actif
841,841,F,39,36-45,Abidjan,Boutique,Nouveau,2022-08-20,Actif
842,842,M,35,26-35,Daloa,Mobile Money,Régulier,2023-03-02,Actif
843,843,M,42,36-45,Man,Boutique,Nouveau,2024-01-01,Actif
844,844,F,34,26-35,Gagnoa,Réseaux sociaux,Nouveau,2022-12-20,Actif
845,845,F,68,56+,Divo,Site Web,Occasionnel,2024-03-01,Inactif
846,846,M,35,26-35,Bouaké,Site Web,Régulier,2023-05-06,Actif
847,847,F,36,36-45,Abidjan,Mobile Money,Nouveau,2024-05-09,Inactif
848,848,M,18,18-25,Abengourou,Mobile Money,Fidèle,2023-05-02,Actif
849,849,F,28,26-35,Abidjan,Site Web,Nouveau,2023-02-05,Actif
850,850,M,46,46-55,Abidjan,Boutique,VIP,2023-07-10,Actif
851,851,F,19,18-25,Gagnoa,Site Web,Nouveau,2024-01-22,Actif
852,852,F,18,18-25,Yamoussoukro,Partenaire,Régulier,2023-05-24,Actif
853,853,M,34,26-35,Abidjan,Boutique,Occasionnel,2024-09-19,Actif
854,854,M,49,46-55,Abidjan,Réseaux sociaux,Fidèle,2023-07-20,Actif
855,855,F,34,26-35,Abidjan,Boutique,Occasionnel,2022-11-21,Actif
856,856,F,30,26-35,Divo,Mobile Money,Fidèle,2022-01-31,Actif
857,857,M,18,18-25,Bouaké,Mobile Money,Régulier,2023-03-06,Actif
858,858,M,38,36-45,Abidjan,Site Web,Occasionnel,2022-03-01,Actif
859,859,F,41,36-45,Bouaké,Mobile Money,Nouveau,2022-02-09,Actif
860,860,F,18,18-25,Korhogo,Site Web,Nouveau,2023-02-11,Actif
861,861,M,46,46-55,Man,Site Web,VIP,2022-11-14,Inactif
862,862,M,42,36-45,Abidjan,Boutique,Fidèle,2024-08-27,Actif
863,863,M,46,46-55,Bouaké,Boutique,Nouveau,2024-03-10,Actif
864,864,M,40,36-45,Abidjan,Site Web,Nouveau,2024-05-15,Actif
865,865,F,41,36-45,Abidjan,Boutique,Nouveau,2023-08-21,Inactif
866,866,M,39,36-45,Abidjan,Réseaux sociaux,Nouveau,2022-05-01,Actif
867,867,M,43,36-45,Abidjan,Mobile Money,Nouveau,2024-07-20,Inactif
868,868,M,18,18-25,Bouaké,Partenaire,Fidèle,2023-06-26,Actif
869,869,F,18,18-25,Abidjan,Mobile Money,Nouveau,2023-04-15,Actif
870,870,F,25,18-25,Abidjan,Mobile Money,Fidèle,2023-10-25,Actif
871,871,M,32,26-35,Abidjan,Site Web,VIP,2022-06-29,Actif
872,872,F,38,36-45,Abidjan,Mobile Money,Nouveau,2023-06-11,Actif
873,873,M,37,36-45,Yamoussoukro,Mobile Money,Occasionnel,2023-10-26,Actif
874,874,F,46,46-55,Abidjan,Mobile Money,Occasionnel,2024-02-03,Actif
875,875,M,46,46-55,Abidjan,Site Web,Nouveau,2023-07-02,Actif
876,876,M,24,18-25,Abengourou,Boutique,Régulier,2024-12-28,Actif
877,877,F,36,36-45,Abidjan,Mobile Money,Occasionnel,2024-12-20,Actif
878,878,F,24,18-25,Korhogo,Boutique,Nouveau,2022-04-16,Inactif
879,879,M,31,26-35,Bouaké,Mobile Money,Fidèle,2022-04-01,Actif
880,880,M,37,36-45,Yamoussoukro,Partenaire,Nouveau,2023-07-19,Actif
881,881,F,18,18-25,Bouaké,Mobile Money,Nouveau,2024-06-25,Actif
882,882,M,60,56+,Abidjan,Boutique,VIP,2023-07-16,Inactif
883,883,M,40,36-45,San-Pédro,Boutique,Nouveau,2022-08-26,Actif
884,884,F,27,26-35,San-Pédro,Boutique,Nouveau,2023-09-08,Actif
885,885,F,55,46-55,Abidjan,Partenaire,Nouveau,2024-10-29,Actif
886,886,F,30,26-35,Daloa,Boutique,Nouveau,2022-07-02,Actif
887,887,F,35,26-35,Abidjan,Site Web,Occasionnel,2023-05-03,Actif
888,888,F,28,26-35,Korhogo,Boutique,Régulier,2023-12-01,Actif
889,889,F,52,46-55,San-Pédro,Site Web,Occasionnel,2023-03-07,Actif
890,890,M,32,26-35,Abidjan,Boutique,Occasionnel,2022-02-18,Actif
891,891,F,35,26-35,Korhogo,Mobile Money,Nouveau,2024-01-04,Actif
892,892,M,47,46-55,Gagnoa,Mobile Money,Occasionnel,2024-03-22,Actif
893,893,F,40,36-45,Daloa,Mobile Money,Fidèle,2023-12-19,Actif
894,894,F,33,26-35,Abidjan,Partenaire,Régulier,2023-12-28,Actif
895,895,M,46,46-55,San-Pédro,Site Web,Régulier,2023-12-21,Actif
896,896,M,61,56+,Bouaké,Mobile Money,Nouveau,2022-12-28,Actif
897,897,F,37,36-45,Abidjan,Boutique,Occasionnel,2022-01-19,Inactif
898,898,F,35,26-35,Korhogo,Site Web,Fidèle,2024-12-18,Actif
899,899,F,35,26-35,Bouaké,Boutique,Fidèle,2022-08-12,Actif
900,900,M,48,46-55,San-Pédro,Boutique,Régulier,2024-06-26,Actif
901,901,F,27,26-35,Yamoussoukro,Site Web,Occasionnel,2023-08-16,Actif
902,902,F,30,26-35,Abidjan,Mobile Money,Nouveau,2023-08-14,Actif
903,903,F,18,18-25,Gagnoa,Boutique,Nouveau,2022-01-23,Actif
904,904,F,20,18-25,Bouaké,Mobile Money,Nouveau,2024-12-20,Actif
905,905,M,28,26-35,Abidjan,Mobile Money,Occasionnel,2023-08-02,Inactif
906,906,M,33,26-35,Abidjan,Site Web,Nouveau,2024-06-27,Inactif
907,907,F,53,46-55,Abidjan,Site Web,Occasionnel,2024-05-01,Inactif
908,908,F,39,36-45,Yamoussoukro,Partenaire,Occasionnel,2022-06-01,Actif
909,909,F,23,18-25,Abidjan,Mobile Money,Occasionnel,2024-11-03,Inactif
910,910,F,25,18-25,Man,Site Web,Occasionnel,2023-10-10,Actif
911,911,M,49,46-55,Gagnoa,Partenaire,Nouveau,2022-07-22,Actif
912,912,M,46,46-55,Daloa,Site Web,Occasionnel,2023-09-29,Actif
913,913,M,34,26-35,Abidjan,Partenaire,VIP,2023-11-06,Actif
914,914,M,29,26-35,Yamoussoukro,Partenaire,Occasionnel,2023-12-16,Actif
915,915,M,46,46-55,Abidjan,Réseaux sociaux,Fidèle,2022-12-19,Actif
916,916,M,23,18-25,San-Pédro,Partenaire,Occasionnel,2024-10-27,Actif
917,917,F,38,36-45,Abidjan,Site Web,Régulier,2022-09-17,Actif
918,918,F,58,56+,Man,Boutique,Occasionnel,2023-06-23,Actif
919,919,F,36,36-45,Abidjan,Réseaux sociaux,Régulier,2024-07-07,Inactif
920,920,M,25,18-25,Abidjan,Réseaux sociaux,Fidèle,2022-03-26,Actif
921,921,F,38,36-45,Abengourou,Mobile Money,Occasionnel,2023-03-18,Actif
922,922,M,28,26-35,Abidjan,Mobile Money,Régulier,2023-06-09,Actif
923,923,M,18,18-25,Korhogo,Mobile Money,Fidèle,2024-04-26,Inactif
924,924,M,41,36-45,Man,Réseaux sociaux,Régulier,2024-05-12,Actif
925,925,F,46,46-55,Abidjan,Mobile Money,Nouveau,2024-05-22,Actif
926,926,F,30,26-35,Abidjan,Mobile Money,Nouveau,2023-01-28,Inactif
927,927,F,29,26-35,Bouaké,Boutique,Fidèle,2023-06-23,Actif
928,928,M,23,18-25,San-Pédro,Mobile Money,Régulier,2022-01-30,Actif
929,929,M,32,26-35,Gagnoa,Partenaire,VIP,2024-06-19,Actif
930,930,M,27,26-35,Abidjan,Boutique,Nouveau,2022-11-29,Actif
931,931,F,22,18-25,Daloa,Mobile Money,Régulier,2023-05-27,Inactif
932,932,F,54,46-55,Abidjan,Mobile Money,Régulier,2024-01-17,Inactif
933,933,F,39,36-45,Bouaké,Site Web,Fidèle,2024-04-30,Actif
934,934,M,40,36-45,San-Pédro,Site Web,Régulier,2022-04-05,Actif
935,935,M,43,36-45,Korhogo,Boutique,Nouveau,2024-04-20,Inactif
936,936,F,42,36-45,Abidjan,Mobile Money,Régulier,2023-02-16,Actif
937,937,M,29,26-35,Abidjan,Réseaux sociaux,Régulier,2023-04-03,Actif
938,938,F,36,36-45,Abidjan,Site Web,Nouveau,2022-05-26,Inactif
939,939,M,31,26-35,Abidjan,Site Web,Nouveau,2024-02-24,Actif
940,940,F,38,36-45,Abidjan,Boutique,Fidèle,2023-06-06,Actif
941,941,F,37,36-45,Korhogo,Partenaire,Nouveau,2022-04-24,Actif
942,942,M,29,26-35,Abidjan,Site Web,Occasionnel,2022-06-04,Actif
943,943,F,19,18-25,Abidjan,Boutique,Régulier,2024-03-01,Actif
944,944,F,35,26-35,Daloa,Partenaire,VIP,2022-04-30,Actif
945,945,F,31,26-35,Abidjan,Réseaux sociaux,Régulier,2023-07-25,Actif
946,946,F,18,18-25,Abidjan,Site Web,Nouveau,2024-02-04,Actif
947,947,M,39,36-45,Man,Site Web,Nouveau,2024-09-25,Inactif
948,948,M,44,36-45,Abidjan,Boutique,Nouveau,2022-06-23,Inactif
949,949,M,61,56+,Abidjan,Boutique,Nouveau,2022-11-20,Actif
950,950,F,29,26-35,Bouaké,Mobile Money,Régulier,2022-06-19,Actif
951,951,M,28,26-35,Abidjan,Boutique,Occasionnel,2024-08-21,Actif
952,952,F,21,18-25,Abidjan,Boutique,Nouveau,2023-10-11,Actif
953,953,F,36,36-45,Abidjan,Boutique,Fidèle,2024-12-12,Actif
954,954,F,36,36-45,Abidjan,Partenaire,Nouveau,2022-02-17,Actif
955,955,M,25,18-25,Korhogo,Mobile Money,Nouveau,2024-02-12,Inactif
956,956,M,32,26-35,Abidjan,Réseaux sociaux,Occasionnel,2022-02-06,Inactif
957,957,M,18,18-25,Abidjan,Mobile Money,Nouveau,2022-04-30,Actif
958,958,F,44,36-45,Abidjan,Mobile Money,Nouveau,2023-04-18,Inactif
959,959,F,25,18-25,Gagnoa,Mobile Money,VIP,2023-02-06,Actif
960,960,M,33,26-35,Abidjan,Boutique,Fidèle,2023-02-04,Actif
961,961,M,18,18-25,Korhogo,Boutique,Régulier,2022-03-16,Actif
962,962,F,27,26-35,Abidjan,Mobile Money,Régulier,2023-08-20,Inactif
963,963,F,30,26-35,Divo,Site Web,Nouveau,2023-01-09,Actif
964,964,F,33,26-35,Abidjan,Boutique,Fidèle,2024-12-23,Actif
965,965,M,39,36-45,Abidjan,Mobile Money,Occasionnel,2024-05-14,Actif
966,966,F,49,46-55,Abidjan,Boutique,Nouveau,2023-04-22,Actif
967,967,M,42,36-45,Abidjan,Mobile Money,Nouveau,2024-04-18,Actif
968,968,F,44,36-45,Daloa,Mobile Money,Occasionnel,2023-09-23,Actif
969,969,M,49,46-55,Yamoussoukro,Mobile Money,Nouveau,2023-06-27,Inactif
970,970,F,40,36-45,Yamoussoukro,Site Web,Nouveau,2024-10-03,Actif
971,971,F,33,26-35,Abidjan,Site Web,Nouveau,2023-10-06,Actif
972,972,F,45,36-45,Yamoussoukro,Réseaux sociaux,Occasionnel,2023-06-14,Actif
973,973,F,45,36-45,Abidjan,Site Web,Nouveau,2023-09-13,Actif
974,974,M,41,36-45,Abengourou,Boutique,Occasionnel,2024-05-05,Actif
975,975,F,18,18-25,Daloa,Mobile Money,Nouveau,2024-03-22,Actif
976,976,M,24,18-25,Bouaké,Mobile Money,Occasionnel,2023-08-24,Actif
977,977,F,30,26-35,Korhogo,Site Web,Nouveau,2022-07-13,Actif
978,978,F,42,36-45,Bouaké,Mobile Money,Occasionnel,2023-11-29,Inactif
979,979,M,33,26-35,Bouaké,Mobile Money,Régulier,2023-04-17,Actif
980,980,F,46,46-55,Abidjan,Partenaire,Régulier,2024-10-18,Actif
981,981,M,48,46-55,Yamoussoukro,Mobile Money,Nouveau,2024-09-21,Actif
982,982,M,47,46-55,Abidjan,Mobile Money,Occasionnel,2022-01-01,Actif
983,983,M,47,46-55,Abidjan,Partenaire,Régulier,2024-12-30,Actif
984,984,F,22,18-25,San-Pédro,Mobile Money,Nouveau,2024-09-13,Actif
985,985,F,39,36-45,Abidjan,Boutique,Occasionnel,2024-09-20,Actif
986,986,M,27,26-35,Yamoussoukro,Mobile Money,Occasionnel,2023-06-29,Actif
987,987,F,18,18-25,Abidjan,Boutique,Fidèle,2022-10-24,Actif
988,988,F,30,26-35,Abidjan,Partenaire,Occasionnel,2023-10-27,Actif
989,989,F,48,46-55,San-Pédro,Site Web,Fidèle,2024-08-24,Actif
990,990,M,39,36-45,Abidjan,Boutique,Régulier,2023-05-08,Actif
991,991,M,56,56+,Yamoussoukro,Mobile Money,Occasionnel,2024-12-14,Actif
992,992,M,35,26-35,Bouaké,Boutique,Nouveau,2022-10-13,Actif
993,993,M,60,56+,Korhogo,Site Web,Occasionnel,2024-07-23,Actif
994,994,F,35,26-35,Abidjan,Mobile Money,Nouveau,2022-03-14,Actif
995,995,M,34,26-35,Daloa,Mobile Money,Occasionnel,2024-07-08,Actif
996,996,F,19,18-25,Abidjan,Site Web,Nouveau,2024-10-31,Actif
997,997,M,46,46-55,Abidjan,Réseaux sociaux,Régulier,2024-02-09,Actif
998,998,F,28,26-35,Abidjan,Réseaux sociaux,Régulier,2023-11-15,Inactif
999,999,M,26,26-35,Abidjan,Réseaux sociaux,Fidèle,2023-03-27,Actif
1000,1000,F,48,46-55,Abidjan,Boutique,Nouveau,2024-08-14,Actif
1001,1001,F,46,46-55,Abidjan,Site Web,Fidèle,2022-05-19,Actif
1002,1002,F,46,46-55,Abidjan,Partenaire,Fidèle,2022-11-15,Actif
1003,1003,F,30,26-35,Yamoussoukro,Mobile Money,Fidèle,2022-05-24,Inactif
1004,1004,F,33,26-35,Abidjan,Boutique,Régulier,2022-11-01,Inactif
1005,1005,M,33,26-35,Abidjan,Mobile Money,Nouveau,2023-07-28,Actif
1006,1006,F,42,36-45,Abidjan,Partenaire,Fidèle,2023-01-03,Actif
1007,1007,M,51,46-55,Abidjan,Partenaire,Occasionnel,2023-04-06,Inactif
1008,1008,F,38,36-45,Yamoussoukro,Réseaux sociaux,Régulier,2022-09-10,Actif
1009,1009,M,55,46-55,Korhogo,Mobile Money,Nouveau,2023-01-22,Inactif
1010,1010,F,43,36-45,Bouaké,Partenaire,Nouveau,2023-06-30,Actif
1011,1011,M,31,26-35,Yamoussoukro,Mobile Money,Nouveau,2022-08-23,Actif
1012,1012,M,43,36-45,Abidjan,Mobile Money,Occasionnel,2024-10-22,Actif
1013,1013,F,52,46-55,Divo,Site Web,Occasionnel,2024-09-09,Actif
1014,1014,M,55,46-55,Abidjan,Site Web,Fidèle,2024-08-17,Actif
1015,1015,F,47,46-55,Abidjan,Réseaux sociaux,Nouveau,2022-01-02,Actif
1016,1016,F,34,26-35,Abidjan,Mobile Money,Nouveau,2023-06-27,Inactif
1017,1017,M,31,26-35,Abidjan,Boutique,Nouveau,2024-05-20,Actif
1018,1018,M,40,36-45,Daloa,Boutique,Nouveau,2023-01-17,Actif
1019,1019,F,52,46-55,Abidjan,Mobile Money,Occasionnel,2022-09-11,Actif
1020,1020,F,38,36-45,Abidjan,Réseaux sociaux,Régulier,2023-11-01,Actif
1021,1021,M,38,36-45,Abidjan,Mobile Money,VIP,2022-01-03,Actif
1022,1022,M,34,26-35,Gagnoa,Mobile Money,Nouveau,2023-11-02,Actif
1023,1023,M,30,26-35,Daloa,Boutique,Nouveau,2023-05-10,Actif
1024,1024,M,32,26-35,Man,Site Web,Régulier,2024-01-19,Inactif
1025,1025,M,35,26-35,Korhogo,Réseaux sociaux,Nouveau,2024-01-18,Inactif
1026,1026,F,52,46-55,Korhogo,Mobile Money,Régulier,2023-08-10,Actif
1027,1027,M,31,26-35,Abidjan,Mobile Money,Occasionnel,2023-10-02,Actif
1028,1028,F,34,26-35,Abidjan,Partenaire,Fidèle,2022-01-30,Actif
1029,1029,M,24,18-25,Abidjan,Boutique,Nouveau,2024-12-10,Actif
1030,1030,F,41,36-45,Abidjan,Boutique,VIP,2022-03-25,Actif
1031,1031,M,49,46-55,Yamoussoukro,Mobile Money,VIP,2024-12-05,Inactif
1032,1032,M,51,46-55,Abidjan,Partenaire,Nouveau,2024-12-02,Inactif
1033,1033,F,36,36-45,Abidjan,Site Web,Occasionnel,2024-02-26,Actif
1034,1034,M,40,36-45,Yamoussoukro,Mobile Money,Occasionnel,2024-03-28,Actif
1035,1035,F,32,26-35,Abidjan,Mobile Money,Nouveau,2022-02-02,Actif
1036,1036,M,39,36-45,Abidjan,Mobile Money,VIP,2024-11-04,Actif
1037,1037,F,37,36-45,Abidjan,Mobile Money,Nouveau,2023-08-02,Actif
1038,1038,F,34,26-35,Yamoussoukro,Mobile Money,Nouveau,2023-01-07,Actif
1039,1039,F,35,26-35,Abidjan,Mobile Money,Nouveau,2024-01-04,Inactif
1040,1040,F,38,36-45,Abidjan,Mobile Money,Occasionnel,2023-08-09,Actif
1041,1041,F,30,26-35,Abidjan,Boutique,Fidèle,2023-01-31,Actif
1042,1042,M,31,26-35,Daloa,Boutique,Régulier,2022-12-19,Actif
1043,1043,M,52,46-55,Abidjan,Boutique,Régulier,2022-05-10,Actif
1044,1044,M,63,56+,Abidjan,Réseaux sociaux,Nouveau,2024-09-22,Actif
1045,1045,F,20,18-25,Korhogo,Mobile Money,Régulier,2023-12-31,Inactif
1046,1046,F,20,18-25,Korhogo,Réseaux sociaux,Occasionnel,2022-11-12,Actif
1047,1047,F,23,18-25,Abidjan,Réseaux sociaux,Occasionnel,2024-03-02,Inactif
1048,1048,M,32,26-35,Abidjan,Partenaire,Occasionnel,2024-01-30,Actif
1049,1049,M,43,36-45,Abidjan,Mobile Money,VIP,2022-06-03,Inactif
1050,1050,F,40,36-45,Yamoussoukro,Mobile Money,Régulier,2022-07-11,Actif
1051,1051,M,35,26-35,Abidjan,Site Web,Régulier,2022-09-10,Actif
1052,1052,F,39,36-45,Man,Mobile Money,Occasionnel,2022-04-26,Actif
1053,1053,F,26,26-35,San-Pédro,Mobile Money,Nouveau,2024-06-20,Actif
1054,1054,F,31,26-35,Bouaké,Mobile Money,Occasionnel,2022-06-20,Actif
1055,1055,F,33,26-35,Abidjan,Site Web,Régulier,2024-06-07,Actif
1056,1056,M,18,18-25,Korhogo,Réseaux sociaux,Régulier,2023-08-03,Actif
1057,1057,M,21,18-25,Yamoussoukro,Mobile Money,Régulier,2022-05-08,Actif
1058,1058,F,21,18-25,Daloa,Partenaire,Nouveau,2024-07-13,Actif
1059,1059,M,42,36-45,Abidjan,Site Web,Nouveau,2022-07-09,Actif
1060,1060,M,36,36-45,Yamoussoukro,Mobile Money,Nouveau,2024-12-30,Actif
1061,1061,M,40,36-45,San-Pédro,Boutique,Régulier,2022-01-16,Actif
1062,1062,M,18,18-25,Divo,Mobile Money,VIP,2023-11-13,Inactif
1063,1063,F,18,18-25,Bouaké,Réseaux sociaux,Occasionnel,2022-12-10,Actif
1064,1064,M,41,36-45,Abidjan,Site Web,Régulier,2023-08-08,Inactif
1065,1065,F,18,18-25,Abidjan,Site Web,Régulier,2024-07-08,Inactif
1066,1066,M,47,46-55,Yamoussoukro,Site Web,Nouveau,2024-05-11,Actif
1067,1067,F,18,18-25,Man,Mobile Money,Nouveau,2022-11-05,Actif
1068,1068,M,43,36-45,Bouaké,Partenaire,Nouveau,2022-03-11,Actif
1069,1069,F,24,18-25,Abidjan,Partenaire,Fidèle,2022-11-07,Inactif
1070,1070,F,45,36-45,Abidjan,Site Web,Nouveau,2024-06-05,Actif
1071,1071,M,69,56+,Bouaké,Boutique,Occasionnel,2023-07-19,Actif
1072,1072,M,18,18-25,Korhogo,Mobile Money,Occasionnel,2024-04-10,Actif
1073,1073,F,41,36-45,Abidjan,Mobile Money,Régulier,2023-06-26,Actif
1074,1074,M,18,18-25,Abidjan,Mobile Money,Nouveau,2023-08-03,Actif
1075,1075,M,38,36-45,Divo,Boutique,VIP,2022-03-12,Actif
1076,1076,F,31,26-35,Abidjan,Site Web,Nouveau,2022-01-26,Inactif
1077,1077,M,35,26-35,Abidjan,Partenaire,Fidèle,2024-02-10,Actif
1078,1078,F,23,18-25,Abidjan,Mobile Money,Occasionnel,2022-08-10,Actif
1079,1079,M,42,36-45,Abidjan,Mobile Money,Occasionnel,2023-01-30,Actif
1080,1080,F,18,18-25,Abidjan,Mobile Money,Régulier,2023-02-09,Actif
1081,1081,F,47,46-55,Yamoussoukro,Partenaire,Occasionnel,2023-11-25,Actif
1082,1082,M,29,26-35,Bouaké,Site Web,Nouveau,2024-10-27,Actif
1083,1083,M,18,18-25,Bouaké,Boutique,Régulier,2024-04-09,Inactif
1084,1084,M,51,46-55,Bouaké,Boutique,Occasionnel,2023-12-01,Actif
1085,1085,M,33,26-35,Abidjan,Boutique,Occasionnel,2024-07-03,Actif
1086,1086,M,54,46-55,Abidjan,Mobile Money,Régulier,2023-07-13,Inactif
1087,1087,M,47,46-55,Abidjan,Mobile Money,Régulier,2022-06-09,Actif
1088,1088,M,25,18-25,Abidjan,Mobile Money,Occasionnel,2023-06-19,Actif
1089,1089,F,33,26-35,Daloa,Mobile Money,Nouveau,2024-12-06,Actif
1090,1090,F,35,26-35,Abidjan,Boutique,Nouveau,2024-05-04,Actif
1091,1091,F,50,46-55,Yamoussoukro,Mobile Money,Occasionnel,2023-01-18,Actif
1092,1092,M,38,36-45,Abidjan,Site Web,Nouveau,2022-12-21,Actif
1093,1093,F,35,26-35,Abidjan,Boutique,Nouveau,2024-10-02,Actif
1094,1094,F,31,26-35,Abidjan,Boutique,Régulier,2022-04-14,Actif
1095,1095,M,33,26-35,Abidjan,Partenaire,Nouveau,2024-10-18,Inactif
1096,1096,F,48,46-55,Bouaké,Mobile Money,Nouveau,2024-01-12,Actif
1097,1097,F,34,26-35,San-Pédro,Site Web,Fidèle,2024-06-03,Actif
1098,1098,M,29,26-35,Abidjan,Mobile Money,Régulier,2022-12-27,Actif
1099,1099,M,27,26-35,Bouaké,Site Web,Régulier,2023-12-12,Actif
1100,1100,F,27,26-35,Daloa,Boutique,Occasionnel,2022-12-23,Actif
1101,1101,F,18,18-25,Abidjan,Mobile Money,Régulier,2022-01-19,Actif
1102,1102,F,25,18-25,Abidjan,Mobile Money,Fidèle,2023-05-13,Actif
1103,1103,M,50,46-55,Abidjan,Site Web,Nouveau,2024-12-08,Inactif
1104,1104,M,31,26-35,Abidjan,Site Web,Nouveau,2022-09-23,Actif
1105,1105,F,41,36-45,Korhogo,Site Web,Nouveau,2022-06-27,Actif
1106,1106,M,18,18-25,Abidjan,Boutique,Fidèle,2024-10-06,Actif
1107,1107,F,40,36-45,Abidjan,Site Web,Nouveau,2024-09-23,Actif
1108,1108,F,32,26-35,Daloa,Boutique,Occasionnel,2024-07-16,Actif
1109,1109,M,28,26-35,Abidjan,Mobile Money,Occasionnel,2024-12-05,Actif
1110,1110,F,35,26-35,Bouaké,Boutique,VIP,2024-12-21,Actif
1111,1111,F,28,26-35,Abidjan,Boutique,Nouveau,2024-10-02,Actif
1112,1112,F,18,18-25,Abidjan,Réseaux sociaux,Occasionnel,2024-11-22,Inactif
1113,1113,M,44,36-45,Abidjan,Boutique,VIP,2024-03-26,Actif
1114,1114,M,36,36-45,Abidjan,Boutique,Nouveau,2022-12-11,Actif
1115,1115,M,30,26-35,Abidjan,Partenaire,Occasionnel,2023-05-17,Actif
1116,1116,F,23,18-25,Yamoussoukro,Réseaux sociaux,Nouveau,2023-02-21,Actif
1117,1117,F,18,18-25,Yamoussoukro,Mobile Money,Nouveau,2023-07-12,Actif
1118,1118,M,36,36-45,Daloa,Réseaux sociaux,Nouveau,2024-02-04,Actif
1119,1119,F,51,46-55,Abidjan,Mobile Money,Nouveau,2022-09-22,Actif
1120,1120,M,36,36-45,Abengourou,Réseaux sociaux,Nouveau,2022-01-18,Actif
1121,1121,M,18,18-25,Abidjan,Mobile Money,Régulier,2023-10-22,Actif
1122,1122,F,36,36-45,San-Pédro,Boutique,Occasionnel,2024-12-24,Actif
1123,1123,M,33,26-35,Daloa,Partenaire,Occasionnel,2024-08-01,Actif
1124,1124,F,43,36-45,Bouaké,Mobile Money,Régulier,2022-01-12,Actif
1125,1125,F,40,36-45,Abidjan,Réseaux sociaux,Fidèle,2023-10-18,Actif
1126,1126,M,18,18-25,Daloa,Boutique,Nouveau,2023-08-05,Actif
1127,1127,F,39,36-45,Daloa,Mobile Money,Nouveau,2023-04-11,Inactif
1128,1128,M,22,18-25,Abidjan,Partenaire,Nouveau,2024-01-03,Actif
1129,1129,M,18,18-25,Daloa,Boutique,Fidèle,2023-04-12,Actif
1130,1130,M,31,26-35,Abidjan,Réseaux sociaux,Fidèle,2024-09-27,Actif
1131,1131,M,38,36-45,Abidjan,Réseaux sociaux,Occasionnel,2024-09-20,Actif
1132,1132,F,18,18-25,Bouaké,Mobile Money,Nouveau,2023-12-07,Actif
1133,1133,F,41,36-45,San-Pédro,Mobile Money,Occasionnel,2023-05-18,Actif
1134,1134,M,42,36-45,Abidjan,Mobile Money,Régulier,2023-10-16,Actif
1135,1135,M,34,26-35,Abidjan,Boutique,Nouveau,2024-09-12,Inactif
1136,1136,F,24,18-25,Abidjan,Mobile Money,Nouveau,2022-11-25,Actif
1137,1137,F,23,18-25,Abidjan,Boutique,Nouveau,2024-08-09,Inactif
1138,1138,F,45,36-45,Abidjan,Réseaux sociaux,Régulier,2023-10-10,Actif
1139,1139,F,18,18-25,Abidjan,Mobile Money,VIP,2022-03-11,Actif
1140,1140,M,45,36-45,Daloa,Site Web,Nouveau,2024-03-31,Actif
1141,1141,F,32,26-35,Abidjan,Boutique,Fidèle,2022-08-10,Actif
1142,1142,M,32,26-35,Abidjan,Mobile Money,Occasionnel,2023-07-19,Actif
1143,1143,M,18,18-25,Abidjan,Mobile Money,Régulier,2024-11-06,Inactif
1144,1144,M,32,26-35,Abidjan,Mobile Money,Fidèle,2024-05-03,Actif
1145,1145,F,40,36-45,Abidjan,Site Web,Occasionnel,2024-02-05,Inactif
1146,1146,F,19,18-25,Abidjan,Mobile Money,Nouveau,2022-03-18,Actif
1147,1147,M,39,36-45,Abidjan,Réseaux sociaux,Nouveau,2024-07-29,Actif
1148,1148,M,34,26-35,Abidjan,Réseaux sociaux,Régulier,2023-01-03,Actif
1149,1149,F,26,26-35,Bouaké,Mobile Money,Occasionnel,2022-02-24,Actif
1150,1150,M,43,36-45,Korhogo,Réseaux sociaux,Nouveau,2024-11-16,Actif
1151,1151,F,18,18-25,Abidjan,Partenaire,Occasionnel,2022-07-28,Actif
1152,1152,M,37,36-45,Abidjan,Mobile Money,Nouveau,2022-12-21,Inactif
1153,1153,F,51,46-55,Abidjan,Partenaire,Nouveau,2022-06-05,Actif
1154,1154,F,49,46-55,Abidjan,Mobile Money,Fidèle,2023-11-12,Actif
1155,1155,M,38,36-45,Bouaké,Site Web,Occasionnel,2024-08-08,Actif
1156,1156,F,30,26-35,Yamoussoukro,Mobile Money,Nouveau,2023-07-24,Actif
1157,1157,F,27,26-35,Abidjan,Réseaux sociaux,Occasionnel,2024-08-09,Actif
1158,1158,F,30,26-35,Abidjan,Réseaux sociaux,Fidèle,2024-10-22,Actif
1159,1159,F,39,36-45,Abidjan,Partenaire,Nouveau,2024-08-13,Actif
1160,1160,M,25,18-25,Abidjan,Partenaire,Nouveau,2022-06-28,Inactif
1161,1161,F,42,36-45,Divo,Mobile Money,Occasionnel,2022-08-14,Inactif
1162,1162,M,57,56+,Abidjan,Site Web,Nouveau,2022-11-24,Actif
1163,1163,M,33,26-35,Abidjan,Mobile Money,Nouveau,2023-11-30,Actif
1164,1164,F,19,18-25,Abidjan,Mobile Money,Nouveau,2024-08-02,Actif
1165,1165,F,19,18-25,Abidjan,Mobile Money,Nouveau,2022-12-09,Actif
1166,1166,M,42,36-45,Abidjan,Partenaire,Régulier,2023-12-31,Actif
1167,1167,M,33,26-35,Abidjan,Site Web,Nouveau,2022-07-25,Actif
1168,1168,M,43,36-45,Abidjan,Mobile Money,Occasionnel,2023-08-18,Actif
1169,1169,M,28,26-35,Abidjan,Partenaire,Régulier,2024-05-03,Actif
1170,1170,F,43,36-45,Bouaké,Réseaux sociaux,Nouveau,2023-03-09,Actif
1171,1171,F,32,26-35,Abidjan,Mobile Money,Nouveau,2022-06-28,Actif
1172,1172,M,25,18-25,Abidjan,Boutique,VIP,2023-03-27,Actif
1173,1173,F,29,26-35,Korhogo,Site Web,Occasionnel,2024-04-14,Actif
1174,1174,M,20,18-25,Abidjan,Site Web,Régulier,2024-10-20,Actif
1175,1175,F,55,46-55,Gagnoa,Boutique,Occasionnel,2023-11-06,Actif
1176,1176,M,32,26-35,Man,Boutique,VIP,2024-01-05,Actif
1177,1177,F,41,36-45,Abidjan,Mobile Money,Nouveau,2023-04-05,Actif
1178,1178,F,28,26-35,Abidjan,Boutique,Nouveau,2024-10-14,Actif
1179,1179,F,22,18-25,San-Pédro,Boutique,Régulier,2024-08-10,Inactif
1180,1180,F,31,26-35,Abidjan,Mobile Money,Nouveau,2024-11-30,Inactif
1181,1181,M,46,46-55,Abidjan,Mobile Money,Occasionnel,2024-08-03,Actif
1182,1182,F,28,26-35,Bouaké,Site Web,Nouveau,2023-08-22,Inactif
1183,1183,F,24,18-25,Abidjan,Boutique,Nouveau,2024-11-17,Actif
1184,1184,F,35,26-35,San-Pédro,Boutique,Régulier,2023-10-30,Actif
1185,1185,F,39,36-45,Yamoussoukro,Mobile Money,Occasionnel,2023-10-21,Actif
1186,1186,M,52,46-55,Korhogo,Partenaire,Occasionnel,2023-12-20,Actif
1187,1187,F,37,36-45,Daloa,Mobile Money,Nouveau,2022-07-23,Actif
1188,1188,M,41,36-45,Bouaké,Boutique,Nouveau,2024-07-07,Inactif
1189,1189,F,41,36-45,Abidjan,Mobile Money,Régulier,2023-02-02,Actif
1190,1190,M,21,18-25,Abengourou,Site Web,Nouveau,2023-12-23,Actif
1191,1191,F,23,18-25,Divo,Boutique,Occasionnel,2024-07-13,Actif
1192,1192,F,22,18-25,San-Pédro,Boutique,Occasionnel,2022-05-06,Inactif
1193,1193,M,19,18-25,Daloa,Réseaux sociaux,Nouveau,2022-11-26,Actif
1194,1194,M,42,36-45,Bouaké,Site Web,Nouveau,2024-10-28,Inactif
1195,1195,M,37,36-45,Abidjan,Boutique,Régulier,2023-01-31,Actif
1196,1196,F,34,26-35,Korhogo,Boutique,Occasionnel,2023-12-25,Actif
1197,1197,F,18,18-25,Abidjan,Partenaire,Nouveau,2023-09-07,Actif
1198,1198,M,56,56+,Abidjan,Partenaire,VIP,2024-08-10,Actif
1199,1199,F,24,18-25,Abidjan,Site Web,Nouveau,2023-07-13,Actif
1200,1200,M,56,56+,Bouaké,Site Web,Régulier,2023-04-11,Actif
1201,1201,M,18,18-25,Bouaké,Réseaux sociaux,Nouveau,2022-01-18,Actif
1202,1202,M,25,18-25,Abidjan,Partenaire,Occasionnel,2023-06-04,Actif
1203,1203,M,18,18-25,Abidjan,Mobile Money,Occasionnel,2023-10-03,Actif
1204,1204,M,37,36-45,Abidjan,Partenaire,Nouveau,2024-01-25,Actif
1205,1205,F,21,18-25,Abidjan,Site Web,Régulier,2024-05-04,Actif
1206,1206,F,22,18-25,Abidjan,Boutique,Nouveau,2024-04-30,Actif
1207,1207,M,18,18-25,Yamoussoukro,Boutique,Occasionnel,2023-05-18,Actif
1208,1208,F,42,36-45,Abidjan,Mobile Money,Régulier,2022-03-27,Inactif
1209,1209,F,41,36-45,Abidjan,Réseaux sociaux,Occasionnel,2022-10-06,Actif
1210,1210,F,53,46-55,Abidjan,Site Web,Occasionnel,2023-03-23,Actif
1211,1211,M,26,26-35,Abidjan,Mobile Money,Nouveau,2024-12-07,Inactif
1212,1212,M,36,36-45,San-Pédro,Site Web,Nouveau,2024-04-22,Inactif
1213,1213,M,19,18-25,Abidjan,Mobile Money,Fidèle,2024-09-06,Inactif
1214,1214,F,30,26-35,Abidjan,Boutique,Occasionnel,2024-12-22,Actif
1215,1215,F,28,26-35,Yamoussoukro,Boutique,Régulier,2022-05-26,Actif
1216,1216,M,39,36-45,Abidjan,Site Web,Occasionnel,2022-01-13,Inactif
1217,1217,F,45,36-45,San-Pédro,Mobile Money,Occasionnel,2023-09-21,Actif
1218,1218,M,44,36-45,Gagnoa,Mobile Money,Nouveau,2022-10-17,Actif
1219,1219,M,24,18-25,Bouaké,Mobile Money,Nouveau,2024-08-09,Inactif
1220,1220,F,44,36-45,Divo,Site Web,Occasionnel,2023-05-25,Inactif
1221,1221,F,33,26-35,Abidjan,Partenaire,Nouveau,2022-01-11,Actif
1222,1222,F,30,26-35,Abidjan,Site Web,Nouveau,2022-09-02,Actif
1223,1223,M,26,26-35,Abidjan,Site Web,Occasionnel,2023-01-09,Inactif
1224,1224,M,27,26-35,Abidjan,Mobile Money,Occasionnel,2022-01-30,Actif
1225,1225,F,53,46-55,Abidjan,Mobile Money,Occasionnel,2022-12-14,Actif
1226,1226,M,37,36-45,Abidjan,Réseaux sociaux,Régulier,2023-08-14,Actif
1227,1227,F,35,26-35,Abidjan,Boutique,Occasionnel,2024-09-05,Actif
1228,1228,F,31,26-35,Abidjan,Mobile Money,Nouveau,2023-12-13,Actif
1229,1229,M,60,56+,Bouaké,Boutique,Régulier,2022-04-13,Inactif
1230,1230,F,48,46-55,Abidjan,Site Web,Occasionnel,2023-04-01,Actif
1231,1231,F,26,26-35,Abidjan,Mobile Money,Occasionnel,2024-04-21,Actif
1232,1232,M,30,26-35,Abidjan,Mobile Money,Fidèle,2023-02-10,Actif
1233,1233,F,31,26-35,Yamoussoukro,Site Web,Nouveau,2023-09-09,Actif
1234,1234,M,35,26-35,Abidjan,Mobile Money,Occasionnel,2024-12-15,Inactif
1235,1235,F,26,26-35,Daloa,Boutique,Nouveau,2022-05-31,Actif
1236,1236,F,38,36-45,Abidjan,Réseaux sociaux,Nouveau,2023-06-07,Inactif
1237,1237,F,49,46-55,Abidjan,Partenaire,Occasionnel,2023-10-30,Inactif
1238,1238,F,19,18-25,Gagnoa,Boutique,Nouveau,2024-05-23,Actif
1239,1239,F,21,18-25,Abidjan,Mobile Money,Nouveau,2024-07-05,Actif
1240,1240,F,28,26-35,Abidjan,Boutique,Occasionnel,2022-11-11,Inactif
1241,1241,M,29,26-35,Abidjan,Mobile Money,Nouveau,2023-05-27,Actif
1242,1242,F,55,46-55,Abidjan,Réseaux sociaux,Occasionnel,2024-06-28,Inactif
1243,1243,F,45,36-45,Abidjan,Site Web,Nouveau,2024-07-07,Actif
1244,1244,F,44,36-45,Abidjan,Boutique,Occasionnel,2024-06-20,Actif
1245,1245,F,31,26-35,Abidjan,Site Web,Occasionnel,2024-01-02,Actif
1246,1246,F,30,26-35,Man,Boutique,Occasionnel,2022-10-21,Actif
1247,1247,M,18,18-25,Abidjan,Boutique,Régulier,2023-02-08,Actif
1248,1248,F,42,36-45,Abidjan,Partenaire,VIP,2023-12-20,Actif
1249,1249,M,39,36-45,San-Pédro,Mobile Money,Nouveau,2022-10-06,Actif
1250,1250,M,48,46-55,Abidjan,Mobile Money,Occasionnel,2024-01-17,Actif
1251,1251,F,31,26-35,Korhogo,Réseaux sociaux,Fidèle,2023-07-18,Actif
1252,1252,F,32,26-35,Abidjan,Boutique,Régulier,2023-04-30,Inactif
1253,1253,F,35,26-35,Bouaké,Mobile Money,VIP,2023-01-25,Inactif
1254,1254,M,43,36-45,Man,Mobile Money,Régulier,2024-04-27,Actif
1255,1255,F,18,18-25,Abidjan,Boutique,Régulier,2023-05-25,Inactif
1256,1256,M,42,36-45,San-Pédro,Boutique,Nouveau,2022-12-03,Actif
1257,1257,M,33,26-35,Bouaké,Boutique,Nouveau,2023-02-25,Actif
1258,1258,M,22,18-25,San-Pédro,Mobile Money,Occasionnel,2023-06-15,Actif
1259,1259,M,18,18-25,Abidjan,Boutique,Occasionnel,2023-11-08,Inactif
1260,1260,M,32,26-35,Abidjan,Site Web,Régulier,2024-12-20,Actif
1261,1261,F,49,46-55,Abidjan,Réseaux sociaux,VIP,2023-01-08,Inactif
1262,1262,F,52,46-55,Gagnoa,Site Web,Nouveau,2022-07-15,Actif
1263,1263,F,37,36-45,Abidjan,Site Web,Occasionnel,2024-12-06,Actif
1264,1264,M,55,46-55,Abidjan,Réseaux sociaux,Fidèle,2022-06-11,Actif
1265,1265,M,33,26-35,Korhogo,Mobile Money,Fidèle,2024-09-16,Actif
1266,1266,M,44,36-45,Abidjan,Mobile Money,Régulier,2022-06-05,Actif
1267,1267,F,29,26-35,Bouaké,Mobile Money,Régulier,2023-02-03,Inactif
1268,1268,M,28,26-35,Abidjan,Boutique,VIP,2024-12-28,Actif
1269,1269,F,26,26-35,Bouaké,Partenaire,Occasionnel,2022-07-01,Actif
1270,1270,F,18,18-25,Abidjan,Mobile Money,Nouveau,2022-06-25,Actif
1271,1271,M,48,46-55,Abidjan,Réseaux sociaux,Nouveau,2023-10-30,Actif
1272,1272,F,26,26-35,Abidjan,Mobile Money,Occasionnel,2022-07-28,Inactif
1273,1273,F,25,18-25,Abidjan,Boutique,Régulier,2022-01-27,Actif
1274,1274,M,21,18-25,Abidjan,Boutique,Occasionnel,2024-01-31,Actif
1275,1275,F,31,26-35,Abidjan,Mobile Money,Régulier,2024-11-16,Actif
1276,1276,F,53,46-55,Yamoussoukro,Boutique,Occasionnel,2024-04-11,Actif
1277,1277,F,57,56+,Abidjan,Site Web,Régulier,2024-11-21,Actif
1278,1278,F,18,18-25,Abidjan,Boutique,Nouveau,2023-08-01,Actif
1279,1279,M,30,26-35,Abidjan,Réseaux sociaux,Occasionnel,2023-11-04,Actif
1280,1280,M,22,18-25,Abidjan,Réseaux sociaux,Nouveau,2024-12-12,Actif
1281,1281,F,44,36-45,Yamoussoukro,Boutique,Occasionnel,2023-07-06,Actif
1282,1282,F,37,36-45,Abidjan,Partenaire,Occasionnel,2022-02-12,Actif
1283,1283,F,26,26-35,Korhogo,Mobile Money,Régulier,2022-09-19,Actif
1284,1284,M,34,26-35,Yamoussoukro,Mobile Money,Occasionnel,2023-11-11,Actif
1285,1285,M,28,26-35,San-Pédro,Boutique,VIP,2024-07-27,Actif
1286,1286,M,51,46-55,Yamoussoukro,Boutique,Fidèle,2023-10-27,Actif
1287,1287,F,40,36-45,Abidjan,Boutique,Nouveau,2023-03-21,Actif
1288,1288,F,41,36-45,Gagnoa,Boutique,Nouveau,2022-12-18,Actif
1289,1289,F,18,18-25,Daloa,Réseaux sociaux,Nouveau,2024-01-19,Inactif
1290,1290,M,33,26-35,Bouaké,Mobile Money,Nouveau,2024-09-11,Actif
1291,1291,F,56,56+,Abidjan,Réseaux sociaux,Nouveau,2022-11-01,Actif
1292,1292,M,48,46-55,Abidjan,Boutique,Fidèle,2023-08-29,Actif
1293,1293,M,18,18-25,Bouaké,Boutique,Fidèle,2023-04-14,Actif
1294,1294,F,30,26-35,Abidjan,Mobile Money,Nouveau,2022-09-27,Inactif
1295,1295,F,20,18-25,Yamoussoukro,Mobile Money,Régulier,2023-03-20,Actif
1296,1296,F,52,46-55,Abidjan,Boutique,Fidèle,2022-04-07,Actif
1297,1297,F,36,36-45,Abidjan,Site Web,Occasionnel,2023-08-04,Actif
1298,1298,F,25,18-25,Abidjan,Boutique,Fidèle,2022-04-28,Actif
1299,1299,M,34,26-35,Abidjan,Mobile Money,VIP,2023-06-04,Actif
1300,1300,F,18,18-25,Abidjan,Site Web,VIP,2024-09-09,Actif
1301,1301,F,22,18-25,San-Pédro,Site Web,Régulier,2022-06-09,Actif
1302,1302,M,34,26-35,Bouaké,Partenaire,Occasionnel,2022-10-02,Actif
1303,1303,M,43,36-45,Divo,Boutique,Nouveau,2024-02-29,Actif
1304,1304,F,18,18-25,Daloa,Site Web,VIP,2024-09-20,Actif
1305,1305,M,29,26-35,Daloa,Boutique,Nouveau,2024-11-12,Actif
1306,1306,M,45,36-45,Abidjan,Site Web,Occasionnel,2022-05-12,Actif
1307,1307,M,18,18-25,San-Pédro,Boutique,Nouveau,2022-09-19,Inactif
1308,1308,M,36,36-45,Divo,Mobile Money,Occasionnel,2024-12-13,Actif
1309,1309,F,34,26-35,Yamoussoukro,Partenaire,Nouveau,2023-07-08,Actif
1310,1310,M,52,46-55,Abidjan,Site Web,Régulier,2024-07-01,Actif
1311,1311,F,31,26-35,Yamoussoukro,Site Web,Occasionnel,2022-01-16,Actif
1312,1312,M,32,26-35,Abidjan,Boutique,Occasionnel,2022-05-08,Actif
1313,1313,M,43,36-45,Abidjan,Site Web,Occasionnel,2022-08-12,Actif
1314,1314,F,19,18-25,Yamoussoukro,Mobile Money,Occasionnel,2022-04-05,Actif
1315,1315,F,31,26-35,San-Pédro,Mobile Money,Régulier,2024-09-02,Actif
1316,1316,M,28,26-35,Abidjan,Mobile Money,Fidèle,2024-05-29,Actif
1317,1317,M,32,26-35,Abidjan,Mobile Money,Fidèle,2023-03-04,Actif
1318,1318,F,43,36-45,Korhogo,Mobile Money,Occasionnel,2022-03-27,Actif
1319,1319,M,40,36-45,Abidjan,Site Web,Fidèle,2022-04-27,Actif
1320,1320,M,25,18-25,Abidjan,Mobile Money,Occasionnel,2022-10-15,Inactif
1321,1321,F,35,26-35,Yamoussoukro,Réseaux sociaux,Régulier,2024-03-07,Actif
1322,1322,F,50,46-55,San-Pédro,Réseaux sociaux,Régulier,2024-05-27,Actif
1323,1323,F,24,18-25,Abidjan,Mobile Money,Occasionnel,2023-08-14,Inactif
1324,1324,M,35,26-35,Abidjan,Site Web,Occasionnel,2024-09-20,Actif
1325,1325,F,31,26-35,Abidjan,Boutique,Régulier,2024-10-13,Actif
1326,1326,M,33,26-35,Abidjan,Réseaux sociaux,Nouveau,2024-04-20,Actif
1327,1327,F,18,18-25,Daloa,Boutique,Régulier,2022-03-28,Actif
1328,1328,M,49,46-55,San-Pédro,Boutique,Occasionnel,2024-09-01,Actif
1329,1329,F,25,18-25,Abidjan,Mobile Money,Occasionnel,2024-09-21,Actif
1330,1330,F,45,36-45,Abidjan,Réseaux sociaux,Fidèle,2023-09-06,Actif
1331,1331,M,27,26-35,Abidjan,Mobile Money,Nouveau,2023-10-19,Actif
1332,1332,F,27,26-35,Abidjan,Réseaux sociaux,Nouveau,2024-05-03,Actif
1333,1333,M,47,46-55,Abidjan,Mobile Money,Occasionnel,2023-10-11,Actif
1334,1334,M,44,36-45,Abidjan,Site Web,Nouveau,2023-01-12,Actif
1335,1335,M,36,36-45,Daloa,Boutique,Nouveau,2024-02-03,Actif
1336,1336,M,42,36-45,Abidjan,Mobile Money,Régulier,2024-05-09,Actif
1337,1337,F,30,26-35,Yamoussoukro,Mobile Money,Nouveau,2022-06-04,Inactif
1338,1338,M,33,26-35,Abidjan,Mobile Money,Régulier,2024-01-15,Inactif
1339,1339,M,26,26-35,San-Pédro,Site Web,Nouveau,2022-07-09,Actif
1340,1340,F,43,36-45,Gagnoa,Site Web,Nouveau,2023-09-22,Actif
1341,1341,F,26,26-35,Abidjan,Mobile Money,Occasionnel,2022-04-29,Actif
1342,1342,M,50,46-55,Abidjan,Boutique,VIP,2024-12-22,Actif
1343,1343,F,30,26-35,Daloa,Mobile Money,Occasionnel,2024-01-02,Actif
1344,1344,M,34,26-35,Abidjan,Site Web,Nouveau,2023-05-30,Actif
1345,1345,M,42,36-45,Abidjan,Site Web,Occasionnel,2023-07-06,Inactif
1346,1346,M,34,26-35,Abidjan,Réseaux sociaux,Occasionnel,2023-11-10,Actif
1347,1347,F,30,26-35,Korhogo,Réseaux sociaux,Régulier,2022-05-17,Actif
1348,1348,F,33,26-35,Abidjan,Mobile Money,Nouveau,2023-07-13,Actif
1349,1349,F,43,36-45,Abidjan,Mobile Money,Nouveau,2024-02-23,Actif
1350,1350,F,26,26-35,Abidjan,Réseaux sociaux,Occasionnel,2022-10-13,Actif
1351,1351,M,32,26-35,Yamoussoukro,Mobile Money,Régulier,2023-06-09,Actif
1352,1352,M,34,26-35,Abidjan,Mobile Money,Régulier,2022-12-28,Inactif
1353,1353,F,43,36-45,Korhogo,Mobile Money,Occasionnel,2022-06-26,Actif
1354,1354,F,32,26-35,Daloa,Site Web,Régulier,2024-12-07,Inactif
1355,1355,M,53,46-55,Abidjan,Site Web,Occasionnel,2023-10-12,Actif
1356,1356,F,32,26-35,Abidjan,Partenaire,Occasionnel,2023-03-06,Actif
1357,1357,M,31,26-35,San-Pédro,Boutique,Régulier,2023-01-06,Inactif
1358,1358,F,32,26-35,Daloa,Mobile Money,Nouveau,2024-01-14,Actif
1359,1359,M,19,18-25,Abidjan,Boutique,Fidèle,2022-04-29,Inactif
1360,1360,F,22,18-25,Abidjan,Site Web,Nouveau,2023-09-13,Inactif
1361,1361,M,28,26-35,Abidjan,Mobile Money,Régulier,2022-09-10,Actif
1362,1362,F,46,46-55,Abidjan,Partenaire,Occasionnel,2024-09-01,Actif
1363,1363,M,33,26-35,Abidjan,Boutique,Fidèle,2024-05-08,Actif
1364,1364,F,28,26-35,Abidjan,Site Web,Nouveau,2024-04-09,Actif
1365,1365,F,47,46-55,Abidjan,Réseaux sociaux,Fidèle,2022-06-09,Inactif
1366,1366,M,51,46-55,San-Pédro,Boutique,Nouveau,2022-03-30,Actif
1367,1367,F,47,46-55,Daloa,Site Web,Nouveau,2023-05-17,Actif
1368,1368,F,24,18-25,San-Pédro,Boutique,Fidèle,2023-01-25,Actif
1369,1369,F,28,26-35,Bouaké,Réseaux sociaux,Nouveau,2024-03-04,Actif
1370,1370,F,53,46-55,Bouaké,Réseaux sociaux,Régulier,2024-02-19,Actif
1371,1371,F,36,36-45,Abidjan,Boutique,Occasionnel,2023-03-11,Actif
1372,1372,M,31,26-35,Yamoussoukro,Mobile Money,Fidèle,2022-06-26,Actif
1373,1373,F,41,36-45,Abidjan,Partenaire,Régulier,2022-12-22,Actif
1374,1374,M,45,36-45,Abidjan,Partenaire,Nouveau,2023-07-06,Actif
1375,1375,M,27,26-35,Divo,Site Web,Régulier,2022-10-05,Actif
1376,1376,F,36,36-45,Korhogo,Partenaire,Nouveau,2022-12-14,Actif
1377,1377,M,44,36-45,Abidjan,Boutique,Régulier,2022-09-21,Actif
1378,1378,M,21,18-25,Daloa,Boutique,Régulier,2022-03-12,Inactif
1379,1379,M,34,26-35,Abidjan,Boutique,Régulier,2023-10-21,Actif
1380,1380,F,21,18-25,Abidjan,Mobile Money,Régulier,2024-12-27,Actif
1381,1381,F,23,18-25,Abidjan,Boutique,Fidèle,2024-11-08,Actif
1382,1382,F,27,26-35,Abidjan,Site Web,Occasionnel,2024-10-14,Actif
1383,1383,M,39,36-45,Yamoussoukro,Mobile Money,Fidèle,2023-12-23,Actif
1384,1384,M,30,26-35,Abidjan,Mobile Money,Nouveau,2024-03-29,Actif
1385,1385,M,26,26-35,Abidjan,Site Web,Occasionnel,2022-03-12,Actif
1386,1386,F,34,26-35,Abengourou,Site Web,Régulier,2022-08-09,Inactif
1387,1387,M,21,18-25,Abidjan,Partenaire,Nouveau,2024-02-13,Actif
1388,1388,F,38,36-45,Abidjan,Mobile Money,Occasionnel,2024-12-18,Inactif
1389,1389,M,46,46-55,Abidjan,Réseaux sociaux,Régulier,2024-09-21,Actif
1390,1390,F,33,26-35,Abidjan,Mobile Money,Occasionnel,2023-11-22,Inactif
1391,1391,M,31,26-35,Abidjan,Mobile Money,Nouveau,2022-04-30,Actif
1392,1392,M,38,36-45,Bouaké,Site Web,Nouveau,2024-11-23,Actif
1393,1393,F,18,18-25,Korhogo,Boutique,Nouveau,2022-12-15,Inactif
1394,1394,F,39,36-45,Abidjan,Site Web,Nouveau,2022-02-16,Inactif
1395,1395,M,68,56+,Abidjan,Mobile Money,Nouveau,2024-04-21,Inactif
1396,1396,F,32,26-35,Abidjan,Mobile Money,Fidèle,2022-07-09,Inactif
1397,1397,M,32,26-35,San-Pédro,Boutique,Nouveau,2022-11-27,Actif
1398,1398,M,42,36-45,Abidjan,Mobile Money,Régulier,2024-01-12,Actif
1399,1399,M,52,46-55,Abidjan,Mobile Money,VIP,2024-11-23,Inactif
1400,1400,F,44,36-45,Abengourou,Mobile Money,Nouveau,2024-09-20,Actif
1401,1401,F,18,18-25,Bouaké,Mobile Money,VIP,2022-06-29,Inactif
1402,1402,F,40,36-45,Abidjan,Site Web,Nouveau,2022-07-12,Inactif
1403,1403,M,62,56+,Abidjan,Mobile Money,Régulier,2024-06-04,Actif
1404,1404,F,40,36-45,Abidjan,Site Web,VIP,2022-12-14,Actif
1405,1405,F,21,18-25,Abengourou,Boutique,Régulier,2022-03-27,Actif
1406,1406,F,37,36-45,Abidjan,Boutique,Nouveau,2023-10-07,Inactif
1407,1407,M,19,18-25,Abidjan,Boutique,Nouveau,2023-12-21,Actif
1408,1408,F,47,46-55,Bouaké,Site Web,Nouveau,2024-12-30,Actif
1409,1409,M,23,18-25,Abidjan,Réseaux sociaux,Fidèle,2023-06-17,Actif
1410,1410,M,34,26-35,Abidjan,Mobile Money,Nouveau,2024-05-25,Inactif
1411,1411,M,24,18-25,Korhogo,Réseaux sociaux,Occasionnel,2023-08-09,Actif
1412,1412,M,27,26-35,Abidjan,Mobile Money,Nouveau,2024-10-08,Actif
1413,1413,M,50,46-55,Korhogo,Boutique,Occasionnel,2023-06-18,Actif
1414,1414,M,35,26-35,Daloa,Boutique,Occasionnel,2024-01-10,Actif
1415,1415,F,27,26-35,Abidjan,Mobile Money,Nouveau,2024-11-20,Inactif
1416,1416,M,21,18-25,Yamoussoukro,Mobile Money,Occasionnel,2024-08-18,Actif
1417,1417,M,18,18-25,Daloa,Mobile Money,Occasionnel,2023-03-16,Actif
1418,1418,M,20,18-25,Bouaké,Mobile Money,Occasionnel,2023-07-10,Actif
1419,1419,M,35,26-35,Bouaké,Boutique,Occasionnel,2023-10-12,Actif
1420,1420,M,44,36-45,Abidjan,Mobile Money,Occasionnel,2022-05-16,Actif
1421,1421,M,27,26-35,Abidjan,Réseaux sociaux,Régulier,2022-09-13,Actif
1422,1422,F,51,46-55,Yamoussoukro,Réseaux sociaux,Occasionnel,2024-02-16,Actif
1423,1423,F,26,26-35,Abidjan,Mobile Money,Occasionnel,2022-03-20,Actif
1424,1424,F,31,26-35,Abidjan,Mobile Money,Nouveau,2023-10-21,Actif
1425,1425,F,22,18-25,Abidjan,Boutique,Nouveau,2023-06-15,Inactif
1426,1426,F,44,36-45,Abidjan,Réseaux sociaux,Régulier,2023-06-16,Actif
1427,1427,F,57,56+,Daloa,Boutique,Fidèle,2024-07-15,Actif
1428,1428,F,18,18-25,San-Pédro,Mobile Money,Nouveau,2022-10-29,Actif
1429,1429,M,30,26-35,San-Pédro,Partenaire,Occasionnel,2024-05-15,Inactif
1430,1430,F,47,46-55,Abidjan,Boutique,Occasionnel,2024-05-08,Actif
1431,1431,M,18,18-25,Abidjan,Boutique,Régulier,2024-12-22,Actif
1432,1432,M,40,36-45,San-Pédro,Réseaux sociaux,Nouveau,2024-06-17,Actif
1433,1433,F,47,46-55,Abidjan,Partenaire,VIP,2023-07-10,Actif
1434,1434,F,34,26-35,Yamoussoukro,Boutique,Nouveau,2023-02-03,Inactif
1435,1435,F,40,36-45,Bouaké,Mobile Money,VIP,2024-05-05,Actif
1436,1436,M,53,46-55,Abidjan,Boutique,Nouveau,2024-10-12,Actif
1437,1437,F,55,46-55,Abidjan,Mobile Money,Nouveau,2022-11-04,Inactif
1438,1438,F,33,26-35,Yamoussoukro,Boutique,Nouveau,2023-02-09,Actif
1439,1439,M,28,26-35,Abidjan,Mobile Money,Nouveau,2023-06-29,Actif
1440,1440,M,23,18-25,Korhogo,Site Web,VIP,2022-04-28,Actif
1441,1441,F,44,36-45,Bouaké,Site Web,Occasionnel,2022-12-11,Actif
1442,1442,F,18,18-25,Abidjan,Partenaire,Nouveau,2022-07-02,Inactif
1443,1443,F,31,26-35,Yamoussoukro,Réseaux sociaux,VIP,2024-04-25,Inactif
1444,1444,F,35,26-35,Abidjan,Mobile Money,Nouveau,2023-06-26,Actif
1445,1445,F,28,26-35,Abidjan,Mobile Money,Nouveau,2023-10-24,Inactif
1446,1446,M,37,36-45,Gagnoa,Boutique,Nouveau,2022-03-29,Actif
1447,1447,M,62,56+,Yamoussoukro,Mobile Money,Occasionnel,2023-09-20,Actif
1448,1448,M,32,26-35,Bouaké,Mobile Money,Fidèle,2024-02-26,Actif
1449,1449,M,29,26-35,San-Pédro,Site Web,Nouveau,2024-01-25,Inactif
1450,1450,F,45,36-45,Abidjan,Boutique,Régulier,2024-05-20,Actif
1451,1451,M,36,36-45,Abidjan,Mobile Money,Nouveau,2022-05-05,Actif
1452,1452,M,49,46-55,Abidjan,Boutique,Nouveau,2023-08-25,Actif
1453,1453,M,35,26-35,Abidjan,Partenaire,Régulier,2023-06-13,Actif
1454,1454,M,31,26-35,Abidjan,Site Web,Régulier,2024-09-05,Actif
1455,1455,F,18,18-25,Abidjan,Mobile Money,Occasionnel,2024-01-27,Actif
1456,1456,F,18,18-25,Daloa,Boutique,Nouveau,2024-11-10,Inactif
1457,1457,F,18,18-25,Abidjan,Réseaux sociaux,Nouveau,2022-01-28,Inactif
1458,1458,F,38,36-45,Bouaké,Mobile Money,Régulier,2023-05-06,Actif
1459,1459,M,19,18-25,San-Pédro,Site Web,Occasionnel,2024-02-10,Inactif
1460,1460,F,47,46-55,Abengourou,Site Web,Occasionnel,2022-04-08,Inactif
1461,1461,M,34,26-35,Abidjan,Site Web,Nouveau,2023-12-15,Inactif
1462,1462,M,31,26-35,Korhogo,Mobile Money,Régulier,2022-09-11,Actif
1463,1463,F,24,18-25,San-Pédro,Réseaux sociaux,Nouveau,2022-03-23,Inactif
1464,1464,F,40,36-45,Abidjan,Mobile Money,Régulier,2023-12-22,Actif
1465,1465,M,25,18-25,Abidjan,Mobile Money,Régulier,2023-04-12,Actif
1466,1466,M,23,18-25,Abidjan,Mobile Money,Nouveau,2023-03-21,Actif
1467,1467,F,47,46-55,Yamoussoukro,Boutique,Occasionnel,2022-12-23,Actif
1468,1468,F,37,36-45,Bouaké,Mobile Money,Occasionnel,2024-01-21,Inactif
1469,1469,M,31,26-35,Abidjan,Site Web,Occasionnel,2023-11-09,Actif
1470,1470,F,41,36-45,Daloa,Réseaux sociaux,Fidèle,2024-01-01,Actif
1471,1471,M,34,26-35,Abidjan,Mobile Money,Occasionnel,2024-05-12,Actif
1472,1472,F,38,36-45,Abidjan,Réseaux sociaux,Nouveau,2023-10-25,Inactif
1473,1473,F,25,18-25,Korhogo,Partenaire,Nouveau,2022-03-23,Actif
1474,1474,F,56,56+,Gagnoa,Mobile Money,Régulier,2022-06-22,Inactif
1475,1475,F,27,26-35,Daloa,Site Web,Nouveau,2024-12-21,Actif
1476,1476,F,51,46-55,Abidjan,Partenaire,Régulier,2022-11-10,Actif
1477,1477,F,31,26-35,Abidjan,Site Web,Nouveau,2023-04-14,Actif
1478,1478,M,42,36-45,Abidjan,Boutique,Nouveau,2023-02-18,Inactif
1479,1479,F,42,36-45,Abidjan,Réseaux sociaux,Nouveau,2024-12-20,Inactif
1480,1480,F,46,46-55,Abidjan,Site Web,Fidèle,2024-06-21,Actif
1481,1481,F,24,18-25,Korhogo,Mobile Money,Régulier,2023-06-14,Actif
1482,1482,F,45,36-45,Yamoussoukro,Mobile Money,Occasionnel,2024-01-18,Actif
1483,1483,M,54,46-55,Abidjan,Boutique,Nouveau,2023-08-27,Actif
1484,1484,F,31,26-35,Abidjan,Boutique,Fidèle,2023-12-08,Actif
1485,1485,M,34,26-35,Abidjan,Mobile Money,Fidèle,2024-11-10,Actif
1486,1486,F,28,26-35,Abidjan,Mobile Money,Occasionnel,2024-01-06,Actif
1487,1487,M,30,26-35,Yamoussoukro,Réseaux sociaux,Régulier,2022-05-04,Inactif
1488,1488,F,52,46-55,Abidjan,Site Web,Fidèle,2023-07-06,Actif
1489,1489,M,22,18-25,San-Pédro,Mobile Money,Nouveau,2024-06-16,Actif
1490,1490,F,23,18-25,Abidjan,Mobile Money,Nouveau,2022-02-13,Actif
1491,1491,F,51,46-55,Abidjan,Mobile Money,Occasionnel,2023-01-26,Actif
1492,1492,M,40,36-45,Abengourou,Mobile Money,Occasionnel,2022-08-09,Actif
1493,1493,M,57,56+,Abidjan,Site Web,Régulier,2024-02-29,Inactif
1494,1494,M,29,26-35,Abidjan,Mobile Money,Occasionnel,2022-06-03,Actif
1495,1495,F,35,26-35,Bouaké,Partenaire,Nouveau,2023-11-15,Actif
1496,1496,M,26,26-35,Abidjan,Mobile Money,Occasionnel,2022-03-12,Actif
1497,1497,M,35,26-35,Abidjan,Mobile Money,Régulier,2024-10-08,Actif
1498,1498,M,18,18-25,Abidjan,Réseaux sociaux,Nouveau,2022-12-16,Actif
1499,1499,F,41,36-45,Abidjan,Boutique,Nouveau,2023-03-23,Inactif
1500,1500,M,37,36-45,Abidjan,Boutique,Nouveau,2024-05-12,Actif
1501,1501,M,33,26-35,Abidjan,Mobile Money,Fidèle,2023-02-20,Inactif
1502,1502,M,29,26-35,Daloa,Site Web,Nouveau,2022-05-07,Actif
1503,1503,F,24,18-25,San-Pédro,Boutique,Nouveau,2024-09-17,Inactif
1504,1504,F,42,36-45,Abidjan,Réseaux sociaux,Régulier,2022-05-03,Inactif
1505,1505,M,21,18-25,Abidjan,Site Web,Nouveau,2023-06-29,Actif
1506,1506,F,39,36-45,Abidjan,Réseaux sociaux,Régulier,2022-05-17,Actif
1507,1507,M,56,56+,Abidjan,Site Web,Occasionnel,2024-02-04,Inactif
1508,1508,F,50,46-55,Abidjan,Site Web,Fidèle,2022-10-23,Inactif
1509,1509,F,18,18-25,Daloa,Site Web,Nouveau,2024-10-17,Actif
1510,1510,M,28,26-35,Abidjan,Boutique,Nouveau,2022-08-10,Inactif
1511,1511,F,38,36-45,Abidjan,Site Web,Nouveau,2024-01-04,Inactif
1512,1512,F,33,26-35,Yamoussoukro,Site Web,Fidèle,2022-01-16,Actif
1513,1513,M,18,18-25,San-Pédro,Mobile Money,Fidèle,2022-05-04,Actif
1514,1514,M,38,36-45,Abidjan,Site Web,Nouveau,2022-10-30,Actif
1515,1515,M,33,26-35,Abidjan,Mobile Money,Nouveau,2024-08-25,Actif
1516,1516,F,55,46-55,Gagnoa,Boutique,Nouveau,2024-12-26,Inactif
1517,1517,F,31,26-35,Abidjan,Mobile Money,Nouveau,2023-11-03,Inactif
1518,1518,M,46,46-55,Yamoussoukro,Mobile Money,Nouveau,2023-01-04,Actif
1519,1519,F,20,18-25,Yamoussoukro,Mobile Money,Fidèle,2022-12-08,Actif
1520,1520,F,22,18-25,Abidjan,Mobile Money,Nouveau,2022-08-20,Actif
1521,1521,F,41,36-45,Abidjan,Mobile Money,Fidèle,2023-01-08,Actif
1522,1522,M,45,36-45,Abidjan,Mobile Money,Nouveau,2023-06-27,Actif
1523,1523,M,23,18-25,Abidjan,Boutique,Fidèle,2024-01-21,Actif
1524,1524,M,34,26-35,Abidjan,Boutique,Occasionnel,2022-09-09,Actif
1525,1525,M,18,18-25,Daloa,Partenaire,Nouveau,2022-02-09,Actif
1526,1526,F,32,26-35,Yamoussoukro,Réseaux sociaux,Régulier,2023-09-05,Inactif
1527,1527,F,43,36-45,Man,Mobile Money,Nouveau,2022-09-23,Actif
1528,1528,F,29,26-35,Gagnoa,Boutique,Fidèle,2023-03-15,Actif
1529,1529,F,31,26-35,Yamoussoukro,Boutique,Régulier,2024-02-19,Inactif
1530,1530,F,21,18-25,Abidjan,Boutique,VIP,2024-09-09,Inactif
1531,1531,F,26,26-35,Abidjan,Boutique,Fidèle,2023-08-09,Actif
1532,1532,F,53,46-55,Bouaké,Site Web,Nouveau,2024-10-13,Actif
1533,1533,M,34,26-35,Bouaké,Site Web,Occasionnel,2022-10-22,Actif
1534,1534,M,22,18-25,Abidjan,Boutique,Régulier,2024-02-20,Actif
1535,1535,F,30,26-35,Bouaké,Site Web,Nouveau,2024-12-08,Actif
1536,1536,F,18,18-25,Abidjan,Mobile Money,Occasionnel,2022-08-25,Actif
1537,1537,M,22,18-25,Abidjan,Réseaux sociaux,Nouveau,2024-03-19,Actif
1538,1538,M,48,46-55,San-Pédro,Partenaire,Régulier,2023-06-03,Actif
1539,1539,M,32,26-35,Abidjan,Mobile Money,Nouveau,2024-08-22,Inactif
1540,1540,F,54,46-55,Abidjan,Site Web,Nouveau,2022-12-01,Actif
1541,1541,M,32,26-35,Bouaké,Réseaux sociaux,VIP,2024-11-17,Actif
1542,1542,F,33,26-35,Bouaké,Boutique,Fidèle,2024-05-24,Actif
1543,1543,F,41,36-45,Abidjan,Mobile Money,Nouveau,2024-02-12,Actif
1544,1544,F,18,18-25,Bouaké,Site Web,Nouveau,2022-02-01,Actif
1545,1545,F,36,36-45,Abidjan,Boutique,Régulier,2022-04-01,Actif
1546,1546,F,33,26-35,Yamoussoukro,Mobile Money,Nouveau,2023-12-27,Inactif
1547,1547,F,50,46-55,Abidjan,Site Web,Régulier,2023-06-09,Inactif
1548,1548,M,44,36-45,Abengourou,Boutique,Régulier,2022-12-20,Inactif
1549,1549,F,21,18-25,Daloa,Mobile Money,Nouveau,2024-07-10,Actif
1550,1550,F,47,46-55,Abidjan,Partenaire,Nouveau,2023-06-11,Inactif
1551,1551,F,31,26-35,Abidjan,Mobile Money,Nouveau,2023-05-18,Actif
1552,1552,F,24,18-25,Abidjan,Boutique,Nouveau,2022-12-20,Actif
1553,1553,F,36,36-45,Yamoussoukro,Site Web,Occasionnel,2024-12-10,Actif
1554,1554,F,31,26-35,Yamoussoukro,Mobile Money,Nouveau,2023-02-04,Actif
1555,1555,F,50,46-55,Yamoussoukro,Site Web,VIP,2022-10-12,Actif
1556,1556,M,37,36-45,Korhogo,Site Web,Régulier,2024-01-09,Inactif
1557,1557,M,36,36-45,Abidjan,Boutique,Nouveau,2022-02-07,Actif
1558,1558,F,43,36-45,Yamoussoukro,Boutique,Occasionnel,2023-10-15,Inactif
1559,1559,M,46,46-55,Abidjan,Partenaire,Occasionnel,2023-09-11,Actif
1560,1560,M,42,36-45,Bouaké,Réseaux sociaux,Occasionnel,2022-09-25,Actif
1561,1561,M,49,46-55,Abidjan,Mobile Money,Occasionnel,2024-04-22,Actif
1562,1562,M,40,36-45,Daloa,Boutique,Nouveau,2022-02-17,Actif
1563,1563,M,35,26-35,Abidjan,Boutique,Nouveau,2024-12-10,Inactif
1564,1564,M,47,46-55,Abidjan,Réseaux sociaux,Nouveau,2024-07-26,Actif
1565,1565,M,33,26-35,Abidjan,Réseaux sociaux,Nouveau,2022-07-12,Actif
1566,1566,F,34,26-35,Divo,Boutique,Régulier,2023-06-24,Actif
1567,1567,F,52,46-55,Abidjan,Réseaux sociaux,VIP,2022-08-04,Inactif
1568,1568,F,51,46-55,Abidjan,Boutique,Régulier,2023-11-09,Actif
1569,1569,F,33,26-35,Abidjan,Mobile Money,VIP,2023-01-21,Actif
1570,1570,F,29,26-35,Abidjan,Site Web,Occasionnel,2023-06-19,Actif
1571,1571,F,50,46-55,Korhogo,Boutique,Nouveau,2024-11-13,Actif
1572,1572,M,42,36-45,Gagnoa,Site Web,Fidèle,2023-11-09,Actif
1573,1573,M,37,36-45,San-Pédro,Boutique,Nouveau,2024-08-07,Actif
1574,1574,M,30,26-35,San-Pédro,Site Web,Nouveau,2023-11-18,Actif
1575,1575,F,37,36-45,Abidjan,Partenaire,Fidèle,2023-06-04,Actif
1576,1576,F,33,26-35,Abidjan,Mobile Money,Régulier,2022-01-17,Actif
1577,1577,M,26,26-35,Bouaké,Boutique,Fidèle,2022-04-08,Actif
1578,1578,M,35,26-35,Yamoussoukro,Site Web,Nouveau,2023-08-07,Actif
1579,1579,M,36,36-45,Abidjan,Mobile Money,Régulier,2023-07-06,Actif
1580,1580,M,29,26-35,Daloa,Site Web,Nouveau,2023-07-04,Actif
1581,1581,M,43,36-45,Abidjan,Boutique,Nouveau,2024-07-14,Actif
1582,1582,F,48,46-55,Abidjan,Mobile Money,Fidèle,2022-04-15,Actif
1583,1583,F,44,36-45,Abidjan,Réseaux sociaux,Occasionnel,2023-12-23,Inactif
1584,1584,F,30,26-35,San-Pédro,Boutique,Régulier,2024-03-27,Inactif
1585,1585,M,42,36-45,Daloa,Mobile Money,Fidèle,2023-12-09,Actif
1586,1586,M,34,26-35,Abidjan,Mobile Money,Fidèle,2022-09-16,Actif
1587,1587,F,20,18-25,San-Pédro,Site Web,Nouveau,2023-03-21,Actif
1588,1588,M,41,36-45,San-Pédro,Partenaire,Nouveau,2022-03-01,Inactif
1589,1589,F,35,26-35,Abidjan,Boutique,Fidèle,2022-07-13,Actif
1590,1590,F,62,56+,Daloa,Mobile Money,Occasionnel,2024-05-29,Inactif
1591,1591,F,50,46-55,Abidjan,Mobile Money,Occasionnel,2023-11-08,Actif
1592,1592,F,41,36-45,Abidjan,Site Web,Nouveau,2024-08-05,Actif
1593,1593,M,36,36-45,Abidjan,Boutique,Nouveau,2024-01-28,Inactif
1594,1594,F,35,26-35,Abidjan,Boutique,VIP,2022-09-21,Actif
1595,1595,M,22,18-25,Abidjan,Mobile Money,Occasionnel,2024-06-09,Inactif
1596,1596,M,18,18-25,Abidjan,Boutique,Régulier,2024-01-23,Actif
1597,1597,F,24,18-25,Abidjan,Site Web,Nouveau,2022-07-29,Actif
1598,1598,F,33,26-35,Yamoussoukro,Boutique,Nouveau,2022-01-06,Actif
1599,1599,M,18,18-25,Bouaké,Mobile Money,Occasionnel,2024-04-16,Actif
1600,1600,F,28,26-35,Abidjan,Boutique,Fidèle,2024-02-29,Actif
1601,1601,M,31,26-35,Abidjan,Boutique,Nouveau,2022-04-09,Actif
1602,1602,F,31,26-35,Abidjan,Boutique,Nouveau,2023-05-24,Actif
1603,1603,M,26,26-35,San-Pédro,Mobile Money,Occasionnel,2024-09-27,Actif
1604,1604,M,30,26-35,Korhogo,Mobile Money,Nouveau,2024-05-17,Inactif
1605,1605,F,52,46-55,Abidjan,Boutique,Occasionnel,2024-06-13,Inactif
1606,1606,F,41,36-45,Yamoussoukro,Mobile Money,Occasionnel,2023-03-07,Actif
1607,1607,M,27,26-35,Bouaké,Site Web,Nouveau,2022-05-13,Inactif
1608,1608,F,33,26-35,Abengourou,Boutique,Régulier,2023-01-20,Inactif
1609,1609,F,33,26-35,Abidjan,Mobile Money,Nouveau,2024-01-23,Actif
1610,1610,F,25,18-25,Abidjan,Site Web,Régulier,2024-07-09,Inactif
1611,1611,F,25,18-25,Bouaké,Boutique,Régulier,2023-12-07,Actif
1612,1612,M,45,36-45,Abidjan,Mobile Money,Fidèle,2022-02-12,Inactif
1613,1613,M,29,26-35,Abidjan,Réseaux sociaux,Régulier,2023-10-09,Actif
1614,1614,F,21,18-25,Abidjan,Boutique,Occasionnel,2022-07-24,Inactif
1615,1615,M,33,26-35,Abidjan,Réseaux sociaux,Nouveau,2023-10-30,Actif
1616,1616,F,35,26-35,Yamoussoukro,Mobile Money,Occasionnel,2023-03-28,Actif
1617,1617,F,18,18-25,Yamoussoukro,Réseaux sociaux,Nouveau,2023-08-07,Inactif
1618,1618,M,33,26-35,Abidjan,Réseaux sociaux,Régulier,2023-10-15,Actif
1619,1619,M,43,36-45,San-Pédro,Mobile Money,Nouveau,2023-11-30,Actif
1620,1620,F,38,36-45,Abidjan,Boutique,Occasionnel,2022-01-06,Actif
1621,1621,F,58,56+,Gagnoa,Site Web,Occasionnel,2024-11-23,Actif
1622,1622,F,47,46-55,Abidjan,Boutique,Régulier,2023-09-22,Actif
1623,1623,M,49,46-55,San-Pédro,Boutique,Nouveau,2023-07-10,Actif
1624,1624,F,64,56+,Korhogo,Partenaire,Occasionnel,2023-02-19,Actif
1625,1625,F,42,36-45,San-Pédro,Site Web,Occasionnel,2022-04-25,Actif
1626,1626,M,35,26-35,San-Pédro,Partenaire,Fidèle,2023-11-21,Inactif
1627,1627,F,44,36-45,Abidjan,Réseaux sociaux,Régulier,2023-02-02,Actif
1628,1628,F,27,26-35,Yamoussoukro,Réseaux sociaux,Nouveau,2024-09-20,Actif
1629,1629,F,35,26-35,Bouaké,Site Web,Fidèle,2023-12-22,Actif
1630,1630,F,26,26-35,Abidjan,Site Web,Nouveau,2023-04-28,Inactif
1631,1631,F,38,36-45,Abengourou,Réseaux sociaux,Nouveau,2022-02-04,Actif
1632,1632,M,26,26-35,Abidjan,Site Web,Nouveau,2023-08-31,Actif
1633,1633,M,26,26-35,Abidjan,Mobile Money,Occasionnel,2024-07-14,Inactif
1634,1634,M,38,36-45,Korhogo,Boutique,Régulier,2023-05-22,Actif
1635,1635,M,32,26-35,Abidjan,Mobile Money,Occasionnel,2023-12-14,Inactif
1636,1636,F,18,18-25,Abidjan,Partenaire,Régulier,2022-05-10,Actif
1637,1637,F,18,18-25,Abidjan,Site Web,Occasionnel,2023-03-22,Actif
1638,1638,M,21,18-25,Daloa,Boutique,Nouveau,2024-05-18,Actif
1639,1639,F,24,18-25,San-Pédro,Mobile Money,Occasionnel,2023-04-09,Actif
1640,1640,M,38,36-45,Abidjan,Boutique,Régulier,2024-08-27,Actif
1641,1641,M,36,36-45,Bouaké,Boutique,Occasionnel,2023-03-25,Actif
1642,1642,F,45,36-45,Bouaké,Site Web,Occasionnel,2024-06-07,Inactif
1643,1643,F,42,36-45,Yamoussoukro,Site Web,Occasionnel,2023-12-06,Actif
1644,1644,F,45,36-45,Yamoussoukro,Boutique,Occasionnel,2024-11-03,Actif
1645,1645,F,40,36-45,Divo,Mobile Money,Nouveau,2023-08-07,Actif
1646,1646,F,36,36-45,Abidjan,Boutique,Fidèle,2023-05-28,Inactif
1647,1647,F,46,46-55,Abidjan,Boutique,Nouveau,2023-01-23,Inactif
1648,1648,M,44,36-45,Bouaké,Réseaux sociaux,Nouveau,2023-12-16,Actif
1649,1649,M,38,36-45,Abidjan,Réseaux sociaux,Régulier,2024-12-09,Actif
1650,1650,M,47,46-55,Abidjan,Site Web,Fidèle,2022-07-04,Inactif
1651,1651,F,18,18-25,Abidjan,Mobile Money,Régulier,2024-10-22,Inactif
1652,1652,F,30,26-35,Abidjan,Mobile Money,Occasionnel,2024-12-05,Actif
1653,1653,F,30,26-35,Man,Partenaire,VIP,2024-04-22,Actif
1654,1654,F,46,46-55,Abidjan,Partenaire,Occasionnel,2023-09-28,Actif
1655,1655,M,51,46-55,Bouaké,Mobile Money,Occasionnel,2024-08-02,Actif
1656,1656,F,18,18-25,Daloa,Site Web,Occasionnel,2022-10-14,Inactif
1657,1657,F,49,46-55,Abidjan,Boutique,Occasionnel,2023-11-26,Inactif
1658,1658,M,21,18-25,Abidjan,Mobile Money,Occasionnel,2024-05-31,Inactif
1659,1659,F,21,18-25,Abidjan,Partenaire,VIP,2024-05-31,Inactif
1660,1660,F,31,26-35,Abidjan,Partenaire,Nouveau,2023-10-05,Inactif
1661,1661,F,30,26-35,Abidjan,Partenaire,Nouveau,2023-02-27,Actif
1662,1662,M,18,18-25,Bouaké,Mobile Money,Occasionnel,2024-11-05,Inactif
1663,1663,M,41,36-45,Abidjan,Boutique,Occasionnel,2024-01-08,Actif
1664,1664,F,41,36-45,Abidjan,Réseaux sociaux,Régulier,2024-04-23,Actif
1665,1665,M,45,36-45,Abidjan,Site Web,VIP,2023-11-14,Actif
1666,1666,M,29,26-35,Abidjan,Boutique,Régulier,2024-08-18,Actif
1667,1667,M,33,26-35,Abidjan,Boutique,VIP,2023-06-08,Actif
1668,1668,F,33,26-35,Divo,Mobile Money,Nouveau,2023-08-22,Actif
1669,1669,F,52,46-55,Abidjan,Site Web,Nouveau,2024-05-30,Actif
1670,1670,M,18,18-25,Abidjan,Réseaux sociaux,Nouveau,2023-07-21,Actif
1671,1671,F,23,18-25,Bouaké,Mobile Money,Régulier,2022-09-26,Actif
1672,1672,M,34,26-35,Yamoussoukro,Mobile Money,Nouveau,2024-04-09,Actif
1673,1673,M,22,18-25,Bouaké,Boutique,Nouveau,2023-02-16,Actif
1674,1674,F,31,26-35,Abidjan,Boutique,Occasionnel,2022-04-25,Actif
1675,1675,M,32,26-35,Bouaké,Boutique,Nouveau,2023-02-13,Inactif
1676,1676,M,26,26-35,Abidjan,Mobile Money,Régulier,2022-03-01,Actif
1677,1677,M,34,26-35,Daloa,Site Web,Fidèle,2024-08-19,Actif
1678,1678,F,40,36-45,Abidjan,Mobile Money,Nouveau,2024-12-13,Actif
1679,1679,M,31,26-35,Yamoussoukro,Site Web,Occasionnel,2022-10-19,Actif
1680,1680,M,29,26-35,Bouaké,Boutique,Nouveau,2024-09-30,Actif
1681,1681,M,32,26-35,Yamoussoukro,Boutique,Nouveau,2024-02-19,Inactif
1682,1682,M,33,26-35,Abidjan,Boutique,Nouveau,2024-11-12,Actif
1683,1683,M,18,18-25,Yamoussoukro,Site Web,Occasionnel,2022-06-28,Inactif
1684,1684,F,39,36-45,Daloa,Boutique,Occasionnel,2022-03-10,Actif
1685,1685,F,29,26-35,Abidjan,Boutique,Régulier,2024-10-04,Actif
1686,1686,F,47,46-55,Abidjan,Boutique,Régulier,2022-10-22,Actif
1687,1687,F,40,36-45,Abidjan,Boutique,Nouveau,2023-10-15,Inactif
1688,1688,F,46,46-55,Abidjan,Boutique,Régulier,2024-09-14,Inactif
1689,1689,M,22,18-25,Daloa,Boutique,Régulier,2023-01-11,Actif
1690,1690,F,29,26-35,Abidjan,Boutique,Nouveau,2022-04-08,Actif
1691,1691,M,20,18-25,Yamoussoukro,Mobile Money,Nouveau,2024-05-16,Actif
1692,1692,M,26,26-35,Daloa,Site Web,Nouveau,2023-05-10,Actif
1693,1693,F,47,46-55,Yamoussoukro,Mobile Money,Nouveau,2022-01-25,Actif
1694,1694,M,50,46-55,Yamoussoukro,Réseaux sociaux,Nouveau,2023-01-09,Inactif
1695,1695,M,21,18-25,Bouaké,Site Web,Nouveau,2023-08-04,Actif
1696,1696,M,28,26-35,Abidjan,Mobile Money,Fidèle,2024-08-21,Actif
1697,1697,F,33,26-35,Abidjan,Site Web,Fidèle,2022-09-05,Actif
1698,1698,M,40,36-45,San-Pédro,Boutique,Occasionnel,2023-07-22,Actif
1699,1699,M,18,18-25,Gagnoa,Partenaire,Régulier,2022-07-18,Inactif
1700,1700,M,18,18-25,Abidjan,Partenaire,VIP,2022-11-14,Actif
1701,1701,M,39,36-45,Man,Réseaux sociaux,Occasionnel,2022-10-16,Actif
1702,1702,M,18,18-25,Abengourou,Boutique,Occasionnel,2023-07-29,Actif
1703,1703,F,29,26-35,Abidjan,Réseaux sociaux,Régulier,2023-12-28,Inactif
1704,1704,M,35,26-35,Yamoussoukro,Site Web,Fidèle,2022-05-04,Actif
1705,1705,F,38,36-45,Bouaké,Réseaux sociaux,Régulier,2022-03-25,Actif
1706,1706,M,32,26-35,Abidjan,Mobile Money,Nouveau,2024-03-11,Actif
1707,1707,F,29,26-35,Abidjan,Réseaux sociaux,Régulier,2022-11-18,Inactif
1708,1708,F,43,36-45,Abidjan,Site Web,Nouveau,2023-11-09,Actif
1709,1709,M,37,36-45,Daloa,Mobile Money,Nouveau,2022-03-26,Inactif
1710,1710,F,26,26-35,Abidjan,Partenaire,Occasionnel,2023-10-20,Inactif
1711,1711,M,34,26-35,Daloa,Site Web,Régulier,2024-09-22,Actif
1712,1712,F,38,36-45,Yamoussoukro,Réseaux sociaux,Nouveau,2023-04-25,Actif
1713,1713,M,52,46-55,Yamoussoukro,Mobile Money,Nouveau,2023-09-25,Inactif
1714,1714,M,42,36-45,Abidjan,Boutique,Régulier,2022-11-19,Actif
1715,1715,F,47,46-55,Abidjan,Site Web,Nouveau,2022-11-10,Inactif
1716,1716,M,27,26-35,Abidjan,Mobile Money,Fidèle,2022-03-13,Inactif
1717,1717,F,28,26-35,Abidjan,Site Web,Occasionnel,2023-06-09,Actif
1718,1718,M,31,26-35,Abidjan,Site Web,Occasionnel,2024-11-03,Actif
1719,1719,M,32,26-35,Abidjan,Mobile Money,Nouveau,2022-05-08,Actif
1720,1720,M,22,18-25,Abidjan,Site Web,VIP,2023-04-02,Actif
1721,1721,F,47,46-55,Bouaké,Mobile Money,Fidèle,2024-07-05,Actif
1722,1722,F,43,36-45,Abidjan,Réseaux sociaux,Nouveau,2023-06-28,Actif
1723,1723,M,30,26-35,Abidjan,Réseaux sociaux,Régulier,2024-04-12,Actif
1724,1724,M,41,36-45,Korhogo,Boutique,Régulier,2023-02-16,Inactif
1725,1725,F,36,36-45,Abidjan,Boutique,Nouveau,2023-10-22,Actif
1726,1726,F,41,36-45,Man,Boutique,Occasionnel,2024-12-17,Actif
1727,1727,F,19,18-25,Bouaké,Boutique,Fidèle,2023-10-17,Actif
1728,1728,M,32,26-35,Abidjan,Réseaux sociaux,Occasionnel,2024-05-21,Actif
1729,1729,F,33,26-35,Man,Mobile Money,Fidèle,2024-01-30,Actif
1730,1730,F,40,36-45,San-Pédro,Boutique,Nouveau,2022-04-15,Inactif
1731,1731,M,27,26-35,Bouaké,Mobile Money,Fidèle,2022-06-25,Actif
1732,1732,F,18,18-25,Abidjan,Site Web,VIP,2023-10-28,Actif
1733,1733,M,22,18-25,Abidjan,Réseaux sociaux,Nouveau,2023-01-17,Actif
1734,1734,F,33,26-35,Abidjan,Mobile Money,Occasionnel,2023-06-15,Actif
1735,1735,M,34,26-35,Daloa,Mobile Money,Régulier,2023-06-14,Actif
1736,1736,M,52,46-55,Abidjan,Mobile Money,Fidèle,2024-05-18,Actif
1737,1737,M,40,36-45,Abidjan,Mobile Money,Nouveau,2024-12-20,Actif
1738,1738,F,34,26-35,Abidjan,Boutique,Nouveau,2024-12-28,Actif
1739,1739,M,33,26-35,Abidjan,Site Web,Régulier,2022-03-29,Actif
1740,1740,M,46,46-55,Abidjan,Boutique,Occasionnel,2024-03-26,Actif
1741,1741,F,27,26-35,Abidjan,Mobile Money,Régulier,2024-03-05,Actif
1742,1742,F,32,26-35,Korhogo,Site Web,Occasionnel,2024-08-05,Inactif
1743,1743,F,22,18-25,Abidjan,Site Web,VIP,2023-04-13,Actif
1744,1744,M,49,46-55,Abidjan,Boutique,Nouveau,2023-07-05,Actif
1745,1745,M,38,36-45,Abidjan,Mobile Money,Fidèle,2023-05-10,Inactif
1746,1746,M,26,26-35,Abidjan,Site Web,Occasionnel,2023-02-14,Actif
1747,1747,M,32,26-35,Bouaké,Mobile Money,Fidèle,2022-09-28,Actif
1748,1748,M,39,36-45,Abidjan,Réseaux sociaux,Nouveau,2023-12-06,Inactif
1749,1749,F,31,26-35,Divo,Réseaux sociaux,Régulier,2022-01-19,Actif
1750,1750,F,28,26-35,Abengourou,Réseaux sociaux,Fidèle,2024-03-31,Actif
1751,1751,M,26,26-35,San-Pédro,Mobile Money,Régulier,2024-07-10,Actif
1752,1752,F,37,36-45,San-Pédro,Mobile Money,Nouveau,2022-09-07,Inactif
1753,1753,M,30,26-35,Abidjan,Réseaux sociaux,Occasionnel,2022-08-22,Actif
1754,1754,M,29,26-35,Bouaké,Boutique,Nouveau,2023-07-06,Actif
1755,1755,F,19,18-25,Abidjan,Boutique,Nouveau,2024-07-15,Actif
1756,1756,M,34,26-35,Daloa,Boutique,Régulier,2022-05-05,Actif
1757,1757,F,32,26-35,Abidjan,Mobile Money,VIP,2023-04-18,Actif
1758,1758,M,30,26-35,Abidjan,Site Web,Régulier,2022-08-25,Actif
1759,1759,M,36,36-45,Abidjan,Partenaire,Nouveau,2024-07-21,Actif
1760,1760,M,42,36-45,Bouaké,Site Web,Nouveau,2024-08-23,Actif
1761,1761,F,41,36-45,Yamoussoukro,Boutique,Occasionnel,2022-04-03,Actif
1762,1762,F,40,36-45,Abidjan,Partenaire,Nouveau,2022-06-08,Actif
1763,1763,F,31,26-35,Abidjan,Site Web,Fidèle,2022-06-22,Actif
1764,1764,F,27,26-35,Abidjan,Mobile Money,Nouveau,2024-06-07,Actif
1765,1765,F,22,18-25,Daloa,Site Web,Nouveau,2024-09-13,Actif
1766,1766,F,27,26-35,Abidjan,Mobile Money,Régulier,2023-02-12,Actif
1767,1767,M,34,26-35,Abidjan,Mobile Money,Nouveau,2022-06-22,Inactif
1768,1768,F,25,18-25,Bouaké,Site Web,Occasionnel,2023-12-28,Actif
1769,1769,F,35,26-35,Bouaké,Mobile Money,Occasionnel,2024-09-02,Actif
1770,1770,M,23,18-25,San-Pédro,Mobile Money,Nouveau,2024-09-23,Inactif
1771,1771,M,18,18-25,Bouaké,Site Web,Occasionnel,2023-05-03,Actif
1772,1772,M,43,36-45,Divo,Mobile Money,Occasionnel,2024-05-05,Actif
1773,1773,M,28,26-35,Abidjan,Boutique,Régulier,2024-11-12,Actif
1774,1774,M,24,18-25,Abidjan,Mobile Money,Nouveau,2024-06-23,Inactif
1775,1775,M,21,18-25,Gagnoa,Site Web,Occasionnel,2023-06-04,Actif
1776,1776,M,38,36-45,Abidjan,Réseaux sociaux,Régulier,2022-10-13,Actif
1777,1777,M,49,46-55,Daloa,Mobile Money,Nouveau,2023-02-12,Actif
1778,1778,F,29,26-35,Abidjan,Site Web,Nouveau,2023-02-01,Actif
1779,1779,F,31,26-35,Abidjan,Mobile Money,Nouveau,2024-12-17,Actif
1780,1780,F,45,36-45,Abidjan,Mobile Money,Nouveau,2024-03-13,Inactif
1781,1781,F,18,18-25,Bouaké,Boutique,Nouveau,2024-07-29,Inactif
1782,1782,M,55,46-55,Daloa,Mobile Money,VIP,2024-05-01,Actif
1783,1783,F,60,56+,Abidjan,Mobile Money,Occasionnel,2023-06-06,Inactif
1784,1784,F,18,18-25,Abidjan,Site Web,Occasionnel,2024-05-15,Inactif
1785,1785,F,32,26-35,Abidjan,Site Web,Nouveau,2023-12-02,Inactif
1786,1786,M,26,26-35,Abidjan,Partenaire,Nouveau,2024-03-21,Inactif
1787,1787,F,31,26-35,Abidjan,Partenaire,Régulier,2022-11-26,Inactif
1788,1788,M,29,26-35,Divo,Boutique,Régulier,2022-09-11,Actif
1789,1789,M,42,36-45,Abidjan,Mobile Money,VIP,2022-07-17,Actif
1790,1790,F,32,26-35,Abidjan,Mobile Money,Nouveau,2022-11-13,Actif
1791,1791,M,23,18-25,Abidjan,Boutique,Nouveau,2024-12-07,Actif
1792,1792,F,32,26-35,Abidjan,Réseaux sociaux,Régulier,2024-10-28,Inactif
1793,1793,F,39,36-45,Abidjan,Mobile Money,Nouveau,2022-06-10,Inactif
1794,1794,M,20,18-25,Yamoussoukro,Mobile Money,Nouveau,2023-08-30,Inactif
1795,1795,M,18,18-25,Bouaké,Boutique,Nouveau,2024-10-26,Inactif
1796,1796,F,55,46-55,San-Pédro,Réseaux sociaux,Nouveau,2024-04-06,Actif
1797,1797,M,26,26-35,Abidjan,Boutique,Fidèle,2023-11-02,Actif
1798,1798,F,32,26-35,Bouaké,Site Web,Fidèle,2023-10-19,Actif
1799,1799,M,29,26-35,Korhogo,Boutique,Régulier,2022-12-24,Actif
1800,1800,M,40,36-45,San-Pédro,Boutique,Occasionnel,2024-10-09,Inactif
1801,1801,M,53,46-55,Man,Boutique,Régulier,2022-04-01,Actif
1802,1802,M,40,36-45,Abidjan,Site Web,Régulier,2024-08-09,Actif
1803,1803,F,18,18-25,Abengourou,Site Web,Régulier,2024-08-11,Actif
1804,1804,M,18,18-25,San-Pédro,Boutique,Occasionnel,2022-10-14,Actif
1805,1805,M,29,26-35,Daloa,Mobile Money,VIP,2023-07-15,Inactif
1806,1806,M,31,26-35,Yamoussoukro,Mobile Money,Nouveau,2024-08-26,Inactif
1807,1807,F,18,18-25,Abengourou,Mobile Money,Régulier,2023-06-04,Actif
1808,1808,F,43,36-45,Abidjan,Mobile Money,Régulier,2022-11-25,Inactif
1809,1809,F,22,18-25,Daloa,Mobile Money,Fidèle,2022-03-18,Actif
1810,1810,F,50,46-55,Yamoussoukro,Site Web,Fidèle,2023-04-28,Actif
1811,1811,F,54,46-55,Daloa,Réseaux sociaux,Occasionnel,2022-11-01,Actif
1812,1812,F,31,26-35,Daloa,Site Web,Régulier,2024-07-21,Inactif
1813,1813,M,38,36-45,Abidjan,Site Web,Nouveau,2024-08-01,Inactif
1814,1814,F,20,18-25,Abidjan,Partenaire,Régulier,2022-12-21,Actif
1815,1815,M,40,36-45,Abidjan,Partenaire,Nouveau,2022-08-19,Actif
1816,1816,M,28,26-35,Daloa,Mobile Money,Occasionnel,2022-11-15,Inactif
1817,1817,M,22,18-25,Yamoussoukro,Mobile Money,Fidèle,2023-03-17,Inactif
1818,1818,F,30,26-35,San-Pédro,Mobile Money,Régulier,2024-01-03,Actif
1819,1819,F,28,26-35,Daloa,Réseaux sociaux,Occasionnel,2022-06-16,Actif
1820,1820,M,30,26-35,Bouaké,Mobile Money,Nouveau,2024-12-30,Actif
1821,1821,M,44,36-45,Abidjan,Boutique,Occasionnel,2024-02-06,Inactif
1822,1822,F,25,18-25,Bouaké,Boutique,Nouveau,2022-05-24,Actif
1823,1823,M,53,46-55,Korhogo,Site Web,Nouveau,2022-12-11,Actif
1824,1824,M,19,18-25,Bouaké,Boutique,Fidèle,2024-02-07,Inactif
1825,1825,M,51,46-55,Korhogo,Site Web,Occasionnel,2023-07-06,Actif
1826,1826,F,22,18-25,Abengourou,Boutique,Nouveau,2023-08-01,Actif
1827,1827,F,33,26-35,Abidjan,Réseaux sociaux,Régulier,2022-02-15,Inactif
1828,1828,F,28,26-35,Yamoussoukro,Mobile Money,Nouveau,2023-03-26,Actif
1829,1829,M,30,26-35,Abidjan,Réseaux sociaux,Occasionnel,2023-11-04,Actif
1830,1830,F,42,36-45,Abidjan,Boutique,Nouveau,2024-04-01,Actif
1831,1831,F,50,46-55,Abidjan,Mobile Money,Nouveau,2023-05-05,Actif
1832,1832,M,47,46-55,Abidjan,Partenaire,Occasionnel,2023-08-31,Actif
1833,1833,F,29,26-35,Abidjan,Partenaire,Régulier,2022-09-01,Actif
1834,1834,F,36,36-45,Bouaké,Réseaux sociaux,Occasionnel,2024-05-23,Actif
1835,1835,F,25,18-25,Abidjan,Réseaux sociaux,Fidèle,2024-02-04,Actif
1836,1836,F,23,18-25,Abidjan,Boutique,Fidèle,2024-03-25,Inactif
1837,1837,F,21,18-25,Abidjan,Mobile Money,Régulier,2024-01-02,Actif
1838,1838,F,29,26-35,Abidjan,Mobile Money,VIP,2024-12-14,Inactif
1839,1839,M,36,36-45,San-Pédro,Réseaux sociaux,Fidèle,2024-08-21,Inactif
1840,1840,M,18,18-25,Abidjan,Réseaux sociaux,Fidèle,2024-06-06,Actif
1841,1841,F,33,26-35,Abidjan,Partenaire,Nouveau,2023-01-03,Actif
1842,1842,M,50,46-55,Abengourou,Réseaux sociaux,Nouveau,2022-03-15,Actif
1843,1843,F,46,46-55,San-Pédro,Site Web,Régulier,2022-01-01,Actif
1844,1844,M,27,26-35,Yamoussoukro,Mobile Money,Fidèle,2024-05-03,Actif
1845,1845,F,18,18-25,Daloa,Mobile Money,Fidèle,2024-09-11,Actif
1846,1846,M,39,36-45,Abidjan,Boutique,Régulier,2023-12-13,Inactif
1847,1847,F,18,18-25,Daloa,Site Web,Fidèle,2024-02-29,Actif
1848,1848,M,46,46-55,Abidjan,Mobile Money,Régulier,2022-04-09,Actif
1849,1849,F,31,26-35,Abidjan,Réseaux sociaux,Régulier,2023-09-12,Inactif
1850,1850,M,54,46-55,Abidjan,Site Web,Nouveau,2023-10-26,Inactif
1851,1851,F,18,18-25,Daloa,Mobile Money,Occasionnel,2022-06-21,Inactif
1852,1852,M,44,36-45,Abidjan,Réseaux sociaux,Nouveau,2024-04-02,Actif
1853,1853,F,32,26-35,Abidjan,Boutique,Nouveau,2023-01-03,Actif
1854,1854,M,30,26-35,Abidjan,Site Web,Occasionnel,2022-08-04,Actif
1855,1855,M,18,18-25,Yamoussoukro,Boutique,Nouveau,2024-02-02,Actif
1856,1856,M,40,36-45,Abidjan,Boutique,Fidèle,2023-04-22,Actif
1857,1857,F,41,36-45,Abidjan,Mobile Money,Occasionnel,2023-08-10,Inactif
1858,1858,F,53,46-55,Abidjan,Boutique,Régulier,2023-08-18,Actif
1859,1859,F,45,36-45,Daloa,Site Web,Nouveau,2023-11-13,Inactif
1860,1860,F,27,26-35,Abidjan,Partenaire,Fidèle,2023-03-29,Actif
1861,1861,M,22,18-25,Divo,Réseaux sociaux,Occasionnel,2024-06-11,Actif
1862,1862,M,18,18-25,Abidjan,Mobile Money,Occasionnel,2024-08-17,Inactif
1863,1863,M,50,46-55,Abidjan,Partenaire,Régulier,2023-06-14,Actif
1864,1864,M,25,18-25,Abidjan,Mobile Money,Occasionnel,2022-07-04,Actif
1865,1865,M,50,46-55,Abidjan,Mobile Money,Occasionnel,2022-11-02,Actif
1866,1866,M,39,36-45,Abidjan,Site Web,Régulier,2024-04-24,Actif
1867,1867,M,37,36-45,Abidjan,Réseaux sociaux,Régulier,2022-10-09,Actif
1868,1868,F,30,26-35,Korhogo,Partenaire,Nouveau,2024-05-02,Actif
1869,1869,M,41,36-45,Abidjan,Réseaux sociaux,Fidèle,2023-12-27,Actif
1870,1870,M,33,26-35,Abidjan,Mobile Money,Occasionnel,2023-05-06,Inactif
1871,1871,F,29,26-35,Abidjan,Mobile Money,Nouveau,2022-05-19,Inactif
1872,1872,F,41,36-45,Abidjan,Mobile Money,Nouveau,2023-08-14,Inactif
1873,1873,M,32,26-35,Abidjan,Boutique,Occasionnel,2024-01-29,Inactif
1874,1874,M,25,18-25,Abidjan,Boutique,Nouveau,2022-06-18,Actif
1875,1875,M,40,36-45,Abidjan,Mobile Money,Fidèle,2024-06-22,Actif
1876,1876,M,33,26-35,Abidjan,Boutique,Occasionnel,2022-08-02,Inactif
1877,1877,F,39,36-45,Man,Boutique,VIP,2023-03-28,Actif
1878,1878,F,29,26-35,Yamoussoukro,Site Web,Nouveau,2023-08-06,Actif
1879,1879,M,20,18-25,Man,Boutique,Régulier,2024-03-20,Actif
1880,1880,M,53,46-55,Abidjan,Mobile Money,Nouveau,2022-09-04,Actif
1881,1881,F,51,46-55,San-Pédro,Site Web,Occasionnel,2023-01-03,Actif
1882,1882,M,43,36-45,Abidjan,Site Web,Occasionnel,2024-06-02,Inactif
1883,1883,F,29,26-35,Abidjan,Mobile Money,Régulier,2022-12-27,Actif
1884,1884,M,30,26-35,San-Pédro,Mobile Money,Régulier,2023-11-06,Actif
1885,1885,F,49,46-55,Abidjan,Partenaire,Nouveau,2023-03-12,Actif
1886,1886,F,30,26-35,Abidjan,Site Web,Nouveau,2022-03-03,Actif
1887,1887,F,27,26-35,San-Pédro,Mobile Money,Occasionnel,2023-07-18,Actif
1888,1888,F,54,46-55,Bouaké,Boutique,Nouveau,2023-01-27,Actif
1889,1889,M,33,26-35,Abidjan,Boutique,Régulier,2022-10-18,Inactif
1890,1890,F,53,46-55,Abidjan,Mobile Money,Occasionnel,2024-07-28,Actif
1891,1891,F,18,18-25,Abidjan,Mobile Money,Fidèle,2024-04-27,Actif
1892,1892,M,39,36-45,Abengourou,Partenaire,VIP,2022-10-31,Actif
1893,1893,M,56,56+,Abidjan,Boutique,Occasionnel,2023-07-28,Actif
1894,1894,F,34,26-35,Abidjan,Mobile Money,Fidèle,2024-02-28,Actif
1895,1895,F,31,26-35,Abidjan,Site Web,Régulier,2022-02-28,Actif
1896,1896,F,21,18-25,Korhogo,Boutique,Nouveau,2022-04-13,Actif
1897,1897,M,45,36-45,Daloa,Site Web,Fidèle,2023-08-15,Actif
1898,1898,F,25,18-25,Abidjan,Mobile Money,Occasionnel,2024-10-15,Actif
1899,1899,F,32,26-35,Divo,Mobile Money,Régulier,2024-10-12,Actif
1900,1900,F,20,18-25,Abidjan,Mobile Money,Régulier,2023-05-08,Actif
1901,1901,M,51,46-55,Korhogo,Partenaire,Fidèle,2024-02-10,Actif
1902,1902,F,46,46-55,Abidjan,Site Web,Régulier,2023-06-23,Actif
1903,1903,M,33,26-35,Abidjan,Réseaux sociaux,Fidèle,2024-09-17,Actif
1904,1904,F,21,18-25,Abidjan,Mobile Money,Nouveau,2023-09-16,Inactif
1905,1905,M,50,46-55,Abengourou,Site Web,VIP,2024-09-02,Actif
1906,1906,F,29,26-35,Man,Boutique,Régulier,2023-02-02,Actif
1907,1907,F,21,18-25,Bouaké,Site Web,Régulier,2024-10-16,Actif
1908,1908,F,18,18-25,Abidjan,Boutique,Fidèle,2024-03-05,Inactif
1909,1909,M,26,26-35,Abidjan,Site Web,Nouveau,2024-04-20,Actif
1910,1910,M,18,18-25,Abidjan,Mobile Money,Nouveau,2022-01-16,Actif
1911,1911,F,27,26-35,Abidjan,Mobile Money,Fidèle,2024-06-01,Inactif
1912,1912,F,42,36-45,Abidjan,Site Web,Fidèle,2022-06-27,Actif
1913,1913,M,29,26-35,Yamoussoukro,Mobile Money,Régulier,2024-10-22,Actif
1914,1914,M,37,36-45,Bouaké,Mobile Money,Occasionnel,2022-07-26,Actif
1915,1915,F,26,26-35,Korhogo,Réseaux sociaux,Nouveau,2024-06-23,Inactif
1916,1916,F,34,26-35,Abidjan,Mobile Money,Occasionnel,2023-11-27,Actif
1917,1917,M,55,46-55,Abidjan,Boutique,Occasionnel,2023-03-06,Inactif
1918,1918,M,30,26-35,Abidjan,Réseaux sociaux,Fidèle,2024-09-02,Actif
1919,1919,M,38,36-45,Abidjan,Site Web,Occasionnel,2023-03-02,Inactif
1920,1920,M,18,18-25,Bouaké,Mobile Money,Occasionnel,2022-03-11,Actif
1921,1921,F,50,46-55,Daloa,Boutique,Occasionnel,2022-03-24,Actif
1922,1922,F,28,26-35,Abidjan,Boutique,Fidèle,2024-07-22,Actif
1923,1923,F,45,36-45,Abidjan,Boutique,Régulier,2023-02-26,Inactif
1924,1924,F,32,26-35,Korhogo,Site Web,Nouveau,2024-06-16,Actif
1925,1925,F,40,36-45,Abidjan,Partenaire,Occasionnel,2022-01-22,Actif
1926,1926,F,41,36-45,Abidjan,Mobile Money,Occasionnel,2022-03-25,Actif
1927,1927,F,29,26-35,Yamoussoukro,Mobile Money,Nouveau,2024-12-17,Actif
1928,1928,M,46,46-55,Bouaké,Site Web,Régulier,2022-06-06,Actif
1929,1929,F,25,18-25,Abidjan,Boutique,Nouveau,2024-01-23,Inactif
1930,1930,F,42,36-45,San-Pédro,Site Web,Occasionnel,2023-01-19,Actif
1931,1931,M,29,26-35,Man,Mobile Money,Occasionnel,2023-07-02,Inactif
1932,1932,M,37,36-45,Abidjan,Mobile Money,Occasionnel,2022-05-06,Inactif
1933,1933,M,28,26-35,Abidjan,Site Web,Occasionnel,2022-10-20,Inactif
1934,1934,M,34,26-35,Yamoussoukro,Partenaire,Régulier,2024-04-10,Actif
1935,1935,M,22,18-25,Bouaké,Mobile Money,Nouveau,2023-08-10,Actif
1936,1936,F,36,36-45,Abidjan,Réseaux sociaux,Nouveau,2023-07-06,Actif
1937,1937,F,34,26-35,Abidjan,Boutique,Régulier,2024-10-31,Actif
1938,1938,M,28,26-35,Yamoussoukro,Mobile Money,Fidèle,2023-03-26,Actif
1939,1939,F,33,26-35,Abidjan,Boutique,Nouveau,2024-05-30,Inactif
1940,1940,F,35,26-35,Abidjan,Mobile Money,Nouveau,2024-03-04,Actif
1941,1941,F,27,26-35,Abidjan,Site Web,Fidèle,2023-05-20,Actif
1942,1942,F,32,26-35,Abidjan,Mobile Money,Nouveau,2022-11-17,Actif
1943,1943,F,22,18-25,Man,Boutique,VIP,2023-01-23,Inactif
1944,1944,F,59,56+,Bouaké,Mobile Money,Fidèle,2024-08-12,Actif
1945,1945,M,45,36-45,Abidjan,Réseaux sociaux,Nouveau,2022-12-01,Inactif
1946,1946,M,37,36-45,Korhogo,Partenaire,Nouveau,2023-12-18,Actif
1947,1947,F,46,46-55,Abidjan,Boutique,VIP,2022-05-17,Actif
1948,1948,M,18,18-25,Abidjan,Boutique,Nouveau,2023-01-15,Inactif
1949,1949,F,18,18-25,Abidjan,Partenaire,Occasionnel,2024-10-20,Actif
1950,1950,M,29,26-35,Daloa,Mobile Money,Nouveau,2023-08-15,Actif
1951,1951,M,18,18-25,Yamoussoukro,Réseaux sociaux,Régulier,2024-06-19,Inactif
1952,1952,F,31,26-35,Daloa,Boutique,Fidèle,2022-10-12,Actif
1953,1953,M,36,36-45,Abidjan,Réseaux sociaux,Régulier,2024-04-13,Actif
1954,1954,M,44,36-45,Abidjan,Mobile Money,Nouveau,2024-12-14,Inactif
1955,1955,M,21,18-25,Abidjan,Mobile Money,Occasionnel,2024-10-10,Actif
1956,1956,M,38,36-45,Gagnoa,Mobile Money,Régulier,2023-04-22,Inactif
1957,1957,M,34,26-35,Abidjan,Mobile Money,Nouveau,2024-01-17,Inactif
1958,1958,F,37,36-45,Bouaké,Mobile Money,Régulier,2024-09-08,Actif
1959,1959,M,28,26-35,Yamoussoukro,Partenaire,Régulier,2024-06-09,Actif
1960,1960,M,49,46-55,Abidjan,Mobile Money,Nouveau,2024-12-06,Actif
1961,1961,M,32,26-35,Abidjan,Mobile Money,VIP,2022-02-04,Actif
1962,1962,F,53,46-55,Abidjan,Mobile Money,Occasionnel,2023-08-10,Actif
1963,1963,M,25,18-25,Bouaké,Boutique,Nouveau,2024-05-16,Inactif
1964,1964,F,42,36-45,Abengourou,Boutique,Nouveau,2024-03-10,Inactif
1965,1965,M,33,26-35,Abidjan,Mobile Money,Occasionnel,2022-06-18,Inactif
1966,1966,F,30,26-35,Abengourou,Site Web,Nouveau,2023-09-19,Inactif
1967,1967,M,40,36-45,Abidjan,Réseaux sociaux,Nouveau,2022-07-01,Actif
1968,1968,M,30,26-35,Abidjan,Mobile Money,Régulier,2022-04-11,Actif
1969,1969,F,18,18-25,Korhogo,Site Web,Régulier,2022-05-03,Actif
1970,1970,F,18,18-25,Korhogo,Boutique,Nouveau,2024-11-08,Actif
1971,1971,F,47,46-55,Abidjan,Boutique,Régulier,2022-10-25,Inactif
1972,1972,M,47,46-55,Yamoussoukro,Partenaire,Régulier,2023-05-16,Inactif
1973,1973,M,54,46-55,Korhogo,Réseaux sociaux,Occasionnel,2022-10-08,Inactif
1974,1974,F,33,26-35,Daloa,Boutique,VIP,2024-09-05,Actif
1975,1975,F,19,18-25,Bouaké,Boutique,Nouveau,2024-08-31,Actif
1976,1976,F,29,26-35,Abidjan,Mobile Money,Nouveau,2023-12-19,Actif
1977,1977,F,34,26-35,Abidjan,Boutique,Nouveau,2024-06-26,Actif
1978,1978,M,22,18-25,Bouaké,Site Web,Nouveau,2022-04-26,Actif
1979,1979,M,52,46-55,Abidjan,Mobile Money,Occasionnel,2024-12-30,Inactif
1980,1980,F,58,56+,Abidjan,Réseaux sociaux,Nouveau,2023-04-02,Actif
1981,1981,M,39,36-45,Abidjan,Site Web,Occasionnel,2023-03-15,Actif
1982,1982,F,33,26-35,Abidjan,Mobile Money,Fidèle,2022-08-03,Inactif
1983,1983,M,19,18-25,Abidjan,Réseaux sociaux,Régulier,2024-08-18,Actif
1984,1984,F,51,46-55,Abidjan,Site Web,Régulier,2022-07-05,Actif
1985,1985,M,34,26-35,Abidjan,Mobile Money,Régulier,2024-07-28,Inactif
1986,1986,M,30,26-35,Abidjan,Boutique,Régulier,2024-02-23,Inactif
1987,1987,F,39,36-45,Korhogo,Réseaux sociaux,Occasionnel,2024-04-25,Actif
1988,1988,M,27,26-35,Bouaké,Partenaire,Occasionnel,2022-02-02,Actif
1989,1989,M,35,26-35,Abidjan,Mobile Money,Nouveau,2024-03-19,Actif
1990,1990,F,18,18-25,Abidjan,Site Web,Nouveau,2024-11-23,Actif
1991,1991,F,45,36-45,Abidjan,Réseaux sociaux,Occasionnel,2023-03-08,Actif
1992,1992,M,32,26-35,Bouaké,Partenaire,Occasionnel,2023-05-08,Actif
1993,1993,F,46,46-55,Bouaké,Mobile Money,Nouveau,2022-05-03,Actif
1994,1994,F,31,26-35,Bouaké,Boutique,Nouveau,2023-06-21,Actif
1995,1995,F,32,26-35,Yamoussoukro,Réseaux sociaux,Régulier,2024-01-08,Actif
1996,1996,M,20,18-25,Abidjan,Mobile Money,Nouveau,2022-11-24,Actif
1997,1997,F,42,36-45,Abidjan,Boutique,Occasionnel,2024-03-22,Actif
1998,1998,F,24,18-25,Abidjan,Boutique,Nouveau,2022-04-04,Actif
1999,1999,M,28,26-35,Abidjan,Boutique,Nouveau,2024-01-09,Actif
2000,2000,M,34,26-35,Abidjan,Site Web,Régulier,2023-10-07,Actif
2001,2001,M,35,26-35,Daloa,Mobile Money,Nouveau,2022-09-09,Actif
2002,2002,F,18,18-25,Abidjan,Site Web,Nouveau,2023-01-13,Actif
2003,2003,M,31,26-35,Bouaké,Mobile Money,VIP,2022-09-20,Inactif
2004,2004,M,42,36-45,Abidjan,Réseaux sociaux,Occasionnel,2023-11-15,Actif
2005,2005,F,29,26-35,Abidjan,Boutique,Régulier,2023-11-29,Actif
2006,2006,M,31,26-35,Yamoussoukro,Mobile Money,Régulier,2023-09-01,Actif
2007,2007,F,35,26-35,Abidjan,Partenaire,Nouveau,2022-08-01,Inactif
2008,2008,F,32,26-35,Abidjan,Site Web,Occasionnel,2022-08-26,Actif
2009,2009,F,22,18-25,Abidjan,Boutique,Occasionnel,2024-06-06,Actif
2010,2010,M,33,26-35,Yamoussoukro,Mobile Money,Nouveau,2023-05-21,Actif
2011,2011,F,44,36-45,Abidjan,Boutique,Nouveau,2023-04-22,Actif
2012,2012,F,22,18-25,Divo,Partenaire,Régulier,2022-12-04,Actif
2013,2013,F,29,26-35,Abengourou,Mobile Money,Nouveau,2024-10-15,Actif
2014,2014,F,18,18-25,San-Pédro,Partenaire,Nouveau,2022-09-20,Actif
2015,2015,F,44,36-45,Abidjan,Mobile Money,Occasionnel,2024-04-21,Inactif
2016,2016,M,32,26-35,Yamoussoukro,Site Web,Occasionnel,2024-04-22,Actif
2017,2017,F,24,18-25,Abidjan,Boutique,Régulier,2022-09-24,Actif
2018,2018,F,35,26-35,Korhogo,Mobile Money,Nouveau,2022-01-14,Inactif
2019,2019,M,20,18-25,Abidjan,Partenaire,Régulier,2022-10-01,Actif
2020,2020,F,22,18-25,Abidjan,Mobile Money,Fidèle,2022-10-22,Actif
2021,2021,M,18,18-25,Abidjan,Partenaire,Occasionnel,2024-03-26,Actif
2022,2022,F,22,18-25,San-Pédro,Mobile Money,Fidèle,2023-08-05,Actif
2023,2023,F,48,46-55,Korhogo,Mobile Money,Occasionnel,2023-04-17,Actif
2024,2024,F,25,18-25,Abidjan,Partenaire,Nouveau,2023-06-06,Actif
2025,2025,F,39,36-45,Abidjan,Site Web,Occasionnel,2024-11-09,Actif
2026,2026,F,24,18-25,Daloa,Mobile Money,Occasionnel,2024-10-26,Actif
2027,2027,M,42,36-45,San-Pédro,Boutique,Fidèle,2022-01-29,Actif
2028,2028,F,22,18-25,Daloa,Mobile Money,Nouveau,2024-07-12,Actif
2029,2029,M,34,26-35,Abidjan,Réseaux sociaux,Nouveau,2023-01-31,Actif
2030,2030,M,34,26-35,Bouaké,Mobile Money,Fidèle,2024-04-03,Actif
2031,2031,F,59,56+,San-Pédro,Boutique,Nouveau,2024-12-14,Actif
2032,2032,F,40,36-45,Abidjan,Mobile Money,Régulier,2023-07-17,Actif
2033,2033,F,27,26-35,Abidjan,Site Web,Nouveau,2023-11-15,Actif
2034,2034,F,41,36-45,Abidjan,Partenaire,VIP,2023-04-15,Inactif
2035,2035,F,57,56+,Abidjan,Réseaux sociaux,Nouveau,2022-03-23,Actif
2036,2036,M,18,18-25,Daloa,Boutique,Régulier,2022-02-10,Actif
2037,2037,M,24,18-25,Abidjan,Mobile Money,Occasionnel,2023-01-30,Actif
2038,2038,F,31,26-35,Abidjan,Mobile Money,VIP,2024-06-18,Actif
2039,2039,M,29,26-35,Abidjan,Réseaux sociaux,VIP,2023-01-09,Actif
2040,2040,M,30,26-35,Korhogo,Mobile Money,Régulier,2023-04-17,Inactif
2041,2041,F,19,18-25,San-Pédro,Site Web,Nouveau,2023-08-05,Inactif
2042,2042,M,49,46-55,Abidjan,Boutique,Occasionnel,2022-12-18,Actif
2043,2043,M,18,18-25,Yamoussoukro,Partenaire,Fidèle,2023-06-21,Inactif
2044,2044,M,31,26-35,Abidjan,Boutique,Régulier,2023-10-27,Actif
2045,2045,M,45,36-45,San-Pédro,Boutique,Fidèle,2024-07-21,Actif
2046,2046,F,33,26-35,Yamoussoukro,Réseaux sociaux,Régulier,2024-04-05,Actif
2047,2047,F,23,18-25,Abidjan,Partenaire,Nouveau,2024-06-14,Actif
2048,2048,M,19,18-25,Abengourou,Boutique,Nouveau,2023-07-27,Inactif
2049,2049,F,31,26-35,Abidjan,Site Web,Nouveau,2024-02-05,Actif
2050,2050,F,25,18-25,Bouaké,Site Web,Régulier,2022-06-13,Actif
2051,2051,M,36,36-45,Abidjan,Boutique,Occasionnel,2022-06-11,Actif
2052,2052,F,18,18-25,Yamoussoukro,Mobile Money,Nouveau,2024-10-06,Actif
2053,2053,F,42,36-45,Abidjan,Site Web,Régulier,2023-10-24,Actif
2054,2054,M,35,26-35,Abidjan,Site Web,Nouveau,2022-05-04,Actif
2055,2055,F,36,36-45,Abidjan,Mobile Money,Occasionnel,2023-03-23,Inactif
2056,2056,F,49,46-55,Abengourou,Mobile Money,Occasionnel,2024-11-27,Actif
2057,2057,M,29,26-35,Abidjan,Site Web,Occasionnel,2022-01-24,Actif
2058,2058,F,26,26-35,Bouaké,Mobile Money,Nouveau,2023-04-30,Inactif
2059,2059,F,27,26-35,Abidjan,Site Web,Régulier,2024-07-05,Actif
2060,2060,F,31,26-35,San-Pédro,Site Web,Fidèle,2024-11-02,Actif
2061,2061,M,32,26-35,Abidjan,Boutique,Régulier,2023-02-08,Inactif
2062,2062,F,24,18-25,Bouaké,Mobile Money,VIP,2024-09-28,Actif
2063,2063,F,18,18-25,Divo,Boutique,Nouveau,2024-02-24,Actif
2064,2064,F,27,26-35,Abidjan,Boutique,Nouveau,2023-03-21,Actif
2065,2065,F,37,36-45,Abidjan,Site Web,Nouveau,2024-05-03,Actif
2066,2066,M,35,26-35,Korhogo,Site Web,Régulier,2024-05-26,Actif
2067,2067,F,47,46-55,Abidjan,Réseaux sociaux,Nouveau,2022-10-29,Actif
2068,2068,M,55,46-55,Abidjan,Mobile Money,Fidèle,2022-04-09,Actif
2069,2069,F,42,36-45,Abidjan,Site Web,Occasionnel,2024-05-05,Actif
2070,2070,F,49,46-55,San-Pédro,Mobile Money,Régulier,2022-04-01,Actif
2071,2071,M,42,36-45,Man,Réseaux sociaux,Occasionnel,2024-05-02,Actif
2072,2072,F,52,46-55,Bouaké,Mobile Money,Régulier,2023-01-25,Actif
2073,2073,F,54,46-55,Bouaké,Boutique,Occasionnel,2024-02-09,Actif
2074,2074,M,44,36-45,Abidjan,Boutique,Occasionnel,2023-10-30,Actif
2075,2075,F,41,36-45,Abidjan,Mobile Money,Régulier,2022-02-12,Actif
2076,2076,M,31,26-35,Abidjan,Partenaire,Nouveau,2022-01-11,Inactif
2077,2077,M,33,26-35,Abidjan,Mobile Money,Fidèle,2023-11-21,Actif
2078,2078,F,30,26-35,Abidjan,Mobile Money,Régulier,2023-07-19,Inactif
2079,2079,F,40,36-45,Yamoussoukro,Site Web,Régulier,2022-02-17,Actif
2080,2080,F,26,26-35,Abidjan,Boutique,Nouveau,2024-12-04,Actif
2081,2081,F,31,26-35,Abidjan,Mobile Money,Nouveau,2022-09-19,Actif
2082,2082,F,18,18-25,Abidjan,Mobile Money,Nouveau,2024-07-28,Actif
2083,2083,M,52,46-55,Abidjan,Mobile Money,Régulier,2022-05-08,Actif
2084,2084,F,31,26-35,Abidjan,Réseaux sociaux,Nouveau,2022-09-12,Actif
2085,2085,M,39,36-45,Abidjan,Boutique,VIP,2023-08-03,Actif
2086,2086,F,50,46-55,Abidjan,Mobile Money,VIP,2023-08-02,Inactif
2087,2087,F,37,36-45,Abidjan,Boutique,Nouveau,2023-10-24,Actif
2088,2088,F,49,46-55,Daloa,Réseaux sociaux,Régulier,2022-07-07,Actif
2089,2089,M,20,18-25,San-Pédro,Réseaux sociaux,Nouveau,2022-10-17,Inactif
2090,2090,F,60,56+,Daloa,Mobile Money,Nouveau,2022-10-16,Actif
2091,2091,F,45,36-45,Bouaké,Site Web,Nouveau,2023-04-28,Actif
2092,2092,M,36,36-45,Korhogo,Mobile Money,Fidèle,2024-10-07,Actif
2093,2093,M,49,46-55,Abidjan,Mobile Money,Fidèle,2023-05-22,Actif
2094,2094,F,21,18-25,Bouaké,Réseaux sociaux,Nouveau,2024-12-28,Actif
2095,2095,M,30,26-35,Abidjan,Réseaux sociaux,Nouveau,2022-10-03,Inactif
2096,2096,F,49,46-55,Abidjan,Mobile Money,Occasionnel,2022-09-23,Actif
2097,2097,F,18,18-25,Abidjan,Réseaux sociaux,Occasionnel,2022-04-21,Actif
2098,2098,F,40,36-45,Abidjan,Site Web,Nouveau,2022-08-21,Inactif
2099,2099,F,39,36-45,Daloa,Site Web,Fidèle,2022-12-08,Actif
2100,2100,F,55,46-55,Abidjan,Site Web,Fidèle,2023-02-25,Inactif
2101,2101,M,18,18-25,Yamoussoukro,Boutique,Occasionnel,2024-02-21,Inactif
2102,2102,F,51,46-55,Korhogo,Partenaire,Fidèle,2023-05-04,Actif
2103,2103,M,27,26-35,Abidjan,Mobile Money,Régulier,2024-01-22,Actif
2104,2104,M,29,26-35,Abidjan,Boutique,Occasionnel,2022-04-08,Actif
2105,2105,M,20,18-25,Abidjan,Mobile Money,Régulier,2024-11-02,Actif
2106,2106,M,22,18-25,Abidjan,Réseaux sociaux,Occasionnel,2022-06-11,Actif
2107,2107,M,38,36-45,Abengourou,Mobile Money,Occasionnel,2022-02-06,Actif
2108,2108,M,21,18-25,Yamoussoukro,Boutique,Nouveau,2023-04-11,Actif
2109,2109,F,42,36-45,Yamoussoukro,Site Web,Régulier,2023-12-15,Actif
2110,2110,F,26,26-35,Abidjan,Mobile Money,Nouveau,2022-09-15,Inactif
2111,2111,F,20,18-25,Yamoussoukro,Mobile Money,Nouveau,2022-06-28,Actif
2112,2112,M,28,26-35,Yamoussoukro,Mobile Money,Occasionnel,2024-07-14,Actif
2113,2113,F,37,36-45,Abidjan,Site Web,Occasionnel,2024-06-21,Actif
2114,2114,M,30,26-35,Abidjan,Mobile Money,Nouveau,2024-04-02,Actif
2115,2115,F,34,26-35,Abidjan,Boutique,Nouveau,2022-08-30,Actif
2116,2116,M,41,36-45,Abidjan,Boutique,Fidèle,2023-08-11,Actif
2117,2117,F,45,36-45,Korhogo,Partenaire,Occasionnel,2024-01-26,Actif
2118,2118,F,30,26-35,Bouaké,Site Web,Occasionnel,2023-04-19,Actif
2119,2119,F,22,18-25,Abidjan,Mobile Money,Fidèle,2022-07-15,Actif
2120,2120,F,34,26-35,Man,Réseaux sociaux,Fidèle,2024-06-28,Actif
2121,2121,F,39,36-45,Abidjan,Réseaux sociaux,Nouveau,2024-10-24,Actif
2122,2122,F,18,18-25,Abidjan,Site Web,Occasionnel,2022-07-01,Inactif
2123,2123,F,24,18-25,Man,Boutique,Nouveau,2024-02-09,Actif
2124,2124,F,26,26-35,Korhogo,Mobile Money,Occasionnel,2024-08-29,Actif
2125,2125,F,31,26-35,Yamoussoukro,Site Web,Régulier,2023-08-16,Inactif
2126,2126,F,25,18-25,Abidjan,Boutique,Nouveau,2022-02-23,Actif
2127,2127,F,41,36-45,Gagnoa,Mobile Money,Occasionnel,2024-01-27,Actif
2128,2128,F,18,18-25,Daloa,Mobile Money,Nouveau,2024-10-08,Actif
2129,2129,F,18,18-25,Yamoussoukro,Mobile Money,Occasionnel,2022-10-14,Actif
2130,2130,F,30,26-35,Abidjan,Site Web,Nouveau,2022-06-01,Actif
2131,2131,F,32,26-35,Abidjan,Mobile Money,Régulier,2022-10-04,Actif
2132,2132,M,18,18-25,San-Pédro,Site Web,Occasionnel,2024-06-08,Inactif
2133,2133,M,27,26-35,Korhogo,Réseaux sociaux,Nouveau,2023-09-03,Actif
2134,2134,M,29,26-35,Bouaké,Mobile Money,Régulier,2022-01-20,Actif
2135,2135,F,29,26-35,Abidjan,Mobile Money,Nouveau,2023-10-06,Inactif
2136,2136,M,35,26-35,Yamoussoukro,Mobile Money,Occasionnel,2024-06-11,Actif
2137,2137,F,26,26-35,Abidjan,Boutique,Occasionnel,2022-07-22,Inactif
2138,2138,M,50,46-55,Abidjan,Réseaux sociaux,Nouveau,2023-10-02,Inactif
2139,2139,M,39,36-45,Abidjan,Site Web,Nouveau,2022-09-08,Inactif
2140,2140,M,25,18-25,Abidjan,Réseaux sociaux,Nouveau,2022-01-21,Actif
2141,2141,M,35,26-35,Daloa,Partenaire,Régulier,2023-03-15,Actif
2142,2142,F,35,26-35,Abidjan,Mobile Money,Régulier,2024-04-27,Inactif
2143,2143,M,47,46-55,Abidjan,Site Web,Nouveau,2024-01-03,Actif
2144,2144,M,27,26-35,Korhogo,Boutique,Nouveau,2022-04-22,Actif
2145,2145,F,42,36-45,Yamoussoukro,Boutique,Fidèle,2022-07-23,Actif
2146,2146,M,34,26-35,Abidjan,Mobile Money,Nouveau,2023-08-15,Actif
2147,2147,F,50,46-55,Abidjan,Boutique,Nouveau,2022-12-18,Inactif
2148,2148,M,48,46-55,Daloa,Site Web,Régulier,2022-12-30,Inactif
2149,2149,M,36,36-45,Abidjan,Site Web,Nouveau,2023-04-23,Actif
2150,2150,F,31,26-35,Abidjan,Mobile Money,Fidèle,2024-04-11,Actif
2151,2151,M,39,36-45,Abidjan,Mobile Money,Nouveau,2023-09-23,Actif
2152,2152,F,32,26-35,Abidjan,Boutique,Fidèle,2024-07-23,Actif
2153,2153,M,52,46-55,Yamoussoukro,Site Web,Occasionnel,2022-04-22,Actif
2154,2154,M,34,26-35,Abidjan,Boutique,Nouveau,2023-05-24,Actif
2155,2155,M,29,26-35,Abidjan,Mobile Money,Occasionnel,2023-08-26,Actif
2156,2156,M,28,26-35,Abidjan,Mobile Money,VIP,2024-04-09,Actif
2157,2157,F,20,18-25,Abidjan,Site Web,Occasionnel,2023-07-19,Actif
2158,2158,F,40,36-45,Abidjan,Site Web,Nouveau,2024-09-30,Actif
2159,2159,F,24,18-25,Korhogo,Mobile Money,Fidèle,2024-07-06,Inactif
2160,2160,F,46,46-55,Abidjan,Boutique,Nouveau,2024-01-25,Actif
2161,2161,F,19,18-25,Abidjan,Boutique,Nouveau,2023-03-12,Actif
2162,2162,F,35,26-35,Abidjan,Site Web,Nouveau,2022-12-19,Actif
2163,2163,F,46,46-55,Daloa,Mobile Money,Fidèle,2023-08-08,Actif
2164,2164,F,18,18-25,Abidjan,Site Web,Nouveau,2023-05-23,Actif
2165,2165,M,56,56+,Divo,Partenaire,Nouveau,2022-02-02,Inactif
2166,2166,F,29,26-35,Yamoussoukro,Boutique,Fidèle,2022-09-09,Actif
2167,2167,M,35,26-35,Abidjan,Mobile Money,Régulier,2024-07-03,Actif
2168,2168,F,40,36-45,Yamoussoukro,Mobile Money,Nouveau,2023-05-17,Actif
2169,2169,F,41,36-45,Abidjan,Mobile Money,Occasionnel,2024-11-05,Actif
2170,2170,F,37,36-45,Divo,Partenaire,Nouveau,2022-09-27,Actif
2171,2171,F,44,36-45,Divo,Partenaire,Occasionnel,2024-11-25,Inactif
2172,2172,F,39,36-45,Abidjan,Mobile Money,Nouveau,2024-06-02,Actif
2173,2173,F,53,46-55,Bouaké,Réseaux sociaux,Régulier,2023-01-28,Inactif
2174,2174,F,39,36-45,Abidjan,Mobile Money,Régulier,2023-10-30,Inactif
2175,2175,F,55,46-55,Abidjan,Boutique,Nouveau,2024-12-18,Actif
2176,2176,M,43,36-45,Daloa,Site Web,Nouveau,2023-11-25,Actif
2177,2177,F,18,18-25,Man,Boutique,Occasionnel,2024-10-17,Actif
2178,2178,M,62,56+,Abidjan,Boutique,Régulier,2022-05-01,Actif
2179,2179,F,27,26-35,Yamoussoukro,Site Web,Régulier,2022-06-29,Actif
2180,2180,M,50,46-55,Yamoussoukro,Mobile Money,Régulier,2022-01-02,Actif
2181,2181,M,34,26-35,Abidjan,Partenaire,VIP,2022-12-23,Actif
2182,2182,M,45,36-45,Bouaké,Mobile Money,Fidèle,2024-05-14,Actif
2183,2183,M,26,26-35,Yamoussoukro,Mobile Money,VIP,2024-11-21,Actif
2184,2184,F,40,36-45,Daloa,Partenaire,Régulier,2023-08-17,Inactif
2185,2185,M,31,26-35,Abengourou,Boutique,Nouveau,2023-04-08,Actif
2186,2186,F,51,46-55,Abidjan,Boutique,Régulier,2024-10-17,Actif
2187,2187,M,38,36-45,Abidjan,Mobile Money,Nouveau,2023-10-07,Actif
2188,2188,M,44,36-45,Abidjan,Mobile Money,Nouveau,2023-08-12,Actif
2189,2189,F,18,18-25,Abidjan,Mobile Money,Nouveau,2022-04-03,Actif
2190,2190,M,33,26-35,Abidjan,Boutique,Occasionnel,2022-08-24,Actif
2191,2191,F,38,36-45,Korhogo,Boutique,Régulier,2024-02-04,Actif
2192,2192,M,36,36-45,Abidjan,Boutique,Occasionnel,2024-02-04,Actif
2193,2193,M,44,36-45,Yamoussoukro,Réseaux sociaux,Nouveau,2023-06-28,Actif
2194,2194,F,29,26-35,Abidjan,Réseaux sociaux,Fidèle,2024-02-07,Actif
2195,2195,M,34,26-35,Abidjan,Mobile Money,Occasionnel,2024-01-27,Actif
2196,2196,M,46,46-55,San-Pédro,Partenaire,Nouveau,2022-03-13,Actif
2197,2197,F,18,18-25,Yamoussoukro,Réseaux sociaux,Nouveau,2024-07-03,Actif
2198,2198,F,40,36-45,Abidjan,Partenaire,Nouveau,2024-01-30,Actif
2199,2199,F,30,26-35,Man,Site Web,Fidèle,2022-08-29,Actif
2200,2200,M,23,18-25,Abidjan,Mobile Money,Nouveau,2022-08-21,Actif
2201,2201,F,37,36-45,Abidjan,Mobile Money,Fidèle,2024-11-15,Inactif
2202,2202,M,47,46-55,Abidjan,Réseaux sociaux,Nouveau,2022-10-06,Actif
2203,2203,M,45,36-45,Yamoussoukro,Boutique,Régulier,2022-02-05,Actif
2204,2204,F,32,26-35,Abidjan,Réseaux sociaux,Nouveau,2022-02-04,Inactif
2205,2205,F,43,36-45,San-Pédro,Site Web,Occasionnel,2022-09-07,Actif
2206,2206,M,43,36-45,Abidjan,Mobile Money,Occasionnel,2023-11-18,Actif
2207,2207,M,33,26-35,Abidjan,Boutique,Nouveau,2023-05-15,Actif
2208,2208,F,26,26-35,San-Pédro,Partenaire,VIP,2024-03-12,Inactif
2209,2209,F,27,26-35,Abidjan,Mobile Money,Régulier,2022-09-12,Actif
2210,2210,F,43,36-45,Abidjan,Site Web,Nouveau,2022-09-10,Actif
2211,2211,M,33,26-35,Abidjan,Partenaire,Régulier,2023-03-19,Inactif
2212,2212,F,22,18-25,Abidjan,Mobile Money,Nouveau,2024-05-17,Inactif
2213,2213,M,18,18-25,Abidjan,Mobile Money,Fidèle,2023-07-05,Actif
2214,2214,F,43,36-45,Abidjan,Boutique,Occasionnel,2024-04-14,Actif
2215,2215,M,27,26-35,Bouaké,Réseaux sociaux,Nouveau,2022-04-13,Actif
2216,2216,F,37,36-45,Abidjan,Boutique,Nouveau,2023-03-25,Inactif
2217,2217,F,47,46-55,Abidjan,Mobile Money,Nouveau,2023-04-24,Actif
2218,2218,M,19,18-25,Bouaké,Mobile Money,Fidèle,2022-03-16,Inactif
2219,2219,M,33,26-35,Abidjan,Boutique,Nouveau,2022-12-11,Actif
2220,2220,F,32,26-35,Bouaké,Mobile Money,Nouveau,2022-11-03,Inactif
2221,2221,F,38,36-45,Yamoussoukro,Mobile Money,Régulier,2023-05-14,Actif
2222,2222,F,47,46-55,Abidjan,Réseaux sociaux,Nouveau,2022-07-01,Actif
2223,2223,F,19,18-25,Abidjan,Mobile Money,Nouveau,2022-10-23,Inactif
2224,2224,F,40,36-45,Abidjan,Réseaux sociaux,Régulier,2024-11-15,Actif
2225,2225,M,45,36-45,Abidjan,Partenaire,Nouveau,2022-06-06,Actif
2226,2226,F,31,26-35,Abidjan,Site Web,Fidèle,2024-06-14,Actif
2227,2227,M,32,26-35,Yamoussoukro,Site Web,Occasionnel,2023-08-18,Inactif
2228,2228,F,38,36-45,Bouaké,Mobile Money,Nouveau,2022-03-27,Actif
2229,2229,F,37,36-45,Abidjan,Boutique,Occasionnel,2023-03-15,Actif
2230,2230,M,40,36-45,Divo,Boutique,Nouveau,2023-07-17,Actif
2231,2231,F,40,36-45,Abidjan,Mobile Money,Occasionnel,2022-10-31,Inactif
2232,2232,M,23,18-25,Korhogo,Boutique,Occasionnel,2022-10-20,Inactif
2233,2233,F,44,36-45,San-Pédro,Mobile Money,Régulier,2024-02-19,Actif
2234,2234,M,46,46-55,Abidjan,Mobile Money,Occasionnel,2022-02-05,Actif
2235,2235,M,36,36-45,Abidjan,Site Web,Régulier,2024-10-13,Actif
2236,2236,M,18,18-25,Abidjan,Boutique,Nouveau,2022-12-19,Actif
2237,2237,F,32,26-35,Man,Mobile Money,Fidèle,2023-02-22,Actif
2238,2238,F,36,36-45,Abidjan,Mobile Money,Nouveau,2022-05-20,Actif
2239,2239,F,21,18-25,Korhogo,Mobile Money,Fidèle,2024-08-22,Actif
2240,2240,M,30,26-35,Abidjan,Boutique,Occasionnel,2022-09-01,Actif
2241,2241,F,18,18-25,Abidjan,Boutique,Nouveau,2024-05-30,Actif
2242,2242,F,40,36-45,Bouaké,Mobile Money,Occasionnel,2022-12-24,Inactif
2243,2243,F,35,26-35,Abidjan,Site Web,Fidèle,2022-02-04,Actif
2244,2244,F,18,18-25,Abidjan,Partenaire,Fidèle,2023-03-24,Inactif
2245,2245,F,37,36-45,Man,Boutique,Régulier,2023-07-27,Inactif
2246,2246,F,33,26-35,Abidjan,Boutique,Occasionnel,2023-05-28,Actif
2247,2247,F,39,36-45,Man,Site Web,Occasionnel,2024-12-16,Actif
2248,2248,M,29,26-35,Abengourou,Réseaux sociaux,Nouveau,2023-07-24,Actif
2249,2249,F,25,18-25,Abidjan,Partenaire,Régulier,2024-05-03,Actif
2250,2250,F,25,18-25,Abidjan,Mobile Money,Nouveau,2023-02-10,Actif
2251,2251,M,28,26-35,Abidjan,Mobile Money,Fidèle,2022-06-08,Actif
2252,2252,M,34,26-35,Bouaké,Mobile Money,Régulier,2023-06-30,Actif
2253,2253,F,35,26-35,Abengourou,Site Web,Occasionnel,2023-09-06,Inactif
2254,2254,M,31,26-35,Korhogo,Mobile Money,Régulier,2023-04-03,Actif
2255,2255,M,29,26-35,Man,Réseaux sociaux,Nouveau,2024-04-19,Actif
2256,2256,M,30,26-35,Abidjan,Mobile Money,Nouveau,2024-11-22,Actif
2257,2257,M,61,56+,Abidjan,Site Web,Nouveau,2022-03-30,Inactif
2258,2258,M,25,18-25,Abidjan,Mobile Money,Nouveau,2022-03-16,Inactif
2259,2259,F,27,26-35,Korhogo,Boutique,Nouveau,2022-10-27,Actif
2260,2260,F,70,56+,Abidjan,Boutique,Régulier,2023-10-04,Actif
2261,2261,M,38,36-45,Abidjan,Site Web,Régulier,2022-02-16,Actif
2262,2262,M,18,18-25,Abidjan,Boutique,Occasionnel,2022-08-01,Actif
2263,2263,F,43,36-45,Abidjan,Boutique,VIP,2023-03-24,Inactif
2264,2264,F,23,18-25,Abidjan,Site Web,Fidèle,2023-02-16,Actif
2265,2265,M,43,36-45,Abidjan,Partenaire,Nouveau,2024-07-15,Actif
2266,2266,F,31,26-35,Korhogo,Site Web,Occasionnel,2023-08-22,Actif
2267,2267,M,29,26-35,Daloa,Site Web,Fidèle,2024-08-13,Actif
2268,2268,F,51,46-55,Abidjan,Boutique,Nouveau,2024-04-11,Actif
2269,2269,M,40,36-45,Daloa,Réseaux sociaux,Occasionnel,2023-03-30,Actif
2270,2270,M,44,36-45,Abidjan,Boutique,Fidèle,2024-12-06,Actif
2271,2271,M,38,36-45,Daloa,Partenaire,Régulier,2024-07-12,Actif
2272,2272,M,29,26-35,Abidjan,Réseaux sociaux,Fidèle,2023-06-25,Actif
2273,2273,M,40,36-45,Bouaké,Mobile Money,Fidèle,2024-07-20,Actif
2274,2274,M,47,46-55,Abidjan,Mobile Money,Nouveau,2022-10-09,Inactif
2275,2275,M,35,26-35,Abidjan,Site Web,Régulier,2022-08-16,Actif
2276,2276,F,53,46-55,Bouaké,Site Web,Régulier,2024-05-16,Actif
2277,2277,M,43,36-45,Daloa,Site Web,Nouveau,2024-05-14,Actif
2278,2278,F,36,36-45,Daloa,Partenaire,Nouveau,2022-08-31,Inactif
2279,2279,M,36,36-45,Abidjan,Boutique,Nouveau,2024-04-05,Actif
2280,2280,M,35,26-35,Abidjan,Boutique,Régulier,2023-07-11,Inactif
2281,2281,F,20,18-25,Daloa,Boutique,Régulier,2023-09-04,Actif
2282,2282,F,33,26-35,Abidjan,Mobile Money,Fidèle,2024-07-16,Actif
2283,2283,F,36,36-45,Abidjan,Boutique,Nouveau,2022-06-25,Actif
2284,2284,M,29,26-35,Abidjan,Réseaux sociaux,Régulier,2023-03-19,Actif
2285,2285,F,37,36-45,Abidjan,Mobile Money,Nouveau,2022-11-14,Actif
2286,2286,F,34,26-35,Abidjan,Réseaux sociaux,Fidèle,2023-09-02,Actif
2287,2287,M,42,36-45,Abidjan,Réseaux sociaux,Occasionnel,2022-06-22,Actif
2288,2288,M,41,36-45,Bouaké,Mobile Money,Régulier,2022-05-11,Actif
2289,2289,F,35,26-35,Yamoussoukro,Réseaux sociaux,Nouveau,2024-02-02,Actif
2290,2290,F,18,18-25,Daloa,Site Web,Nouveau,2022-03-03,Actif
2291,2291,M,53,46-55,Yamoussoukro,Boutique,Nouveau,2023-04-02,Actif
2292,2292,M,32,26-35,Abidjan,Mobile Money,Régulier,2024-12-15,Actif
2293,2293,M,33,26-35,Man,Mobile Money,Nouveau,2024-12-29,Actif
2294,2294,F,30,26-35,Yamoussoukro,Site Web,Fidèle,2022-07-15,Actif
2295,2295,F,28,26-35,Abidjan,Mobile Money,Nouveau,2024-10-12,Inactif
2296,2296,F,50,46-55,Abidjan,Mobile Money,Occasionnel,2023-01-03,Actif
2297,2297,M,49,46-55,Bouaké,Partenaire,Nouveau,2022-08-06,Actif
2298,2298,F,38,36-45,Bouaké,Site Web,Nouveau,2023-07-07,Actif
2299,2299,F,32,26-35,Yamoussoukro,Site Web,Occasionnel,2023-06-19,Actif
2300,2300,M,40,36-45,Daloa,Partenaire,Occasionnel,2023-02-15,Actif
2301,2301,M,34,26-35,Man,Mobile Money,Occasionnel,2023-04-13,Actif
2302,2302,M,31,26-35,Divo,Mobile Money,Régulier,2022-04-17,Actif
2303,2303,F,37,36-45,Bouaké,Site Web,Nouveau,2022-10-16,Actif
2304,2304,F,29,26-35,Gagnoa,Boutique,Occasionnel,2022-08-04,Actif
2305,2305,F,36,36-45,Man,Mobile Money,Régulier,2024-10-17,Actif
2306,2306,F,36,36-45,Abidjan,Site Web,Nouveau,2023-06-25,Actif
2307,2307,M,40,36-45,Bouaké,Mobile Money,Occasionnel,2023-08-22,Actif
2308,2308,F,27,26-35,Abidjan,Boutique,Nouveau,2023-04-26,Actif
2309,2309,M,41,36-45,Abidjan,Boutique,Nouveau,2024-08-26,Actif
2310,2310,M,24,18-25,Abidjan,Site Web,Nouveau,2024-05-24,Actif
2311,2311,M,27,26-35,Abidjan,Mobile Money,Occasionnel,2024-01-26,Actif
2312,2312,F,28,26-35,Abidjan,Mobile Money,Nouveau,2022-12-08,Inactif
2313,2313,F,22,18-25,Abidjan,Réseaux sociaux,Fidèle,2022-12-04,Inactif
2314,2314,F,45,36-45,Abidjan,Partenaire,Régulier,2024-10-26,Actif
2315,2315,F,23,18-25,Yamoussoukro,Boutique,Nouveau,2024-10-15,Actif
2316,2316,F,26,26-35,Korhogo,Mobile Money,Occasionnel,2022-11-06,Actif
2317,2317,F,47,46-55,Abengourou,Boutique,Nouveau,2023-01-04,Actif
2318,2318,M,27,26-35,Abidjan,Mobile Money,Nouveau,2022-12-29,Inactif
2319,2319,F,31,26-35,Abidjan,Mobile Money,VIP,2024-05-08,Actif
2320,2320,M,22,18-25,San-Pédro,Mobile Money,Occasionnel,2024-11-05,Actif
2321,2321,F,43,36-45,Abidjan,Mobile Money,Nouveau,2024-08-29,Inactif
2322,2322,F,43,36-45,Gagnoa,Mobile Money,Fidèle,2024-07-09,Inactif
2323,2323,F,42,36-45,Yamoussoukro,Mobile Money,Fidèle,2023-01-17,Actif
2324,2324,F,39,36-45,Abidjan,Réseaux sociaux,Occasionnel,2022-12-14,Actif
2325,2325,F,34,26-35,Abidjan,Boutique,Régulier,2024-08-31,Actif
2326,2326,M,28,26-35,Abidjan,Boutique,Régulier,2023-03-09,Actif
2327,2327,F,25,18-25,Abidjan,Mobile Money,Régulier,2022-08-24,Inactif
2328,2328,F,48,46-55,Abidjan,Réseaux sociaux,Occasionnel,2024-07-11,Actif
2329,2329,M,42,36-45,San-Pédro,Mobile Money,Fidèle,2023-06-10,Actif
2330,2330,F,26,26-35,Bouaké,Mobile Money,Occasionnel,2022-04-05,Actif
2331,2331,M,34,26-35,Abidjan,Site Web,Nouveau,2024-09-08,Inactif
2332,2332,F,30,26-35,Abidjan,Site Web,Nouveau,2022-11-19,Actif
2333,2333,M,21,18-25,Abidjan,Réseaux sociaux,Occasionnel,2022-12-05,Actif
2334,2334,F,35,26-35,Abidjan,Boutique,Nouveau,2023-08-06,Inactif
2335,2335,F,29,26-35,Yamoussoukro,Boutique,Nouveau,2022-10-23,Inactif
2336,2336,M,23,18-25,Bouaké,Mobile Money,Occasionnel,2024-06-26,Actif
2337,2337,M,18,18-25,San-Pédro,Boutique,Fidèle,2024-01-28,Actif
2338,2338,F,18,18-25,Abidjan,Boutique,Nouveau,2023-09-11,Inactif
2339,2339,M,29,26-35,Abidjan,Mobile Money,Nouveau,2022-08-08,Actif
2340,2340,F,33,26-35,San-Pédro,Mobile Money,Fidèle,2023-06-21,Actif
2341,2341,F,24,18-25,Yamoussoukro,Partenaire,Occasionnel,2022-10-26,Actif
2342,2342,F,41,36-45,Yamoussoukro,Mobile Money,Régulier,2024-11-19,Inactif
2343,2343,M,33,26-35,Abidjan,Mobile Money,Occasionnel,2024-05-17,Inactif
2344,2344,F,40,36-45,Korhogo,Partenaire,Régulier,2022-05-08,Actif
2345,2345,M,31,26-35,Abidjan,Site Web,Nouveau,2023-08-02,Actif
2346,2346,F,25,18-25,Abidjan,Boutique,Occasionnel,2024-05-04,Actif
2347,2347,M,35,26-35,Daloa,Site Web,Régulier,2023-07-28,Actif
2348,2348,M,20,18-25,Abidjan,Mobile Money,Nouveau,2022-05-20,Inactif
2349,2349,F,39,36-45,San-Pédro,Réseaux sociaux,Nouveau,2022-06-03,Actif
2350,2350,F,23,18-25,Abidjan,Mobile Money,Occasionnel,2024-03-13,Actif
2351,2351,F,44,36-45,Abidjan,Partenaire,Régulier,2023-07-28,Actif
2352,2352,M,30,26-35,Abidjan,Mobile Money,Occasionnel,2023-08-18,Actif
2353,2353,F,45,36-45,San-Pédro,Site Web,Régulier,2022-10-23,Actif
2354,2354,M,21,18-25,Daloa,Boutique,Régulier,2022-10-17,Actif
2355,2355,F,26,26-35,Abidjan,Mobile Money,Nouveau,2023-03-22,Actif
2356,2356,M,38,36-45,Abidjan,Boutique,Fidèle,2023-08-18,Actif
2357,2357,F,46,46-55,Abidjan,Site Web,Fidèle,2023-05-29,Actif
2358,2358,F,52,46-55,Abidjan,Mobile Money,Nouveau,2024-08-20,Actif
2359,2359,M,34,26-35,Daloa,Partenaire,Occasionnel,2022-07-26,Actif
2360,2360,F,54,46-55,Abidjan,Mobile Money,Nouveau,2023-06-02,Actif
2361,2361,M,30,26-35,Abidjan,Site Web,Fidèle,2022-09-15,Actif
2362,2362,F,46,46-55,Abidjan,Site Web,Occasionnel,2022-01-08,Inactif
2363,2363,F,23,18-25,Bouaké,Boutique,Occasionnel,2023-03-31,Actif
2364,2364,M,38,36-45,Yamoussoukro,Site Web,Fidèle,2022-03-03,Actif
2365,2365,M,18,18-25,Yamoussoukro,Site Web,Régulier,2023-02-12,Actif
2366,2366,M,21,18-25,Bouaké,Site Web,Nouveau,2023-11-24,Actif
2367,2367,F,39,36-45,Gagnoa,Boutique,Régulier,2023-02-16,Actif
2368,2368,F,19,18-25,Abidjan,Site Web,Régulier,2024-01-13,Actif
2369,2369,F,38,36-45,Korhogo,Boutique,Nouveau,2022-11-19,Actif
2370,2370,M,43,36-45,Bouaké,Mobile Money,Occasionnel,2023-03-16,Actif
2371,2371,F,28,26-35,Abidjan,Mobile Money,Régulier,2024-08-16,Actif
2372,2372,F,23,18-25,San-Pédro,Site Web,Occasionnel,2022-09-23,Actif
2373,2373,F,28,26-35,Bouaké,Partenaire,VIP,2023-07-03,Actif
2374,2374,F,23,18-25,Yamoussoukro,Mobile Money,Occasionnel,2024-02-23,Actif
2375,2375,F,32,26-35,Abidjan,Boutique,Régulier,2023-02-01,Actif
2376,2376,F,35,26-35,Abidjan,Mobile Money,Régulier,2022-11-30,Actif
2377,2377,M,30,26-35,Korhogo,Boutique,Nouveau,2024-02-04,Inactif
2378,2378,M,52,46-55,Abidjan,Site Web,Nouveau,2022-03-23,Actif
2379,2379,F,26,26-35,Abidjan,Site Web,VIP,2022-10-18,Actif
2380,2380,M,49,46-55,Abidjan,Site Web,Régulier,2023-03-25,Inactif
2381,2381,M,22,18-25,Abidjan,Site Web,Occasionnel,2022-08-27,Actif
2382,2382,F,34,26-35,San-Pédro,Mobile Money,Nouveau,2023-08-14,Actif
2383,2383,F,47,46-55,Bouaké,Boutique,Nouveau,2023-11-10,Inactif
2384,2384,F,46,46-55,Man,Mobile Money,Nouveau,2024-11-23,Actif
2385,2385,F,29,26-35,Abidjan,Partenaire,Occasionnel,2023-10-21,Actif
2386,2386,M,40,36-45,Abidjan,Site Web,Occasionnel,2023-10-11,Actif
2387,2387,M,38,36-45,Abidjan,Mobile Money,Nouveau,2024-03-05,Inactif
2388,2388,F,28,26-35,Abidjan,Mobile Money,Régulier,2022-08-17,Actif
2389,2389,M,40,36-45,Daloa,Boutique,VIP,2023-05-31,Actif
2390,2390,F,54,46-55,Abidjan,Partenaire,VIP,2024-06-30,Actif
2391,2391,M,39,36-45,Abidjan,Mobile Money,Fidèle,2022-07-12,Inactif
2392,2392,M,40,36-45,Korhogo,Boutique,Occasionnel,2022-11-16,Actif
2393,2393,F,41,36-45,Bouaké,Boutique,Occasionnel,2022-08-29,Actif
2394,2394,F,18,18-25,Abidjan,Site Web,Occasionnel,2024-11-16,Actif
2395,2395,M,39,36-45,Yamoussoukro,Site Web,Nouveau,2023-01-23,Actif
2396,2396,M,22,18-25,Abidjan,Mobile Money,Fidèle,2022-12-23,Actif
2397,2397,F,27,26-35,San-Pédro,Site Web,Régulier,2024-06-11,Actif
2398,2398,F,57,56+,Yamoussoukro,Mobile Money,Régulier,2024-09-22,Inactif
2399,2399,F,31,26-35,Abidjan,Réseaux sociaux,Nouveau,2022-01-06,Actif
2400,2400,M,25,18-25,Abidjan,Mobile Money,Nouveau,2024-08-20,Actif
2401,2401,M,46,46-55,Abidjan,Boutique,Fidèle,2024-02-14,Inactif
2402,2402,M,23,18-25,Yamoussoukro,Boutique,Nouveau,2024-08-04,Actif
2403,2403,M,29,26-35,Abidjan,Site Web,Nouveau,2022-04-05,Actif
2404,2404,M,47,46-55,Daloa,Mobile Money,Régulier,2022-02-13,Actif
2405,2405,M,34,26-35,Abidjan,Boutique,Régulier,2023-01-03,Actif
2406,2406,F,18,18-25,Abidjan,Mobile Money,Nouveau,2024-07-19,Actif
2407,2407,M,39,36-45,Abidjan,Boutique,Nouveau,2023-06-30,Actif
2408,2408,F,29,26-35,Abidjan,Réseaux sociaux,Régulier,2024-02-29,Actif
2409,2409,F,50,46-55,Abidjan,Boutique,Fidèle,2022-09-26,Actif
2410,2410,M,27,26-35,Bouaké,Boutique,Occasionnel,2023-01-02,Actif
2411,2411,M,45,36-45,Man,Site Web,Régulier,2024-08-19,Actif
2412,2412,M,53,46-55,Abidjan,Boutique,Nouveau,2023-06-21,Inactif
2413,2413,F,24,18-25,Yamoussoukro,Réseaux sociaux,Régulier,2024-05-03,Actif
2414,2414,M,31,26-35,Abidjan,Boutique,Occasionnel,2023-12-02,Inactif
2415,2415,F,38,36-45,Yamoussoukro,Partenaire,Fidèle,2022-07-12,Actif
2416,2416,F,24,18-25,Abidjan,Réseaux sociaux,Régulier,2024-10-30,Actif
2417,2417,F,36,36-45,Yamoussoukro,Boutique,Nouveau,2024-11-02,Actif
2418,2418,M,31,26-35,Abidjan,Boutique,Nouveau,2024-05-04,Inactif
2419,2419,F,31,26-35,Abidjan,Site Web,Régulier,2023-05-30,Inactif
2420,2420,M,34,26-35,Bouaké,Site Web,Nouveau,2023-04-15,Actif
2421,2421,F,34,26-35,Abidjan,Mobile Money,Régulier,2022-11-23,Actif
2422,2422,F,35,26-35,Abidjan,Mobile Money,Occasionnel,2023-12-08,Actif
2423,2423,M,27,26-35,Abidjan,Mobile Money,Nouveau,2022-12-06,Actif
2424,2424,F,27,26-35,Divo,Site Web,Régulier,2022-07-23,Inactif
2425,2425,M,32,26-35,Abidjan,Site Web,Occasionnel,2022-03-08,Actif
2426,2426,M,33,26-35,Abidjan,Mobile Money,Fidèle,2023-04-10,Actif
2427,2427,F,29,26-35,San-Pédro,Boutique,Nouveau,2024-06-11,Actif
2428,2428,M,37,36-45,Yamoussoukro,Site Web,Nouveau,2024-05-16,Actif
2429,2429,M,18,18-25,Abidjan,Partenaire,Nouveau,2024-07-19,Actif
2430,2430,M,25,18-25,Bouaké,Mobile Money,Nouveau,2023-10-27,Actif
2431,2431,M,30,26-35,Abidjan,Mobile Money,Régulier,2024-08-08,Actif
2432,2432,M,24,18-25,Abidjan,Boutique,Occasionnel,2024-05-07,Actif
2433,2433,M,51,46-55,Abidjan,Site Web,Nouveau,2024-06-02,Actif
2434,2434,F,34,26-35,Daloa,Mobile Money,VIP,2023-07-13,Inactif
2435,2435,M,35,26-35,San-Pédro,Mobile Money,Nouveau,2022-04-04,Actif
2436,2436,M,28,26-35,Abidjan,Site Web,Occasionnel,2023-02-21,Inactif
2437,2437,M,33,26-35,Abidjan,Boutique,Fidèle,2024-07-16,Actif
2438,2438,M,20,18-25,Abidjan,Mobile Money,Régulier,2024-03-24,Inactif
2439,2439,F,32,26-35,Abidjan,Boutique,Nouveau,2022-01-14,Actif
2440,2440,M,23,18-25,Abidjan,Mobile Money,VIP,2022-04-13,Inactif
2441,2441,M,30,26-35,Bouaké,Boutique,Occasionnel,2023-12-23,Actif
2442,2442,F,18,18-25,Abidjan,Boutique,Nouveau,2024-12-07,Actif
2443,2443,F,21,18-25,Man,Mobile Money,Nouveau,2024-03-11,Actif
2444,2444,M,50,46-55,Abidjan,Mobile Money,Fidèle,2024-11-04,Actif
2445,2445,F,43,36-45,Abidjan,Réseaux sociaux,Nouveau,2022-03-14,Inactif
2446,2446,M,48,46-55,Abidjan,Réseaux sociaux,Régulier,2024-08-22,Actif
2447,2447,F,49,46-55,Bouaké,Mobile Money,Nouveau,2022-05-21,Actif
2448,2448,F,41,36-45,Abidjan,Site Web,Nouveau,2024-08-26,Actif
2449,2449,M,29,26-35,Abidjan,Mobile Money,Fidèle,2024-12-02,Actif
2450,2450,M,22,18-25,Abidjan,Réseaux sociaux,VIP,2023-07-14,Inactif
2451,2451,M,46,46-55,Daloa,Réseaux sociaux,Nouveau,2023-08-07,Inactif
2452,2452,M,34,26-35,Divo,Site Web,Nouveau,2023-06-30,Actif
2453,2453,M,61,56+,Abidjan,Site Web,Régulier,2023-08-29,Actif
2454,2454,M,29,26-35,Abidjan,Boutique,Occasionnel,2024-06-16,Actif
2455,2455,M,55,46-55,Abidjan,Mobile Money,Occasionnel,2022-11-05,Actif
2456,2456,M,32,26-35,Abidjan,Boutique,Nouveau,2022-11-07,Inactif
2457,2457,M,48,46-55,Abengourou,Mobile Money,Fidèle,2024-11-26,Actif
2458,2458,F,52,46-55,Abidjan,Site Web,Nouveau,2024-07-19,Actif
2459,2459,F,22,18-25,Yamoussoukro,Boutique,Nouveau,2023-08-15,Actif
2460,2460,M,28,26-35,Man,Mobile Money,Nouveau,2022-08-08,Actif
2461,2461,M,22,18-25,Bouaké,Boutique,Nouveau,2024-11-12,Actif
2462,2462,M,20,18-25,Abidjan,Site Web,Occasionnel,2024-08-20,Actif
2463,2463,F,41,36-45,Bouaké,Boutique,Nouveau,2022-12-26,Actif
2464,2464,M,31,26-35,Abidjan,Boutique,Régulier,2023-08-16,Inactif
2465,2465,F,34,26-35,Abidjan,Réseaux sociaux,Occasionnel,2023-04-05,Actif
2466,2466,M,40,36-45,Gagnoa,Mobile Money,Nouveau,2024-07-12,Inactif
2467,2467,M,18,18-25,Abidjan,Site Web,Fidèle,2024-01-23,Actif
2468,2468,M,48,46-55,Abidjan,Boutique,Occasionnel,2023-06-24,Actif
2469,2469,M,30,26-35,Abidjan,Mobile Money,Nouveau,2024-11-25,Actif
2470,2470,F,39,36-45,Abidjan,Partenaire,Nouveau,2023-10-29,Actif
2471,2471,F,40,36-45,Bouaké,Boutique,Occasionnel,2023-06-15,Inactif
2472,2472,M,49,46-55,Daloa,Mobile Money,Régulier,2024-10-11,Actif
2473,2473,M,32,26-35,Bouaké,Mobile Money,Régulier,2023-05-08,Actif
2474,2474,F,18,18-25,Abidjan,Partenaire,Régulier,2023-04-03,Actif
2475,2475,F,34,26-35,Abidjan,Réseaux sociaux,Nouveau,2023-03-02,Actif
2476,2476,F,36,36-45,Abidjan,Mobile Money,VIP,2022-08-30,Actif
2477,2477,F,22,18-25,Abidjan,Boutique,Nouveau,2022-11-02,Actif
2478,2478,F,35,26-35,Daloa,Mobile Money,Nouveau,2022-04-10,Actif
2479,2479,F,30,26-35,Bouaké,Site Web,Occasionnel,2024-03-08,Actif
2480,2480,M,19,18-25,Korhogo,Boutique,Nouveau,2023-10-09,Actif
2481,2481,F,41,36-45,Daloa,Mobile Money,Occasionnel,2024-10-18,Actif
2482,2482,F,27,26-35,Abidjan,Boutique,Nouveau,2023-11-01,Actif
2483,2483,F,29,26-35,Bouaké,Réseaux sociaux,Régulier,2022-03-30,Actif
2484,2484,F,28,26-35,Daloa,Boutique,Régulier,2023-11-11,Inactif
2485,2485,M,47,46-55,Divo,Mobile Money,Régulier,2022-07-11,Actif
2486,2486,F,33,26-35,Abidjan,Partenaire,Occasionnel,2022-02-10,Actif
2487,2487,M,34,26-35,Bouaké,Mobile Money,Nouveau,2023-12-27,Actif
2488,2488,M,29,26-35,Abidjan,Boutique,Fidèle,2022-01-31,Actif
2489,2489,F,39,36-45,Daloa,Boutique,Occasionnel,2023-03-24,Actif
2490,2490,M,48,46-55,Man,Mobile Money,Occasionnel,2024-09-07,Actif
2491,2491,M,41,36-45,Man,Mobile Money,Nouveau,2022-10-08,Actif
2492,2492,F,41,36-45,Abidjan,Mobile Money,Nouveau,2024-02-01,Inactif
2493,2493,F,40,36-45,Abidjan,Mobile Money,Occasionnel,2023-02-17,Inactif
2494,2494,M,18,18-25,Daloa,Boutique,Régulier,2022-05-05,Actif
2495,2495,M,24,18-25,Bouaké,Réseaux sociaux,Fidèle,2022-08-04,Actif
2496,2496,M,31,26-35,Korhogo,Mobile Money,VIP,2022-03-23,Inactif
2497,2497,M,26,26-35,Abidjan,Site Web,Occasionnel,2022-06-15,Actif
2498,2498,F,22,18-25,San-Pédro,Boutique,Occasionnel,2022-06-27,Inactif
2499,2499,M,18,18-25,Yamoussoukro,Mobile Money,Régulier,2024-08-25,Actif
2500,2500,F,19,18-25,Abidjan,Boutique,Nouveau,2024-06-02,Inactif
2501,2501,F,31,26-35,Abidjan,Mobile Money,Occasionnel,2023-01-22,Actif
2502,2502,M,33,26-35,Yamoussoukro,Site Web,Régulier,2024-03-02,Actif
2503,2503,M,25,18-25,Abidjan,Boutique,Nouveau,2022-08-12,Actif
2504,2504,M,34,26-35,Daloa,Site Web,Nouveau,2023-12-01,Actif
2505,2505,F,29,26-35,Bouaké,Réseaux sociaux,Occasionnel,2022-08-10,Actif
2506,2506,F,45,36-45,Abidjan,Mobile Money,Occasionnel,2023-12-03,Actif
2507,2507,M,32,26-35,Abidjan,Partenaire,Nouveau,2023-01-27,Actif
2508,2508,M,41,36-45,Abengourou,Mobile Money,Nouveau,2024-07-29,Inactif
2509,2509,M,36,36-45,Yamoussoukro,Mobile Money,Nouveau,2024-07-03,Inactif
2510,2510,M,18,18-25,Daloa,Mobile Money,Régulier,2023-01-01,Inactif
2511,2511,F,33,26-35,Daloa,Réseaux sociaux,Fidèle,2022-02-15,Inactif
2512,2512,F,20,18-25,Bouaké,Site Web,Fidèle,2022-12-19,Inactif
2513,2513,F,32,26-35,Man,Partenaire,Fidèle,2022-11-05,Inactif
2514,2514,F,25,18-25,Bouaké,Site Web,Nouveau,2023-04-11,Actif
2515,2515,F,38,36-45,Abidjan,Boutique,Nouveau,2023-09-21,Actif
2516,2516,M,19,18-25,Abidjan,Réseaux sociaux,Occasionnel,2024-12-19,Inactif
2517,2517,F,34,26-35,Abidjan,Partenaire,Occasionnel,2022-03-10,Actif
2518,2518,F,40,36-45,Daloa,Site Web,Régulier,2023-08-31,Actif
2519,2519,M,43,36-45,Abidjan,Boutique,Nouveau,2022-07-07,Actif
2520,2520,F,25,18-25,Yamoussoukro,Réseaux sociaux,Fidèle,2023-08-22,Actif
2521,2521,F,34,26-35,Divo,Mobile Money,Nouveau,2023-11-29,Actif
2522,2522,M,36,36-45,Abidjan,Réseaux sociaux,Occasionnel,2024-06-05,Actif
2523,2523,F,51,46-55,Abidjan,Partenaire,Fidèle,2023-09-06,Actif
2524,2524,M,18,18-25,Yamoussoukro,Site Web,Occasionnel,2022-07-14,Actif
2525,2525,M,23,18-25,Abidjan,Mobile Money,Régulier,2024-09-27,Actif
2526,2526,F,64,56+,Daloa,Mobile Money,Régulier,2023-03-20,Actif
2527,2527,M,30,26-35,Abidjan,Partenaire,Régulier,2023-06-10,Actif
2528,2528,M,18,18-25,Abidjan,Réseaux sociaux,Régulier,2023-12-04,Actif
2529,2529,M,27,26-35,Bouaké,Site Web,Occasionnel,2022-10-18,Actif
2530,2530,M,18,18-25,Abidjan,Partenaire,Occasionnel,2024-12-17,Inactif
2531,2531,M,36,36-45,Abidjan,Boutique,Régulier,2022-02-18,Actif
2532,2532,M,42,36-45,Abidjan,Réseaux sociaux,Occasionnel,2022-06-19,Inactif
2533,2533,M,23,18-25,Abidjan,Mobile Money,Régulier,2024-12-20,Inactif
2534,2534,F,28,26-35,Korhogo,Mobile Money,Occasionnel,2023-05-10,Inactif
2535,2535,M,44,36-45,Abidjan,Boutique,Nouveau,2024-09-05,Actif
2536,2536,M,18,18-25,Abidjan,Mobile Money,Occasionnel,2024-09-18,Actif
2537,2537,M,19,18-25,Abidjan,Boutique,VIP,2024-12-20,Actif
2538,2538,F,31,26-35,Abidjan,Site Web,Nouveau,2024-03-05,Actif
2539,2539,F,25,18-25,Abidjan,Mobile Money,Nouveau,2024-01-19,Actif
2540,2540,F,30,26-35,Daloa,Site Web,Nouveau,2023-11-04,Actif
2541,2541,F,20,18-25,Abidjan,Mobile Money,Occasionnel,2024-01-19,Actif
2542,2542,F,36,36-45,Yamoussoukro,Réseaux sociaux,Nouveau,2022-10-09,Actif
2543,2543,F,32,26-35,Abidjan,Mobile Money,Régulier,2024-06-11,Actif
2544,2544,F,40,36-45,Abidjan,Site Web,Nouveau,2022-07-24,Actif
2545,2545,M,36,36-45,Abidjan,Boutique,Nouveau,2023-06-10,Actif
2546,2546,F,36,36-45,Daloa,Boutique,Nouveau,2023-02-14,Actif
2547,2547,M,18,18-25,Divo,Mobile Money,Nouveau,2024-04-13,Actif
2548,2548,F,39,36-45,Abidjan,Mobile Money,Régulier,2022-10-07,Inactif
2549,2549,F,30,26-35,Divo,Boutique,Fidèle,2022-08-15,Actif
2550,2550,F,32,26-35,Abidjan,Mobile Money,Régulier,2024-06-04,Inactif
2551,2551,M,45,36-45,Bouaké,Mobile Money,Fidèle,2023-06-18,Actif
2552,2552,F,26,26-35,Yamoussoukro,Site Web,Nouveau,2024-02-29,Actif
2553,2553,M,48,46-55,Abidjan,Mobile Money,Fidèle,2024-08-20,Actif
2554,2554,M,49,46-55,Abidjan,Mobile Money,Occasionnel,2024-07-03,Actif
2555,2555,F,42,36-45,Abidjan,Boutique,Régulier,2023-03-14,Actif
2556,2556,M,23,18-25,Yamoussoukro,Boutique,Régulier,2022-07-07,Actif
2557,2557,F,18,18-25,Abidjan,Boutique,Nouveau,2024-11-17,Actif
2558,2558,F,45,36-45,Korhogo,Site Web,Nouveau,2022-12-06,Actif
2559,2559,F,35,26-35,Abidjan,Boutique,Nouveau,2024-04-22,Actif
2560,2560,F,25,18-25,Man,Boutique,Occasionnel,2024-04-21,Inactif
2561,2561,M,46,46-55,Abidjan,Boutique,Occasionnel,2023-04-30,Actif
2562,2562,M,24,18-25,Bouaké,Mobile Money,VIP,2022-06-29,Actif
2563,2563,M,29,26-35,Abidjan,Site Web,Nouveau,2023-06-01,Actif
2564,2564,F,39,36-45,Abidjan,Mobile Money,Occasionnel,2022-06-09,Actif
2565,2565,M,21,18-25,Abidjan,Réseaux sociaux,Occasionnel,2023-01-21,Inactif
2566,2566,F,32,26-35,Yamoussoukro,Boutique,Nouveau,2023-02-24,Actif
2567,2567,F,45,36-45,Abidjan,Site Web,Nouveau,2023-07-22,Actif
2568,2568,F,36,36-45,Bouaké,Boutique,Occasionnel,2022-07-24,Actif
2569,2569,M,47,46-55,Gagnoa,Partenaire,Occasionnel,2024-07-15,Actif
2570,2570,M,46,46-55,Abidjan,Boutique,Nouveau,2022-03-28,Actif
2571,2571,F,34,26-35,Abidjan,Boutique,Nouveau,2024-12-15,Actif
2572,2572,M,18,18-25,Abidjan,Réseaux sociaux,Nouveau,2022-12-09,Inactif
2573,2573,M,21,18-25,Abidjan,Site Web,Fidèle,2023-06-21,Actif
2574,2574,M,42,36-45,Abidjan,Boutique,Régulier,2024-08-16,Actif
2575,2575,M,18,18-25,Daloa,Mobile Money,Nouveau,2023-12-18,Actif
2576,2576,M,30,26-35,Abidjan,Mobile Money,Régulier,2022-03-03,Actif
2577,2577,M,37,36-45,Abidjan,Réseaux sociaux,Fidèle,2023-10-24,Actif
2578,2578,M,50,46-55,Bouaké,Mobile Money,Nouveau,2023-09-12,Inactif
2579,2579,F,27,26-35,Abidjan,Mobile Money,Nouveau,2024-10-18,Actif
2580,2580,M,26,26-35,Bouaké,Mobile Money,Nouveau,2023-09-09,Actif
2581,2581,F,33,26-35,Man,Partenaire,Nouveau,2024-12-22,Inactif
2582,2582,M,37,36-45,Abidjan,Boutique,Régulier,2023-08-05,Inactif
2583,2583,F,32,26-35,Abidjan,Boutique,Régulier,2022-07-30,Actif
2584,2584,F,45,36-45,San-Pédro,Réseaux sociaux,Occasionnel,2023-07-08,Inactif
2585,2585,F,25,18-25,Yamoussoukro,Boutique,Nouveau,2024-10-01,Actif
2586,2586,F,35,26-35,Daloa,Site Web,Régulier,2022-01-19,Inactif
2587,2587,F,38,36-45,Daloa,Site Web,Nouveau,2023-03-13,Actif
2588,2588,F,29,26-35,Abidjan,Boutique,Nouveau,2022-02-21,Actif
2589,2589,F,43,36-45,Abidjan,Site Web,Nouveau,2024-07-10,Inactif
2590,2590,F,35,26-35,Yamoussoukro,Partenaire,Fidèle,2023-07-14,Actif
2591,2591,M,42,36-45,Yamoussoukro,Mobile Money,Régulier,2024-02-24,Inactif
2592,2592,M,36,36-45,Yamoussoukro,Mobile Money,Régulier,2024-11-26,Actif
2593,2593,M,38,36-45,Abidjan,Réseaux sociaux,Régulier,2024-06-30,Actif
2594,2594,F,27,26-35,San-Pédro,Boutique,Nouveau,2023-03-23,Actif
2595,2595,F,27,26-35,Abidjan,Boutique,Occasionnel,2024-10-20,Actif
2596,2596,M,47,46-55,Abidjan,Mobile Money,Régulier,2023-06-02,Actif
2597,2597,F,40,36-45,Abidjan,Réseaux sociaux,Fidèle,2024-12-07,Actif
2598,2598,F,22,18-25,Abidjan,Site Web,Occasionnel,2024-12-11,Actif
2599,2599,M,35,26-35,Yamoussoukro,Partenaire,Nouveau,2022-08-31,Actif
2600,2600,M,18,18-25,Abidjan,Boutique,VIP,2024-05-03,Actif
2601,2601,F,27,26-35,Yamoussoukro,Partenaire,Occasionnel,2024-02-04,Actif
2602,2602,M,44,36-45,Abidjan,Boutique,Nouveau,2024-04-23,Actif
2603,2603,F,32,26-35,Abidjan,Site Web,Nouveau,2022-07-03,Inactif
2604,2604,M,35,26-35,Abidjan,Site Web,Nouveau,2023-07-07,Actif
2605,2605,F,18,18-25,Abidjan,Boutique,Régulier,2022-06-15,Actif
2606,2606,F,29,26-35,Daloa,Boutique,Régulier,2024-09-10,Actif
2607,2607,M,37,36-45,Abidjan,Mobile Money,Nouveau,2024-08-14,Actif
2608,2608,F,39,36-45,Abidjan,Boutique,Nouveau,2023-09-29,Actif
2609,2609,M,44,36-45,Abidjan,Site Web,Occasionnel,2022-05-23,Actif
2610,2610,F,31,26-35,Abidjan,Mobile Money,Occasionnel,2023-12-21,Inactif
2611,2611,M,32,26-35,Abidjan,Site Web,Nouveau,2023-04-27,Inactif
2612,2612,M,19,18-25,Gagnoa,Mobile Money,Nouveau,2024-05-12,Actif
2613,2613,F,31,26-35,Abidjan,Mobile Money,Fidèle,2022-04-19,Actif
2614,2614,M,20,18-25,Abidjan,Site Web,VIP,2023-03-22,Actif
2615,2615,F,18,18-25,Korhogo,Mobile Money,Occasionnel,2023-01-31,Actif
2616,2616,F,22,18-25,Yamoussoukro,Partenaire,Régulier,2024-11-09,Actif
2617,2617,F,50,46-55,Abidjan,Partenaire,Fidèle,2022-11-23,Actif
2618,2618,M,31,26-35,Bouaké,Boutique,Nouveau,2024-12-17,Actif
2619,2619,M,36,36-45,Man,Boutique,Fidèle,2024-10-06,Inactif
2620,2620,M,28,26-35,Abidjan,Mobile Money,Occasionnel,2023-10-05,Actif
2621,2621,M,18,18-25,Abidjan,Site Web,Occasionnel,2022-07-11,Actif
2622,2622,M,44,36-45,Korhogo,Mobile Money,Occasionnel,2022-09-01,Actif
2623,2623,F,18,18-25,Daloa,Partenaire,Nouveau,2022-01-19,Inactif
2624,2624,M,27,26-35,Abengourou,Partenaire,Régulier,2024-04-28,Actif
2625,2625,M,33,26-35,Abidjan,Mobile Money,Régulier,2024-03-05,Inactif
2626,2626,F,36,36-45,Divo,Site Web,Nouveau,2022-12-19,Inactif
2627,2627,M,26,26-35,Abidjan,Boutique,Occasionnel,2024-03-11,Actif
2628,2628,F,18,18-25,Yamoussoukro,Boutique,VIP,2023-09-24,Actif
2629,2629,F,25,18-25,Korhogo,Mobile Money,Fidèle,2024-06-13,Actif
2630,2630,F,25,18-25,Abidjan,Site Web,Régulier,2022-04-05,Actif
2631,2631,F,25,18-25,Abidjan,Mobile Money,Nouveau,2022-08-06,Actif
2632,2632,F,44,36-45,Bouaké,Réseaux sociaux,Nouveau,2024-06-03,Inactif
2633,2633,M,20,18-25,San-Pédro,Boutique,Nouveau,2023-02-09,Inactif
2634,2634,M,37,36-45,Abidjan,Site Web,Fidèle,2024-11-16,Actif
2635,2635,M,35,26-35,San-Pédro,Partenaire,Régulier,2024-08-22,Actif
2636,2636,F,44,36-45,Abidjan,Site Web,Fidèle,2022-04-14,Actif
2637,2637,F,32,26-35,Abidjan,Boutique,Nouveau,2023-03-18,Actif
2638,2638,F,42,36-45,Abidjan,Boutique,VIP,2024-03-12,Actif
2639,2639,M,32,26-35,Man,Boutique,VIP,2022-05-30,Inactif
2640,2640,F,38,36-45,Abidjan,Boutique,Régulier,2024-07-31,Actif
2641,2641,M,18,18-25,Bouaké,Partenaire,Fidèle,2022-04-18,Actif
2642,2642,M,18,18-25,Abidjan,Mobile Money,Occasionnel,2022-04-30,Actif
2643,2643,M,38,36-45,Man,Boutique,Nouveau,2023-08-19,Actif
2644,2644,M,38,36-45,Daloa,Site Web,Nouveau,2022-09-28,Inactif
2645,2645,F,39,36-45,Abidjan,Boutique,Nouveau,2023-12-01,Inactif
2646,2646,M,28,26-35,Abidjan,Réseaux sociaux,Nouveau,2023-03-06,Actif
2647,2647,M,50,46-55,Abidjan,Mobile Money,Régulier,2022-10-24,Actif
2648,2648,M,28,26-35,Abidjan,Mobile Money,Nouveau,2024-07-05,Inactif
2649,2649,M,38,36-45,San-Pédro,Site Web,Nouveau,2022-06-24,Actif
2650,2650,M,40,36-45,Bouaké,Boutique,Nouveau,2023-06-25,Actif
2651,2651,M,52,46-55,Abidjan,Partenaire,Régulier,2022-07-04,Inactif
2652,2652,F,30,26-35,Yamoussoukro,Boutique,Fidèle,2022-05-30,Actif
2653,2653,M,26,26-35,Abidjan,Mobile Money,Occasionnel,2022-08-13,Actif
2654,2654,M,18,18-25,Abidjan,Mobile Money,Régulier,2022-10-08,Actif
2655,2655,F,51,46-55,Abidjan,Boutique,VIP,2023-03-28,Actif
2656,2656,M,38,36-45,Abidjan,Boutique,Régulier,2023-05-27,Inactif
2657,2657,F,38,36-45,Bouaké,Mobile Money,Régulier,2022-06-01,Actif
2658,2658,M,68,56+,Abidjan,Boutique,Régulier,2022-02-12,Actif
2659,2659,F,37,36-45,Bouaké,Réseaux sociaux,VIP,2022-04-14,Actif
2660,2660,F,19,18-25,Abidjan,Boutique,Nouveau,2023-11-22,Inactif
2661,2661,M,31,26-35,Yamoussoukro,Site Web,Régulier,2024-12-02,Actif
2662,2662,F,23,18-25,Abidjan,Mobile Money,Occasionnel,2022-01-28,Actif
2663,2663,F,29,26-35,Abidjan,Réseaux sociaux,Nouveau,2022-02-08,Actif
2664,2664,F,29,26-35,Abidjan,Mobile Money,Régulier,2024-05-05,Actif
2665,2665,F,27,26-35,Abidjan,Boutique,Fidèle,2024-03-04,Actif
2666,2666,M,18,18-25,Abidjan,Mobile Money,Fidèle,2024-03-14,Actif
2667,2667,M,51,46-55,Abidjan,Mobile Money,Fidèle,2022-07-09,Actif
2668,2668,F,37,36-45,Daloa,Mobile Money,Régulier,2024-08-05,Actif
2669,2669,M,31,26-35,Abidjan,Mobile Money,Occasionnel,2023-11-14,Actif
2670,2670,F,42,36-45,Daloa,Réseaux sociaux,Fidèle,2022-06-22,Actif
2671,2671,M,39,36-45,Bouaké,Mobile Money,Nouveau,2022-05-07,Inactif
2672,2672,F,37,36-45,Abidjan,Partenaire,Nouveau,2023-10-22,Actif
2673,2673,F,41,36-45,Bouaké,Boutique,Occasionnel,2024-05-03,Actif
2674,2674,F,35,26-35,Abidjan,Mobile Money,Occasionnel,2024-05-05,Actif
2675,2675,M,41,36-45,Yamoussoukro,Boutique,Régulier,2023-10-06,Actif
2676,2676,F,42,36-45,Daloa,Mobile Money,Régulier,2023-07-19,Actif
2677,2677,F,35,26-35,Daloa,Réseaux sociaux,Nouveau,2024-02-01,Actif
2678,2678,M,31,26-35,Abidjan,Mobile Money,Régulier,2022-05-24,Actif
2679,2679,M,50,46-55,Yamoussoukro,Réseaux sociaux,Régulier,2023-02-04,Actif
2680,2680,F,28,26-35,Abidjan,Mobile Money,VIP,2022-04-19,Actif
2681,2681,M,38,36-45,Abidjan,Mobile Money,Nouveau,2024-07-07,Actif
2682,2682,M,38,36-45,Abidjan,Mobile Money,Régulier,2023-10-26,Actif
2683,2683,F,27,26-35,Abidjan,Site Web,Régulier,2024-05-01,Inactif
2684,2684,M,25,18-25,Bouaké,Boutique,Occasionnel,2023-06-29,Actif
2685,2685,F,30,26-35,Korhogo,Partenaire,Nouveau,2024-10-15,Actif
2686,2686,M,28,26-35,Abidjan,Boutique,Nouveau,2024-10-14,Actif
2687,2687,F,18,18-25,Bouaké,Mobile Money,Nouveau,2023-11-06,Inactif
2688,2688,M,26,26-35,Bouaké,Site Web,Occasionnel,2024-07-02,Actif
2689,2689,F,36,36-45,Man,Boutique,Régulier,2023-12-24,Inactif
2690,2690,F,47,46-55,Yamoussoukro,Réseaux sociaux,Occasionnel,2024-03-03,Actif
2691,2691,M,40,36-45,Abidjan,Boutique,Régulier,2022-09-28,Actif
2692,2692,F,18,18-25,Abidjan,Site Web,Nouveau,2024-12-11,Actif
2693,2693,M,41,36-45,Bouaké,Mobile Money,Nouveau,2022-07-21,Actif
2694,2694,M,27,26-35,Abidjan,Partenaire,Régulier,2024-01-31,Actif
2695,2695,M,38,36-45,Man,Mobile Money,Régulier,2023-10-27,Inactif
2696,2696,F,33,26-35,Man,Réseaux sociaux,Régulier,2022-04-12,Inactif
2697,2697,M,31,26-35,Divo,Mobile Money,Régulier,2024-04-28,Actif
2698,2698,F,32,26-35,Abidjan,Site Web,VIP,2022-03-26,Actif
2699,2699,F,33,26-35,Yamoussoukro,Réseaux sociaux,Fidèle,2023-07-12,Actif
2700,2700,M,48,46-55,Yamoussoukro,Réseaux sociaux,Régulier,2024-06-12,Actif
2701,2701,M,33,26-35,Abidjan,Boutique,Nouveau,2022-05-18,Actif
2702,2702,M,45,36-45,Abidjan,Boutique,Nouveau,2023-01-30,Actif
2703,2703,F,44,36-45,Abidjan,Réseaux sociaux,Régulier,2023-07-11,Actif
2704,2704,M,41,36-45,Abidjan,Boutique,Occasionnel,2024-10-09,Inactif
2705,2705,M,18,18-25,Divo,Site Web,Nouveau,2023-02-23,Actif
2706,2706,F,46,46-55,San-Pédro,Mobile Money,Nouveau,2022-05-10,Actif
2707,2707,M,28,26-35,Abidjan,Boutique,Fidèle,2022-05-24,Inactif
2708,2708,F,41,36-45,Abidjan,Boutique,Nouveau,2022-08-06,Actif
2709,2709,F,23,18-25,Abidjan,Site Web,Régulier,2024-08-06,Actif
2710,2710,M,20,18-25,Abidjan,Mobile Money,Fidèle,2024-04-26,Inactif
2711,2711,M,55,46-55,Abidjan,Boutique,Régulier,2023-04-03,Actif
2712,2712,F,23,18-25,Bouaké,Réseaux sociaux,Nouveau,2024-07-16,Actif
2713,2713,F,46,46-55,Yamoussoukro,Boutique,Fidèle,2024-10-02,Actif
2714,2714,F,35,26-35,San-Pédro,Réseaux sociaux,Régulier,2024-08-07,Actif
2715,2715,M,29,26-35,Korhogo,Mobile Money,Nouveau,2022-01-05,Actif
2716,2716,F,33,26-35,Abidjan,Boutique,Régulier,2022-04-19,Actif
2717,2717,F,19,18-25,Daloa,Boutique,Nouveau,2024-03-05,Actif
2718,2718,M,33,26-35,Abidjan,Boutique,Régulier,2023-02-23,Inactif
2719,2719,F,22,18-25,Abidjan,Site Web,Fidèle,2022-06-23,Actif
2720,2720,M,29,26-35,Abidjan,Mobile Money,Occasionnel,2023-12-09,Actif
2721,2721,F,44,36-45,Abidjan,Boutique,VIP,2023-01-25,Actif
2722,2722,M,36,36-45,Abidjan,Mobile Money,Occasionnel,2024-10-03,Actif
2723,2723,F,18,18-25,Abidjan,Site Web,Fidèle,2023-09-24,Actif
2724,2724,F,43,36-45,Abidjan,Réseaux sociaux,Régulier,2022-09-19,Inactif
2725,2725,F,33,26-35,Man,Mobile Money,Nouveau,2024-10-20,Inactif
2726,2726,M,28,26-35,Abidjan,Boutique,Fidèle,2023-10-20,Inactif
2727,2727,M,42,36-45,Abidjan,Boutique,Fidèle,2022-11-21,Actif
2728,2728,F,32,26-35,Abengourou,Site Web,Occasionnel,2022-06-07,Actif
2729,2729,F,21,18-25,Bouaké,Mobile Money,Régulier,2023-08-31,Inactif
2730,2730,M,54,46-55,Abidjan,Boutique,Nouveau,2024-03-29,Actif
2731,2731,F,33,26-35,Man,Site Web,Nouveau,2024-07-04,Actif
2732,2732,F,33,26-35,Abidjan,Boutique,Nouveau,2022-05-20,Actif
2733,2733,M,29,26-35,Abidjan,Site Web,Occasionnel,2023-04-19,Inactif
2734,2734,F,46,46-55,Abidjan,Boutique,Nouveau,2024-12-30,Actif
2735,2735,F,28,26-35,Abidjan,Partenaire,Nouveau,2023-12-25,Inactif
2736,2736,F,18,18-25,Daloa,Mobile Money,VIP,2022-04-12,Inactif
2737,2737,F,26,26-35,Abidjan,Mobile Money,Occasionnel,2024-10-01,Actif
2738,2738,M,48,46-55,Bouaké,Boutique,Fidèle,2024-01-21,Actif
2739,2739,M,43,36-45,Yamoussoukro,Boutique,Nouveau,2023-05-19,Actif
2740,2740,M,31,26-35,Gagnoa,Site Web,Nouveau,2024-04-30,Actif
2741,2741,F,49,46-55,Abidjan,Mobile Money,Régulier,2023-12-12,Actif
2742,2742,M,42,36-45,Abidjan,Mobile Money,Nouveau,2022-10-10,Actif
2743,2743,F,31,26-35,Man,Site Web,Occasionnel,2024-05-22,Actif
2744,2744,M,32,26-35,Bouaké,Mobile Money,VIP,2022-10-07,Actif
2745,2745,F,37,36-45,Abidjan,Site Web,Nouveau,2022-09-08,Actif
2746,2746,M,24,18-25,Abidjan,Site Web,Occasionnel,2023-10-15,Actif
2747,2747,F,34,26-35,Daloa,Mobile Money,Régulier,2022-01-21,Actif
2748,2748,F,37,36-45,Bouaké,Site Web,Nouveau,2023-11-22,Inactif
2749,2749,F,18,18-25,Bouaké,Réseaux sociaux,Régulier,2023-08-26,Actif
2750,2750,F,31,26-35,Korhogo,Réseaux sociaux,Occasionnel,2024-02-28,Actif
2751,2751,F,30,26-35,Abidjan,Mobile Money,Nouveau,2022-06-24,Actif
2752,2752,M,45,36-45,Abidjan,Boutique,Occasionnel,2023-09-28,Actif
2753,2753,M,18,18-25,Bouaké,Réseaux sociaux,Occasionnel,2023-04-29,Actif
2754,2754,F,29,26-35,Korhogo,Boutique,Régulier,2022-07-11,Actif
2755,2755,M,28,26-35,Abidjan,Mobile Money,Fidèle,2023-05-10,Actif
2756,2756,M,44,36-45,Yamoussoukro,Mobile Money,Régulier,2024-10-08,Actif
2757,2757,M,33,26-35,Abidjan,Site Web,Occasionnel,2024-06-21,Inactif
2758,2758,M,53,46-55,Abidjan,Site Web,VIP,2022-07-02,Actif
2759,2759,M,41,36-45,Korhogo,Réseaux sociaux,Régulier,2024-07-16,Actif
2760,2760,M,29,26-35,Abidjan,Réseaux sociaux,Nouveau,2023-09-11,Actif
2761,2761,M,36,36-45,Abidjan,Mobile Money,Nouveau,2022-02-21,Actif
2762,2762,M,30,26-35,Daloa,Site Web,Nouveau,2024-10-04,Inactif
2763,2763,F,43,36-45,Abidjan,Mobile Money,Nouveau,2023-07-30,Actif
2764,2764,F,19,18-25,Abidjan,Mobile Money,Occasionnel,2024-09-26,Actif
2765,2765,F,24,18-25,Daloa,Mobile Money,Nouveau,2022-04-18,Actif
2766,2766,M,39,36-45,Abidjan,Partenaire,VIP,2022-07-03,Inactif
2767,2767,F,47,46-55,Yamoussoukro,Mobile Money,Occasionnel,2024-09-14,Actif
2768,2768,M,18,18-25,Abidjan,Boutique,Nouveau,2022-09-19,Inactif
2769,2769,M,49,46-55,Abidjan,Boutique,VIP,2023-08-25,Actif
2770,2770,M,32,26-35,Yamoussoukro,Mobile Money,Occasionnel,2023-10-22,Inactif
2771,2771,F,18,18-25,Abidjan,Boutique,Nouveau,2024-11-04,Inactif
2772,2772,M,18,18-25,Korhogo,Mobile Money,Nouveau,2023-01-05,Actif
2773,2773,M,18,18-25,Man,Boutique,Régulier,2024-04-05,Inactif
2774,2774,F,33,26-35,San-Pédro,Boutique,Occasionnel,2024-03-11,Inactif
2775,2775,M,33,26-35,Abidjan,Réseaux sociaux,Régulier,2024-02-07,Inactif
2776,2776,F,40,36-45,Abidjan,Site Web,Fidèle,2023-07-27,Actif
2777,2777,M,27,26-35,Korhogo,Réseaux sociaux,Régulier,2022-03-19,Actif
2778,2778,F,21,18-25,Abidjan,Boutique,Fidèle,2022-10-19,Actif
2779,2779,F,29,26-35,Yamoussoukro,Mobile Money,Régulier,2023-09-07,Actif
2780,2780,F,34,26-35,San-Pédro,Boutique,Régulier,2023-03-27,Actif
2781,2781,F,36,36-45,Abidjan,Partenaire,Nouveau,2022-07-22,Actif
2782,2782,F,25,18-25,Abidjan,Mobile Money,Occasionnel,2024-01-27,Inactif
2783,2783,M,43,36-45,Bouaké,Mobile Money,Occasionnel,2023-05-21,Actif
2784,2784,F,27,26-35,Bouaké,Partenaire,Occasionnel,2024-05-09,Actif
2785,2785,F,24,18-25,Abidjan,Partenaire,Occasionnel,2023-08-24,Actif
2786,2786,M,28,26-35,Bouaké,Mobile Money,Régulier,2023-02-09,Actif
2787,2787,M,45,36-45,Daloa,Site Web,Occasionnel,2022-04-30,Actif
2788,2788,M,32,26-35,Abidjan,Boutique,Occasionnel,2022-04-25,Actif
2789,2789,M,26,26-35,Abidjan,Boutique,Occasionnel,2023-07-10,Actif
2790,2790,F,44,36-45,Yamoussoukro,Boutique,Fidèle,2023-01-22,Inactif
2791,2791,M,57,56+,Daloa,Partenaire,Occasionnel,2024-02-26,Actif
2792,2792,F,36,36-45,Divo,Mobile Money,Régulier,2023-11-22,Actif
2793,2793,M,47,46-55,Abidjan,Site Web,Régulier,2022-11-08,Actif
2794,2794,M,45,36-45,Korhogo,Mobile Money,Occasionnel,2024-04-12,Actif
2795,2795,M,27,26-35,Daloa,Site Web,Régulier,2023-09-12,Actif
2796,2796,M,34,26-35,Yamoussoukro,Site Web,Fidèle,2024-08-21,Inactif
2797,2797,M,19,18-25,Abidjan,Site Web,Régulier,2024-11-09,Actif
2798,2798,F,31,26-35,Abidjan,Partenaire,Fidèle,2024-11-19,Actif
2799,2799,M,27,26-35,Abidjan,Site Web,Occasionnel,2022-05-19,Actif
2800,2800,M,29,26-35,Abidjan,Site Web,Fidèle,2023-08-03,Actif
2801,2801,M,25,18-25,Abidjan,Mobile Money,Fidèle,2022-02-01,Actif
2802,2802,F,30,26-35,Man,Partenaire,Régulier,2024-08-21,Actif
2803,2803,F,39,36-45,Abidjan,Boutique,Fidèle,2024-02-09,Actif
2804,2804,M,32,26-35,Man,Boutique,Régulier,2022-10-14,Actif
2805,2805,F,18,18-25,Abidjan,Boutique,Occasionnel,2023-10-27,Actif
2806,2806,F,25,18-25,San-Pédro,Boutique,Occasionnel,2023-09-05,Actif
2807,2807,F,18,18-25,Abidjan,Boutique,Occasionnel,2023-08-18,Actif
2808,2808,M,36,36-45,Bouaké,Boutique,Régulier,2023-08-14,Actif
2809,2809,F,39,36-45,Bouaké,Mobile Money,Nouveau,2024-12-13,Actif
2810,2810,F,36,36-45,Man,Partenaire,Régulier,2024-04-21,Inactif
2811,2811,F,25,18-25,Abidjan,Partenaire,Occasionnel,2023-03-17,Actif
2812,2812,M,36,36-45,Abidjan,Boutique,Occasionnel,2024-04-26,Actif
2813,2813,M,28,26-35,Divo,Partenaire,Nouveau,2022-06-04,Actif
2814,2814,F,21,18-25,Abidjan,Boutique,Nouveau,2022-11-09,Actif
2815,2815,F,42,36-45,Bouaké,Boutique,Régulier,2022-05-09,Inactif
2816,2816,M,42,36-45,Abidjan,Réseaux sociaux,Occasionnel,2024-08-28,Actif
2817,2817,F,44,36-45,Abidjan,Site Web,Nouveau,2022-01-27,Inactif
2818,2818,M,27,26-35,Bouaké,Site Web,Nouveau,2024-09-03,Actif
2819,2819,F,46,46-55,Bouaké,Boutique,Occasionnel,2024-06-30,Actif
2820,2820,M,28,26-35,Bouaké,Boutique,Nouveau,2024-11-04,Actif
2821,2821,F,41,36-45,Abidjan,Mobile Money,Nouveau,2024-04-18,Actif
2822,2822,M,28,26-35,Daloa,Partenaire,Régulier,2023-05-17,Actif
2823,2823,F,31,26-35,Abengourou,Mobile Money,Régulier,2024-06-07,Actif
2824,2824,M,18,18-25,Abidjan,Boutique,VIP,2024-12-17,Actif
2825,2825,M,30,26-35,Abidjan,Mobile Money,Nouveau,2024-09-04,Inactif
2826,2826,M,35,26-35,Abidjan,Site Web,Nouveau,2024-05-09,Actif
2827,2827,F,29,26-35,Daloa,Boutique,Nouveau,2024-04-19,Actif
2828,2828,F,53,46-55,Abidjan,Site Web,Régulier,2023-12-17,Inactif
2829,2829,M,21,18-25,Yamoussoukro,Boutique,Nouveau,2024-09-03,Actif
2830,2830,M,27,26-35,Abidjan,Mobile Money,Nouveau,2023-04-19,Actif
2831,2831,F,24,18-25,Bouaké,Mobile Money,Occasionnel,2023-07-03,Actif
2832,2832,F,27,26-35,San-Pédro,Mobile Money,Occasionnel,2024-07-11,Actif
2833,2833,F,45,36-45,Abidjan,Site Web,Occasionnel,2022-10-15,Inactif
2834,2834,M,50,46-55,Abidjan,Réseaux sociaux,Régulier,2024-04-16,Inactif
2835,2835,M,26,26-35,Abidjan,Boutique,Fidèle,2022-05-01,Actif
2836,2836,M,26,26-35,Abidjan,Boutique,Occasionnel,2023-10-04,Inactif
2837,2837,M,21,18-25,Abidjan,Mobile Money,Nouveau,2022-02-08,Actif
2838,2838,F,48,46-55,San-Pédro,Réseaux sociaux,Occasionnel,2024-12-27,Actif
2839,2839,F,46,46-55,Abidjan,Partenaire,Nouveau,2024-07-10,Actif
2840,2840,F,32,26-35,Abidjan,Site Web,Nouveau,2022-10-01,Actif
2841,2841,M,18,18-25,Abidjan,Mobile Money,Occasionnel,2022-06-14,Actif
2842,2842,F,19,18-25,Abidjan,Boutique,Nouveau,2023-12-04,Actif
2843,2843,F,35,26-35,Man,Partenaire,Nouveau,2024-09-14,Inactif
2844,2844,F,40,36-45,Abidjan,Mobile Money,Régulier,2022-12-18,Actif
2845,2845,F,18,18-25,Abidjan,Site Web,Régulier,2024-11-18,Inactif
2846,2846,M,30,26-35,Abidjan,Partenaire,Nouveau,2023-05-17,Actif
2847,2847,F,51,46-55,Gagnoa,Site Web,Occasionnel,2023-04-29,Actif
2848,2848,F,31,26-35,San-Pédro,Site Web,VIP,2023-01-07,Actif
2849,2849,M,50,46-55,Abidjan,Boutique,Nouveau,2022-10-24,Actif
2850,2850,F,41,36-45,Bouaké,Partenaire,Régulier,2023-01-02,Inactif
2851,2851,F,22,18-25,Daloa,Boutique,Nouveau,2022-07-09,Actif
2852,2852,F,30,26-35,Daloa,Réseaux sociaux,Fidèle,2023-02-17,Actif
2853,2853,M,32,26-35,Abidjan,Boutique,Nouveau,2022-11-14,Actif
2854,2854,F,23,18-25,Daloa,Site Web,Nouveau,2022-03-04,Actif
2855,2855,M,23,18-25,Bouaké,Réseaux sociaux,VIP,2023-02-02,Actif
2856,2856,M,50,46-55,Abidjan,Boutique,Régulier,2022-02-13,Inactif
2857,2857,M,23,18-25,Abidjan,Mobile Money,Nouveau,2022-07-18,Actif
2858,2858,F,45,36-45,Abidjan,Mobile Money,Régulier,2024-03-04,Actif
2859,2859,M,29,26-35,Abidjan,Réseaux sociaux,Fidèle,2022-01-28,Actif
2860,2860,F,33,26-35,Abidjan,Site Web,Occasionnel,2022-12-07,Inactif
2861,2861,F,40,36-45,San-Pédro,Mobile Money,Nouveau,2024-01-20,Actif
2862,2862,M,27,26-35,San-Pédro,Réseaux sociaux,Nouveau,2022-01-24,Actif
2863,2863,F,40,36-45,Abidjan,Partenaire,Fidèle,2024-03-18,Inactif
2864,2864,F,18,18-25,Abidjan,Réseaux sociaux,Nouveau,2022-03-31,Actif
2865,2865,F,38,36-45,Yamoussoukro,Site Web,Nouveau,2022-03-02,Actif
2866,2866,F,18,18-25,Abidjan,Partenaire,Nouveau,2022-08-03,Actif
2867,2867,F,31,26-35,Abidjan,Réseaux sociaux,Nouveau,2024-07-31,Inactif
2868,2868,M,43,36-45,San-Pédro,Mobile Money,Occasionnel,2022-02-22,Actif
2869,2869,M,40,36-45,Abidjan,Partenaire,Occasionnel,2022-04-19,Actif
2870,2870,F,19,18-25,Abidjan,Boutique,Nouveau,2024-11-02,Actif
2871,2871,M,21,18-25,Daloa,Partenaire,Nouveau,2023-10-31,Actif
2872,2872,F,26,26-35,Bouaké,Site Web,Nouveau,2023-09-15,Actif
2873,2873,F,36,36-45,Abidjan,Site Web,Nouveau,2022-02-14,Actif
2874,2874,F,18,18-25,Yamoussoukro,Mobile Money,Nouveau,2023-03-08,Actif
2875,2875,F,33,26-35,Man,Mobile Money,Régulier,2023-09-24,Actif
2876,2876,F,37,36-45,Abidjan,Mobile Money,Nouveau,2023-08-07,Inactif
2877,2877,F,30,26-35,Bouaké,Site Web,Nouveau,2023-07-25,Actif
2878,2878,F,39,36-45,Abidjan,Réseaux sociaux,Occasionnel,2022-05-04,Actif
2879,2879,M,36,36-45,Abidjan,Mobile Money,Régulier,2024-12-18,Actif
2880,2880,F,28,26-35,Abidjan,Mobile Money,Régulier,2024-02-08,Actif
2881,2881,F,18,18-25,Abidjan,Site Web,VIP,2022-09-22,Inactif
2882,2882,F,35,26-35,Abidjan,Mobile Money,Nouveau,2024-11-27,Inactif
2883,2883,M,23,18-25,San-Pédro,Mobile Money,Nouveau,2022-11-27,Actif
2884,2884,F,27,26-35,Abidjan,Mobile Money,Nouveau,2022-05-24,Actif
2885,2885,M,39,36-45,Korhogo,Site Web,Nouveau,2024-09-04,Actif
2886,2886,F,49,46-55,Abidjan,Boutique,VIP,2022-06-17,Actif
2887,2887,F,33,26-35,San-Pédro,Réseaux sociaux,Occasionnel,2022-03-08,Actif
2888,2888,M,40,36-45,Abidjan,Mobile Money,Régulier,2023-11-20,Actif
2889,2889,F,18,18-25,Abidjan,Mobile Money,VIP,2022-10-17,Actif
2890,2890,F,36,36-45,Yamoussoukro,Site Web,Fidèle,2022-06-16,Actif
2891,2891,F,33,26-35,Daloa,Partenaire,Occasionnel,2022-04-23,Actif
2892,2892,M,47,46-55,Abidjan,Boutique,Fidèle,2022-05-19,Actif
2893,2893,M,28,26-35,Abidjan,Réseaux sociaux,Occasionnel,2024-11-18,Actif
2894,2894,M,31,26-35,Bouaké,Site Web,Nouveau,2024-01-05,Actif
2895,2895,M,45,36-45,Bouaké,Réseaux sociaux,Occasionnel,2024-07-11,Actif
2896,2896,F,32,26-35,Abidjan,Boutique,Fidèle,2023-11-09,Actif
2897,2897,M,21,18-25,Daloa,Mobile Money,Régulier,2023-08-18,Actif
2898,2898,F,62,56+,Abidjan,Mobile Money,Occasionnel,2022-08-27,Actif
2899,2899,M,22,18-25,Abidjan,Site Web,Fidèle,2024-11-25,Actif
2900,2900,F,33,26-35,Bouaké,Réseaux sociaux,Occasionnel,2024-06-20,Actif
2901,2901,F,37,36-45,Abengourou,Boutique,Régulier,2023-08-02,Inactif
2902,2902,M,36,36-45,Abidjan,Mobile Money,Nouveau,2022-04-26,Inactif
2903,2903,F,31,26-35,Abidjan,Mobile Money,Nouveau,2024-04-12,Actif
2904,2904,M,31,26-35,Abidjan,Boutique,Nouveau,2022-12-31,Actif
2905,2905,F,31,26-35,Yamoussoukro,Réseaux sociaux,Fidèle,2022-08-18,Inactif
2906,2906,M,21,18-25,Abidjan,Boutique,VIP,2024-03-20,Actif
2907,2907,M,57,56+,Abidjan,Site Web,Nouveau,2024-07-05,Actif
2908,2908,F,31,26-35,Abidjan,Boutique,Nouveau,2023-11-04,Actif
2909,2909,M,40,36-45,Korhogo,Réseaux sociaux,Nouveau,2022-03-22,Actif
2910,2910,M,30,26-35,Abidjan,Réseaux sociaux,Régulier,2023-10-20,Inactif
2911,2911,M,30,26-35,Bouaké,Mobile Money,Occasionnel,2024-10-03,Actif
2912,2912,F,28,26-35,Abidjan,Site Web,Occasionnel,2024-01-22,Inactif
2913,2913,M,18,18-25,Abidjan,Réseaux sociaux,Nouveau,2022-10-18,Actif
2914,2914,M,32,26-35,Abidjan,Partenaire,Nouveau,2023-12-09,Actif
2915,2915,F,29,26-35,Abidjan,Boutique,Fidèle,2022-09-30,Actif
2916,2916,F,46,46-55,Abidjan,Mobile Money,Occasionnel,2024-08-15,Inactif
2917,2917,F,20,18-25,Abidjan,Boutique,Nouveau,2024-07-15,Inactif
2918,2918,M,27,26-35,Abidjan,Site Web,Nouveau,2023-09-15,Actif
2919,2919,F,24,18-25,Abidjan,Mobile Money,Nouveau,2022-05-29,Inactif
2920,2920,M,49,46-55,Abidjan,Partenaire,Nouveau,2023-03-16,Inactif
2921,2921,M,24,18-25,Abidjan,Mobile Money,Nouveau,2022-05-13,Inactif
2922,2922,F,40,36-45,Abidjan,Réseaux sociaux,Régulier,2024-04-18,Actif
2923,2923,F,44,36-45,Abidjan,Boutique,Nouveau,2024-01-16,Inactif
2924,2924,M,32,26-35,Yamoussoukro,Mobile Money,Occasionnel,2022-10-11,Actif
2925,2925,F,18,18-25,Man,Boutique,Occasionnel,2024-07-26,Actif
2926,2926,M,18,18-25,Bouaké,Site Web,Nouveau,2024-04-11,Actif
2927,2927,M,43,36-45,Abidjan,Réseaux sociaux,Occasionnel,2024-10-22,Actif
2928,2928,M,20,18-25,Abengourou,Boutique,Fidèle,2022-11-03,Inactif
2929,2929,F,38,36-45,Gagnoa,Mobile Money,Nouveau,2022-07-11,Actif
2930,2930,M,35,26-35,Abidjan,Partenaire,Régulier,2023-06-11,Actif
2931,2931,M,38,36-45,Abidjan,Boutique,Nouveau,2022-10-18,Inactif
2932,2932,F,39,36-45,Yamoussoukro,Mobile Money,Nouveau,2024-03-20,Actif
2933,2933,M,23,18-25,Gagnoa,Réseaux sociaux,Nouveau,2023-04-11,Actif
2934,2934,M,23,18-25,Daloa,Mobile Money,Régulier,2023-11-19,Actif
2935,2935,M,41,36-45,Bouaké,Mobile Money,Occasionnel,2022-07-08,Actif
2936,2936,F,27,26-35,Bouaké,Boutique,Régulier,2022-04-04,Actif
2937,2937,F,18,18-25,Gagnoa,Site Web,Nouveau,2024-10-23,Inactif
2938,2938,F,41,36-45,Abidjan,Boutique,Régulier,2023-05-04,Actif
2939,2939,F,22,18-25,Abidjan,Partenaire,Nouveau,2022-06-02,Actif
2940,2940,F,39,36-45,San-Pédro,Mobile Money,Nouveau,2024-06-07,Actif
2941,2941,M,49,46-55,Abidjan,Partenaire,Régulier,2022-05-26,Inactif
2942,2942,F,34,26-35,Abidjan,Mobile Money,Nouveau,2024-12-27,Actif
2943,2943,M,44,36-45,Abidjan,Mobile Money,Occasionnel,2023-02-27,Inactif
2944,2944,F,35,26-35,Abidjan,Mobile Money,Occasionnel,2023-05-27,Actif
2945,2945,F,51,46-55,Abidjan,Mobile Money,Régulier,2022-10-11,Actif
2946,2946,F,22,18-25,Bouaké,Boutique,Régulier,2022-04-05,Actif
2947,2947,F,33,26-35,Abidjan,Réseaux sociaux,Nouveau,2023-03-24,Actif
2948,2948,M,41,36-45,Bouaké,Réseaux sociaux,Nouveau,2023-02-05,Actif
2949,2949,M,31,26-35,Abidjan,Site Web,Occasionnel,2023-05-06,Actif
2950,2950,M,46,46-55,Divo,Mobile Money,Nouveau,2023-06-21,Actif
2951,2951,F,29,26-35,Bouaké,Réseaux sociaux,Nouveau,2023-11-22,Actif
2952,2952,M,56,56+,Gagnoa,Boutique,Nouveau,2022-03-22,Actif
2953,2953,F,57,56+,Abidjan,Site Web,Occasionnel,2023-02-02,Actif
2954,2954,M,37,36-45,Abidjan,Site Web,Occasionnel,2024-08-04,Actif
2955,2955,F,40,36-45,Daloa,Mobile Money,Nouveau,2024-11-08,Inactif
2956,2956,F,47,46-55,San-Pédro,Boutique,Nouveau,2023-08-13,Inactif
2957,2957,F,20,18-25,Abidjan,Partenaire,Nouveau,2023-02-05,Actif
2958,2958,F,19,18-25,Bouaké,Mobile Money,Nouveau,2023-04-01,Actif
2959,2959,F,47,46-55,Yamoussoukro,Site Web,Régulier,2024-05-06,Inactif
2960,2960,M,37,36-45,Abidjan,Partenaire,Nouveau,2023-03-11,Inactif
2961,2961,M,31,26-35,Bouaké,Boutique,Nouveau,2024-10-31,Actif
2962,2962,M,34,26-35,Abidjan,Boutique,Fidèle,2022-01-31,Actif
2963,2963,F,18,18-25,Abidjan,Boutique,Occasionnel,2023-10-26,Actif
2964,2964,M,31,26-35,Korhogo,Réseaux sociaux,Nouveau,2023-07-23,Actif
2965,2965,F,25,18-25,Abidjan,Boutique,Régulier,2023-05-10,Actif
2966,2966,M,44,36-45,Daloa,Boutique,Régulier,2023-06-05,Actif
2967,2967,F,44,36-45,Yamoussoukro,Mobile Money,Fidèle,2022-06-23,Actif
2968,2968,F,40,36-45,Abengourou,Partenaire,Fidèle,2023-01-14,Actif
2969,2969,M,38,36-45,Abidjan,Réseaux sociaux,Régulier,2023-01-22,Actif
2970,2970,F,18,18-25,Abidjan,Site Web,Nouveau,2023-12-23,Actif
2971,2971,F,40,36-45,Abidjan,Partenaire,Occasionnel,2023-10-18,Actif
2972,2972,M,40,36-45,Bouaké,Site Web,Nouveau,2023-03-27,Actif
2973,2973,F,47,46-55,Abidjan,Partenaire,Occasionnel,2023-07-21,Inactif
2974,2974,M,57,56+,Yamoussoukro,Mobile Money,Fidèle,2023-09-19,Actif
2975,2975,F,18,18-25,Abidjan,Mobile Money,Nouveau,2022-02-21,Actif
2976,2976,M,29,26-35,Abidjan,Réseaux sociaux,Fidèle,2024-08-27,Actif
2977,2977,M,25,18-25,Korhogo,Boutique,Occasionnel,2024-09-04,Actif
2978,2978,M,35,26-35,San-Pédro,Boutique,Nouveau,2023-02-03,Inactif
2979,2979,M,34,26-35,Abidjan,Site Web,Fidèle,2024-04-13,Inactif
2980,2980,M,31,26-35,Yamoussoukro,Site Web,Occasionnel,2023-03-12,Actif
2981,2981,M,45,36-45,Abidjan,Boutique,Occasionnel,2022-03-16,Actif
2982,2982,F,21,18-25,Daloa,Boutique,Occasionnel,2024-08-06,Actif
2983,2983,F,22,18-25,Abidjan,Boutique,Nouveau,2022-10-21,Actif
2984,2984,M,22,18-25,Abidjan,Mobile Money,Nouveau,2023-01-28,Actif
2985,2985,F,30,26-35,Abidjan,Mobile Money,Régulier,2023-09-23,Actif
2986,2986,F,20,18-25,Abidjan,Boutique,Fidèle,2023-04-27,Actif
2987,2987,F,33,26-35,Daloa,Site Web,Régulier,2022-10-19,Actif
2988,2988,M,32,26-35,Abidjan,Boutique,Fidèle,2024-05-26,Inactif
2989,2989,F,25,18-25,Abidjan,Boutique,Fidèle,2023-01-25,Actif
2990,2990,M,43,36-45,Abidjan,Site Web,Nouveau,2023-10-11,Actif
2991,2991,M,33,26-35,Abidjan,Mobile Money,Régulier,2023-12-30,Inactif
2992,2992,M,45,36-45,Yamoussoukro,Boutique,Régulier,2024-10-19,Actif
2993,2993,F,31,26-35,Abidjan,Mobile Money,Nouveau,2023-06-09,Inactif
2994,2994,M,33,26-35,Daloa,Site Web,Occasionnel,2023-05-31,Actif
2995,2995,M,27,26-35,San-Pédro,Mobile Money,Régulier,2024-09-26,Actif
2996,2996,F,33,26-35,Abidjan,Boutique,VIP,2023-06-09,Actif
2997,2997,M,41,36-45,San-Pédro,Boutique,VIP,2022-11-23,Actif
2998,2998,F,29,26-35,Abidjan,Réseaux sociaux,Occasionnel,2022-02-17,Actif
2999,2999,M,39,36-45,Abidjan,Site Web,Régulier,2022-12-22,Actif
3000,3000,F,25,18-25,Abidjan,Partenaire,Occasionnel,2022-08-05,Actif
3001,3001,M,42,36-45,Abidjan,Site Web,Fidèle,2022-11-30,Inactif
3002,3002,M,27,26-35,Abidjan,Boutique,Régulier,2023-08-15,Actif
3003,3003,F,43,36-45,Abidjan,Mobile Money,Fidèle,2023-07-29,Actif
3004,3004,M,34,26-35,San-Pédro,Mobile Money,VIP,2022-07-24,Actif
3005,3005,F,50,46-55,Abidjan,Mobile Money,Nouveau,2023-05-24,Inactif
3006,3006,M,21,18-25,Divo,Mobile Money,VIP,2023-05-12,Actif
3007,3007,M,18,18-25,Abidjan,Boutique,Régulier,2022-02-16,Inactif
3008,3008,F,27,26-35,Bouaké,Site Web,Nouveau,2022-11-07,Actif
3009,3009,F,18,18-25,Abidjan,Site Web,Nouveau,2024-03-02,Actif
3010,3010,M,18,18-25,Abidjan,Mobile Money,Régulier,2022-01-23,Actif
3011,3011,F,40,36-45,Abidjan,Boutique,Nouveau,2022-11-26,Actif
3012,3012,M,33,26-35,Man,Mobile Money,Nouveau,2023-06-05,Actif
3013,3013,M,28,26-35,Man,Boutique,Occasionnel,2022-07-02,Inactif
3014,3014,M,29,26-35,Abidjan,Boutique,Nouveau,2023-12-09,Actif
3015,3015,F,27,26-35,Bouaké,Mobile Money,Occasionnel,2024-02-23,Actif
3016,3016,M,52,46-55,Bouaké,Mobile Money,Régulier,2023-01-06,Actif
3017,3017,M,25,18-25,Bouaké,Partenaire,Nouveau,2022-09-10,Actif
3018,3018,F,19,18-25,Abidjan,Boutique,Régulier,2024-04-30,Actif
3019,3019,F,42,36-45,Yamoussoukro,Boutique,Nouveau,2022-08-24,Inactif
3020,3020,F,31,26-35,Daloa,Mobile Money,Fidèle,2022-06-09,Inactif
3021,3021,F,56,56+,Abidjan,Mobile Money,Occasionnel,2022-02-06,Actif
3022,3022,M,28,26-35,Abidjan,Boutique,Régulier,2022-04-10,Actif
3023,3023,F,43,36-45,Abidjan,Partenaire,Régulier,2024-08-12,Actif
3024,3024,M,45,36-45,Man,Mobile Money,Fidèle,2024-10-20,Actif
3025,3025,F,28,26-35,Abidjan,Mobile Money,Occasionnel,2023-08-21,Actif
3026,3026,F,25,18-25,Abidjan,Partenaire,Occasionnel,2024-10-06,Actif
3027,3027,F,42,36-45,Abidjan,Boutique,Nouveau,2024-02-14,Actif
3028,3028,M,40,36-45,San-Pédro,Mobile Money,Occasionnel,2023-03-22,Inactif
3029,3029,M,18,18-25,Yamoussoukro,Site Web,Occasionnel,2024-02-21,Inactif
3030,3030,F,21,18-25,Abidjan,Boutique,Régulier,2023-04-05,Actif
3031,3031,M,18,18-25,Abidjan,Partenaire,Nouveau,2024-11-19,Inactif
3032,3032,F,40,36-45,Daloa,Mobile Money,Occasionnel,2024-07-20,Inactif
3033,3033,F,31,26-35,Abidjan,Site Web,Occasionnel,2024-07-14,Actif
3034,3034,F,32,26-35,Abidjan,Mobile Money,Occasionnel,2023-08-04,Inactif
3035,3035,M,18,18-25,Gagnoa,Réseaux sociaux,Régulier,2023-07-22,Inactif
3036,3036,M,21,18-25,Abidjan,Réseaux sociaux,Occasionnel,2022-05-09,Actif
3037,3037,M,28,26-35,Abidjan,Réseaux sociaux,Occasionnel,2023-12-16,Inactif
3038,3038,F,26,26-35,Abidjan,Réseaux sociaux,Occasionnel,2022-05-06,Actif
3039,3039,F,35,26-35,Daloa,Site Web,Régulier,2023-08-15,Actif
3040,3040,M,40,36-45,Daloa,Mobile Money,Régulier,2022-05-24,Actif
3041,3041,F,58,56+,Abidjan,Mobile Money,Nouveau,2023-06-06,Actif
3042,3042,M,33,26-35,Yamoussoukro,Boutique,Nouveau,2024-05-04,Actif
3043,3043,M,46,46-55,Korhogo,Boutique,Régulier,2022-12-04,Actif
3044,3044,F,24,18-25,San-Pédro,Mobile Money,Régulier,2023-10-22,Inactif
3045,3045,M,18,18-25,Abidjan,Site Web,Nouveau,2022-10-12,Inactif
3046,3046,M,30,26-35,Abidjan,Site Web,Occasionnel,2022-11-25,Actif
3047,3047,F,18,18-25,Korhogo,Partenaire,Nouveau,2022-07-20,Actif
3048,3048,M,34,26-35,Abidjan,Boutique,Régulier,2022-06-27,Actif
3049,3049,M,25,18-25,Abidjan,Site Web,Nouveau,2023-02-12,Actif
3050,3050,F,18,18-25,Abidjan,Site Web,Régulier,2022-05-16,Actif
3051,3051,M,53,46-55,San-Pédro,Partenaire,Régulier,2024-09-03,Inactif
3052,3052,F,28,26-35,Abidjan,Site Web,Fidèle,2024-03-22,Actif
3053,3053,M,18,18-25,Abidjan,Mobile Money,VIP,2022-08-31,Actif
3054,3054,M,43,36-45,Bouaké,Mobile Money,Occasionnel,2024-08-28,Actif
3055,3055,M,25,18-25,Abidjan,Partenaire,Régulier,2023-02-05,Actif
3056,3056,F,45,36-45,Abidjan,Site Web,Régulier,2023-08-05,Actif
3057,3057,M,25,18-25,Abidjan,Réseaux sociaux,Fidèle,2024-02-05,Actif
3058,3058,F,28,26-35,Abidjan,Site Web,Occasionnel,2024-04-26,Actif
3059,3059,F,37,36-45,Abengourou,Site Web,Nouveau,2022-01-09,Inactif
3060,3060,F,40,36-45,Abidjan,Site Web,VIP,2022-11-07,Actif
3061,3061,M,42,36-45,San-Pédro,Partenaire,Nouveau,2023-01-04,Actif
3062,3062,F,33,26-35,Abidjan,Réseaux sociaux,VIP,2023-10-04,Actif
3063,3063,F,39,36-45,Abidjan,Boutique,Nouveau,2024-08-13,Actif
3064,3064,M,42,36-45,Abidjan,Mobile Money,Occasionnel,2023-04-25,Actif
3065,3065,F,36,36-45,Abidjan,Mobile Money,VIP,2023-05-23,Inactif
3066,3066,F,32,26-35,Abidjan,Boutique,Régulier,2022-04-07,Inactif
3067,3067,F,18,18-25,Abidjan,Réseaux sociaux,Occasionnel,2023-07-31,Actif
3068,3068,F,40,36-45,Divo,Réseaux sociaux,Nouveau,2023-06-18,Actif
3069,3069,M,34,26-35,Abidjan,Boutique,Nouveau,2023-11-29,Actif
3070,3070,F,29,26-35,Man,Mobile Money,Nouveau,2024-07-16,Actif
3071,3071,F,48,46-55,Abidjan,Boutique,Occasionnel,2023-09-14,Inactif
3072,3072,M,18,18-25,Abidjan,Réseaux sociaux,Occasionnel,2022-02-26,Actif
3073,3073,M,52,46-55,Bouaké,Site Web,Nouveau,2024-06-13,Actif
3074,3074,M,33,26-35,Abidjan,Mobile Money,Occasionnel,2023-06-07,Actif
3075,3075,M,37,36-45,Abidjan,Boutique,Fidèle,2023-06-17,Actif
3076,3076,M,29,26-35,Abidjan,Boutique,Fidèle,2024-08-14,Actif
3077,3077,F,18,18-25,Abidjan,Boutique,Occasionnel,2023-10-08,Actif
3078,3078,M,32,26-35,Daloa,Réseaux sociaux,VIP,2024-05-15,Inactif
3079,3079,M,37,36-45,Abidjan,Partenaire,Occasionnel,2024-08-21,Actif
3080,3080,F,41,36-45,Gagnoa,Mobile Money,Nouveau,2023-06-25,Inactif
3081,3081,F,31,26-35,Abidjan,Mobile Money,Occasionnel,2024-12-11,Actif
3082,3082,F,18,18-25,Abidjan,Boutique,Fidèle,2022-07-07,Actif
3083,3083,M,18,18-25,Abidjan,Mobile Money,Nouveau,2024-08-12,Actif
3084,3084,M,56,56+,Abidjan,Boutique,Nouveau,2024-07-18,Actif
3085,3085,M,21,18-25,Korhogo,Mobile Money,VIP,2022-04-20,Inactif
3086,3086,F,49,46-55,San-Pédro,Mobile Money,Régulier,2022-06-17,Inactif
3087,3087,F,23,18-25,Abidjan,Réseaux sociaux,Régulier,2022-02-10,Actif
3088,3088,F,31,26-35,Abidjan,Mobile Money,Régulier,2022-10-31,Actif
3089,3089,M,40,36-45,San-Pédro,Réseaux sociaux,Régulier,2024-12-21,Actif
3090,3090,M,24,18-25,Abidjan,Mobile Money,Nouveau,2022-05-17,Actif
3091,3091,M,51,46-55,Abidjan,Mobile Money,Régulier,2022-02-06,Actif
3092,3092,M,34,26-35,Abidjan,Mobile Money,Nouveau,2023-05-18,Actif
3093,3093,M,39,36-45,Abidjan,Mobile Money,Nouveau,2023-01-23,Actif
3094,3094,M,31,26-35,Abidjan,Boutique,VIP,2023-11-20,Inactif
3095,3095,F,41,36-45,Abidjan,Réseaux sociaux,Nouveau,2023-10-27,Actif
3096,3096,F,51,46-55,Korhogo,Réseaux sociaux,Nouveau,2024-06-24,Actif
3097,3097,F,32,26-35,Abidjan,Mobile Money,Nouveau,2023-03-31,Inactif
3098,3098,F,53,46-55,Korhogo,Mobile Money,Fidèle,2023-05-21,Actif
3099,3099,F,27,26-35,Yamoussoukro,Mobile Money,VIP,2022-01-25,Actif
3100,3100,F,42,36-45,Abidjan,Site Web,Nouveau,2024-11-28,Actif
3101,3101,M,39,36-45,Abidjan,Mobile Money,Occasionnel,2022-08-22,Actif
3102,3102,F,22,18-25,Abidjan,Mobile Money,Régulier,2023-10-15,Actif
3103,3103,M,36,36-45,San-Pédro,Réseaux sociaux,Régulier,2024-08-22,Actif
3104,3104,M,34,26-35,Abidjan,Réseaux sociaux,Nouveau,2023-10-24,Actif
3105,3105,M,24,18-25,Man,Site Web,Nouveau,2023-11-16,Actif
3106,3106,M,37,36-45,Bouaké,Mobile Money,Occasionnel,2022-07-11,Actif
3107,3107,F,35,26-35,Bouaké,Boutique,Nouveau,2024-02-16,Actif
3108,3108,M,33,26-35,Abidjan,Mobile Money,Régulier,2022-07-28,Inactif
3109,3109,F,33,26-35,Bouaké,Site Web,Nouveau,2024-01-28,Actif
3110,3110,M,33,26-35,Yamoussoukro,Site Web,Fidèle,2023-09-24,Actif
3111,3111,F,29,26-35,Yamoussoukro,Mobile Money,Régulier,2023-06-21,Actif
3112,3112,F,35,26-35,Abidjan,Réseaux sociaux,Régulier,2024-02-29,Actif
3113,3113,M,26,26-35,Bouaké,Boutique,Régulier,2024-02-28,Actif
3114,3114,M,63,56+,Abidjan,Site Web,Nouveau,2022-08-13,Actif
3115,3115,F,18,18-25,Bouaké,Mobile Money,Nouveau,2023-02-16,Actif
3116,3116,M,27,26-35,Abidjan,Boutique,Occasionnel,2023-06-14,Actif
3117,3117,F,28,26-35,Abidjan,Mobile Money,Régulier,2022-06-16,Actif
3118,3118,M,56,56+,Daloa,Site Web,Fidèle,2023-01-26,Actif
3119,3119,F,19,18-25,Abidjan,Mobile Money,Occasionnel,2022-02-15,Actif
3120,3120,F,38,36-45,Bouaké,Mobile Money,Régulier,2023-04-26,Actif
3121,3121,F,36,36-45,Yamoussoukro,Site Web,Nouveau,2022-08-14,Actif
3122,3122,F,37,36-45,Yamoussoukro,Site Web,Nouveau,2022-09-01,Actif
3123,3123,F,47,46-55,Daloa,Site Web,Nouveau,2024-06-15,Actif
3124,3124,F,47,46-55,Abidjan,Site Web,Fidèle,2022-06-04,Actif
3125,3125,F,29,26-35,Abidjan,Site Web,Occasionnel,2022-05-13,Actif
3126,3126,F,36,36-45,Yamoussoukro,Site Web,Occasionnel,2022-12-17,Actif
3127,3127,M,18,18-25,Abidjan,Boutique,Régulier,2022-01-26,Actif
3128,3128,F,35,26-35,Abidjan,Mobile Money,Nouveau,2024-08-09,Actif
3129,3129,M,25,18-25,Abidjan,Boutique,Nouveau,2024-12-16,Actif
3130,3130,M,31,26-35,Abidjan,Mobile Money,Nouveau,2024-05-31,Actif
3131,3131,F,18,18-25,Abengourou,Boutique,Nouveau,2024-05-25,Actif
3132,3132,M,38,36-45,Abidjan,Boutique,Occasionnel,2022-04-22,Actif
3133,3133,F,18,18-25,Abidjan,Mobile Money,Nouveau,2023-08-31,Actif
3134,3134,F,35,26-35,Man,Site Web,Régulier,2022-04-07,Actif
3135,3135,M,20,18-25,Gagnoa,Site Web,Fidèle,2022-11-26,Actif
3136,3136,M,24,18-25,Abidjan,Boutique,Fidèle,2023-06-24,Inactif
3137,3137,M,46,46-55,Korhogo,Partenaire,Nouveau,2024-01-17,Inactif
3138,3138,F,40,36-45,Abidjan,Mobile Money,Occasionnel,2022-10-31,Actif
3139,3139,M,46,46-55,Daloa,Mobile Money,Nouveau,2022-10-08,Actif
3140,3140,F,51,46-55,Abidjan,Mobile Money,Nouveau,2024-06-20,Actif
3141,3141,F,25,18-25,Abidjan,Boutique,Régulier,2022-09-03,Actif
3142,3142,F,50,46-55,Abidjan,Mobile Money,Occasionnel,2023-06-17,Actif
3143,3143,M,18,18-25,Yamoussoukro,Réseaux sociaux,Régulier,2022-11-11,Actif
3144,3144,F,42,36-45,Abidjan,Mobile Money,Fidèle,2024-07-22,Actif
3145,3145,M,28,26-35,Abidjan,Boutique,Nouveau,2023-08-09,Actif
3146,3146,M,23,18-25,Yamoussoukro,Boutique,Fidèle,2022-04-29,Actif
3147,3147,M,40,36-45,Abidjan,Mobile Money,Nouveau,2022-06-12,Actif
3148,3148,M,44,36-45,Korhogo,Site Web,VIP,2024-11-28,Inactif
3149,3149,M,44,36-45,Abidjan,Site Web,Régulier,2024-10-26,Actif
3150,3150,F,36,36-45,Abidjan,Site Web,Nouveau,2024-04-19,Actif
3151,3151,F,35,26-35,Abidjan,Site Web,Occasionnel,2022-03-26,Actif
3152,3152,M,39,36-45,Abidjan,Boutique,Nouveau,2024-03-12,Actif
3153,3153,F,37,36-45,Abidjan,Boutique,Régulier,2023-12-25,Actif
3154,3154,F,39,36-45,Abidjan,Site Web,Nouveau,2024-10-26,Actif
3155,3155,F,36,36-45,Bouaké,Boutique,Fidèle,2023-06-17,Inactif
3156,3156,F,43,36-45,Abidjan,Boutique,Nouveau,2023-05-30,Inactif
3157,3157,F,18,18-25,Abidjan,Mobile Money,VIP,2023-11-24,Actif
3158,3158,F,32,26-35,Daloa,Site Web,Nouveau,2022-06-13,Actif
3159,3159,M,18,18-25,Abidjan,Mobile Money,Régulier,2024-03-27,Actif
3160,3160,F,37,36-45,Bouaké,Partenaire,Régulier,2023-06-29,Inactif
3161,3161,M,52,46-55,Korhogo,Mobile Money,Nouveau,2022-07-25,Actif
3162,3162,M,28,26-35,Abidjan,Boutique,Nouveau,2024-06-11,Actif
3163,3163,F,35,26-35,Bouaké,Mobile Money,Occasionnel,2022-10-17,Actif
3164,3164,M,42,36-45,Divo,Mobile Money,Régulier,2024-07-30,Actif
3165,3165,M,18,18-25,Abidjan,Mobile Money,Régulier,2022-10-26,Actif
3166,3166,M,28,26-35,Gagnoa,Site Web,Nouveau,2023-06-19,Inactif
3167,3167,F,38,36-45,Abidjan,Mobile Money,Fidèle,2023-04-24,Actif
3168,3168,F,18,18-25,Bouaké,Mobile Money,Fidèle,2024-03-12,Actif
3169,3169,F,23,18-25,Abidjan,Mobile Money,Régulier,2022-07-23,Actif
3170,3170,M,46,46-55,Abidjan,Mobile Money,Nouveau,2022-09-28,Actif
3171,3171,M,45,36-45,Abengourou,Partenaire,Nouveau,2022-07-30,Actif
3172,3172,M,38,36-45,Abidjan,Boutique,VIP,2022-09-10,Inactif
3173,3173,M,43,36-45,Gagnoa,Site Web,Régulier,2023-05-11,Actif
3174,3174,M,36,36-45,Yamoussoukro,Boutique,Régulier,2023-10-04,Inactif
3175,3175,M,40,36-45,Korhogo,Boutique,Fidèle,2024-08-03,Actif
3176,3176,F,30,26-35,Gagnoa,Réseaux sociaux,Nouveau,2023-04-07,Inactif
3177,3177,M,35,26-35,Bouaké,Mobile Money,Régulier,2023-03-25,Inactif
3178,3178,F,27,26-35,Abengourou,Réseaux sociaux,Régulier,2022-06-26,Actif
3179,3179,F,47,46-55,Daloa,Boutique,Fidèle,2022-04-19,Inactif
3180,3180,F,50,46-55,Abidjan,Boutique,Régulier,2024-04-13,Actif
3181,3181,M,49,46-55,Yamoussoukro,Réseaux sociaux,Occasionnel,2023-11-24,Actif
3182,3182,F,29,26-35,Abidjan,Mobile Money,Nouveau,2023-08-06,Actif
3183,3183,F,23,18-25,Abidjan,Partenaire,Fidèle,2023-05-02,Actif
3184,3184,F,48,46-55,Abidjan,Partenaire,Régulier,2023-07-24,Actif
3185,3185,F,39,36-45,Abidjan,Mobile Money,Occasionnel,2024-07-15,Inactif
3186,3186,F,37,36-45,Abidjan,Boutique,VIP,2022-07-27,Inactif
3187,3187,M,27,26-35,Abidjan,Réseaux sociaux,Nouveau,2023-07-01,Actif
3188,3188,M,38,36-45,Yamoussoukro,Mobile Money,Occasionnel,2022-09-22,Inactif
3189,3189,F,22,18-25,Yamoussoukro,Site Web,VIP,2022-04-25,Inactif
3190,3190,F,40,36-45,Korhogo,Mobile Money,Régulier,2024-01-29,Actif
3191,3191,F,49,46-55,Gagnoa,Mobile Money,Fidèle,2024-02-11,Actif
3192,3192,F,51,46-55,Korhogo,Boutique,Fidèle,2024-07-21,Actif
3193,3193,M,41,36-45,Bouaké,Site Web,Occasionnel,2022-01-24,Actif
3194,3194,M,18,18-25,Abidjan,Site Web,Nouveau,2022-07-14,Inactif
3195,3195,M,36,36-45,Divo,Site Web,Fidèle,2023-09-22,Actif
3196,3196,F,57,56+,Abidjan,Mobile Money,Occasionnel,2024-06-08,Inactif
3197,3197,M,24,18-25,Abidjan,Boutique,Occasionnel,2024-10-26,Inactif
3198,3198,F,33,26-35,Abidjan,Mobile Money,Occasionnel,2024-05-12,Actif
3199,3199,F,49,46-55,Bouaké,Mobile Money,Nouveau,2024-09-17,Inactif
3200,3200,M,40,36-45,Yamoussoukro,Mobile Money,Nouveau,2024-06-11,Actif
3201,3201,M,61,56+,Abidjan,Boutique,Régulier,2022-12-12,Actif
3202,3202,M,25,18-25,Daloa,Mobile Money,Régulier,2023-09-30,Actif
3203,3203,M,23,18-25,Abidjan,Mobile Money,Occasionnel,2023-11-27,Inactif
3204,3204,M,47,46-55,Abidjan,Site Web,Nouveau,2023-01-21,Inactif
3205,3205,M,20,18-25,Abidjan,Mobile Money,Occasionnel,2024-08-27,Actif
3206,3206,F,31,26-35,Abidjan,Partenaire,Régulier,2024-04-24,Actif
3207,3207,F,33,26-35,Daloa,Boutique,Nouveau,2023-07-20,Actif
3208,3208,F,45,36-45,Abidjan,Mobile Money,Occasionnel,2023-06-10,Inactif
3209,3209,F,40,36-45,Abidjan,Réseaux sociaux,Régulier,2024-05-17,Inactif
3210,3210,F,39,36-45,Abidjan,Boutique,Occasionnel,2022-08-31,Inactif
3211,3211,F,29,26-35,Daloa,Réseaux sociaux,Régulier,2022-08-28,Actif
3212,3212,M,47,46-55,Abengourou,Boutique,Fidèle,2023-03-17,Actif
3213,3213,M,75,56+,Yamoussoukro,Boutique,Nouveau,2022-05-20,Actif
3214,3214,M,41,36-45,Bouaké,Site Web,Nouveau,2023-05-17,Actif
3215,3215,F,35,26-35,Korhogo,Boutique,Nouveau,2023-04-19,Actif
3216,3216,M,19,18-25,Abidjan,Boutique,Régulier,2023-07-08,Inactif
3217,3217,F,26,26-35,Abidjan,Mobile Money,Fidèle,2023-05-21,Actif
3218,3218,F,31,26-35,Abidjan,Mobile Money,Régulier,2024-09-09,Inactif
3219,3219,F,28,26-35,Abidjan,Mobile Money,VIP,2022-10-28,Actif
3220,3220,F,33,26-35,Abidjan,Site Web,Régulier,2023-03-27,Actif
3221,3221,F,53,46-55,Abidjan,Boutique,Nouveau,2024-03-19,Actif
3222,3222,M,47,46-55,Abidjan,Partenaire,Nouveau,2022-11-08,Actif
3223,3223,M,32,26-35,Abidjan,Mobile Money,Régulier,2023-12-20,Actif
3224,3224,M,20,18-25,Abidjan,Boutique,Régulier,2024-11-19,Actif
3225,3225,F,48,46-55,Abidjan,Mobile Money,Occasionnel,2023-02-16,Actif
3226,3226,M,33,26-35,Korhogo,Site Web,Occasionnel,2022-09-22,Actif
3227,3227,M,18,18-25,Yamoussoukro,Réseaux sociaux,Occasionnel,2022-07-28,Inactif
3228,3228,F,41,36-45,Abidjan,Boutique,Nouveau,2022-01-13,Inactif
3229,3229,M,45,36-45,Abidjan,Boutique,Régulier,2022-11-08,Actif
3230,3230,F,18,18-25,Abidjan,Site Web,Régulier,2024-07-19,Actif
3231,3231,F,24,18-25,Abidjan,Mobile Money,Régulier,2022-10-06,Actif
3232,3232,F,32,26-35,Abidjan,Boutique,Nouveau,2024-11-11,Actif
3233,3233,F,42,36-45,Abidjan,Site Web,Fidèle,2024-11-09,Inactif
3234,3234,F,28,26-35,San-Pédro,Mobile Money,Nouveau,2024-01-17,Actif
3235,3235,F,24,18-25,San-Pédro,Site Web,Nouveau,2024-12-10,Actif
3236,3236,F,41,36-45,Daloa,Site Web,Régulier,2023-03-23,Actif
3237,3237,M,28,26-35,Bouaké,Mobile Money,VIP,2024-11-13,Actif
3238,3238,F,39,36-45,Yamoussoukro,Mobile Money,Fidèle,2023-08-19,Actif
3239,3239,F,21,18-25,Daloa,Boutique,Nouveau,2022-03-30,Actif
3240,3240,F,19,18-25,Korhogo,Site Web,Nouveau,2024-06-30,Actif
3241,3241,M,42,36-45,Daloa,Boutique,Régulier,2024-11-06,Inactif
3242,3242,M,36,36-45,Daloa,Boutique,Régulier,2024-08-27,Actif
3243,3243,M,44,36-45,San-Pédro,Mobile Money,Occasionnel,2023-04-02,Actif
3244,3244,F,28,26-35,Bouaké,Mobile Money,Nouveau,2022-04-23,Actif
3245,3245,F,25,18-25,Abidjan,Mobile Money,Occasionnel,2023-10-04,Actif
3246,3246,M,48,46-55,Abidjan,Mobile Money,Nouveau,2024-08-08,Actif
3247,3247,F,18,18-25,Abidjan,Mobile Money,Nouveau,2024-07-09,Actif
3248,3248,M,47,46-55,Abidjan,Mobile Money,Régulier,2023-11-07,Actif
3249,3249,M,48,46-55,Abidjan,Site Web,Nouveau,2024-05-11,Actif
3250,3250,F,43,36-45,Abidjan,Site Web,Régulier,2022-02-05,Actif
3251,3251,M,26,26-35,Abidjan,Mobile Money,Régulier,2023-11-14,Actif
3252,3252,M,25,18-25,Gagnoa,Boutique,Occasionnel,2022-04-29,Actif
3253,3253,F,31,26-35,Abidjan,Mobile Money,Occasionnel,2024-03-31,Actif
3254,3254,F,19,18-25,Abidjan,Boutique,Fidèle,2022-02-19,Actif
3255,3255,F,23,18-25,Abidjan,Partenaire,Occasionnel,2023-10-14,Actif
3256,3256,M,41,36-45,Abidjan,Boutique,Fidèle,2024-11-04,Actif
3257,3257,F,41,36-45,Yamoussoukro,Mobile Money,Occasionnel,2022-05-03,Actif
3258,3258,F,22,18-25,Bouaké,Boutique,Occasionnel,2023-04-13,Actif
3259,3259,M,41,36-45,Abidjan,Site Web,VIP,2022-02-14,Actif
3260,3260,F,38,36-45,Abidjan,Mobile Money,Nouveau,2024-02-23,Actif
3261,3261,F,50,46-55,Abidjan,Partenaire,Nouveau,2024-10-10,Actif
3262,3262,M,40,36-45,Yamoussoukro,Boutique,Fidèle,2022-01-02,Actif
3263,3263,F,45,36-45,Man,Mobile Money,Occasionnel,2023-08-21,Actif
3264,3264,F,39,36-45,Korhogo,Boutique,Nouveau,2024-05-18,Actif
3265,3265,F,44,36-45,Abidjan,Site Web,VIP,2022-01-28,Actif
3266,3266,F,19,18-25,Daloa,Boutique,Nouveau,2023-06-12,Actif
3267,3267,F,32,26-35,Daloa,Partenaire,Régulier,2022-05-22,Actif
3268,3268,M,33,26-35,Korhogo,Réseaux sociaux,Régulier,2024-10-08,Actif
3269,3269,M,31,26-35,Abidjan,Mobile Money,Régulier,2023-07-12,Actif
3270,3270,F,38,36-45,Abidjan,Mobile Money,Occasionnel,2023-07-25,Inactif
3271,3271,M,40,36-45,Abidjan,Mobile Money,Nouveau,2024-12-27,Actif
3272,3272,M,38,36-45,Abidjan,Site Web,Fidèle,2024-05-13,Actif
3273,3273,M,32,26-35,Yamoussoukro,Site Web,Régulier,2022-12-10,Actif
3274,3274,M,25,18-25,Abidjan,Mobile Money,Nouveau,2023-11-21,Actif
3275,3275,M,46,46-55,Abidjan,Partenaire,Nouveau,2022-11-22,Inactif
3276,3276,M,37,36-45,San-Pédro,Mobile Money,Occasionnel,2023-07-24,Actif
3277,3277,F,22,18-25,Abidjan,Réseaux sociaux,Nouveau,2024-06-08,Inactif
3278,3278,M,31,26-35,Abengourou,Réseaux sociaux,Fidèle,2024-11-04,Actif
3279,3279,F,18,18-25,Daloa,Mobile Money,Fidèle,2024-11-07,Actif
3280,3280,F,34,26-35,Korhogo,Mobile Money,Nouveau,2023-06-27,Actif
3281,3281,M,31,26-35,Daloa,Mobile Money,Fidèle,2024-09-07,Actif
3282,3282,F,27,26-35,Abidjan,Réseaux sociaux,Régulier,2024-09-04,Actif
3283,3283,F,51,46-55,Abidjan,Boutique,Régulier,2023-08-22,Inactif
3284,3284,F,21,18-25,Man,Réseaux sociaux,VIP,2022-02-09,Actif
3285,3285,F,41,36-45,Abidjan,Boutique,Nouveau,2022-05-11,Actif
3286,3286,M,58,56+,Abidjan,Boutique,Fidèle,2023-12-21,Actif
3287,3287,M,45,36-45,Bouaké,Réseaux sociaux,Nouveau,2024-06-28,Inactif
3288,3288,F,33,26-35,Abidjan,Boutique,Occasionnel,2024-09-25,Actif
3289,3289,F,21,18-25,Abidjan,Site Web,Occasionnel,2022-09-24,Actif
3290,3290,F,19,18-25,Abidjan,Boutique,Nouveau,2024-09-11,Actif
3291,3291,F,29,26-35,Abidjan,Mobile Money,Régulier,2024-06-24,Inactif
3292,3292,M,26,26-35,Yamoussoukro,Mobile Money,Occasionnel,2023-06-16,Inactif
3293,3293,M,26,26-35,Abidjan,Mobile Money,Occasionnel,2023-02-14,Actif
3294,3294,F,30,26-35,Abidjan,Site Web,Occasionnel,2023-06-01,Actif
3295,3295,F,32,26-35,Abidjan,Boutique,Nouveau,2024-01-10,Actif
3296,3296,M,39,36-45,Bouaké,Boutique,Nouveau,2024-06-06,Actif
3297,3297,M,20,18-25,Abidjan,Mobile Money,Nouveau,2022-07-07,Actif
3298,3298,F,26,26-35,Abidjan,Site Web,VIP,2023-01-02,Actif
3299,3299,F,32,26-35,San-Pédro,Réseaux sociaux,Régulier,2022-05-12,Actif
3300,3300,F,31,26-35,Abidjan,Site Web,Occasionnel,2024-10-23,Actif
3301,3301,M,54,46-55,Daloa,Partenaire,Régulier,2023-03-22,Actif
3302,3302,F,36,36-45,Abidjan,Mobile Money,Régulier,2022-10-02,Actif
3303,3303,F,18,18-25,Abidjan,Mobile Money,Nouveau,2022-08-11,Inactif
3304,3304,M,38,36-45,Abidjan,Boutique,Nouveau,2022-03-23,Inactif
3305,3305,M,40,36-45,Korhogo,Mobile Money,Occasionnel,2023-06-01,Actif
3306,3306,F,32,26-35,Abidjan,Site Web,Nouveau,2024-04-25,Actif
3307,3307,F,20,18-25,Abidjan,Site Web,Fidèle,2022-12-20,Inactif
3308,3308,F,53,46-55,Abidjan,Mobile Money,Nouveau,2023-03-20,Inactif
3309,3309,M,22,18-25,Abidjan,Réseaux sociaux,Occasionnel,2023-11-28,Actif
3310,3310,F,41,36-45,Daloa,Mobile Money,Occasionnel,2023-01-25,Actif
3311,3311,M,36,36-45,Abengourou,Site Web,Régulier,2024-03-20,Inactif
3312,3312,M,40,36-45,Abidjan,Boutique,VIP,2022-12-18,Actif
3313,3313,M,52,46-55,Abidjan,Site Web,Occasionnel,2023-05-04,Actif
3314,3314,M,40,36-45,Abidjan,Mobile Money,Nouveau,2024-12-09,Actif
3315,3315,F,27,26-35,Gagnoa,Partenaire,Régulier,2024-07-04,Inactif
3316,3316,F,46,46-55,Abidjan,Partenaire,Nouveau,2023-09-18,Actif
3317,3317,M,27,26-35,Abidjan,Boutique,Nouveau,2023-03-06,Actif
3318,3318,F,35,26-35,Gagnoa,Boutique,Régulier,2024-12-22,Actif
3319,3319,F,19,18-25,Gagnoa,Site Web,Nouveau,2023-05-22,Actif
3320,3320,F,22,18-25,Abidjan,Boutique,Nouveau,2023-01-12,Actif
3321,3321,F,34,26-35,Abidjan,Boutique,Occasionnel,2023-10-15,Actif
3322,3322,F,38,36-45,Yamoussoukro,Boutique,Occasionnel,2023-03-30,Actif
3323,3323,M,18,18-25,San-Pédro,Réseaux sociaux,Fidèle,2024-08-31,Inactif
3324,3324,M,39,36-45,Abidjan,Site Web,Nouveau,2022-08-20,Actif
3325,3325,M,24,18-25,Abidjan,Mobile Money,Occasionnel,2022-02-24,Actif
3326,3326,M,48,46-55,Abidjan,Réseaux sociaux,Régulier,2023-04-17,Actif
3327,3327,F,30,26-35,Abidjan,Mobile Money,Fidèle,2024-11-04,Actif
3328,3328,M,21,18-25,Abidjan,Mobile Money,Nouveau,2022-03-09,Actif
3329,3329,F,34,26-35,Daloa,Partenaire,Régulier,2024-06-03,Actif
3330,3330,F,23,18-25,Abidjan,Mobile Money,Régulier,2022-01-01,Actif
3331,3331,M,47,46-55,Abidjan,Mobile Money,Nouveau,2023-09-03,Actif
3332,3332,F,34,26-35,San-Pédro,Boutique,Nouveau,2023-05-12,Actif
3333,3333,F,32,26-35,Abidjan,Réseaux sociaux,Régulier,2022-06-24,Actif
3334,3334,F,40,36-45,Abidjan,Mobile Money,Nouveau,2024-03-27,Actif
3335,3335,F,22,18-25,Divo,Boutique,Nouveau,2022-07-11,Actif
3336,3336,F,19,18-25,Abidjan,Mobile Money,Occasionnel,2023-04-24,Actif
3337,3337,M,38,36-45,Korhogo,Boutique,Nouveau,2023-09-04,Inactif
3338,3338,M,21,18-25,Abidjan,Boutique,Nouveau,2023-07-22,Actif
3339,3339,F,21,18-25,Abidjan,Mobile Money,Occasionnel,2022-02-04,Inactif
3340,3340,M,43,36-45,Bouaké,Partenaire,Fidèle,2023-05-03,Inactif
3341,3341,F,39,36-45,Abidjan,Site Web,Régulier,2023-12-18,Inactif
3342,3342,M,20,18-25,Abidjan,Réseaux sociaux,Nouveau,2023-07-31,Inactif
3343,3343,F,27,26-35,Abidjan,Réseaux sociaux,Nouveau,2024-03-10,Actif
3344,3344,F,24,18-25,Bouaké,Partenaire,VIP,2024-04-29,Actif
3345,3345,F,53,46-55,Abidjan,Site Web,Régulier,2022-07-16,Actif
3346,3346,M,43,36-45,Daloa,Mobile Money,Régulier,2024-05-30,Actif
3347,3347,M,29,26-35,Bouaké,Réseaux sociaux,Nouveau,2024-09-06,Actif
3348,3348,M,40,36-45,Abidjan,Boutique,Nouveau,2024-07-06,Actif
3349,3349,M,19,18-25,Abidjan,Mobile Money,Nouveau,2024-07-21,Actif
3350,3350,F,26,26-35,Abidjan,Boutique,Fidèle,2022-08-21,Actif
3351,3351,F,35,26-35,Bouaké,Mobile Money,Fidèle,2023-12-15,Actif
3352,3352,F,38,36-45,Abidjan,Boutique,Nouveau,2023-05-17,Actif
3353,3353,F,32,26-35,Yamoussoukro,Site Web,Régulier,2024-12-13,Inactif
3354,3354,F,36,36-45,Abidjan,Boutique,Fidèle,2024-06-28,Actif
3355,3355,F,34,26-35,Abidjan,Mobile Money,Fidèle,2022-06-26,Actif
3356,3356,F,32,26-35,Daloa,Mobile Money,Occasionnel,2024-10-28,Actif
3357,3357,M,30,26-35,Abidjan,Réseaux sociaux,Nouveau,2024-02-03,Actif
3358,3358,F,29,26-35,Abidjan,Boutique,VIP,2023-08-18,Actif
3359,3359,M,36,36-45,Yamoussoukro,Boutique,Nouveau,2023-05-04,Actif
3360,3360,M,38,36-45,Yamoussoukro,Site Web,Nouveau,2023-06-24,Actif
3361,3361,F,36,36-45,Abidjan,Réseaux sociaux,Nouveau,2024-04-24,Inactif
3362,3362,F,21,18-25,Abidjan,Boutique,Occasionnel,2024-04-17,Actif
3363,3363,M,23,18-25,Abidjan,Site Web,Nouveau,2023-08-28,Actif
3364,3364,M,38,36-45,Bouaké,Mobile Money,Occasionnel,2024-12-21,Actif
3365,3365,F,50,46-55,Abidjan,Partenaire,Fidèle,2022-09-12,Actif
3366,3366,F,35,26-35,Bouaké,Boutique,Occasionnel,2023-04-12,Actif
3367,3367,M,29,26-35,Daloa,Site Web,VIP,2023-10-18,Actif
3368,3368,M,36,36-45,Divo,Mobile Money,Fidèle,2022-06-30,Actif
3369,3369,F,21,18-25,Abidjan,Site Web,Régulier,2023-07-01,Actif
3370,3370,F,48,46-55,Abidjan,Boutique,Régulier,2024-07-02,Actif
3371,3371,M,36,36-45,Abidjan,Boutique,Fidèle,2024-01-10,Actif
3372,3372,F,26,26-35,Abidjan,Site Web,Occasionnel,2024-02-17,Actif
3373,3373,M,32,26-35,Abidjan,Site Web,Nouveau,2022-06-27,Actif
3374,3374,F,28,26-35,Korhogo,Boutique,Fidèle,2022-06-08,Actif
3375,3375,F,48,46-55,Abidjan,Réseaux sociaux,Occasionnel,2023-04-29,Actif
3376,3376,F,31,26-35,Abidjan,Mobile Money,Fidèle,2022-12-21,Actif
3377,3377,F,35,26-35,Abidjan,Boutique,Occasionnel,2022-01-12,Actif
3378,3378,M,40,36-45,Abengourou,Mobile Money,Nouveau,2023-08-29,Actif
3379,3379,F,25,18-25,Abidjan,Mobile Money,Régulier,2024-04-05,Actif
3380,3380,M,36,36-45,Daloa,Réseaux sociaux,Régulier,2024-03-11,Actif
3381,3381,F,37,36-45,San-Pédro,Mobile Money,Occasionnel,2022-04-23,Actif
3382,3382,M,18,18-25,Abidjan,Réseaux sociaux,Fidèle,2024-05-04,Actif
3383,3383,M,36,36-45,Bouaké,Mobile Money,Occasionnel,2023-02-21,Actif
3384,3384,M,33,26-35,Abidjan,Site Web,Nouveau,2022-06-20,Actif
3385,3385,F,35,26-35,Abidjan,Mobile Money,Régulier,2023-06-01,Actif
3386,3386,M,34,26-35,Abidjan,Site Web,Nouveau,2022-08-26,Actif
3387,3387,M,36,36-45,Abidjan,Réseaux sociaux,Occasionnel,2024-01-07,Actif
3388,3388,M,48,46-55,Yamoussoukro,Boutique,Nouveau,2024-03-25,Inactif
3389,3389,F,21,18-25,San-Pédro,Boutique,Nouveau,2024-03-05,Inactif
3390,3390,F,30,26-35,Abidjan,Site Web,VIP,2022-05-08,Actif
3391,3391,F,41,36-45,Bouaké,Site Web,Nouveau,2023-01-17,Inactif
3392,3392,M,39,36-45,Abidjan,Mobile Money,Régulier,2023-06-30,Actif
3393,3393,M,39,36-45,Abidjan,Site Web,Régulier,2024-12-14,Actif
3394,3394,F,64,56+,Yamoussoukro,Site Web,Nouveau,2023-08-21,Actif
3395,3395,M,40,36-45,Abidjan,Site Web,Fidèle,2023-12-17,Inactif
3396,3396,M,46,46-55,Daloa,Mobile Money,Nouveau,2023-01-07,Actif
3397,3397,F,30,26-35,Abidjan,Boutique,Occasionnel,2022-11-20,Inactif
3398,3398,F,23,18-25,San-Pédro,Partenaire,Régulier,2024-05-21,Actif
3399,3399,M,30,26-35,Abidjan,Boutique,Régulier,2024-07-02,Inactif
3400,3400,M,41,36-45,Abidjan,Boutique,Nouveau,2022-03-02,Actif
3401,3401,F,38,36-45,Daloa,Partenaire,Fidèle,2023-08-13,Actif
3402,3402,M,38,36-45,Abidjan,Mobile Money,VIP,2024-05-01,Actif
3403,3403,M,31,26-35,Abidjan,Boutique,Occasionnel,2022-06-22,Actif
3404,3404,M,29,26-35,San-Pédro,Site Web,Régulier,2023-12-09,Actif
3405,3405,M,32,26-35,Abidjan,Site Web,Occasionnel,2023-06-03,Actif
3406,3406,M,41,36-45,Abidjan,Partenaire,Occasionnel,2023-07-10,Actif
3407,3407,F,43,36-45,Abidjan,Site Web,Occasionnel,2023-10-13,Actif
3408,3408,F,22,18-25,Bouaké,Mobile Money,Nouveau,2024-08-13,Actif
3409,3409,F,42,36-45,Bouaké,Boutique,Régulier,2022-04-06,Actif
3410,3410,F,26,26-35,San-Pédro,Mobile Money,Nouveau,2022-08-10,Actif
3411,3411,M,39,36-45,Abidjan,Partenaire,Nouveau,2023-01-13,Actif
3412,3412,F,31,26-35,Abidjan,Mobile Money,Occasionnel,2024-05-26,Actif
3413,3413,F,51,46-55,Abidjan,Boutique,Nouveau,2023-10-11,Actif
3414,3414,F,29,26-35,Abidjan,Boutique,Occasionnel,2022-07-25,Inactif
3415,3415,F,35,26-35,Daloa,Mobile Money,Occasionnel,2022-01-26,Inactif
3416,3416,F,40,36-45,Abidjan,Mobile Money,Nouveau,2024-12-20,Actif
3417,3417,M,24,18-25,Bouaké,Site Web,Nouveau,2022-05-31,Actif
3418,3418,M,33,26-35,Bouaké,Mobile Money,Nouveau,2022-02-05,Actif
3419,3419,F,31,26-35,Daloa,Partenaire,Occasionnel,2023-03-22,Inactif
3420,3420,M,28,26-35,Abidjan,Réseaux sociaux,Nouveau,2023-08-29,Inactif
3421,3421,M,29,26-35,Abidjan,Mobile Money,Régulier,2022-10-11,Inactif
3422,3422,F,46,46-55,Korhogo,Réseaux sociaux,Régulier,2022-07-03,Inactif
3423,3423,M,27,26-35,Bouaké,Mobile Money,Occasionnel,2022-04-05,Actif
3424,3424,F,40,36-45,Abidjan,Mobile Money,Nouveau,2023-03-23,Actif
3425,3425,F,37,36-45,Daloa,Mobile Money,Nouveau,2024-11-08,Actif
3426,3426,M,18,18-25,Korhogo,Réseaux sociaux,Nouveau,2022-06-12,Actif
3427,3427,F,39,36-45,Abidjan,Site Web,Nouveau,2023-09-20,Actif
3428,3428,M,18,18-25,Korhogo,Mobile Money,VIP,2022-08-01,Actif
3429,3429,M,40,36-45,Abidjan,Site Web,Nouveau,2024-01-08,Actif
3430,3430,M,28,26-35,Gagnoa,Site Web,Nouveau,2022-03-08,Inactif
3431,3431,M,34,26-35,Abidjan,Site Web,Fidèle,2022-08-11,Actif
3432,3432,M,19,18-25,Abidjan,Boutique,Fidèle,2022-01-09,Inactif
3433,3433,M,35,26-35,Abidjan,Réseaux sociaux,Occasionnel,2023-12-12,Inactif
3434,3434,F,44,36-45,San-Pédro,Site Web,Occasionnel,2024-02-27,Actif
3435,3435,F,25,18-25,Abengourou,Mobile Money,Nouveau,2022-07-07,Actif
3436,3436,M,27,26-35,Abidjan,Réseaux sociaux,Régulier,2023-05-12,Actif
3437,3437,F,39,36-45,Abidjan,Mobile Money,Occasionnel,2022-11-18,Inactif
3438,3438,F,39,36-45,Abidjan,Site Web,Occasionnel,2022-02-19,Actif
3439,3439,F,18,18-25,Abidjan,Site Web,Nouveau,2022-02-10,Actif
3440,3440,M,56,56+,Daloa,Mobile Money,Occasionnel,2024-10-25,Actif
3441,3441,F,39,36-45,Abidjan,Mobile Money,Régulier,2023-12-10,Inactif
3442,3442,F,41,36-45,Gagnoa,Site Web,Nouveau,2023-12-30,Actif
3443,3443,F,32,26-35,Man,Réseaux sociaux,Occasionnel,2022-11-20,Actif
3444,3444,F,18,18-25,Abidjan,Réseaux sociaux,Nouveau,2022-10-17,Actif
3445,3445,M,41,36-45,Abidjan,Site Web,Régulier,2024-05-20,Actif
3446,3446,F,27,26-35,Abengourou,Mobile Money,Nouveau,2023-04-26,Inactif
3447,3447,M,39,36-45,San-Pédro,Mobile Money,Fidèle,2022-04-22,Actif
3448,3448,M,31,26-35,Yamoussoukro,Site Web,Occasionnel,2023-06-20,Inactif
3449,3449,F,36,36-45,Abidjan,Boutique,Occasionnel,2023-07-26,Actif
3450,3450,M,25,18-25,Abidjan,Site Web,Occasionnel,2023-09-17,Actif
3451,3451,M,43,36-45,Daloa,Mobile Money,Occasionnel,2023-08-11,Actif
3452,3452,M,20,18-25,Abidjan,Mobile Money,Nouveau,2024-07-27,Actif
3453,3453,F,58,56+,Yamoussoukro,Site Web,Occasionnel,2022-09-25,Actif
3454,3454,F,58,56+,Daloa,Site Web,Nouveau,2023-10-08,Actif
3455,3455,M,51,46-55,Abidjan,Site Web,Nouveau,2024-08-30,Inactif
3456,3456,M,48,46-55,Abidjan,Mobile Money,Régulier,2024-12-07,Inactif
3457,3457,M,33,26-35,Abidjan,Réseaux sociaux,Nouveau,2024-11-22,Actif
3458,3458,M,46,46-55,Korhogo,Boutique,Fidèle,2024-03-06,Actif
3459,3459,F,32,26-35,Abidjan,Site Web,Fidèle,2022-04-27,Inactif
3460,3460,M,18,18-25,Abidjan,Site Web,Régulier,2024-12-18,Actif
3461,3461,F,50,46-55,Divo,Boutique,Nouveau,2022-02-05,Actif
3462,3462,M,46,46-55,Yamoussoukro,Site Web,Occasionnel,2023-08-27,Actif
3463,3463,F,33,26-35,Abidjan,Boutique,Fidèle,2023-05-05,Actif
3464,3464,F,20,18-25,San-Pédro,Boutique,Occasionnel,2024-01-13,Actif
3465,3465,M,27,26-35,Abidjan,Site Web,Nouveau,2024-05-07,Actif
3466,3466,M,18,18-25,Abengourou,Mobile Money,Nouveau,2024-03-18,Actif
3467,3467,M,44,36-45,San-Pédro,Réseaux sociaux,Occasionnel,2022-09-06,Actif
3468,3468,F,18,18-25,Abidjan,Mobile Money,Nouveau,2024-04-06,Actif
3469,3469,F,37,36-45,Abidjan,Mobile Money,Nouveau,2024-04-09,Actif
3470,3470,M,24,18-25,Abidjan,Site Web,Régulier,2022-01-27,Actif
3471,3471,F,18,18-25,Yamoussoukro,Mobile Money,Occasionnel,2023-11-29,Actif
3472,3472,F,36,36-45,Bouaké,Partenaire,Nouveau,2022-05-20,Actif
3473,3473,M,30,26-35,Abidjan,Boutique,Fidèle,2023-09-08,Actif
3474,3474,F,43,36-45,Gagnoa,Mobile Money,Nouveau,2022-09-07,Actif
3475,3475,M,20,18-25,Abidjan,Mobile Money,Nouveau,2023-01-28,Actif
3476,3476,F,25,18-25,Daloa,Mobile Money,Nouveau,2022-10-25,Actif
3477,3477,M,18,18-25,Yamoussoukro,Mobile Money,Nouveau,2024-08-02,Actif
3478,3478,M,18,18-25,Abidjan,Mobile Money,Occasionnel,2024-09-18,Actif
3479,3479,M,53,46-55,Abidjan,Mobile Money,Nouveau,2024-05-24,Actif
3480,3480,M,56,56+,Yamoussoukro,Mobile Money,Fidèle,2024-03-02,Actif
3481,3481,F,35,26-35,Bouaké,Boutique,Fidèle,2023-02-02,Actif
3482,3482,M,24,18-25,Abidjan,Mobile Money,Nouveau,2022-06-06,Actif
3483,3483,M,30,26-35,Daloa,Mobile Money,Régulier,2023-09-15,Inactif
3484,3484,M,43,36-45,Abidjan,Mobile Money,Occasionnel,2023-04-12,Actif
3485,3485,M,28,26-35,Abidjan,Mobile Money,Fidèle,2022-11-06,Actif
3486,3486,M,36,36-45,San-Pédro,Mobile Money,Nouveau,2022-09-24,Inactif
3487,3487,M,33,26-35,Abidjan,Mobile Money,Régulier,2022-06-26,Actif
3488,3488,M,27,26-35,Bouaké,Boutique,Nouveau,2024-06-27,Actif
3489,3489,F,28,26-35,Bouaké,Partenaire,Nouveau,2022-12-18,Inactif
3490,3490,F,37,36-45,Abidjan,Mobile Money,Fidèle,2024-10-01,Actif
3491,3491,M,23,18-25,Abidjan,Mobile Money,Nouveau,2024-01-04,Actif
3492,3492,F,38,36-45,Abidjan,Site Web,Occasionnel,2022-06-29,Actif
3493,3493,M,28,26-35,Abidjan,Boutique,Nouveau,2022-03-10,Inactif
3494,3494,M,35,26-35,Yamoussoukro,Mobile Money,Fidèle,2023-04-02,Actif
3495,3495,F,49,46-55,Abidjan,Site Web,Occasionnel,2022-03-31,Inactif
3496,3496,M,32,26-35,Gagnoa,Site Web,Nouveau,2024-11-09,Actif
3497,3497,M,44,36-45,Abidjan,Partenaire,Régulier,2024-09-20,Actif
3498,3498,M,18,18-25,Abidjan,Partenaire,Nouveau,2023-12-21,Actif
3499,3499,F,28,26-35,Man,Boutique,Nouveau,2022-11-17,Inactif
3500,3500,M,34,26-35,Abidjan,Site Web,Régulier,2024-08-08,Actif
3501,3501,F,55,46-55,Bouaké,Boutique,VIP,2023-12-10,Inactif
3502,3502,M,18,18-25,Yamoussoukro,Réseaux sociaux,Régulier,2023-01-27,Actif
3503,3503,F,32,26-35,Korhogo,Boutique,Nouveau,2024-08-21,Inactif
3504,3504,M,50,46-55,Abidjan,Mobile Money,Nouveau,2022-08-18,Actif
3505,3505,M,25,18-25,Abidjan,Mobile Money,Régulier,2023-09-14,Actif
3506,3506,M,31,26-35,Abengourou,Boutique,Nouveau,2024-01-27,Actif
3507,3507,F,37,36-45,Abidjan,Boutique,Régulier,2024-09-21,Actif
3508,3508,M,36,36-45,Yamoussoukro,Réseaux sociaux,Occasionnel,2022-05-31,Actif
3509,3509,M,51,46-55,Bouaké,Mobile Money,Fidèle,2022-11-11,Actif
3510,3510,F,38,36-45,Bouaké,Réseaux sociaux,Occasionnel,2024-07-08,Inactif
3511,3511,M,48,46-55,Daloa,Mobile Money,Fidèle,2023-07-02,Actif
3512,3512,M,30,26-35,Abengourou,Boutique,Occasionnel,2024-04-06,Actif
3513,3513,M,25,18-25,Abidjan,Boutique,Régulier,2024-04-27,Actif
3514,3514,M,31,26-35,Bouaké,Mobile Money,Nouveau,2022-11-30,Actif
3515,3515,M,21,18-25,Yamoussoukro,Boutique,Occasionnel,2022-12-29,Actif
3516,3516,M,39,36-45,Abidjan,Mobile Money,Nouveau,2023-07-01,Inactif
3517,3517,M,29,26-35,Korhogo,Mobile Money,Nouveau,2022-01-31,Actif
3518,3518,F,26,26-35,Abidjan,Réseaux sociaux,Occasionnel,2024-05-25,Actif
3519,3519,M,39,36-45,Abidjan,Mobile Money,Nouveau,2022-05-07,Actif
3520,3520,M,21,18-25,San-Pédro,Site Web,VIP,2024-10-20,Actif
3521,3521,M,42,36-45,Divo,Site Web,Régulier,2024-05-02,Actif
3522,3522,M,28,26-35,Abidjan,Mobile Money,Régulier,2023-01-21,Inactif
3523,3523,F,46,46-55,Daloa,Réseaux sociaux,Occasionnel,2022-03-21,Actif
3524,3524,F,29,26-35,Abidjan,Site Web,Nouveau,2024-05-15,Actif
3525,3525,F,40,36-45,Abidjan,Site Web,Nouveau,2023-05-07,Actif
3526,3526,F,35,26-35,Abidjan,Réseaux sociaux,Nouveau,2022-08-01,Inactif
3527,3527,F,42,36-45,San-Pédro,Boutique,Occasionnel,2023-04-16,Actif
3528,3528,F,35,26-35,Abidjan,Partenaire,Régulier,2024-09-16,Actif
3529,3529,M,18,18-25,Abidjan,Mobile Money,Nouveau,2024-01-24,Actif
3530,3530,F,45,36-45,Daloa,Mobile Money,Nouveau,2024-01-22,Actif
3531,3531,F,33,26-35,Abidjan,Site Web,Nouveau,2023-07-18,Actif
3532,3532,F,42,36-45,Abidjan,Mobile Money,Occasionnel,2022-06-17,Actif
3533,3533,F,41,36-45,Abidjan,Site Web,Nouveau,2024-11-05,Actif
3534,3534,F,25,18-25,Daloa,Boutique,Occasionnel,2024-03-21,Actif
3535,3535,M,23,18-25,Bouaké,Mobile Money,Nouveau,2023-07-19,Inactif
3536,3536,M,41,36-45,Daloa,Réseaux sociaux,Nouveau,2024-03-03,Actif
3537,3537,F,30,26-35,Abidjan,Mobile Money,Régulier,2023-02-02,Actif
3538,3538,M,44,36-45,Abidjan,Mobile Money,VIP,2024-03-23,Actif
3539,3539,F,32,26-35,Daloa,Site Web,Nouveau,2024-11-25,Actif
3540,3540,F,45,36-45,Abidjan,Site Web,Nouveau,2023-01-13,Actif
3541,3541,M,38,36-45,Abidjan,Réseaux sociaux,Nouveau,2022-01-10,Actif
3542,3542,M,37,36-45,Abidjan,Mobile Money,Régulier,2024-03-21,Actif
3543,3543,M,29,26-35,Abidjan,Réseaux sociaux,Occasionnel,2024-07-22,Actif
3544,3544,F,36,36-45,Abidjan,Site Web,Occasionnel,2024-06-24,Actif
3545,3545,F,47,46-55,Divo,Réseaux sociaux,Occasionnel,2024-12-03,Actif
3546,3546,F,33,26-35,Abidjan,Mobile Money,Fidèle,2023-01-16,Actif
3547,3547,F,39,36-45,Bouaké,Boutique,Nouveau,2024-10-02,Actif
3548,3548,M,34,26-35,Abidjan,Boutique,Nouveau,2022-08-16,Actif
3549,3549,F,35,26-35,Bouaké,Boutique,Occasionnel,2023-10-05,Actif
3550,3550,M,52,46-55,Bouaké,Mobile Money,Occasionnel,2024-08-30,Actif
3551,3551,M,47,46-55,Man,Boutique,Nouveau,2024-09-29,Inactif
3552,3552,M,34,26-35,Abidjan,Site Web,Fidèle,2023-11-11,Actif
3553,3553,F,36,36-45,Daloa,Boutique,Régulier,2023-08-21,Actif
3554,3554,F,26,26-35,Abidjan,Boutique,Fidèle,2023-05-20,Inactif
3555,3555,F,32,26-35,Bouaké,Mobile Money,Fidèle,2024-08-07,Actif
3556,3556,M,37,36-45,Man,Réseaux sociaux,Occasionnel,2024-08-21,Actif
3557,3557,F,43,36-45,Bouaké,Boutique,Fidèle,2022-09-20,Inactif
3558,3558,M,42,36-45,Yamoussoukro,Boutique,Régulier,2022-05-29,Actif
3559,3559,M,21,18-25,Korhogo,Partenaire,Occasionnel,2024-06-10,Actif
3560,3560,F,44,36-45,Man,Site Web,Régulier,2024-06-06,Actif
3561,3561,M,33,26-35,Abidjan,Mobile Money,VIP,2022-04-20,Actif
3562,3562,F,23,18-25,Abidjan,Site Web,Régulier,2023-06-22,Actif
3563,3563,M,48,46-55,Bouaké,Partenaire,Régulier,2023-07-09,Actif
3564,3564,F,50,46-55,Abengourou,Mobile Money,Nouveau,2022-02-16,Actif
3565,3565,M,36,36-45,Abidjan,Site Web,Fidèle,2023-12-29,Actif
3566,3566,M,41,36-45,Abidjan,Mobile Money,Occasionnel,2024-12-01,Inactif
3567,3567,M,42,36-45,Abidjan,Réseaux sociaux,Régulier,2022-08-20,Inactif
3568,3568,F,49,46-55,Abidjan,Site Web,Régulier,2024-05-01,Actif
3569,3569,M,42,36-45,Abidjan,Partenaire,Occasionnel,2022-03-30,Actif
3570,3570,F,19,18-25,Abidjan,Site Web,Nouveau,2022-08-24,Actif
3571,3571,M,56,56+,Abidjan,Mobile Money,Régulier,2023-09-11,Inactif
3572,3572,F,45,36-45,Yamoussoukro,Boutique,Nouveau,2024-10-08,Inactif
3573,3573,F,28,26-35,Abidjan,Réseaux sociaux,Nouveau,2024-08-27,Actif
3574,3574,F,22,18-25,Abidjan,Mobile Money,Nouveau,2024-10-21,Actif
3575,3575,F,39,36-45,Abidjan,Mobile Money,Régulier,2024-12-17,Actif
3576,3576,F,30,26-35,Abidjan,Site Web,Nouveau,2024-05-26,Actif
3577,3577,M,37,36-45,Abidjan,Boutique,Nouveau,2023-02-02,Actif
3578,3578,F,42,36-45,Abidjan,Mobile Money,Fidèle,2022-05-20,Actif
3579,3579,M,27,26-35,Abidjan,Mobile Money,Occasionnel,2024-06-19,Actif
3580,3580,F,21,18-25,Yamoussoukro,Mobile Money,Fidèle,2022-07-24,Actif
3581,3581,M,38,36-45,Abidjan,Site Web,Occasionnel,2023-07-25,Actif
3582,3582,M,28,26-35,Abidjan,Boutique,Nouveau,2024-04-05,Inactif
3583,3583,F,35,26-35,Abidjan,Boutique,Régulier,2022-02-07,Actif
3584,3584,M,19,18-25,Abidjan,Réseaux sociaux,Occasionnel,2024-09-27,Inactif
3585,3585,M,31,26-35,Abidjan,Mobile Money,VIP,2022-11-29,Actif
3586,3586,M,41,36-45,Abidjan,Site Web,Nouveau,2022-08-24,Actif
3587,3587,F,40,36-45,Abidjan,Boutique,Fidèle,2023-02-12,Actif
3588,3588,F,25,18-25,Abidjan,Boutique,Occasionnel,2023-05-20,Actif
3589,3589,M,21,18-25,Korhogo,Boutique,Fidèle,2023-05-13,Inactif
3590,3590,F,34,26-35,Abidjan,Site Web,Nouveau,2022-06-19,Actif
3591,3591,M,40,36-45,Abidjan,Partenaire,Régulier,2022-07-27,Inactif
3592,3592,F,38,36-45,Abidjan,Mobile Money,Nouveau,2023-06-08,Actif
3593,3593,M,28,26-35,Abidjan,Mobile Money,Régulier,2022-09-05,Actif
3594,3594,F,37,36-45,Daloa,Boutique,Nouveau,2023-12-05,Actif
3595,3595,F,50,46-55,Abidjan,Boutique,Occasionnel,2024-09-11,Actif
3596,3596,M,36,36-45,Abidjan,Mobile Money,Régulier,2022-01-21,Actif
3597,3597,M,18,18-25,Divo,Réseaux sociaux,Occasionnel,2022-02-09,Actif
3598,3598,M,36,36-45,Abidjan,Site Web,Régulier,2023-12-06,Actif
3599,3599,M,56,56+,Abidjan,Boutique,Régulier,2022-02-01,Inactif
3600,3600,F,19,18-25,Bouaké,Boutique,Nouveau,2023-12-02,Actif
3601,3601,F,34,26-35,Gagnoa,Mobile Money,Régulier,2023-06-21,Inactif
3602,3602,F,31,26-35,Abidjan,Boutique,Occasionnel,2023-05-14,Actif
3603,3603,F,35,26-35,Bouaké,Boutique,Occasionnel,2023-10-27,Actif
3604,3604,F,36,36-45,Abidjan,Réseaux sociaux,Nouveau,2024-09-07,Inactif
3605,3605,M,46,46-55,Bouaké,Boutique,Occasionnel,2022-05-20,Actif
3606,3606,F,34,26-35,Abidjan,Mobile Money,Régulier,2022-05-28,Actif
3607,3607,F,48,46-55,Bouaké,Mobile Money,Fidèle,2024-02-02,Inactif
3608,3608,F,32,26-35,Abidjan,Mobile Money,Fidèle,2022-02-26,Inactif
3609,3609,F,30,26-35,Abidjan,Partenaire,Régulier,2023-04-15,Actif
3610,3610,F,26,26-35,Abidjan,Site Web,Nouveau,2023-06-27,Inactif
3611,3611,M,18,18-25,Yamoussoukro,Réseaux sociaux,Occasionnel,2023-03-05,Actif
3612,3612,F,37,36-45,Daloa,Réseaux sociaux,Nouveau,2023-08-07,Actif
3613,3613,M,56,56+,San-Pédro,Mobile Money,Régulier,2022-05-05,Actif
3614,3614,M,39,36-45,Abengourou,Site Web,Nouveau,2022-10-20,Actif
3615,3615,M,41,36-45,Abidjan,Site Web,VIP,2022-01-06,Actif
3616,3616,M,29,26-35,Yamoussoukro,Mobile Money,Nouveau,2024-11-18,Actif
3617,3617,F,31,26-35,Abidjan,Boutique,Nouveau,2024-06-30,Actif
3618,3618,F,44,36-45,Korhogo,Site Web,Fidèle,2022-10-05,Inactif
3619,3619,F,56,56+,Bouaké,Réseaux sociaux,Nouveau,2022-02-09,Inactif
3620,3620,M,50,46-55,Abidjan,Mobile Money,Nouveau,2022-10-23,Inactif
3621,3621,M,42,36-45,Abidjan,Réseaux sociaux,Occasionnel,2024-11-12,Actif
3622,3622,F,34,26-35,Daloa,Partenaire,VIP,2024-06-07,Inactif
3623,3623,F,36,36-45,San-Pédro,Partenaire,Nouveau,2023-12-23,Actif
3624,3624,M,25,18-25,San-Pédro,Mobile Money,Occasionnel,2024-10-07,Actif
3625,3625,M,18,18-25,Abidjan,Mobile Money,Nouveau,2022-07-13,Actif
3626,3626,M,21,18-25,Abidjan,Site Web,Occasionnel,2023-08-11,Actif
3627,3627,M,34,26-35,Divo,Mobile Money,Nouveau,2024-05-19,Actif
3628,3628,M,30,26-35,Bouaké,Mobile Money,Occasionnel,2022-01-21,Actif
3629,3629,M,18,18-25,Abidjan,Site Web,Occasionnel,2023-04-22,Inactif
3630,3630,F,33,26-35,Bouaké,Mobile Money,Fidèle,2023-01-25,Actif
3631,3631,F,30,26-35,Bouaké,Boutique,Régulier,2022-07-13,Actif
3632,3632,M,21,18-25,Yamoussoukro,Partenaire,Régulier,2022-09-03,Actif
3633,3633,M,29,26-35,Bouaké,Boutique,Occasionnel,2024-11-26,Actif
3634,3634,F,30,26-35,Korhogo,Réseaux sociaux,Nouveau,2023-07-14,Inactif
3635,3635,M,27,26-35,San-Pédro,Boutique,Nouveau,2022-03-31,Actif
3636,3636,F,44,36-45,Abidjan,Boutique,Occasionnel,2024-01-18,Actif
3637,3637,M,18,18-25,Abidjan,Mobile Money,Nouveau,2023-10-10,Actif
3638,3638,F,18,18-25,Bouaké,Boutique,Nouveau,2023-03-06,Actif
3639,3639,M,34,26-35,Bouaké,Mobile Money,Occasionnel,2023-03-11,Actif
3640,3640,M,35,26-35,Abidjan,Réseaux sociaux,Nouveau,2023-08-12,Actif
3641,3641,F,38,36-45,Korhogo,Réseaux sociaux,Nouveau,2024-10-14,Actif
3642,3642,F,28,26-35,Abidjan,Mobile Money,Occasionnel,2024-04-12,Actif
3643,3643,M,23,18-25,Abidjan,Mobile Money,Régulier,2023-03-15,Inactif
3644,3644,F,33,26-35,Korhogo,Site Web,Nouveau,2022-09-27,Actif
3645,3645,F,29,26-35,Man,Boutique,Régulier,2022-04-30,Actif
3646,3646,M,51,46-55,Abidjan,Mobile Money,Nouveau,2022-08-03,Actif
3647,3647,F,30,26-35,Abidjan,Mobile Money,VIP,2022-05-31,Actif
3648,3648,F,33,26-35,Abidjan,Mobile Money,Occasionnel,2024-06-01,Actif
3649,3649,F,61,56+,Abidjan,Boutique,Occasionnel,2023-09-23,Actif
3650,3650,M,31,26-35,Abidjan,Mobile Money,Régulier,2022-02-10,Actif
3651,3651,F,40,36-45,Abidjan,Site Web,Occasionnel,2024-10-11,Actif
3652,3652,F,41,36-45,Abidjan,Mobile Money,Occasionnel,2022-06-14,Actif
3653,3653,F,42,36-45,Yamoussoukro,Boutique,Occasionnel,2023-12-08,Actif
3654,3654,F,37,36-45,Bouaké,Boutique,VIP,2022-01-14,Actif
3655,3655,F,36,36-45,Yamoussoukro,Mobile Money,Fidèle,2023-10-07,Actif
3656,3656,F,35,26-35,Abidjan,Réseaux sociaux,Occasionnel,2023-09-01,Inactif
3657,3657,F,27,26-35,Abidjan,Site Web,Fidèle,2024-09-22,Actif
3658,3658,F,37,36-45,Abidjan,Réseaux sociaux,Nouveau,2023-10-20,Actif
3659,3659,M,56,56+,Divo,Boutique,Occasionnel,2023-06-20,Actif
3660,3660,F,47,46-55,Abidjan,Boutique,Occasionnel,2023-08-05,Actif
3661,3661,F,37,36-45,Bouaké,Mobile Money,Nouveau,2023-11-25,Inactif
3662,3662,M,43,36-45,Abidjan,Boutique,Fidèle,2023-03-30,Actif
3663,3663,M,24,18-25,Korhogo,Boutique,Fidèle,2024-02-21,Actif
3664,3664,M,31,26-35,Abidjan,Boutique,Fidèle,2023-08-03,Actif
3665,3665,F,44,36-45,Abidjan,Mobile Money,Régulier,2024-11-27,Actif
3666,3666,F,50,46-55,San-Pédro,Mobile Money,Occasionnel,2022-08-01,Inactif
3667,3667,F,25,18-25,Abidjan,Mobile Money,Régulier,2024-03-09,Inactif
3668,3668,F,28,26-35,Bouaké,Mobile Money,Nouveau,2024-06-23,Actif
3669,3669,F,57,56+,Abidjan,Boutique,Fidèle,2024-02-26,Actif
3670,3670,M,35,26-35,Abengourou,Partenaire,Nouveau,2024-12-09,Actif
3671,3671,F,54,46-55,Yamoussoukro,Mobile Money,Régulier,2023-04-21,Actif
3672,3672,M,36,36-45,Abidjan,Mobile Money,Régulier,2023-08-15,Actif
3673,3673,F,36,36-45,San-Pédro,Mobile Money,Nouveau,2022-06-18,Inactif
3674,3674,F,30,26-35,Yamoussoukro,Mobile Money,Nouveau,2023-02-14,Actif
3675,3675,M,44,36-45,Bouaké,Site Web,Occasionnel,2022-06-24,Actif
3676,3676,M,48,46-55,Abidjan,Mobile Money,Nouveau,2024-05-17,Actif
3677,3677,F,22,18-25,Abidjan,Partenaire,Fidèle,2024-05-06,Actif
3678,3678,M,30,26-35,Bouaké,Réseaux sociaux,Nouveau,2022-07-31,Inactif
3679,3679,F,44,36-45,Abidjan,Boutique,Occasionnel,2024-05-29,Actif
3680,3680,F,32,26-35,Korhogo,Partenaire,Nouveau,2022-12-18,Inactif
3681,3681,M,28,26-35,Abidjan,Site Web,Nouveau,2024-03-10,Actif
3682,3682,F,45,36-45,Bouaké,Partenaire,Nouveau,2024-10-26,Actif
3683,3683,F,46,46-55,Abidjan,Mobile Money,Fidèle,2024-06-27,Actif
3684,3684,F,29,26-35,Bouaké,Partenaire,Régulier,2022-07-23,Actif
3685,3685,F,36,36-45,Abidjan,Mobile Money,Fidèle,2022-07-17,Actif
3686,3686,F,20,18-25,Abidjan,Boutique,Occasionnel,2022-05-03,Actif
3687,3687,F,24,18-25,Abidjan,Partenaire,Nouveau,2024-07-10,Actif
3688,3688,M,35,26-35,Bouaké,Boutique,Nouveau,2023-08-22,Actif
3689,3689,M,34,26-35,Abidjan,Mobile Money,Occasionnel,2022-06-20,Actif
3690,3690,F,23,18-25,Daloa,Mobile Money,Nouveau,2023-10-06,Actif
3691,3691,F,26,26-35,Abidjan,Mobile Money,Nouveau,2023-08-04,Actif
3692,3692,M,22,18-25,Bouaké,Boutique,Régulier,2023-10-16,Actif
3693,3693,F,39,36-45,Bouaké,Boutique,Nouveau,2023-11-27,Inactif
3694,3694,M,18,18-25,Abidjan,Boutique,Occasionnel,2022-06-30,Actif
3695,3695,M,22,18-25,Abidjan,Réseaux sociaux,Occasionnel,2023-03-01,Actif
3696,3696,F,18,18-25,Abidjan,Mobile Money,Régulier,2024-02-29,Actif
3697,3697,F,38,36-45,Bouaké,Réseaux sociaux,Occasionnel,2024-09-22,Actif
3698,3698,F,18,18-25,Gagnoa,Boutique,Régulier,2022-09-23,Inactif
3699,3699,F,34,26-35,Abidjan,Site Web,Occasionnel,2023-09-18,Actif
3700,3700,F,52,46-55,Yamoussoukro,Site Web,Nouveau,2024-11-04,Inactif
3701,3701,M,52,46-55,Yamoussoukro,Réseaux sociaux,Nouveau,2023-10-21,Actif
3702,3702,F,18,18-25,Yamoussoukro,Mobile Money,Nouveau,2022-09-07,Actif
3703,3703,M,37,36-45,Abidjan,Boutique,Occasionnel,2023-10-02,Actif
3704,3704,M,23,18-25,Gagnoa,Réseaux sociaux,Régulier,2022-01-19,Actif
3705,3705,F,20,18-25,Abidjan,Site Web,Régulier,2023-06-20,Inactif
3706,3706,F,32,26-35,San-Pédro,Mobile Money,Nouveau,2023-09-14,Actif
3707,3707,F,47,46-55,Abidjan,Site Web,Nouveau,2022-03-03,Actif
3708,3708,M,40,36-45,San-Pédro,Site Web,Nouveau,2022-08-11,Actif
3709,3709,F,26,26-35,Abengourou,Mobile Money,VIP,2024-12-18,Actif
3710,3710,M,41,36-45,Man,Site Web,Nouveau,2023-11-20,Inactif
3711,3711,M,18,18-25,Abidjan,Réseaux sociaux,Occasionnel,2023-05-18,Actif
3712,3712,M,25,18-25,San-Pédro,Boutique,Nouveau,2022-09-08,Inactif
3713,3713,M,24,18-25,Abidjan,Mobile Money,Régulier,2022-05-16,Actif
3714,3714,M,34,26-35,Yamoussoukro,Boutique,Occasionnel,2023-04-14,Inactif
3715,3715,M,31,26-35,Abidjan,Boutique,Nouveau,2023-08-21,Actif
3716,3716,M,32,26-35,Yamoussoukro,Boutique,Occasionnel,2022-07-16,Inactif
3717,3717,M,32,26-35,Abidjan,Site Web,Régulier,2024-05-26,Actif
3718,3718,M,34,26-35,Abidjan,Boutique,Occasionnel,2023-04-15,Actif
3719,3719,M,39,36-45,Abidjan,Réseaux sociaux,VIP,2022-03-03,Actif
3720,3720,F,35,26-35,Abidjan,Site Web,Fidèle,2022-05-30,Inactif
3721,3721,M,30,26-35,Abidjan,Réseaux sociaux,Occasionnel,2024-08-01,Inactif
3722,3722,F,38,36-45,San-Pédro,Boutique,Fidèle,2023-01-06,Actif
3723,3723,M,43,36-45,Daloa,Mobile Money,Régulier,2023-02-13,Actif
3724,3724,F,27,26-35,Daloa,Site Web,Occasionnel,2022-08-06,Actif
3725,3725,M,33,26-35,San-Pédro,Mobile Money,Régulier,2024-06-03,Actif
3726,3726,M,46,46-55,Abidjan,Boutique,Occasionnel,2024-06-12,Actif
3727,3727,M,21,18-25,Abidjan,Mobile Money,Occasionnel,2022-09-23,Actif
3728,3728,F,53,46-55,Abidjan,Boutique,Occasionnel,2024-03-09,Actif
3729,3729,M,19,18-25,Abidjan,Site Web,Régulier,2023-05-11,Actif
3730,3730,M,30,26-35,Bouaké,Boutique,Fidèle,2022-07-02,Actif
3731,3731,M,23,18-25,Yamoussoukro,Boutique,Nouveau,2024-05-21,Actif
3732,3732,M,58,56+,Bouaké,Mobile Money,Régulier,2022-04-01,Actif
3733,3733,M,28,26-35,Daloa,Mobile Money,Régulier,2024-08-15,Actif
3734,3734,M,28,26-35,Abidjan,Boutique,Fidèle,2022-01-29,Actif
3735,3735,F,29,26-35,Daloa,Réseaux sociaux,Occasionnel,2022-12-20,Actif
3736,3736,M,35,26-35,Abidjan,Réseaux sociaux,Nouveau,2022-09-06,Actif
3737,3737,F,30,26-35,Korhogo,Partenaire,Nouveau,2022-09-15,Inactif
3738,3738,M,32,26-35,Abidjan,Mobile Money,Nouveau,2023-06-10,Actif
3739,3739,M,18,18-25,Abidjan,Mobile Money,Nouveau,2024-04-03,Inactif
3740,3740,F,34,26-35,Abidjan,Boutique,Nouveau,2023-03-14,Actif
3741,3741,F,34,26-35,Abidjan,Site Web,Nouveau,2023-07-19,Actif
3742,3742,F,45,36-45,Abidjan,Site Web,Fidèle,2024-11-29,Actif
3743,3743,M,48,46-55,Abidjan,Site Web,Occasionnel,2023-06-30,Inactif
3744,3744,F,31,26-35,Bouaké,Boutique,Occasionnel,2024-05-17,Actif
3745,3745,F,42,36-45,Man,Boutique,Régulier,2023-02-26,Actif
3746,3746,M,21,18-25,Abidjan,Partenaire,Nouveau,2022-03-27,Actif
3747,3747,F,42,36-45,Abidjan,Mobile Money,Régulier,2022-10-08,Actif
3748,3748,M,27,26-35,Korhogo,Réseaux sociaux,Fidèle,2022-06-24,Actif
3749,3749,F,20,18-25,Abidjan,Site Web,Occasionnel,2024-09-20,Actif
3750,3750,F,31,26-35,San-Pédro,Mobile Money,Occasionnel,2022-01-30,Actif
3751,3751,F,49,46-55,Abidjan,Partenaire,Nouveau,2024-06-19,Actif
3752,3752,F,35,26-35,Abidjan,Réseaux sociaux,Occasionnel,2022-06-01,Actif
3753,3753,F,50,46-55,Abidjan,Site Web,Occasionnel,2022-06-14,Inactif
3754,3754,M,25,18-25,Abidjan,Mobile Money,Nouveau,2023-08-03,Inactif
3755,3755,F,45,36-45,Bouaké,Mobile Money,Occasionnel,2022-03-30,Actif
3756,3756,F,26,26-35,San-Pédro,Site Web,Occasionnel,2022-03-26,Actif
3757,3757,F,36,36-45,Abidjan,Mobile Money,Nouveau,2024-04-29,Actif
3758,3758,F,36,36-45,Man,Mobile Money,Nouveau,2022-03-07,Actif
3759,3759,M,41,36-45,Abidjan,Boutique,Occasionnel,2023-10-16,Actif
3760,3760,F,36,36-45,Abidjan,Mobile Money,Nouveau,2022-05-10,Actif
3761,3761,M,25,18-25,Korhogo,Site Web,Régulier,2022-04-04,Actif
3762,3762,F,43,36-45,Korhogo,Boutique,Fidèle,2024-01-04,Actif
3763,3763,F,53,46-55,Abidjan,Mobile Money,Régulier,2023-03-06,Actif
3764,3764,F,27,26-35,Abidjan,Boutique,Nouveau,2022-01-22,Inactif
3765,3765,F,18,18-25,Abidjan,Mobile Money,Occasionnel,2024-01-17,Inactif
3766,3766,M,39,36-45,Abidjan,Mobile Money,Régulier,2024-11-27,Actif
3767,3767,F,30,26-35,Daloa,Boutique,Régulier,2023-09-07,Actif
3768,3768,F,32,26-35,Abidjan,Boutique,VIP,2023-02-21,Actif
3769,3769,M,40,36-45,Yamoussoukro,Mobile Money,Occasionnel,2024-07-12,Actif
3770,3770,M,28,26-35,Abidjan,Site Web,Nouveau,2023-01-04,Inactif
3771,3771,M,31,26-35,Abidjan,Boutique,Occasionnel,2023-11-03,Actif
3772,3772,M,32,26-35,Abidjan,Boutique,Fidèle,2023-06-04,Actif
3773,3773,M,50,46-55,Abidjan,Boutique,Régulier,2024-03-06,Actif
3774,3774,M,34,26-35,Bouaké,Site Web,Fidèle,2023-07-22,Actif
3775,3775,M,20,18-25,Abengourou,Boutique,Régulier,2023-06-12,Actif
3776,3776,F,20,18-25,Korhogo,Mobile Money,VIP,2023-04-05,Actif
3777,3777,M,35,26-35,Yamoussoukro,Site Web,Occasionnel,2022-11-20,Actif
3778,3778,F,21,18-25,Abidjan,Site Web,Fidèle,2023-06-17,Actif
3779,3779,M,18,18-25,Man,Mobile Money,Fidèle,2022-03-08,Actif
3780,3780,M,40,36-45,Korhogo,Site Web,Fidèle,2023-01-08,Actif
3781,3781,F,41,36-45,Korhogo,Site Web,Fidèle,2022-03-25,Actif
3782,3782,M,29,26-35,Abidjan,Mobile Money,Occasionnel,2022-12-19,Actif
3783,3783,M,37,36-45,Abidjan,Réseaux sociaux,Régulier,2023-01-21,Actif
3784,3784,F,36,36-45,Daloa,Boutique,Occasionnel,2022-01-30,Actif
3785,3785,M,40,36-45,Abidjan,Site Web,Régulier,2022-11-21,Actif
3786,3786,M,40,36-45,Abidjan,Réseaux sociaux,Régulier,2024-01-06,Actif
3787,3787,M,18,18-25,Abidjan,Partenaire,Régulier,2024-11-28,Actif
3788,3788,F,31,26-35,Bouaké,Boutique,Occasionnel,2023-11-07,Actif
3789,3789,F,39,36-45,Abidjan,Site Web,Régulier,2024-02-19,Inactif
3790,3790,M,29,26-35,Yamoussoukro,Mobile Money,Fidèle,2024-01-03,Actif
3791,3791,F,34,26-35,Bouaké,Mobile Money,Régulier,2024-10-31,Actif
3792,3792,F,42,36-45,Abidjan,Réseaux sociaux,Occasionnel,2024-10-27,Actif
3793,3793,F,34,26-35,Abidjan,Boutique,Fidèle,2022-05-06,Inactif
3794,3794,F,50,46-55,Man,Réseaux sociaux,Régulier,2023-06-03,Actif
3795,3795,M,46,46-55,Abidjan,Mobile Money,Occasionnel,2024-09-21,Actif
3796,3796,M,32,26-35,Abidjan,Mobile Money,Occasionnel,2024-08-23,Actif
3797,3797,M,31,26-35,Abidjan,Mobile Money,Régulier,2023-08-09,Inactif
3798,3798,M,18,18-25,Abidjan,Boutique,Régulier,2023-05-02,Actif
3799,3799,F,30,26-35,Yamoussoukro,Mobile Money,Nouveau,2022-03-05,Actif
3800,3800,F,19,18-25,Abidjan,Boutique,Nouveau,2023-06-07,Actif
3801,3801,F,36,36-45,Korhogo,Partenaire,Fidèle,2023-07-09,Actif
3802,3802,F,35,26-35,Abidjan,Site Web,Fidèle,2023-11-25,Actif
3803,3803,F,41,36-45,Abengourou,Site Web,Occasionnel,2023-07-26,Actif
3804,3804,F,49,46-55,Bouaké,Mobile Money,Fidèle,2022-08-25,Actif
3805,3805,F,33,26-35,Abidjan,Boutique,Occasionnel,2024-11-26,Inactif
3806,3806,F,59,56+,Bouaké,Site Web,Nouveau,2022-08-27,Actif
3807,3807,M,36,36-45,Abidjan,Mobile Money,Régulier,2023-02-23,Actif
3808,3808,M,19,18-25,Divo,Boutique,Nouveau,2023-07-13,Actif
3809,3809,M,27,26-35,Daloa,Partenaire,Nouveau,2022-11-18,Actif
3810,3810,M,29,26-35,Abidjan,Mobile Money,Fidèle,2022-03-17,Inactif
3811,3811,M,40,36-45,Abidjan,Réseaux sociaux,Occasionnel,2023-11-01,Actif
3812,3812,F,23,18-25,Abengourou,Mobile Money,Nouveau,2022-09-17,Actif
3813,3813,M,30,26-35,Yamoussoukro,Mobile Money,Occasionnel,2024-08-20,Actif
3814,3814,F,32,26-35,Abidjan,Mobile Money,Occasionnel,2024-05-18,Actif
3815,3815,F,29,26-35,Abidjan,Partenaire,Régulier,2023-04-14,Inactif
3816,3816,F,42,36-45,Abidjan,Site Web,Nouveau,2023-05-23,Actif
3817,3817,F,41,36-45,Yamoussoukro,Site Web,Occasionnel,2024-11-05,Inactif
3818,3818,F,46,46-55,Bouaké,Boutique,Occasionnel,2022-01-30,Actif
3819,3819,M,30,26-35,San-Pédro,Réseaux sociaux,Régulier,2023-02-19,Actif
3820,3820,M,47,46-55,Bouaké,Boutique,Fidèle,2022-03-08,Actif
3821,3821,M,18,18-25,Bouaké,Boutique,Occasionnel,2022-06-01,Inactif
3822,3822,M,18,18-25,Abidjan,Site Web,Fidèle,2024-10-03,Actif
3823,3823,M,20,18-25,Daloa,Site Web,VIP,2022-04-22,Actif
3824,3824,F,34,26-35,Abidjan,Site Web,Nouveau,2024-11-13,Actif
3825,3825,M,47,46-55,San-Pédro,Mobile Money,Nouveau,2024-05-08,Actif
3826,3826,M,27,26-35,Abidjan,Réseaux sociaux,Régulier,2023-12-04,Actif
3827,3827,F,28,26-35,Yamoussoukro,Mobile Money,Fidèle,2024-03-23,Actif
3828,3828,F,31,26-35,Korhogo,Partenaire,Nouveau,2022-07-22,Inactif
3829,3829,M,40,36-45,Daloa,Boutique,Nouveau,2022-05-09,Actif
3830,3830,M,28,26-35,Abidjan,Mobile Money,Régulier,2023-02-08,Inactif
3831,3831,F,28,26-35,Yamoussoukro,Mobile Money,Régulier,2024-04-17,Actif
3832,3832,M,19,18-25,Abidjan,Boutique,Nouveau,2022-12-01,Actif
3833,3833,F,27,26-35,Abidjan,Boutique,Occasionnel,2022-07-12,Actif
3834,3834,F,46,46-55,Daloa,Réseaux sociaux,Nouveau,2024-05-09,Actif
3835,3835,F,35,26-35,San-Pédro,Site Web,VIP,2023-11-26,Actif
3836,3836,F,25,18-25,Abidjan,Mobile Money,Régulier,2023-08-12,Actif
3837,3837,M,47,46-55,Divo,Boutique,Occasionnel,2023-03-28,Actif
3838,3838,F,27,26-35,Abidjan,Site Web,Fidèle,2024-05-03,Actif
3839,3839,M,49,46-55,Korhogo,Réseaux sociaux,Occasionnel,2024-03-15,Actif
3840,3840,F,49,46-55,Daloa,Boutique,Fidèle,2023-01-30,Actif
3841,3841,M,34,26-35,Korhogo,Partenaire,Nouveau,2022-05-22,Actif
3842,3842,M,18,18-25,San-Pédro,Mobile Money,Nouveau,2024-08-10,Inactif
3843,3843,M,59,56+,Gagnoa,Site Web,Occasionnel,2022-05-30,Actif
3844,3844,M,38,36-45,Bouaké,Site Web,Nouveau,2023-04-15,Inactif
3845,3845,M,30,26-35,Abidjan,Boutique,Fidèle,2024-09-08,Inactif
3846,3846,F,44,36-45,Abidjan,Mobile Money,Occasionnel,2023-04-03,Inactif
3847,3847,M,41,36-45,Daloa,Site Web,Nouveau,2024-06-29,Actif
3848,3848,M,48,46-55,Abidjan,Boutique,Régulier,2023-06-20,Actif
3849,3849,F,26,26-35,Man,Mobile Money,Occasionnel,2024-03-26,Actif
3850,3850,F,37,36-45,Abidjan,Mobile Money,Occasionnel,2023-10-11,Actif
3851,3851,F,20,18-25,Korhogo,Site Web,Nouveau,2022-11-03,Actif
3852,3852,F,41,36-45,Abidjan,Mobile Money,VIP,2024-09-06,Actif
3853,3853,F,33,26-35,San-Pédro,Boutique,Régulier,2023-05-27,Actif
3854,3854,F,37,36-45,Divo,Partenaire,Fidèle,2023-05-17,Inactif
3855,3855,M,32,26-35,Abidjan,Site Web,Régulier,2023-12-23,Actif
3856,3856,F,31,26-35,Yamoussoukro,Boutique,Occasionnel,2024-10-15,Inactif
3857,3857,M,24,18-25,Abidjan,Boutique,Nouveau,2024-08-12,Actif
3858,3858,F,42,36-45,San-Pédro,Mobile Money,Régulier,2023-03-08,Inactif
3859,3859,M,50,46-55,San-Pédro,Boutique,Nouveau,2022-09-11,Actif
3860,3860,F,27,26-35,Abidjan,Mobile Money,VIP,2022-12-22,Inactif
3861,3861,F,40,36-45,Abidjan,Mobile Money,Nouveau,2022-10-15,Actif
3862,3862,F,38,36-45,Abidjan,Mobile Money,Occasionnel,2022-11-20,Inactif
3863,3863,M,34,26-35,Abidjan,Site Web,Occasionnel,2023-04-17,Actif
3864,3864,F,18,18-25,San-Pédro,Mobile Money,Occasionnel,2022-01-24,Actif
3865,3865,M,19,18-25,Abidjan,Mobile Money,Régulier,2023-08-07,Actif
3866,3866,F,25,18-25,Divo,Réseaux sociaux,Régulier,2024-07-18,Actif
3867,3867,M,18,18-25,Gagnoa,Mobile Money,Régulier,2023-04-17,Inactif
3868,3868,F,49,46-55,Korhogo,Site Web,Fidèle,2022-03-28,Actif
3869,3869,M,38,36-45,Bouaké,Boutique,Occasionnel,2023-03-03,Actif
3870,3870,F,33,26-35,Abidjan,Boutique,Occasionnel,2023-01-02,Actif
3871,3871,F,18,18-25,San-Pédro,Mobile Money,Fidèle,2023-10-13,Inactif
3872,3872,F,18,18-25,Yamoussoukro,Mobile Money,Nouveau,2022-10-02,Actif
3873,3873,F,33,26-35,Gagnoa,Réseaux sociaux,Nouveau,2022-11-26,Inactif
3874,3874,F,55,46-55,Abidjan,Boutique,Nouveau,2024-03-26,Actif
3875,3875,M,26,26-35,Abidjan,Mobile Money,Régulier,2022-07-12,Actif
3876,3876,F,43,36-45,Abengourou,Boutique,Régulier,2024-10-18,Actif
3877,3877,F,28,26-35,San-Pédro,Boutique,Nouveau,2022-11-22,Actif
3878,3878,M,34,26-35,Abidjan,Mobile Money,Nouveau,2024-06-13,Inactif
3879,3879,F,47,46-55,Yamoussoukro,Boutique,Nouveau,2022-03-31,Actif
3880,3880,F,30,26-35,Abidjan,Boutique,Occasionnel,2022-12-17,Inactif
3881,3881,M,26,26-35,Bouaké,Site Web,Nouveau,2023-02-18,Inactif
3882,3882,M,49,46-55,Abidjan,Réseaux sociaux,Régulier,2023-05-15,Actif
3883,3883,M,34,26-35,Abidjan,Boutique,VIP,2022-04-11,Actif
3884,3884,F,46,46-55,Abidjan,Réseaux sociaux,Régulier,2022-09-28,Actif
3885,3885,M,26,26-35,Abidjan,Boutique,Fidèle,2024-08-18,Actif
3886,3886,F,49,46-55,Abidjan,Boutique,VIP,2024-10-08,Inactif
3887,3887,M,37,36-45,Abidjan,Site Web,Régulier,2023-04-28,Actif
3888,3888,M,38,36-45,Abidjan,Site Web,Occasionnel,2022-05-11,Actif
3889,3889,M,35,26-35,Bouaké,Mobile Money,Régulier,2022-10-29,Actif
3890,3890,F,28,26-35,Yamoussoukro,Partenaire,Occasionnel,2024-11-08,Inactif
3891,3891,F,33,26-35,Yamoussoukro,Partenaire,Occasionnel,2024-10-03,Actif
3892,3892,M,29,26-35,Abidjan,Mobile Money,Nouveau,2024-06-09,Actif
3893,3893,F,44,36-45,Abidjan,Boutique,Régulier,2024-08-02,Actif
3894,3894,M,31,26-35,San-Pédro,Site Web,Fidèle,2024-02-19,Inactif
3895,3895,M,18,18-25,Korhogo,Partenaire,Régulier,2023-11-14,Actif
3896,3896,M,18,18-25,Gagnoa,Boutique,Occasionnel,2024-04-27,Actif
3897,3897,F,18,18-25,Divo,Mobile Money,Régulier,2023-12-09,Inactif
3898,3898,F,40,36-45,Bouaké,Site Web,Régulier,2023-01-07,Actif
3899,3899,F,21,18-25,Korhogo,Mobile Money,Régulier,2023-12-04,Actif
3900,3900,F,37,36-45,Abidjan,Site Web,Occasionnel,2022-11-20,Actif
3901,3901,F,35,26-35,Daloa,Boutique,Occasionnel,2023-11-16,Actif
3902,3902,M,33,26-35,Divo,Site Web,Occasionnel,2023-02-22,Actif
3903,3903,M,38,36-45,Daloa,Mobile Money,Fidèle,2023-06-18,Actif
3904,3904,M,35,26-35,Abidjan,Boutique,Nouveau,2022-07-18,Actif
3905,3905,F,18,18-25,Abidjan,Site Web,Fidèle,2024-11-13,Actif
3906,3906,M,30,26-35,Abidjan,Mobile Money,Nouveau,2024-03-28,Actif
3907,3907,M,38,36-45,Abidjan,Mobile Money,VIP,2022-04-28,Actif
3908,3908,M,52,46-55,San-Pédro,Mobile Money,Occasionnel,2023-06-05,Actif
3909,3909,M,52,46-55,Yamoussoukro,Réseaux sociaux,Régulier,2023-05-13,Actif
3910,3910,M,19,18-25,Abidjan,Boutique,Régulier,2024-08-27,Actif
3911,3911,F,30,26-35,Yamoussoukro,Site Web,Régulier,2024-04-06,Inactif
3912,3912,F,18,18-25,Abidjan,Boutique,Régulier,2024-08-19,Actif
3913,3913,M,50,46-55,Bouaké,Réseaux sociaux,Nouveau,2023-05-27,Inactif
3914,3914,F,45,36-45,Abidjan,Boutique,Nouveau,2022-06-20,Actif
3915,3915,F,37,36-45,Abidjan,Mobile Money,Nouveau,2024-02-29,Actif
3916,3916,F,35,26-35,Yamoussoukro,Mobile Money,Régulier,2022-08-28,Actif
3917,3917,F,49,46-55,Daloa,Mobile Money,Régulier,2023-11-29,Actif
3918,3918,M,47,46-55,Daloa,Réseaux sociaux,Nouveau,2023-03-26,Inactif
3919,3919,M,46,46-55,Abidjan,Site Web,Régulier,2023-01-18,Actif
3920,3920,F,39,36-45,Yamoussoukro,Site Web,Nouveau,2022-05-11,Actif
3921,3921,F,30,26-35,Abidjan,Site Web,Nouveau,2024-05-26,Actif
3922,3922,M,42,36-45,Abidjan,Réseaux sociaux,Occasionnel,2024-01-25,Actif
3923,3923,F,42,36-45,Bouaké,Partenaire,Régulier,2023-01-10,Actif
3924,3924,M,31,26-35,Yamoussoukro,Site Web,Nouveau,2024-03-18,Actif
3925,3925,F,30,26-35,Man,Mobile Money,Fidèle,2024-12-16,Inactif
3926,3926,M,46,46-55,Abidjan,Mobile Money,Régulier,2024-02-29,Actif
3927,3927,M,52,46-55,San-Pédro,Boutique,Occasionnel,2024-11-05,Actif
3928,3928,M,25,18-25,Abidjan,Site Web,Nouveau,2023-05-30,Actif
3929,3929,F,31,26-35,Bouaké,Boutique,Régulier,2023-02-17,Actif
3930,3930,M,37,36-45,San-Pédro,Mobile Money,Fidèle,2024-07-12,Actif
3931,3931,M,39,36-45,Yamoussoukro,Site Web,Occasionnel,2023-12-27,Actif
3932,3932,M,28,26-35,Korhogo,Boutique,Nouveau,2023-10-26,Inactif
3933,3933,F,54,46-55,San-Pédro,Mobile Money,Occasionnel,2023-12-04,Actif
3934,3934,F,38,36-45,Abidjan,Réseaux sociaux,Occasionnel,2024-12-24,Actif
3935,3935,F,39,36-45,Abengourou,Boutique,Nouveau,2024-01-23,Actif
3936,3936,F,53,46-55,Man,Mobile Money,Régulier,2024-06-11,Actif
3937,3937,F,29,26-35,Abidjan,Mobile Money,Nouveau,2022-02-09,Actif
3938,3938,M,33,26-35,Abidjan,Boutique,Fidèle,2024-03-01,Actif
3939,3939,F,20,18-25,Abidjan,Boutique,Occasionnel,2022-12-14,Inactif
3940,3940,F,32,26-35,San-Pédro,Mobile Money,Régulier,2022-05-16,Actif
3941,3941,F,18,18-25,Divo,Site Web,Fidèle,2022-10-30,Inactif
3942,3942,F,42,36-45,San-Pédro,Site Web,Occasionnel,2024-06-30,Inactif
3943,3943,F,38,36-45,Abidjan,Mobile Money,Nouveau,2024-06-14,Actif
3944,3944,M,30,26-35,Abidjan,Boutique,Occasionnel,2022-12-01,Inactif
3945,3945,F,32,26-35,Abidjan,Boutique,Occasionnel,2022-07-30,Actif
3946,3946,M,42,36-45,Abidjan,Mobile Money,Régulier,2023-04-04,Actif
3947,3947,F,21,18-25,Abidjan,Mobile Money,Fidèle,2022-12-30,Actif
3948,3948,F,36,36-45,Abidjan,Mobile Money,Régulier,2023-05-22,Actif
3949,3949,M,41,36-45,Abidjan,Boutique,VIP,2024-05-08,Actif
3950,3950,F,18,18-25,Abidjan,Réseaux sociaux,Nouveau,2022-12-29,Inactif
3951,3951,F,41,36-45,Daloa,Boutique,Nouveau,2022-07-09,Actif
3952,3952,M,18,18-25,Abidjan,Partenaire,Nouveau,2022-04-29,Actif
3953,3953,M,32,26-35,Abidjan,Boutique,Régulier,2024-01-21,Actif
3954,3954,M,21,18-25,Bouaké,Site Web,Nouveau,2022-08-07,Inactif
3955,3955,F,49,46-55,Gagnoa,Boutique,Nouveau,2022-08-29,Actif
3956,3956,M,21,18-25,Daloa,Site Web,VIP,2024-05-29,Actif
3957,3957,M,18,18-25,Bouaké,Réseaux sociaux,Nouveau,2022-04-12,Actif
3958,3958,M,35,26-35,Daloa,Boutique,Nouveau,2023-12-16,Inactif
3959,3959,F,29,26-35,Yamoussoukro,Boutique,Occasionnel,2022-01-13,Actif
3960,3960,F,18,18-25,Yamoussoukro,Partenaire,Nouveau,2024-10-29,Actif
3961,3961,F,39,36-45,Abidjan,Partenaire,Nouveau,2024-02-21,Actif
3962,3962,F,18,18-25,Bouaké,Partenaire,Nouveau,2024-06-18,Actif
3963,3963,M,22,18-25,Abidjan,Mobile Money,Nouveau,2023-12-31,Actif
3964,3964,F,27,26-35,Abidjan,Mobile Money,Régulier,2023-03-17,Inactif
3965,3965,F,42,36-45,Abidjan,Boutique,Occasionnel,2024-12-25,Actif
3966,3966,F,48,46-55,Abidjan,Site Web,Régulier,2024-05-10,Actif
3967,3967,F,46,46-55,Abidjan,Mobile Money,Régulier,2022-04-08,Inactif
3968,3968,F,32,26-35,Bouaké,Boutique,Régulier,2023-09-24,Actif
3969,3969,F,18,18-25,Abidjan,Boutique,Fidèle,2023-08-18,Actif
3970,3970,F,38,36-45,Abidjan,Mobile Money,Occasionnel,2022-11-10,Actif
3971,3971,M,50,46-55,Abidjan,Site Web,Nouveau,2023-05-15,Actif
3972,3972,F,47,46-55,Abidjan,Mobile Money,Nouveau,2024-12-03,Actif
3973,3973,M,39,36-45,Yamoussoukro,Réseaux sociaux,Nouveau,2022-04-05,Actif
3974,3974,F,20,18-25,Abidjan,Boutique,Fidèle,2024-10-13,Actif
3975,3975,F,28,26-35,Abidjan,Boutique,Occasionnel,2024-02-06,Inactif
3976,3976,F,55,46-55,Abidjan,Boutique,Nouveau,2022-05-03,Actif
3977,3977,F,18,18-25,Abidjan,Mobile Money,Nouveau,2022-12-01,Actif
3978,3978,F,21,18-25,Abidjan,Boutique,Fidèle,2024-07-08,Actif
3979,3979,F,44,36-45,Abidjan,Réseaux sociaux,Occasionnel,2024-02-10,Inactif
3980,3980,M,29,26-35,Bouaké,Boutique,Nouveau,2022-03-27,Actif
3981,3981,F,21,18-25,Man,Mobile Money,Fidèle,2022-06-11,Actif
3982,3982,F,50,46-55,Yamoussoukro,Site Web,Régulier,2024-10-14,Inactif
3983,3983,M,39,36-45,Abidjan,Mobile Money,Occasionnel,2022-06-22,Actif
3984,3984,F,29,26-35,Abidjan,Boutique,Occasionnel,2023-11-15,Inactif
3985,3985,F,21,18-25,Daloa,Boutique,Régulier,2024-12-26,Actif
3986,3986,F,56,56+,Abidjan,Boutique,Nouveau,2022-07-02,Inactif
3987,3987,F,33,26-35,Man,Mobile Money,VIP,2022-02-18,Actif
3988,3988,F,49,46-55,Abidjan,Mobile Money,Régulier,2024-06-13,Inactif
3989,3989,M,43,36-45,Abidjan,Mobile Money,Régulier,2024-11-06,Actif
3990,3990,M,28,26-35,Abidjan,Boutique,Régulier,2023-07-19,Actif
3991,3991,M,28,26-35,Korhogo,Site Web,VIP,2022-09-13,Actif
3992,3992,F,49,46-55,Abengourou,Site Web,Nouveau,2022-03-07,Actif
3993,3993,F,50,46-55,Korhogo,Mobile Money,Nouveau,2024-09-24,Actif
3994,3994,F,18,18-25,Abidjan,Mobile Money,Régulier,2024-05-24,Actif
3995,3995,F,40,36-45,Daloa,Site Web,Nouveau,2024-09-08,Actif
3996,3996,F,32,26-35,Abidjan,Boutique,Régulier,2024-05-13,Actif
3997,3997,F,22,18-25,Abidjan,Réseaux sociaux,Occasionnel,2023-04-20,Actif
3998,3998,F,36,36-45,Yamoussoukro,Mobile Money,Nouveau,2023-06-12,Actif
3999,3999,F,19,18-25,Gagnoa,Mobile Money,Nouveau,2023-02-23,Actif
4000,4000,F,28,26-35,Abidjan,Boutique,Régulier,2024-03-11,Actif
4001,4001,M,25,18-25,Abidjan,Site Web,Nouveau,2022-04-20,Actif
4002,4002,F,28,26-35,Abidjan,Boutique,Nouveau,2022-02-13,Actif
4003,4003,M,33,26-35,Abidjan,Mobile Money,Occasionnel,2024-11-18,Actif
4004,4004,F,22,18-25,Abidjan,Mobile Money,Nouveau,2022-12-15,Actif
4005,4005,M,51,46-55,San-Pédro,Site Web,Régulier,2022-02-07,Actif
4006,4006,F,39,36-45,Abidjan,Mobile Money,VIP,2024-01-08,Actif
4007,4007,F,53,46-55,Yamoussoukro,Site Web,Régulier,2023-03-13,Actif
4008,4008,F,32,26-35,Abidjan,Mobile Money,Régulier,2022-09-10,Actif
4009,4009,F,27,26-35,Abidjan,Mobile Money,Occasionnel,2023-04-21,Actif
4010,4010,M,53,46-55,Abidjan,Mobile Money,VIP,2023-05-09,Actif
4011,4011,F,27,26-35,Abidjan,Partenaire,Fidèle,2023-11-02,Actif
4012,4012,F,32,26-35,Abidjan,Mobile Money,Fidèle,2024-10-17,Actif
4013,4013,M,41,36-45,Bouaké,Mobile Money,Nouveau,2024-08-22,Actif
4014,4014,F,20,18-25,Divo,Réseaux sociaux,Nouveau,2024-06-24,Actif
4015,4015,M,41,36-45,Abidjan,Mobile Money,Nouveau,2023-06-23,Inactif
4016,4016,M,40,36-45,Bouaké,Mobile Money,Nouveau,2023-09-04,Actif
4017,4017,F,47,46-55,Korhogo,Mobile Money,Nouveau,2022-05-25,Actif
4018,4018,F,43,36-45,Abidjan,Site Web,Fidèle,2023-09-24,Inactif
4019,4019,F,48,46-55,Korhogo,Boutique,Nouveau,2024-01-06,Actif
4020,4020,M,32,26-35,Divo,Réseaux sociaux,Nouveau,2024-08-29,Actif
4021,4021,F,24,18-25,San-Pédro,Site Web,Fidèle,2022-02-20,Actif
4022,4022,F,57,56+,Bouaké,Boutique,VIP,2024-08-03,Actif
4023,4023,F,18,18-25,Yamoussoukro,Mobile Money,Nouveau,2023-07-22,Actif
4024,4024,M,18,18-25,Abidjan,Site Web,Nouveau,2022-04-07,Actif
4025,4025,M,40,36-45,Bouaké,Réseaux sociaux,Régulier,2024-12-26,Actif
4026,4026,M,51,46-55,Gagnoa,Réseaux sociaux,VIP,2023-05-25,Inactif
4027,4027,M,36,36-45,Abidjan,Mobile Money,Régulier,2023-03-27,Actif
4028,4028,M,44,36-45,Daloa,Site Web,Occasionnel,2022-07-28,Actif
4029,4029,F,18,18-25,Abidjan,Site Web,Régulier,2022-03-22,Actif
4030,4030,M,28,26-35,Abidjan,Partenaire,Régulier,2022-04-02,Actif
4031,4031,F,18,18-25,Bouaké,Mobile Money,Nouveau,2022-10-20,Inactif
4032,4032,F,42,36-45,Daloa,Site Web,Occasionnel,2022-11-17,Actif
4033,4033,M,18,18-25,Bouaké,Site Web,Fidèle,2023-05-23,Actif
4034,4034,M,19,18-25,San-Pédro,Réseaux sociaux,Régulier,2023-10-31,Actif
4035,4035,F,39,36-45,Abidjan,Site Web,Nouveau,2024-12-22,Actif
4036,4036,F,45,36-45,Man,Réseaux sociaux,Régulier,2024-05-19,Inactif
4037,4037,F,32,26-35,Bouaké,Boutique,Régulier,2023-06-17,Actif
4038,4038,M,40,36-45,San-Pédro,Mobile Money,Nouveau,2024-09-26,Actif
4039,4039,F,39,36-45,Abidjan,Boutique,Nouveau,2023-09-03,Actif
4040,4040,M,31,26-35,Abidjan,Réseaux sociaux,Nouveau,2023-04-09,Inactif
4041,4041,F,21,18-25,Korhogo,Mobile Money,VIP,2022-08-27,Actif
4042,4042,M,40,36-45,Abidjan,Site Web,Nouveau,2023-04-08,Actif
4043,4043,F,40,36-45,Abidjan,Partenaire,Fidèle,2022-02-14,Inactif
4044,4044,M,43,36-45,Daloa,Réseaux sociaux,Occasionnel,2022-06-17,Actif
4045,4045,F,37,36-45,Daloa,Site Web,Fidèle,2024-10-31,Actif
4046,4046,F,21,18-25,San-Pédro,Site Web,VIP,2022-08-02,Inactif
4047,4047,F,41,36-45,Daloa,Mobile Money,VIP,2023-09-13,Actif
4048,4048,F,33,26-35,Divo,Boutique,Fidèle,2022-04-23,Actif
4049,4049,F,28,26-35,Abidjan,Boutique,Occasionnel,2023-10-21,Actif
4050,4050,M,30,26-35,Bouaké,Site Web,Nouveau,2024-12-04,Inactif
4051,4051,M,26,26-35,San-Pédro,Mobile Money,Nouveau,2023-05-17,Actif
4052,4052,M,43,36-45,Yamoussoukro,Mobile Money,Régulier,2022-05-20,Actif
4053,4053,M,18,18-25,Abidjan,Site Web,Nouveau,2022-01-26,Actif
4054,4054,F,23,18-25,Abidjan,Boutique,Occasionnel,2024-04-08,Actif
4055,4055,M,30,26-35,Bouaké,Réseaux sociaux,Nouveau,2022-04-23,Actif
4056,4056,M,51,46-55,Daloa,Boutique,Régulier,2022-12-14,Inactif
4057,4057,F,45,36-45,Abidjan,Réseaux sociaux,Nouveau,2024-07-12,Actif
4058,4058,M,18,18-25,Daloa,Boutique,Nouveau,2023-08-12,Inactif
4059,4059,F,48,46-55,San-Pédro,Site Web,Occasionnel,2024-08-13,Actif
4060,4060,M,48,46-55,Abidjan,Site Web,Occasionnel,2024-08-13,Actif
4061,4061,M,21,18-25,Bouaké,Mobile Money,Fidèle,2023-12-26,Actif
4062,4062,M,18,18-25,Bouaké,Mobile Money,Régulier,2024-10-22,Actif
4063,4063,F,33,26-35,Abidjan,Réseaux sociaux,Régulier,2022-02-09,Actif
4064,4064,M,46,46-55,Abidjan,Mobile Money,Nouveau,2022-09-21,Actif
4065,4065,F,51,46-55,Abidjan,Site Web,Nouveau,2022-10-31,Actif
4066,4066,M,24,18-25,San-Pédro,Mobile Money,Régulier,2024-09-24,Actif
4067,4067,F,53,46-55,Abidjan,Site Web,Nouveau,2023-11-12,Actif
4068,4068,M,18,18-25,Abidjan,Mobile Money,Fidèle,2022-10-03,Actif
4069,4069,M,29,26-35,Abidjan,Boutique,Fidèle,2022-08-17,Inactif
4070,4070,F,29,26-35,San-Pédro,Boutique,Nouveau,2024-05-31,Actif
4071,4071,F,46,46-55,Bouaké,Mobile Money,Régulier,2024-07-29,Actif
4072,4072,M,48,46-55,Abidjan,Boutique,Occasionnel,2022-01-17,Actif
4073,4073,F,44,36-45,Man,Réseaux sociaux,Nouveau,2023-02-05,Actif
4074,4074,F,19,18-25,Abidjan,Site Web,Occasionnel,2023-08-10,Actif
4075,4075,F,43,36-45,Abidjan,Partenaire,Régulier,2022-09-15,Inactif
4076,4076,F,39,36-45,Abidjan,Site Web,VIP,2024-03-05,Inactif
4077,4077,M,18,18-25,Daloa,Site Web,Nouveau,2024-04-09,Actif
4078,4078,M,18,18-25,San-Pédro,Boutique,Régulier,2024-07-07,Actif
4079,4079,F,45,36-45,Abidjan,Partenaire,Nouveau,2024-05-10,Actif
4080,4080,F,32,26-35,Daloa,Boutique,Nouveau,2024-07-10,Inactif
4081,4081,F,19,18-25,Yamoussoukro,Boutique,Régulier,2023-02-05,Actif
4082,4082,F,31,26-35,Korhogo,Réseaux sociaux,Régulier,2022-11-24,Actif
4083,4083,M,38,36-45,Korhogo,Partenaire,Régulier,2022-12-13,Inactif
4084,4084,F,33,26-35,Daloa,Boutique,Fidèle,2024-07-23,Actif
4085,4085,M,18,18-25,Abidjan,Mobile Money,Nouveau,2023-12-12,Actif
4086,4086,M,54,46-55,Abidjan,Site Web,Occasionnel,2022-12-21,Actif
4087,4087,M,45,36-45,Man,Site Web,Nouveau,2024-02-29,Actif
4088,4088,M,30,26-35,Bouaké,Boutique,Régulier,2022-09-13,Actif
4089,4089,F,30,26-35,Abidjan,Site Web,Nouveau,2022-10-19,Actif
4090,4090,F,37,36-45,Man,Boutique,Nouveau,2022-01-02,Actif
4091,4091,F,21,18-25,Korhogo,Mobile Money,Régulier,2024-11-24,Actif
4092,4092,M,37,36-45,Yamoussoukro,Site Web,Occasionnel,2022-09-16,Actif
4093,4093,M,19,18-25,Korhogo,Boutique,Régulier,2024-04-03,Actif
4094,4094,F,33,26-35,Abidjan,Site Web,VIP,2022-05-10,Actif
4095,4095,F,21,18-25,Daloa,Mobile Money,Occasionnel,2022-02-09,Actif
4096,4096,F,21,18-25,Gagnoa,Réseaux sociaux,Occasionnel,2024-01-10,Actif
4097,4097,M,52,46-55,Abidjan,Mobile Money,VIP,2022-04-18,Actif
4098,4098,M,34,26-35,Abidjan,Partenaire,Régulier,2022-06-08,Actif
4099,4099,M,36,36-45,Daloa,Site Web,Nouveau,2022-12-28,Actif
4100,4100,M,18,18-25,Abidjan,Mobile Money,Régulier,2023-10-03,Actif
4101,4101,F,27,26-35,Abidjan,Partenaire,Occasionnel,2022-01-20,Inactif
4102,4102,M,39,36-45,Abidjan,Boutique,Régulier,2022-05-19,Actif
4103,4103,M,36,36-45,Abidjan,Boutique,Occasionnel,2023-01-06,Actif
4104,4104,F,18,18-25,Abidjan,Réseaux sociaux,Nouveau,2024-02-11,Actif
4105,4105,M,36,36-45,Korhogo,Réseaux sociaux,Régulier,2022-04-17,Actif
4106,4106,F,38,36-45,Yamoussoukro,Site Web,Nouveau,2022-11-09,Actif
4107,4107,M,48,46-55,Daloa,Partenaire,Fidèle,2022-07-31,Actif
4108,4108,M,26,26-35,Abidjan,Mobile Money,Régulier,2022-12-05,Actif
4109,4109,M,18,18-25,Abidjan,Mobile Money,VIP,2022-10-10,Actif
4110,4110,F,23,18-25,Abidjan,Mobile Money,Nouveau,2023-12-03,Actif
4111,4111,F,21,18-25,San-Pédro,Boutique,Occasionnel,2022-03-15,Inactif
4112,4112,M,42,36-45,Divo,Site Web,Nouveau,2024-10-25,Actif
4113,4113,M,18,18-25,Abidjan,Mobile Money,Occasionnel,2022-09-25,Actif
4114,4114,F,29,26-35,Gagnoa,Boutique,Occasionnel,2024-12-21,Actif
4115,4115,M,49,46-55,Abidjan,Mobile Money,Occasionnel,2024-03-09,Actif
4116,4116,F,34,26-35,Abidjan,Boutique,Occasionnel,2023-01-27,Actif
4117,4117,M,43,36-45,Daloa,Site Web,VIP,2022-11-28,Actif
4118,4118,M,18,18-25,Abidjan,Mobile Money,Nouveau,2024-11-02,Actif
4119,4119,F,18,18-25,Man,Site Web,Occasionnel,2024-12-27,Actif
4120,4120,F,49,46-55,Abidjan,Site Web,Régulier,2023-11-02,Inactif
4121,4121,M,35,26-35,Daloa,Boutique,Nouveau,2022-02-21,Actif
4122,4122,M,35,26-35,Abidjan,Réseaux sociaux,Régulier,2024-09-19,Actif
4123,4123,M,21,18-25,Abidjan,Partenaire,Régulier,2023-06-07,Actif
4124,4124,F,35,26-35,Abidjan,Mobile Money,Régulier,2022-01-31,Actif
4125,4125,M,21,18-25,Divo,Site Web,Régulier,2024-05-28,Actif
4126,4126,F,47,46-55,Bouaké,Mobile Money,Régulier,2022-02-06,Actif
4127,4127,F,64,56+,Bouaké,Boutique,VIP,2023-02-11,Inactif
4128,4128,F,39,36-45,Abidjan,Site Web,Nouveau,2022-03-23,Actif
4129,4129,M,27,26-35,Abidjan,Site Web,Occasionnel,2023-04-24,Actif
4130,4130,M,18,18-25,Abidjan,Réseaux sociaux,Régulier,2024-05-30,Inactif
4131,4131,M,18,18-25,San-Pédro,Site Web,Nouveau,2022-05-22,Actif
4132,4132,M,51,46-55,Abidjan,Site Web,Occasionnel,2022-06-01,Actif
4133,4133,F,22,18-25,Abidjan,Boutique,Régulier,2024-11-13,Actif
4134,4134,F,29,26-35,Bouaké,Mobile Money,Nouveau,2022-07-13,Inactif
4135,4135,F,41,36-45,Bouaké,Mobile Money,Occasionnel,2022-05-04,Actif
4136,4136,F,50,46-55,Abidjan,Boutique,Régulier,2023-10-04,Actif
4137,4137,F,31,26-35,Abidjan,Site Web,Nouveau,2022-10-30,Actif
4138,4138,M,29,26-35,Abidjan,Mobile Money,Nouveau,2024-11-14,Actif
4139,4139,M,34,26-35,Daloa,Boutique,Régulier,2022-06-29,Inactif
4140,4140,M,27,26-35,Abidjan,Mobile Money,Régulier,2023-09-13,Actif
4141,4141,F,27,26-35,Yamoussoukro,Boutique,Occasionnel,2024-10-05,Actif
4142,4142,M,38,36-45,Abidjan,Boutique,Occasionnel,2024-03-13,Actif
4143,4143,F,36,36-45,Korhogo,Mobile Money,Nouveau,2022-02-01,Actif
4144,4144,F,57,56+,Divo,Mobile Money,Régulier,2022-07-25,Inactif
4145,4145,F,38,36-45,Abidjan,Mobile Money,Nouveau,2022-05-18,Actif
4146,4146,F,46,46-55,Abidjan,Boutique,Fidèle,2024-09-28,Actif
4147,4147,F,22,18-25,Abidjan,Partenaire,Régulier,2022-08-10,Actif
4148,4148,M,39,36-45,San-Pédro,Mobile Money,Nouveau,2022-03-03,Inactif
4149,4149,F,26,26-35,Abidjan,Boutique,Régulier,2023-02-24,Actif
4150,4150,F,38,36-45,Bouaké,Boutique,Fidèle,2022-11-06,Actif
4151,4151,F,41,36-45,Abidjan,Site Web,Fidèle,2022-06-29,Actif
4152,4152,M,34,26-35,Abidjan,Mobile Money,Régulier,2023-05-12,Actif
4153,4153,F,60,56+,Yamoussoukro,Mobile Money,Nouveau,2024-09-12,Inactif
4154,4154,F,49,46-55,Bouaké,Partenaire,Régulier,2022-09-05,Actif
4155,4155,M,46,46-55,San-Pédro,Partenaire,Régulier,2024-12-10,Actif
4156,4156,F,42,36-45,San-Pédro,Boutique,Occasionnel,2023-12-28,Actif
4157,4157,M,53,46-55,Bouaké,Boutique,Nouveau,2023-02-23,Actif
4158,4158,F,18,18-25,Abidjan,Mobile Money,Fidèle,2024-01-14,Actif
4159,4159,F,49,46-55,Man,Mobile Money,Occasionnel,2023-01-17,Actif
4160,4160,F,23,18-25,San-Pédro,Mobile Money,Nouveau,2022-08-20,Actif
4161,4161,M,27,26-35,Korhogo,Site Web,Nouveau,2022-09-14,Actif
4162,4162,F,40,36-45,Abengourou,Mobile Money,Nouveau,2022-01-10,Actif
4163,4163,M,47,46-55,Abidjan,Mobile Money,Occasionnel,2023-12-12,Actif
4164,4164,F,21,18-25,Yamoussoukro,Mobile Money,Nouveau,2022-03-23,Inactif
4165,4165,M,28,26-35,Yamoussoukro,Mobile Money,Occasionnel,2022-08-06,Actif
4166,4166,F,35,26-35,Abidjan,Boutique,Nouveau,2022-01-01,Actif
4167,4167,F,31,26-35,Bouaké,Boutique,Nouveau,2022-03-13,Inactif
4168,4168,F,43,36-45,Abidjan,Boutique,Nouveau,2024-09-18,Inactif
4169,4169,M,71,56+,Abidjan,Boutique,Occasionnel,2022-01-27,Inactif
4170,4170,F,38,36-45,Abidjan,Boutique,Occasionnel,2023-11-12,Inactif
4171,4171,M,25,18-25,Daloa,Site Web,Occasionnel,2022-12-25,Actif
4172,4172,M,19,18-25,Yamoussoukro,Mobile Money,Régulier,2022-06-01,Actif
4173,4173,M,30,26-35,Abidjan,Mobile Money,Occasionnel,2022-11-25,Inactif
4174,4174,F,23,18-25,Abidjan,Réseaux sociaux,Régulier,2022-04-12,Actif
4175,4175,M,39,36-45,Bouaké,Site Web,Nouveau,2022-12-09,Actif
4176,4176,M,38,36-45,Abidjan,Boutique,Occasionnel,2024-06-14,Actif
4177,4177,M,28,26-35,Abidjan,Mobile Money,Nouveau,2023-11-11,Actif
4178,4178,M,55,46-55,Abidjan,Mobile Money,Occasionnel,2024-06-07,Actif
4179,4179,M,25,18-25,Korhogo,Mobile Money,Régulier,2024-02-02,Actif
4180,4180,M,32,26-35,Abidjan,Réseaux sociaux,Régulier,2024-10-12,Actif
4181,4181,M,41,36-45,Bouaké,Boutique,Occasionnel,2022-04-29,Actif
4182,4182,F,43,36-45,Korhogo,Mobile Money,Occasionnel,2022-06-24,Actif
4183,4183,M,48,46-55,Abidjan,Mobile Money,Nouveau,2023-03-27,Actif
4184,4184,F,38,36-45,Korhogo,Mobile Money,VIP,2023-07-26,Inactif
4185,4185,M,45,36-45,Abidjan,Mobile Money,Nouveau,2024-05-08,Actif
4186,4186,M,26,26-35,Abidjan,Boutique,Nouveau,2022-05-14,Actif
4187,4187,F,44,36-45,Abidjan,Boutique,Nouveau,2022-05-02,Actif
4188,4188,F,43,36-45,Bouaké,Réseaux sociaux,VIP,2024-05-21,Actif
4189,4189,F,50,46-55,Divo,Site Web,Fidèle,2023-08-25,Actif
4190,4190,F,18,18-25,Yamoussoukro,Réseaux sociaux,Nouveau,2023-03-28,Actif
4191,4191,F,24,18-25,Bouaké,Réseaux sociaux,Nouveau,2022-09-01,Inactif
4192,4192,M,43,36-45,Abidjan,Partenaire,Régulier,2024-02-01,Actif
4193,4193,M,18,18-25,Man,Partenaire,Nouveau,2024-05-28,Actif
4194,4194,M,39,36-45,Abidjan,Mobile Money,Nouveau,2022-02-03,Actif
4195,4195,F,45,36-45,Abidjan,Mobile Money,Occasionnel,2022-03-01,Inactif
4196,4196,F,27,26-35,Abengourou,Mobile Money,Occasionnel,2024-05-01,Inactif
4197,4197,F,29,26-35,Abidjan,Site Web,Occasionnel,2024-08-25,Actif
4198,4198,M,22,18-25,Abidjan,Site Web,Régulier,2022-09-09,Inactif
4199,4199,F,28,26-35,Abidjan,Mobile Money,Régulier,2024-02-12,Actif
4200,4200,F,28,26-35,Abidjan,Réseaux sociaux,Occasionnel,2024-07-11,Actif
4201,4201,F,26,26-35,San-Pédro,Site Web,Nouveau,2022-05-04,Actif
4202,4202,M,25,18-25,Abidjan,Site Web,Nouveau,2022-07-23,Inactif
4203,4203,F,31,26-35,Divo,Boutique,Fidèle,2022-05-23,Actif
4204,4204,M,30,26-35,Abidjan,Mobile Money,Nouveau,2024-05-15,Actif
4205,4205,M,54,46-55,Bouaké,Boutique,Occasionnel,2024-04-24,Actif
4206,4206,M,29,26-35,Yamoussoukro,Mobile Money,Nouveau,2022-05-27,Actif
4207,4207,F,37,36-45,Bouaké,Site Web,Nouveau,2022-07-10,Inactif
4208,4208,F,27,26-35,Abidjan,Mobile Money,Occasionnel,2023-12-28,Actif
4209,4209,F,27,26-35,Bouaké,Mobile Money,Nouveau,2024-09-09,Actif
4210,4210,F,18,18-25,Yamoussoukro,Boutique,Régulier,2024-05-03,Actif
4211,4211,M,18,18-25,Korhogo,Boutique,Occasionnel,2022-07-03,Actif
4212,4212,F,20,18-25,Abidjan,Boutique,Régulier,2023-02-27,Actif
4213,4213,F,36,36-45,Abidjan,Partenaire,Régulier,2022-03-14,Actif
4214,4214,F,45,36-45,Bouaké,Mobile Money,Nouveau,2022-09-25,Actif
4215,4215,M,18,18-25,Abidjan,Réseaux sociaux,Régulier,2023-09-09,Actif
4216,4216,F,27,26-35,Abidjan,Mobile Money,Fidèle,2023-01-13,Actif
4217,4217,M,18,18-25,Gagnoa,Mobile Money,Nouveau,2023-10-27,Inactif
4218,4218,F,31,26-35,Abidjan,Partenaire,Régulier,2022-11-21,Actif
4219,4219,M,45,36-45,Abidjan,Site Web,Régulier,2023-09-10,Actif
4220,4220,M,29,26-35,Bouaké,Site Web,Régulier,2023-11-25,Inactif
4221,4221,F,33,26-35,Abidjan,Site Web,Nouveau,2022-08-02,Actif
4222,4222,F,50,46-55,Abidjan,Boutique,Nouveau,2022-02-18,Actif
4223,4223,F,39,36-45,Abidjan,Site Web,Nouveau,2023-01-06,Actif
4224,4224,F,25,18-25,Abidjan,Mobile Money,Nouveau,2022-02-15,Actif
4225,4225,F,35,26-35,Abidjan,Site Web,Occasionnel,2022-06-24,Actif
4226,4226,M,24,18-25,San-Pédro,Partenaire,Fidèle,2022-11-12,Inactif
4227,4227,M,38,36-45,Abidjan,Réseaux sociaux,Occasionnel,2023-01-06,Actif
4228,4228,F,39,36-45,Abidjan,Site Web,Occasionnel,2022-10-31,Actif
4229,4229,M,18,18-25,Bouaké,Site Web,Nouveau,2022-02-28,Inactif
4230,4230,F,35,26-35,Abidjan,Boutique,Occasionnel,2022-07-13,Actif
4231,4231,M,32,26-35,Abidjan,Boutique,Régulier,2024-08-24,Actif
4232,4232,F,39,36-45,Abidjan,Réseaux sociaux,Fidèle,2024-02-24,Actif
4233,4233,M,43,36-45,Abidjan,Site Web,Occasionnel,2023-05-02,Actif
4234,4234,M,39,36-45,Abidjan,Boutique,Occasionnel,2022-01-27,Actif
4235,4235,F,30,26-35,Abidjan,Site Web,Nouveau,2023-01-28,Actif
4236,4236,F,44,36-45,Korhogo,Mobile Money,VIP,2024-10-09,Actif
4237,4237,F,24,18-25,Gagnoa,Réseaux sociaux,Nouveau,2024-06-05,Inactif
4238,4238,M,19,18-25,Korhogo,Réseaux sociaux,Nouveau,2024-04-09,Inactif
4239,4239,M,18,18-25,Abidjan,Mobile Money,Occasionnel,2022-09-30,Actif
4240,4240,M,33,26-35,Daloa,Mobile Money,Nouveau,2023-03-18,Actif
4241,4241,M,24,18-25,Bouaké,Site Web,Nouveau,2022-02-01,Actif
4242,4242,M,38,36-45,Abidjan,Mobile Money,Fidèle,2024-07-29,Actif
4243,4243,F,18,18-25,Man,Partenaire,Nouveau,2022-05-04,Actif
4244,4244,F,26,26-35,Daloa,Mobile Money,Nouveau,2023-11-08,Actif
4245,4245,M,39,36-45,Abidjan,Mobile Money,Nouveau,2022-11-05,Actif
4246,4246,F,22,18-25,Gagnoa,Mobile Money,Nouveau,2023-09-17,Actif
4247,4247,M,38,36-45,Abidjan,Site Web,VIP,2024-06-24,Actif
4248,4248,F,27,26-35,Abidjan,Boutique,Régulier,2022-12-09,Inactif
4249,4249,F,33,26-35,Abidjan,Réseaux sociaux,Fidèle,2022-01-19,Actif
4250,4250,M,40,36-45,Abidjan,Partenaire,Fidèle,2023-12-28,Actif
4251,4251,F,44,36-45,Gagnoa,Site Web,Régulier,2023-08-06,Actif
4252,4252,F,35,26-35,Bouaké,Mobile Money,Occasionnel,2022-06-02,Actif
4253,4253,F,25,18-25,Abidjan,Mobile Money,Occasionnel,2022-02-23,Actif
4254,4254,M,28,26-35,Daloa,Réseaux sociaux,Régulier,2023-07-29,Actif
4255,4255,M,41,36-45,Korhogo,Mobile Money,Régulier,2023-11-03,Actif
4256,4256,F,22,18-25,Man,Réseaux sociaux,Occasionnel,2022-05-08,Actif
4257,4257,F,32,26-35,Man,Réseaux sociaux,Occasionnel,2023-10-19,Actif
4258,4258,F,29,26-35,Korhogo,Site Web,Régulier,2023-05-03,Actif
4259,4259,M,32,26-35,Bouaké,Site Web,Nouveau,2022-05-31,Actif
4260,4260,F,22,18-25,Abidjan,Partenaire,Occasionnel,2023-11-06,Actif
4261,4261,M,18,18-25,Man,Site Web,Occasionnel,2023-12-08,Actif
4262,4262,M,39,36-45,Abidjan,Site Web,Occasionnel,2022-06-20,Actif
4263,4263,F,44,36-45,Abidjan,Boutique,Occasionnel,2024-01-08,Actif
4264,4264,M,18,18-25,Abidjan,Boutique,Régulier,2022-09-01,Actif
4265,4265,M,38,36-45,Abidjan,Boutique,Régulier,2023-10-16,Inactif
4266,4266,F,45,36-45,Bouaké,Partenaire,Nouveau,2024-06-09,Inactif
4267,4267,F,40,36-45,Korhogo,Site Web,Occasionnel,2024-10-23,Actif
4268,4268,M,29,26-35,Abidjan,Site Web,Nouveau,2022-10-08,Actif
4269,4269,M,23,18-25,Bouaké,Mobile Money,Nouveau,2023-01-06,Actif
4270,4270,M,34,26-35,Abidjan,Réseaux sociaux,Nouveau,2022-04-15,Actif
4271,4271,M,36,36-45,Yamoussoukro,Boutique,Régulier,2024-11-27,Actif
4272,4272,F,35,26-35,Abidjan,Site Web,Régulier,2022-12-29,Actif
4273,4273,M,32,26-35,Abidjan,Mobile Money,Nouveau,2024-05-28,Inactif
4274,4274,M,22,18-25,Bouaké,Réseaux sociaux,Fidèle,2024-10-20,Actif
4275,4275,F,38,36-45,Abidjan,Site Web,Occasionnel,2023-06-05,Actif
4276,4276,F,39,36-45,Abidjan,Boutique,Régulier,2024-01-30,Actif
4277,4277,F,36,36-45,Abidjan,Mobile Money,Occasionnel,2023-06-02,Inactif
4278,4278,M,35,26-35,Abidjan,Mobile Money,Régulier,2023-09-23,Inactif
4279,4279,F,52,46-55,Yamoussoukro,Mobile Money,Occasionnel,2022-10-01,Actif
4280,4280,M,27,26-35,Abidjan,Mobile Money,Nouveau,2024-07-09,Actif
4281,4281,F,48,46-55,Abidjan,Boutique,Nouveau,2022-05-15,Actif
4282,4282,F,25,18-25,Korhogo,Boutique,Régulier,2023-12-24,Actif
4283,4283,M,46,46-55,Daloa,Boutique,Fidèle,2024-10-04,Actif
4284,4284,F,47,46-55,Abidjan,Site Web,Régulier,2024-06-07,Actif
4285,4285,M,30,26-35,Yamoussoukro,Boutique,Régulier,2024-04-10,Actif
4286,4286,F,52,46-55,Abidjan,Mobile Money,Nouveau,2023-12-21,Actif
4287,4287,M,39,36-45,Abidjan,Réseaux sociaux,Régulier,2024-11-01,Actif
4288,4288,F,24,18-25,Yamoussoukro,Boutique,Fidèle,2024-08-04,Actif
4289,4289,M,29,26-35,Abidjan,Site Web,Occasionnel,2022-10-29,Actif
4290,4290,M,46,46-55,Abidjan,Partenaire,Occasionnel,2023-11-15,Actif
4291,4291,F,44,36-45,Korhogo,Site Web,Nouveau,2023-04-15,Inactif
4292,4292,F,22,18-25,Daloa,Boutique,Nouveau,2022-10-18,Actif
4293,4293,F,32,26-35,Man,Boutique,Nouveau,2024-06-14,Actif
4294,4294,M,36,36-45,Korhogo,Réseaux sociaux,Régulier,2022-02-15,Actif
4295,4295,M,28,26-35,Abidjan,Réseaux sociaux,Régulier,2022-05-21,Actif
4296,4296,F,59,56+,Bouaké,Mobile Money,Nouveau,2022-04-26,Inactif
4297,4297,F,36,36-45,Abidjan,Site Web,Fidèle,2022-08-10,Actif
4298,4298,M,33,26-35,Yamoussoukro,Réseaux sociaux,Fidèle,2023-07-16,Actif
4299,4299,M,47,46-55,Abidjan,Réseaux sociaux,Occasionnel,2024-10-28,Actif
4300,4300,M,29,26-35,Abidjan,Mobile Money,VIP,2024-11-30,Actif
4301,4301,F,45,36-45,Abidjan,Boutique,Fidèle,2024-09-12,Actif
4302,4302,M,18,18-25,Daloa,Boutique,Nouveau,2024-04-11,Actif
4303,4303,M,29,26-35,Abidjan,Mobile Money,VIP,2023-05-19,Inactif
4304,4304,F,45,36-45,Bouaké,Site Web,Occasionnel,2024-04-29,Actif
4305,4305,F,51,46-55,San-Pédro,Boutique,Nouveau,2022-10-21,Actif
4306,4306,F,25,18-25,Daloa,Mobile Money,Nouveau,2023-12-28,Inactif
4307,4307,M,24,18-25,Abidjan,Mobile Money,Régulier,2022-01-10,Actif
4308,4308,F,40,36-45,Abidjan,Réseaux sociaux,VIP,2024-09-16,Inactif
4309,4309,M,27,26-35,Man,Réseaux sociaux,Occasionnel,2024-11-29,Actif
4310,4310,M,31,26-35,Bouaké,Réseaux sociaux,Occasionnel,2024-03-16,Actif
4311,4311,M,43,36-45,Abidjan,Réseaux sociaux,Nouveau,2022-07-11,Inactif
4312,4312,M,28,26-35,Divo,Partenaire,Fidèle,2022-10-10,Actif
4313,4313,F,18,18-25,Abidjan,Boutique,Nouveau,2024-03-21,Actif
4314,4314,M,19,18-25,Abidjan,Mobile Money,Occasionnel,2023-07-01,Actif
4315,4315,F,34,26-35,Abidjan,Réseaux sociaux,Occasionnel,2023-08-23,Actif
4316,4316,M,18,18-25,Abidjan,Site Web,Nouveau,2023-03-19,Actif
4317,4317,M,30,26-35,Abidjan,Boutique,Fidèle,2024-07-04,Actif
4318,4318,M,18,18-25,Yamoussoukro,Partenaire,VIP,2022-07-01,Inactif
4319,4319,M,52,46-55,Abidjan,Mobile Money,Occasionnel,2023-04-29,Actif
4320,4320,F,57,56+,Yamoussoukro,Réseaux sociaux,Régulier,2022-09-01,Actif
4321,4321,M,22,18-25,San-Pédro,Boutique,Fidèle,2024-01-28,Actif
4322,4322,M,36,36-45,Korhogo,Mobile Money,Nouveau,2022-11-09,Actif
4323,4323,M,23,18-25,Abidjan,Réseaux sociaux,Nouveau,2022-11-24,Actif
4324,4324,F,30,26-35,Daloa,Site Web,Régulier,2022-07-10,Actif
4325,4325,F,53,46-55,Abidjan,Site Web,Occasionnel,2024-08-03,Actif
4326,4326,M,28,26-35,Yamoussoukro,Site Web,Régulier,2022-08-26,Actif
4327,4327,F,30,26-35,Abidjan,Mobile Money,Occasionnel,2024-08-09,Inactif
4328,4328,M,23,18-25,Yamoussoukro,Mobile Money,Régulier,2024-09-30,Inactif
4329,4329,M,46,46-55,Abidjan,Mobile Money,Nouveau,2024-11-21,Actif
4330,4330,M,18,18-25,Bouaké,Mobile Money,Nouveau,2023-01-11,Actif
4331,4331,F,29,26-35,Abidjan,Mobile Money,Nouveau,2023-12-19,Actif
4332,4332,M,33,26-35,Abidjan,Boutique,Occasionnel,2024-06-25,Actif
4333,4333,F,26,26-35,Bouaké,Mobile Money,Régulier,2022-03-27,Actif
4334,4334,F,43,36-45,Abidjan,Boutique,Fidèle,2022-03-12,Actif
4335,4335,M,47,46-55,Yamoussoukro,Mobile Money,Occasionnel,2022-08-15,Actif
4336,4336,F,18,18-25,Yamoussoukro,Mobile Money,Régulier,2024-12-11,Actif
4337,4337,F,57,56+,Bouaké,Partenaire,Nouveau,2022-04-09,Actif
4338,4338,F,18,18-25,Daloa,Partenaire,Occasionnel,2024-04-17,Inactif
4339,4339,F,48,46-55,Daloa,Réseaux sociaux,Fidèle,2024-07-07,Actif
4340,4340,M,35,26-35,Man,Mobile Money,Nouveau,2024-09-19,Actif
4341,4341,F,28,26-35,Abidjan,Site Web,Régulier,2023-08-02,Actif
4342,4342,F,29,26-35,Bouaké,Mobile Money,Nouveau,2023-07-30,Actif
4343,4343,M,33,26-35,Daloa,Boutique,Nouveau,2024-03-23,Inactif
4344,4344,F,36,36-45,Abidjan,Réseaux sociaux,Régulier,2023-11-26,Actif
4345,4345,M,23,18-25,Abidjan,Boutique,Régulier,2024-05-11,Actif
4346,4346,M,31,26-35,Abidjan,Partenaire,Occasionnel,2023-01-31,Actif
4347,4347,M,25,18-25,Bouaké,Site Web,Fidèle,2024-10-19,Actif
4348,4348,M,20,18-25,Abidjan,Mobile Money,Fidèle,2023-04-19,Actif
4349,4349,F,25,18-25,Yamoussoukro,Mobile Money,Régulier,2022-09-29,Inactif
4350,4350,M,21,18-25,Bouaké,Réseaux sociaux,Nouveau,2024-04-02,Actif
4351,4351,F,29,26-35,Yamoussoukro,Boutique,Occasionnel,2023-11-11,Actif
4352,4352,F,38,36-45,Abidjan,Mobile Money,Régulier,2022-02-24,Actif
4353,4353,M,35,26-35,Daloa,Mobile Money,Régulier,2022-07-02,Inactif
4354,4354,F,55,46-55,Yamoussoukro,Partenaire,Occasionnel,2022-02-10,Actif
4355,4355,M,18,18-25,Abidjan,Mobile Money,Occasionnel,2023-09-23,Actif
4356,4356,M,39,36-45,Abidjan,Partenaire,Nouveau,2024-08-16,Actif
4357,4357,M,34,26-35,Abidjan,Site Web,Nouveau,2022-12-20,Actif
4358,4358,F,42,36-45,Man,Mobile Money,Occasionnel,2022-05-01,Actif
4359,4359,F,41,36-45,Abidjan,Boutique,Fidèle,2024-07-21,Actif
4360,4360,M,32,26-35,Abidjan,Site Web,Régulier,2024-02-29,Inactif
4361,4361,F,35,26-35,Abidjan,Boutique,VIP,2023-08-20,Actif
4362,4362,M,25,18-25,Abidjan,Mobile Money,Régulier,2022-08-07,Actif
4363,4363,M,40,36-45,Abidjan,Mobile Money,Nouveau,2024-01-07,Actif
4364,4364,M,18,18-25,Daloa,Réseaux sociaux,Régulier,2023-02-05,Actif
4365,4365,M,42,36-45,Abidjan,Site Web,Fidèle,2022-09-26,Actif
4366,4366,F,33,26-35,San-Pédro,Boutique,Régulier,2022-11-18,Inactif
4367,4367,F,28,26-35,Abidjan,Mobile Money,Occasionnel,2022-03-09,Actif
4368,4368,M,31,26-35,Abidjan,Boutique,Régulier,2023-06-21,Actif
4369,4369,F,32,26-35,Daloa,Site Web,Nouveau,2024-04-04,Actif
4370,4370,F,48,46-55,Yamoussoukro,Mobile Money,Nouveau,2024-06-24,Actif
4371,4371,F,69,56+,San-Pédro,Partenaire,Nouveau,2024-03-03,Actif
4372,4372,F,47,46-55,Abidjan,Réseaux sociaux,Occasionnel,2024-08-16,Actif
4373,4373,F,27,26-35,Abidjan,Mobile Money,Fidèle,2024-11-21,Actif
4374,4374,F,40,36-45,Yamoussoukro,Réseaux sociaux,Nouveau,2022-09-01,Actif
4375,4375,M,41,36-45,Abidjan,Site Web,Nouveau,2023-04-20,Actif
4376,4376,F,23,18-25,San-Pédro,Site Web,Régulier,2023-01-05,Actif
4377,4377,M,20,18-25,Abidjan,Mobile Money,Fidèle,2024-01-20,Actif
4378,4378,F,33,26-35,Abidjan,Réseaux sociaux,Occasionnel,2024-07-05,Actif
4379,4379,M,42,36-45,Daloa,Boutique,Occasionnel,2024-09-01,Inactif
4380,4380,F,18,18-25,Yamoussoukro,Réseaux sociaux,Occasionnel,2022-04-09,Actif
4381,4381,M,26,26-35,Korhogo,Mobile Money,Régulier,2023-07-18,Actif
4382,4382,F,40,36-45,Korhogo,Mobile Money,Fidèle,2022-05-09,Actif
4383,4383,F,34,26-35,Abidjan,Partenaire,Nouveau,2022-12-28,Actif
4384,4384,F,49,46-55,Bouaké,Boutique,Fidèle,2023-06-10,Actif
4385,4385,M,18,18-25,Abengourou,Mobile Money,Régulier,2023-11-10,Inactif
4386,4386,M,59,56+,Abidjan,Réseaux sociaux,Régulier,2024-05-15,Inactif
4387,4387,F,18,18-25,Abidjan,Mobile Money,Nouveau,2024-12-25,Actif
4388,4388,F,18,18-25,Man,Réseaux sociaux,Fidèle,2023-01-03,Actif
4389,4389,M,33,26-35,Abidjan,Réseaux sociaux,Occasionnel,2023-09-05,Actif
4390,4390,M,21,18-25,Man,Mobile Money,Occasionnel,2022-03-18,Actif
4391,4391,F,33,26-35,Abidjan,Boutique,Occasionnel,2022-05-03,Actif
4392,4392,M,33,26-35,Korhogo,Partenaire,Nouveau,2024-11-25,Inactif
4393,4393,F,31,26-35,Bouaké,Partenaire,Nouveau,2024-10-24,Actif
4394,4394,M,24,18-25,Yamoussoukro,Boutique,Nouveau,2024-10-25,Actif
4395,4395,F,38,36-45,Daloa,Site Web,Nouveau,2022-10-14,Inactif
4396,4396,F,30,26-35,Abidjan,Site Web,Occasionnel,2023-12-15,Actif
4397,4397,F,46,46-55,Bouaké,Mobile Money,Régulier,2022-09-08,Actif
4398,4398,M,32,26-35,Man,Site Web,Régulier,2024-01-17,Inactif
4399,4399,F,23,18-25,Divo,Mobile Money,Occasionnel,2023-06-15,Actif
4400,4400,M,18,18-25,Gagnoa,Mobile Money,Nouveau,2024-10-19,Actif
4401,4401,M,32,26-35,Bouaké,Boutique,Occasionnel,2023-02-14,Actif
4402,4402,M,20,18-25,Bouaké,Réseaux sociaux,Régulier,2023-12-07,Actif
4403,4403,F,19,18-25,Bouaké,Mobile Money,Régulier,2023-12-23,Actif
4404,4404,F,39,36-45,Bouaké,Mobile Money,Nouveau,2024-05-13,Inactif
4405,4405,F,18,18-25,Bouaké,Mobile Money,Fidèle,2022-02-26,Actif
4406,4406,M,49,46-55,Abidjan,Mobile Money,Régulier,2023-05-23,Actif
4407,4407,M,35,26-35,Abidjan,Partenaire,Fidèle,2023-05-11,Inactif
4408,4408,F,33,26-35,Bouaké,Boutique,Régulier,2022-09-07,Inactif
4409,4409,M,22,18-25,Abidjan,Mobile Money,Occasionnel,2024-05-31,Inactif
4410,4410,F,42,36-45,Abidjan,Partenaire,Fidèle,2024-06-30,Inactif
4411,4411,F,33,26-35,Abidjan,Mobile Money,Fidèle,2022-03-31,Inactif
4412,4412,F,26,26-35,San-Pédro,Boutique,Fidèle,2024-01-20,Inactif
4413,4413,M,36,36-45,Gagnoa,Réseaux sociaux,Fidèle,2024-08-01,Actif
4414,4414,F,18,18-25,Bouaké,Site Web,Fidèle,2022-11-14,Actif
4415,4415,F,18,18-25,Divo,Mobile Money,Régulier,2023-11-24,Actif
4416,4416,M,21,18-25,Korhogo,Site Web,Nouveau,2023-11-14,Actif
4417,4417,M,37,36-45,Abidjan,Site Web,Occasionnel,2022-01-21,Actif
4418,4418,F,33,26-35,Abidjan,Site Web,Régulier,2024-06-13,Actif
4419,4419,F,45,36-45,Abidjan,Mobile Money,Régulier,2024-04-01,Actif
4420,4420,F,23,18-25,Abidjan,Réseaux sociaux,Occasionnel,2022-10-24,Actif
4421,4421,F,40,36-45,Bouaké,Boutique,Occasionnel,2022-12-10,Actif
4422,4422,F,32,26-35,Abidjan,Site Web,VIP,2024-04-21,Actif
4423,4423,M,23,18-25,Man,Partenaire,Occasionnel,2024-05-27,Actif
4424,4424,F,38,36-45,Bouaké,Réseaux sociaux,Nouveau,2022-03-21,Actif
4425,4425,M,33,26-35,Abidjan,Site Web,Régulier,2023-01-29,Actif
4426,4426,F,27,26-35,Abengourou,Mobile Money,Occasionnel,2023-11-16,Actif
4427,4427,F,34,26-35,Divo,Mobile Money,Nouveau,2022-05-20,Actif
4428,4428,F,32,26-35,Daloa,Boutique,Régulier,2024-12-29,Inactif
4429,4429,F,32,26-35,Daloa,Mobile Money,VIP,2022-08-17,Actif
4430,4430,F,29,26-35,Gagnoa,Site Web,Nouveau,2024-08-06,Inactif
4431,4431,F,19,18-25,Bouaké,Site Web,Occasionnel,2022-03-12,Inactif
4432,4432,M,34,26-35,Korhogo,Boutique,Occasionnel,2024-08-16,Inactif
4433,4433,M,25,18-25,Abidjan,Mobile Money,Régulier,2022-02-13,Inactif
4434,4434,F,22,18-25,Bouaké,Réseaux sociaux,Occasionnel,2024-01-15,Actif
4435,4435,M,31,26-35,Abidjan,Boutique,Occasionnel,2023-01-30,Actif
4436,4436,M,42,36-45,Abidjan,Boutique,Régulier,2023-05-20,Actif
4437,4437,M,36,36-45,Abidjan,Boutique,VIP,2022-04-29,Actif
4438,4438,F,28,26-35,Abidjan,Mobile Money,Nouveau,2024-01-12,Actif
4439,4439,F,27,26-35,Abidjan,Site Web,Occasionnel,2023-11-13,Inactif
4440,4440,F,40,36-45,Abidjan,Mobile Money,Régulier,2022-12-18,Actif
4441,4441,F,18,18-25,Abidjan,Boutique,Nouveau,2023-06-02,Actif
4442,4442,F,42,36-45,San-Pédro,Mobile Money,Régulier,2023-08-29,Inactif
4443,4443,M,18,18-25,Bouaké,Mobile Money,Occasionnel,2024-01-24,Actif
4444,4444,M,18,18-25,Yamoussoukro,Mobile Money,Nouveau,2023-08-14,Actif
4445,4445,F,28,26-35,Abidjan,Mobile Money,Nouveau,2022-03-06,Actif
4446,4446,F,57,56+,San-Pédro,Réseaux sociaux,Nouveau,2023-08-19,Actif
4447,4447,F,52,46-55,Abidjan,Réseaux sociaux,Régulier,2023-01-17,Actif
4448,4448,F,41,36-45,Abidjan,Mobile Money,Régulier,2023-03-28,Actif
4449,4449,M,37,36-45,Abidjan,Mobile Money,Régulier,2023-02-10,Actif
4450,4450,F,18,18-25,Man,Site Web,Régulier,2023-01-22,Actif
4451,4451,M,35,26-35,Abengourou,Mobile Money,Occasionnel,2022-09-16,Actif
4452,4452,M,27,26-35,Daloa,Boutique,Fidèle,2022-12-28,Actif
4453,4453,M,25,18-25,Yamoussoukro,Mobile Money,Fidèle,2024-02-20,Actif
4454,4454,M,35,26-35,Abidjan,Boutique,Nouveau,2022-09-04,Actif
4455,4455,M,28,26-35,Yamoussoukro,Partenaire,Régulier,2024-04-11,Inactif
4456,4456,F,43,36-45,Abidjan,Mobile Money,Régulier,2023-04-26,Actif
4457,4457,F,18,18-25,Abidjan,Partenaire,Occasionnel,2023-10-31,Actif
4458,4458,M,34,26-35,Abengourou,Réseaux sociaux,Nouveau,2022-05-09,Actif
4459,4459,F,24,18-25,Gagnoa,Partenaire,Nouveau,2022-08-15,Actif
4460,4460,M,29,26-35,Abidjan,Site Web,VIP,2024-09-14,Inactif
4461,4461,F,37,36-45,Abidjan,Réseaux sociaux,Régulier,2024-06-28,Inactif
4462,4462,F,21,18-25,Abidjan,Boutique,Régulier,2022-03-18,Actif
4463,4463,F,35,26-35,Abidjan,Réseaux sociaux,Fidèle,2024-09-16,Actif
4464,4464,M,31,26-35,Abidjan,Mobile Money,Nouveau,2024-07-05,Actif
4465,4465,F,26,26-35,Bouaké,Site Web,VIP,2022-05-31,Actif
4466,4466,F,28,26-35,Abidjan,Site Web,Occasionnel,2022-09-22,Actif
4467,4467,F,32,26-35,Abidjan,Mobile Money,Régulier,2022-07-14,Actif
4468,4468,M,25,18-25,Abidjan,Mobile Money,Nouveau,2024-07-23,Inactif
4469,4469,M,34,26-35,Daloa,Mobile Money,Nouveau,2024-07-23,Actif
4470,4470,F,30,26-35,Abidjan,Boutique,Occasionnel,2024-02-28,Inactif
4471,4471,M,27,26-35,Abidjan,Mobile Money,Nouveau,2022-10-01,Actif
4472,4472,F,51,46-55,Yamoussoukro,Mobile Money,Nouveau,2024-10-05,Inactif
4473,4473,M,38,36-45,Daloa,Mobile Money,Nouveau,2024-07-16,Inactif
4474,4474,F,29,26-35,Abidjan,Boutique,Régulier,2024-08-10,Actif
4475,4475,F,35,26-35,Daloa,Mobile Money,Fidèle,2023-01-30,Actif
4476,4476,M,22,18-25,Abidjan,Mobile Money,Nouveau,2024-02-07,Actif
4477,4477,M,29,26-35,Bouaké,Mobile Money,Nouveau,2024-01-10,Actif
4478,4478,F,30,26-35,Abidjan,Boutique,Occasionnel,2022-06-16,Actif
4479,4479,M,20,18-25,Man,Mobile Money,Régulier,2023-10-01,Inactif
4480,4480,M,38,36-45,Abengourou,Partenaire,Régulier,2023-08-25,Actif
4481,4481,F,28,26-35,Daloa,Mobile Money,VIP,2023-10-03,Inactif
4482,4482,M,30,26-35,Man,Mobile Money,Nouveau,2023-01-08,Actif
4483,4483,M,27,26-35,Abidjan,Boutique,Occasionnel,2024-01-03,Actif
4484,4484,F,66,56+,Yamoussoukro,Réseaux sociaux,Fidèle,2024-08-27,Actif
4485,4485,M,26,26-35,Abidjan,Boutique,Régulier,2023-10-25,Actif
4486,4486,F,18,18-25,Abidjan,Mobile Money,Occasionnel,2024-08-13,Actif
4487,4487,M,18,18-25,Abidjan,Boutique,Fidèle,2024-04-24,Actif
4488,4488,F,42,36-45,Daloa,Boutique,Nouveau,2022-12-10,Actif
4489,4489,F,48,46-55,Yamoussoukro,Boutique,Nouveau,2024-03-16,Actif
4490,4490,M,26,26-35,Korhogo,Partenaire,Nouveau,2024-01-06,Actif
4491,4491,M,48,46-55,Bouaké,Partenaire,Fidèle,2024-10-30,Actif
4492,4492,M,42,36-45,Man,Boutique,Fidèle,2023-01-06,Actif
4493,4493,M,31,26-35,Korhogo,Mobile Money,Nouveau,2022-06-29,Actif
4494,4494,F,31,26-35,San-Pédro,Boutique,Occasionnel,2024-01-13,Actif
4495,4495,F,35,26-35,Abidjan,Partenaire,Occasionnel,2023-11-24,Actif
4496,4496,F,43,36-45,Abidjan,Partenaire,Nouveau,2023-11-04,Actif
4497,4497,F,38,36-45,Daloa,Mobile Money,Fidèle,2024-03-21,Actif
4498,4498,F,26,26-35,Gagnoa,Mobile Money,Occasionnel,2023-07-14,Actif
4499,4499,M,32,26-35,Abidjan,Mobile Money,Fidèle,2022-02-03,Actif
4500,4500,M,55,46-55,Abidjan,Réseaux sociaux,Régulier,2024-08-19,Inactif
4501,4501,F,36,36-45,Abidjan,Boutique,Nouveau,2022-10-31,Actif
4502,4502,F,43,36-45,Abidjan,Mobile Money,Régulier,2022-09-27,Actif
4503,4503,M,39,36-45,San-Pédro,Mobile Money,Régulier,2024-06-10,Actif
4504,4504,F,37,36-45,Abidjan,Mobile Money,Nouveau,2024-05-23,Inactif
4505,4505,F,35,26-35,Abidjan,Réseaux sociaux,Nouveau,2023-07-08,Actif
4506,4506,F,43,36-45,Yamoussoukro,Boutique,Fidèle,2024-01-26,Inactif
4507,4507,F,41,36-45,Abidjan,Mobile Money,Régulier,2022-03-30,Inactif
4508,4508,F,36,36-45,Abidjan,Site Web,Régulier,2022-11-04,Actif
4509,4509,M,26,26-35,Bouaké,Site Web,Nouveau,2022-09-23,Actif
4510,4510,F,38,36-45,Abidjan,Site Web,Régulier,2023-04-07,Actif
4511,4511,M,33,26-35,Abengourou,Réseaux sociaux,Régulier,2023-01-27,Inactif
4512,4512,F,30,26-35,Daloa,Mobile Money,Nouveau,2022-03-17,Inactif
4513,4513,M,63,56+,Abengourou,Mobile Money,Nouveau,2024-01-25,Inactif
4514,4514,F,18,18-25,Abidjan,Mobile Money,Occasionnel,2023-10-17,Inactif
4515,4515,F,44,36-45,Daloa,Site Web,Régulier,2023-02-20,Actif
4516,4516,F,24,18-25,Bouaké,Partenaire,Nouveau,2024-08-30,Actif
4517,4517,F,35,26-35,Yamoussoukro,Mobile Money,Fidèle,2023-01-31,Actif
4518,4518,F,62,56+,Abidjan,Site Web,Nouveau,2022-05-10,Actif
4519,4519,M,23,18-25,Abidjan,Site Web,Fidèle,2024-07-17,Actif
4520,4520,F,26,26-35,Abidjan,Partenaire,Nouveau,2022-05-25,Actif
4521,4521,F,33,26-35,San-Pédro,Boutique,Régulier,2022-03-20,Actif
4522,4522,F,24,18-25,San-Pédro,Mobile Money,Occasionnel,2023-06-04,Actif
4523,4523,M,43,36-45,Abidjan,Site Web,Régulier,2023-09-27,Actif
4524,4524,M,28,26-35,Bouaké,Réseaux sociaux,VIP,2022-11-04,Actif
4525,4525,M,41,36-45,Daloa,Site Web,Nouveau,2024-07-07,Actif
4526,4526,M,19,18-25,Bouaké,Réseaux sociaux,Nouveau,2022-10-31,Actif
4527,4527,M,18,18-25,Abidjan,Boutique,Nouveau,2024-11-21,Actif
4528,4528,M,31,26-35,Korhogo,Site Web,Occasionnel,2023-12-01,Actif
4529,4529,F,18,18-25,Bouaké,Mobile Money,Régulier,2022-07-22,Actif
4530,4530,M,50,46-55,Yamoussoukro,Boutique,Nouveau,2023-03-26,Actif
4531,4531,M,18,18-25,Yamoussoukro,Mobile Money,Régulier,2022-03-25,Actif
4532,4532,F,22,18-25,Yamoussoukro,Mobile Money,Occasionnel,2024-07-13,Actif
4533,4533,M,38,36-45,Abidjan,Mobile Money,Fidèle,2023-12-11,Actif
4534,4534,F,27,26-35,Man,Site Web,Occasionnel,2023-04-15,Actif
4535,4535,F,18,18-25,Abidjan,Réseaux sociaux,VIP,2024-01-14,Inactif
4536,4536,F,56,56+,San-Pédro,Mobile Money,Occasionnel,2023-11-05,Actif
4537,4537,M,22,18-25,Korhogo,Boutique,VIP,2023-10-19,Actif
4538,4538,M,31,26-35,Yamoussoukro,Mobile Money,Régulier,2023-03-12,Inactif
4539,4539,F,31,26-35,Bouaké,Boutique,Nouveau,2023-01-20,Actif
4540,4540,F,41,36-45,Abidjan,Mobile Money,Régulier,2022-10-08,Actif
4541,4541,F,39,36-45,Abidjan,Boutique,Occasionnel,2024-05-11,Actif
4542,4542,F,24,18-25,Bouaké,Réseaux sociaux,Nouveau,2023-06-01,Actif
4543,4543,M,30,26-35,Abidjan,Boutique,Occasionnel,2023-05-29,Actif
4544,4544,F,31,26-35,Abidjan,Site Web,Fidèle,2024-02-28,Actif
4545,4545,F,42,36-45,Abengourou,Site Web,Régulier,2023-08-05,Actif
4546,4546,F,21,18-25,Abidjan,Mobile Money,Nouveau,2024-11-09,Actif
4547,4547,M,56,56+,Abidjan,Boutique,Fidèle,2022-09-21,Inactif
4548,4548,F,25,18-25,Abidjan,Mobile Money,Occasionnel,2022-02-16,Actif
4549,4549,M,33,26-35,Bouaké,Boutique,Nouveau,2023-04-07,Inactif
4550,4550,F,21,18-25,Abidjan,Réseaux sociaux,Nouveau,2023-08-06,Actif
4551,4551,F,19,18-25,Daloa,Boutique,Nouveau,2024-06-18,Actif
4552,4552,M,24,18-25,Abidjan,Boutique,Régulier,2023-11-28,Actif
4553,4553,F,23,18-25,Abidjan,Mobile Money,Nouveau,2024-10-25,Actif
4554,4554,M,29,26-35,Abidjan,Mobile Money,Nouveau,2022-04-04,Actif
4555,4555,F,23,18-25,Abidjan,Partenaire,Occasionnel,2023-08-12,Actif
4556,4556,M,41,36-45,San-Pédro,Mobile Money,Fidèle,2024-06-26,Actif
4557,4557,M,25,18-25,Abidjan,Site Web,Régulier,2023-07-04,Actif
4558,4558,M,24,18-25,Abidjan,Mobile Money,Occasionnel,2022-10-30,Actif
4559,4559,F,29,26-35,Abidjan,Mobile Money,Régulier,2024-04-21,Actif
4560,4560,M,44,36-45,Abidjan,Mobile Money,Nouveau,2024-08-16,Actif
4561,4561,M,36,36-45,Abidjan,Réseaux sociaux,Fidèle,2022-10-11,Actif
4562,4562,F,32,26-35,Abidjan,Mobile Money,Nouveau,2023-08-29,Actif
4563,4563,F,18,18-25,Divo,Site Web,Nouveau,2024-05-31,Actif
4564,4564,M,21,18-25,Abidjan,Mobile Money,Occasionnel,2022-06-16,Actif
4565,4565,F,19,18-25,Bouaké,Site Web,Nouveau,2022-01-13,Inactif
4566,4566,M,48,46-55,Yamoussoukro,Boutique,Nouveau,2024-03-20,Actif
4567,4567,M,39,36-45,Abidjan,Site Web,Régulier,2024-04-03,Actif
4568,4568,F,24,18-25,Bouaké,Mobile Money,Occasionnel,2022-06-22,Inactif
4569,4569,M,27,26-35,Korhogo,Mobile Money,Nouveau,2023-10-16,Actif
4570,4570,M,24,18-25,Daloa,Réseaux sociaux,Régulier,2024-02-28,Actif
4571,4571,F,24,18-25,Man,Boutique,Régulier,2024-11-20,Actif
4572,4572,M,39,36-45,Yamoussoukro,Mobile Money,Fidèle,2024-06-03,Actif
4573,4573,F,30,26-35,Abidjan,Boutique,Nouveau,2022-08-29,Actif
4574,4574,F,56,56+,Man,Mobile Money,Fidèle,2023-09-23,Inactif
4575,4575,M,47,46-55,Abidjan,Boutique,Régulier,2024-03-13,Actif
4576,4576,F,48,46-55,Bouaké,Boutique,Occasionnel,2022-10-24,Actif
4577,4577,M,41,36-45,Daloa,Mobile Money,Nouveau,2022-06-28,Actif
4578,4578,F,29,26-35,Korhogo,Boutique,Occasionnel,2023-04-24,Actif
4579,4579,F,40,36-45,Man,Site Web,Nouveau,2024-02-27,Inactif
4580,4580,F,30,26-35,Abidjan,Partenaire,Régulier,2023-08-02,Inactif
4581,4581,M,51,46-55,Yamoussoukro,Site Web,Régulier,2023-10-24,Inactif
4582,4582,M,38,36-45,Abidjan,Boutique,Nouveau,2023-12-31,Actif
4583,4583,M,36,36-45,Daloa,Site Web,Nouveau,2024-11-12,Inactif
4584,4584,M,35,26-35,Yamoussoukro,Mobile Money,Fidèle,2023-11-26,Actif
4585,4585,M,53,46-55,Abidjan,Site Web,Occasionnel,2022-05-28,Actif
4586,4586,M,18,18-25,San-Pédro,Mobile Money,Occasionnel,2023-03-15,Actif
4587,4587,F,54,46-55,Abidjan,Mobile Money,VIP,2022-07-06,Actif
4588,4588,M,31,26-35,Abidjan,Site Web,Nouveau,2024-04-10,Actif
4589,4589,M,18,18-25,Gagnoa,Mobile Money,Régulier,2024-12-27,Actif
4590,4590,M,25,18-25,Yamoussoukro,Site Web,Régulier,2024-04-24,Inactif
4591,4591,F,18,18-25,Bouaké,Site Web,Nouveau,2022-09-27,Actif
4592,4592,F,41,36-45,Abidjan,Mobile Money,Nouveau,2024-02-02,Actif
4593,4593,M,22,18-25,Abidjan,Boutique,Fidèle,2022-01-24,Actif
4594,4594,F,35,26-35,Abidjan,Site Web,Nouveau,2022-10-26,Actif
4595,4595,F,46,46-55,Abidjan,Site Web,Nouveau,2022-11-29,Actif
4596,4596,M,26,26-35,Abidjan,Réseaux sociaux,Occasionnel,2023-05-29,Actif
4597,4597,F,31,26-35,Abidjan,Mobile Money,Régulier,2022-12-17,Actif
4598,4598,F,19,18-25,Yamoussoukro,Réseaux sociaux,Occasionnel,2023-04-19,Actif
4599,4599,F,29,26-35,Abidjan,Boutique,Nouveau,2022-01-11,Inactif
4600,4600,F,62,56+,Bouaké,Mobile Money,Occasionnel,2024-06-13,Inactif
4601,4601,M,42,36-45,Man,Site Web,Occasionnel,2023-03-10,Actif
4602,4602,M,31,26-35,Abidjan,Mobile Money,Régulier,2024-06-03,Actif
4603,4603,M,27,26-35,Yamoussoukro,Mobile Money,Fidèle,2022-03-05,Actif
4604,4604,M,33,26-35,Abidjan,Mobile Money,Nouveau,2024-08-06,Actif
4605,4605,M,35,26-35,Abidjan,Réseaux sociaux,Régulier,2023-11-17,Actif
4606,4606,F,29,26-35,Daloa,Réseaux sociaux,Régulier,2022-09-11,Actif
4607,4607,M,39,36-45,Abidjan,Partenaire,Régulier,2024-04-04,Actif
4608,4608,F,23,18-25,Abidjan,Mobile Money,Occasionnel,2024-03-30,Actif
4609,4609,F,23,18-25,Korhogo,Boutique,Nouveau,2024-03-06,Inactif
4610,4610,M,38,36-45,Abidjan,Réseaux sociaux,Régulier,2024-08-11,Actif
4611,4611,M,21,18-25,Yamoussoukro,Mobile Money,Régulier,2024-11-10,Actif
4612,4612,F,42,36-45,Bouaké,Boutique,Régulier,2022-07-02,Inactif
4613,4613,M,33,26-35,Abidjan,Mobile Money,Nouveau,2022-11-06,Actif
4614,4614,F,18,18-25,Daloa,Boutique,Nouveau,2022-02-13,Actif
4615,4615,F,35,26-35,Abidjan,Site Web,Nouveau,2022-03-14,Actif
4616,4616,F,18,18-25,Abidjan,Mobile Money,Nouveau,2022-04-26,Actif
4617,4617,F,41,36-45,Divo,Mobile Money,Nouveau,2024-01-28,Actif
4618,4618,M,31,26-35,Abidjan,Site Web,Nouveau,2023-10-26,Actif
4619,4619,F,54,46-55,Daloa,Site Web,Nouveau,2022-02-08,Actif
4620,4620,F,45,36-45,Abidjan,Mobile Money,Nouveau,2023-04-07,Actif
4621,4621,F,22,18-25,Abidjan,Mobile Money,VIP,2022-05-01,Actif
4622,4622,M,18,18-25,Daloa,Partenaire,Occasionnel,2022-08-02,Actif
4623,4623,M,25,18-25,Yamoussoukro,Site Web,Nouveau,2022-03-02,Actif
4624,4624,M,20,18-25,Abidjan,Boutique,Régulier,2023-08-02,Actif
4625,4625,F,54,46-55,Daloa,Site Web,Occasionnel,2022-03-30,Actif
4626,4626,M,33,26-35,Abidjan,Partenaire,Nouveau,2024-05-10,Inactif
4627,4627,M,44,36-45,Abidjan,Mobile Money,Occasionnel,2024-10-17,Actif
4628,4628,F,30,26-35,Daloa,Mobile Money,Nouveau,2024-07-26,Actif
4629,4629,F,32,26-35,Bouaké,Boutique,Occasionnel,2024-06-20,Actif
4630,4630,F,33,26-35,Abidjan,Réseaux sociaux,Nouveau,2024-04-03,Actif
4631,4631,F,46,46-55,Daloa,Mobile Money,Occasionnel,2024-09-24,Actif
4632,4632,F,37,36-45,Abidjan,Mobile Money,Nouveau,2024-08-27,Actif
4633,4633,F,22,18-25,Man,Mobile Money,Nouveau,2022-08-25,Actif
4634,4634,F,51,46-55,San-Pédro,Site Web,Régulier,2023-10-24,Inactif
4635,4635,M,30,26-35,Abidjan,Site Web,Nouveau,2022-12-02,Actif
4636,4636,F,28,26-35,Abidjan,Boutique,Occasionnel,2024-07-05,Actif
4637,4637,F,18,18-25,Divo,Mobile Money,Nouveau,2022-01-12,Actif
4638,4638,M,40,36-45,Korhogo,Site Web,Régulier,2023-04-02,Actif
4639,4639,F,35,26-35,Abidjan,Mobile Money,Occasionnel,2023-02-20,Actif
4640,4640,F,35,26-35,Abidjan,Site Web,Régulier,2024-07-22,Actif
4641,4641,F,29,26-35,Abidjan,Mobile Money,Occasionnel,2022-11-19,Actif
4642,4642,F,27,26-35,Korhogo,Réseaux sociaux,VIP,2024-09-07,Actif
4643,4643,F,29,26-35,Man,Boutique,Nouveau,2023-06-28,Actif
4644,4644,F,39,36-45,San-Pédro,Site Web,Régulier,2024-01-22,Actif
4645,4645,F,41,36-45,Abidjan,Mobile Money,Occasionnel,2023-08-05,Actif
4646,4646,M,31,26-35,Korhogo,Mobile Money,Occasionnel,2023-04-17,Actif
4647,4647,M,44,36-45,Abidjan,Site Web,Régulier,2022-11-30,Actif
4648,4648,F,33,26-35,Abidjan,Boutique,VIP,2022-11-05,Inactif
4649,4649,F,28,26-35,Abidjan,Site Web,Régulier,2023-12-03,Actif
4650,4650,F,36,36-45,Abidjan,Boutique,Nouveau,2022-12-23,Inactif
4651,4651,M,19,18-25,Bouaké,Boutique,Occasionnel,2024-08-04,Actif
4652,4652,M,36,36-45,Abidjan,Réseaux sociaux,Nouveau,2022-05-25,Actif
4653,4653,F,18,18-25,Abidjan,Boutique,Régulier,2022-08-24,Actif
4654,4654,F,22,18-25,San-Pédro,Réseaux sociaux,Occasionnel,2022-02-21,Actif
4655,4655,F,18,18-25,Abidjan,Boutique,Nouveau,2024-08-03,Actif
4656,4656,M,32,26-35,Abidjan,Mobile Money,Nouveau,2023-03-30,Actif
4657,4657,M,51,46-55,Abidjan,Site Web,Fidèle,2022-02-08,Actif
4658,4658,F,32,26-35,Abidjan,Mobile Money,Nouveau,2022-02-16,Actif
4659,4659,M,41,36-45,Abidjan,Mobile Money,Nouveau,2024-10-02,Inactif
4660,4660,F,59,56+,Yamoussoukro,Mobile Money,Nouveau,2024-08-22,Actif
4661,4661,M,38,36-45,Abidjan,Boutique,Occasionnel,2022-10-31,Inactif
4662,4662,M,25,18-25,Abidjan,Site Web,Nouveau,2023-12-13,Inactif
4663,4663,F,27,26-35,San-Pédro,Mobile Money,Régulier,2022-10-04,Actif
4664,4664,F,34,26-35,Abidjan,Mobile Money,Nouveau,2024-07-12,Actif
4665,4665,M,27,26-35,Daloa,Mobile Money,Nouveau,2024-02-23,Actif
4666,4666,F,27,26-35,Abidjan,Mobile Money,Nouveau,2023-05-02,Actif
4667,4667,M,44,36-45,Man,Mobile Money,Nouveau,2024-10-13,Inactif
4668,4668,F,45,36-45,Abidjan,Mobile Money,Régulier,2022-09-03,Inactif
4669,4669,M,18,18-25,Bouaké,Réseaux sociaux,Nouveau,2024-12-27,Actif
4670,4670,F,25,18-25,Bouaké,Site Web,Régulier,2022-11-14,Actif
4671,4671,F,28,26-35,Bouaké,Mobile Money,Occasionnel,2024-08-31,Actif
4672,4672,F,40,36-45,San-Pédro,Mobile Money,Nouveau,2024-07-24,Actif
4673,4673,F,46,46-55,Abidjan,Mobile Money,Nouveau,2023-09-09,Actif
4674,4674,F,63,56+,Abidjan,Boutique,Occasionnel,2022-05-14,Actif
4675,4675,M,28,26-35,Korhogo,Boutique,Occasionnel,2024-04-02,Actif
4676,4676,F,29,26-35,Korhogo,Réseaux sociaux,Occasionnel,2024-02-04,Actif
4677,4677,F,40,36-45,Abidjan,Site Web,Régulier,2024-08-05,Actif
4678,4678,F,26,26-35,Bouaké,Boutique,Nouveau,2022-09-05,Inactif
4679,4679,F,32,26-35,Daloa,Mobile Money,Occasionnel,2022-09-20,Actif
4680,4680,M,29,26-35,Daloa,Site Web,Occasionnel,2023-01-22,Actif
4681,4681,M,18,18-25,Korhogo,Partenaire,Nouveau,2023-02-08,Actif
4682,4682,F,35,26-35,San-Pédro,Mobile Money,Occasionnel,2022-01-04,Actif
4683,4683,M,31,26-35,Abidjan,Réseaux sociaux,Occasionnel,2022-06-18,Actif
4684,4684,M,47,46-55,Bouaké,Mobile Money,Occasionnel,2023-06-09,Actif
4685,4685,M,34,26-35,Abidjan,Site Web,Régulier,2024-11-24,Actif
4686,4686,F,20,18-25,Abidjan,Mobile Money,Nouveau,2022-05-21,Actif
4687,4687,F,31,26-35,San-Pédro,Site Web,Occasionnel,2022-09-22,Actif
4688,4688,F,18,18-25,Bouaké,Mobile Money,Régulier,2024-07-30,Actif
4689,4689,M,20,18-25,Abidjan,Boutique,Occasionnel,2022-02-12,Actif
4690,4690,M,40,36-45,Yamoussoukro,Site Web,Régulier,2022-04-18,Actif
4691,4691,F,31,26-35,Abidjan,Site Web,Occasionnel,2024-09-01,Actif
4692,4692,F,44,36-45,Abidjan,Site Web,Occasionnel,2022-10-02,Inactif
4693,4693,M,18,18-25,Bouaké,Mobile Money,Nouveau,2022-12-04,Actif
4694,4694,M,31,26-35,Daloa,Site Web,Régulier,2022-01-17,Actif
4695,4695,F,28,26-35,Abidjan,Mobile Money,Occasionnel,2023-03-21,Inactif
4696,4696,M,44,36-45,Abidjan,Site Web,Nouveau,2024-12-23,Actif
4697,4697,F,41,36-45,Bouaké,Mobile Money,Nouveau,2024-12-15,Inactif
4698,4698,F,41,36-45,Abidjan,Boutique,Nouveau,2023-12-04,Actif
4699,4699,M,50,46-55,Man,Boutique,Occasionnel,2024-01-10,Actif
4700,4700,M,29,26-35,Abidjan,Partenaire,Nouveau,2023-12-06,Inactif
4701,4701,M,48,46-55,Korhogo,Site Web,Fidèle,2024-01-31,Actif
4702,4702,F,22,18-25,Abidjan,Mobile Money,Fidèle,2023-07-23,Actif
4703,4703,F,22,18-25,Abidjan,Site Web,VIP,2022-08-14,Actif
4704,4704,F,42,36-45,Abidjan,Mobile Money,Nouveau,2024-08-08,Actif
4705,4705,F,18,18-25,Daloa,Mobile Money,Occasionnel,2024-08-21,Actif
4706,4706,F,40,36-45,Divo,Boutique,Fidèle,2022-06-07,Actif
4707,4707,F,35,26-35,Abidjan,Site Web,Régulier,2022-04-14,Inactif
4708,4708,F,45,36-45,Abidjan,Partenaire,Nouveau,2024-05-18,Actif
4709,4709,F,33,26-35,Abidjan,Partenaire,Fidèle,2022-02-22,Actif
4710,4710,F,34,26-35,Bouaké,Mobile Money,Occasionnel,2024-06-02,Actif
4711,4711,M,39,36-45,Abidjan,Mobile Money,Régulier,2024-12-11,Actif
4712,4712,F,26,26-35,Korhogo,Réseaux sociaux,VIP,2022-02-09,Actif
4713,4713,M,26,26-35,Abidjan,Mobile Money,VIP,2024-05-24,Actif
4714,4714,M,39,36-45,Daloa,Boutique,Occasionnel,2022-05-26,Inactif
4715,4715,M,33,26-35,San-Pédro,Partenaire,Nouveau,2022-11-14,Actif
4716,4716,F,29,26-35,Abidjan,Mobile Money,Régulier,2023-08-23,Actif
4717,4717,F,33,26-35,Abidjan,Boutique,Régulier,2024-01-15,Actif
4718,4718,M,51,46-55,Korhogo,Réseaux sociaux,Occasionnel,2022-04-09,Actif
4719,4719,F,29,26-35,Abidjan,Site Web,Occasionnel,2022-04-30,Actif
4720,4720,F,28,26-35,Bouaké,Partenaire,Occasionnel,2022-11-06,Actif
4721,4721,F,18,18-25,Korhogo,Site Web,Occasionnel,2024-01-17,Actif
4722,4722,M,33,26-35,Abidjan,Mobile Money,Fidèle,2023-03-19,Actif
4723,4723,F,41,36-45,Korhogo,Réseaux sociaux,Fidèle,2022-10-29,Inactif
4724,4724,M,43,36-45,Abidjan,Site Web,Occasionnel,2022-06-22,Inactif
4725,4725,F,35,26-35,Bouaké,Partenaire,Occasionnel,2024-11-26,Actif
4726,4726,F,44,36-45,Abidjan,Boutique,Occasionnel,2024-02-11,Actif
4727,4727,M,42,36-45,Abidjan,Boutique,Occasionnel,2024-12-15,Inactif
4728,4728,F,46,46-55,Abidjan,Mobile Money,Nouveau,2023-06-27,Actif
4729,4729,M,44,36-45,Abidjan,Mobile Money,Régulier,2024-06-15,Actif
4730,4730,F,51,46-55,Abidjan,Partenaire,Régulier,2023-12-02,Actif
4731,4731,F,32,26-35,Abidjan,Partenaire,Occasionnel,2023-07-30,Actif
4732,4732,M,19,18-25,Bouaké,Boutique,Fidèle,2023-06-04,Inactif
4733,4733,F,41,36-45,Abidjan,Partenaire,VIP,2023-07-02,Actif
4734,4734,F,42,36-45,Abidjan,Boutique,Régulier,2023-03-28,Actif
4735,4735,M,51,46-55,Abidjan,Réseaux sociaux,Fidèle,2023-12-02,Actif
4736,4736,M,48,46-55,Abidjan,Site Web,Occasionnel,2023-06-24,Actif
4737,4737,M,55,46-55,Abidjan,Site Web,Fidèle,2024-11-28,Inactif
4738,4738,F,40,36-45,Abidjan,Site Web,Fidèle,2024-09-11,Actif
4739,4739,F,36,36-45,Bouaké,Site Web,Régulier,2023-05-24,Inactif
4740,4740,M,18,18-25,Daloa,Réseaux sociaux,Nouveau,2023-03-10,Actif
4741,4741,F,37,36-45,Yamoussoukro,Boutique,Nouveau,2024-04-11,Inactif
4742,4742,F,27,26-35,Abidjan,Réseaux sociaux,Occasionnel,2023-12-05,Inactif
4743,4743,M,36,36-45,San-Pédro,Mobile Money,Régulier,2022-09-11,Actif
4744,4744,F,34,26-35,Bouaké,Mobile Money,Occasionnel,2024-07-02,Inactif
4745,4745,F,39,36-45,Bouaké,Site Web,Régulier,2024-01-18,Actif
4746,4746,F,32,26-35,Abidjan,Site Web,Régulier,2023-11-12,Actif
4747,4747,F,44,36-45,Abidjan,Réseaux sociaux,Nouveau,2024-05-06,Actif
4748,4748,M,18,18-25,Abidjan,Mobile Money,Nouveau,2022-09-05,Actif
4749,4749,M,36,36-45,Abidjan,Mobile Money,Régulier,2024-05-25,Inactif
4750,4750,F,47,46-55,Yamoussoukro,Boutique,Nouveau,2022-05-14,Actif
4751,4751,F,54,46-55,Abidjan,Réseaux sociaux,Fidèle,2024-05-18,Actif
4752,4752,M,42,36-45,Abidjan,Partenaire,Fidèle,2023-10-10,Inactif
4753,4753,F,52,46-55,Abidjan,Réseaux sociaux,Occasionnel,2023-09-30,Actif
4754,4754,F,35,26-35,Abidjan,Boutique,Occasionnel,2024-03-07,Actif
4755,4755,M,34,26-35,Abidjan,Réseaux sociaux,Fidèle,2022-12-07,Inactif
4756,4756,M,39,36-45,Abidjan,Mobile Money,Fidèle,2024-04-21,Actif
4757,4757,F,33,26-35,Abidjan,Partenaire,Occasionnel,2022-01-29,Inactif
4758,4758,M,25,18-25,Abidjan,Boutique,VIP,2024-01-30,Actif
4759,4759,F,28,26-35,Bouaké,Boutique,Occasionnel,2024-05-19,Actif
4760,4760,M,21,18-25,Man,Boutique,Nouveau,2022-01-04,Actif
4761,4761,F,39,36-45,Korhogo,Site Web,Occasionnel,2024-01-31,Actif
4762,4762,F,34,26-35,Bouaké,Mobile Money,Régulier,2024-04-27,Actif
4763,4763,M,30,26-35,Abidjan,Mobile Money,VIP,2023-07-26,Actif
4764,4764,F,27,26-35,Yamoussoukro,Site Web,Nouveau,2023-10-25,Actif
4765,4765,F,39,36-45,Man,Partenaire,Occasionnel,2022-03-07,Actif
4766,4766,F,42,36-45,Abidjan,Site Web,Occasionnel,2024-12-18,Actif
4767,4767,M,21,18-25,Abidjan,Mobile Money,Fidèle,2024-11-24,Actif
4768,4768,M,19,18-25,Daloa,Site Web,Régulier,2024-04-17,Actif
4769,4769,F,44,36-45,Abidjan,Mobile Money,Nouveau,2022-01-17,Actif
4770,4770,M,18,18-25,Daloa,Mobile Money,Fidèle,2023-04-17,Actif
4771,4771,M,40,36-45,Abidjan,Mobile Money,Régulier,2024-06-14,Actif
4772,4772,F,51,46-55,Abidjan,Boutique,Fidèle,2024-01-11,Actif
4773,4773,F,51,46-55,Daloa,Mobile Money,Fidèle,2024-09-17,Inactif
4774,4774,F,42,36-45,Yamoussoukro,Mobile Money,Nouveau,2023-11-06,Actif
4775,4775,F,41,36-45,Bouaké,Mobile Money,VIP,2024-02-21,Actif
4776,4776,F,58,56+,San-Pédro,Site Web,Occasionnel,2023-01-05,Actif
4777,4777,F,18,18-25,San-Pédro,Mobile Money,VIP,2024-06-09,Actif
4778,4778,F,28,26-35,Abidjan,Mobile Money,Nouveau,2023-08-08,Actif
4779,4779,F,43,36-45,Abengourou,Boutique,Régulier,2024-05-26,Actif
4780,4780,M,30,26-35,Abidjan,Site Web,Nouveau,2022-08-12,Actif
4781,4781,F,47,46-55,Abidjan,Réseaux sociaux,Nouveau,2022-10-21,Inactif
4782,4782,M,33,26-35,San-Pédro,Boutique,VIP,2022-04-07,Actif
4783,4783,M,35,26-35,Abidjan,Site Web,Nouveau,2024-01-10,Inactif
4784,4784,M,30,26-35,Korhogo,Réseaux sociaux,Nouveau,2024-03-13,Actif
4785,4785,M,28,26-35,Abidjan,Site Web,Fidèle,2022-11-07,Actif
4786,4786,M,27,26-35,Abidjan,Boutique,Occasionnel,2023-02-25,Actif
4787,4787,F,36,36-45,Abidjan,Mobile Money,Occasionnel,2023-09-16,Inactif
4788,4788,M,25,18-25,Bouaké,Mobile Money,VIP,2024-04-07,Actif
4789,4789,F,44,36-45,San-Pédro,Mobile Money,Occasionnel,2022-11-28,Actif
4790,4790,M,41,36-45,Abidjan,Boutique,Nouveau,2023-06-19,Actif
4791,4791,F,46,46-55,Abidjan,Partenaire,Régulier,2022-07-23,Inactif
4792,4792,F,21,18-25,Abidjan,Mobile Money,Régulier,2024-06-05,Actif
4793,4793,F,18,18-25,Abidjan,Boutique,Nouveau,2024-08-14,Actif
4794,4794,M,33,26-35,Bouaké,Partenaire,Occasionnel,2024-03-20,Inactif
4795,4795,F,65,56+,Yamoussoukro,Site Web,Occasionnel,2024-06-11,Inactif
4796,4796,F,47,46-55,Abidjan,Mobile Money,Nouveau,2024-04-16,Actif
4797,4797,F,27,26-35,Abidjan,Partenaire,Nouveau,2024-07-04,Actif
4798,4798,F,38,36-45,Bouaké,Mobile Money,Fidèle,2023-04-16,Actif
4799,4799,M,42,36-45,Abidjan,Mobile Money,Nouveau,2022-08-14,Inactif
4800,4800,M,18,18-25,Abidjan,Boutique,Nouveau,2024-11-18,Actif
4801,4801,F,49,46-55,Bouaké,Mobile Money,Fidèle,2022-01-03,Actif
4802,4802,F,32,26-35,Abidjan,Réseaux sociaux,Occasionnel,2023-03-20,Actif
4803,4803,F,33,26-35,Abidjan,Mobile Money,Fidèle,2024-03-06,Inactif
4804,4804,F,34,26-35,Abidjan,Réseaux sociaux,Fidèle,2024-05-18,Actif
4805,4805,M,46,46-55,Daloa,Mobile Money,Occasionnel,2024-01-21,Actif
4806,4806,M,25,18-25,Abidjan,Partenaire,Occasionnel,2023-06-21,Actif
4807,4807,F,18,18-25,San-Pédro,Mobile Money,Nouveau,2024-10-07,Inactif
4808,4808,M,37,36-45,Abidjan,Partenaire,Nouveau,2022-09-15,Inactif
4809,4809,F,18,18-25,Abidjan,Mobile Money,Nouveau,2022-06-05,Actif
4810,4810,M,30,26-35,Daloa,Réseaux sociaux,Occasionnel,2023-11-20,Actif
4811,4811,F,47,46-55,Abidjan,Réseaux sociaux,Occasionnel,2022-12-17,Actif
4812,4812,M,40,36-45,Abidjan,Boutique,Régulier,2023-05-29,Actif
4813,4813,F,45,36-45,Abidjan,Mobile Money,Nouveau,2023-05-16,Actif
4814,4814,M,40,36-45,Yamoussoukro,Site Web,Occasionnel,2022-10-17,Actif
4815,4815,F,60,56+,Abidjan,Site Web,Nouveau,2024-12-29,Actif
4816,4816,F,27,26-35,San-Pédro,Boutique,Nouveau,2023-02-23,Actif
4817,4817,F,38,36-45,Abidjan,Site Web,Régulier,2024-01-05,Actif
4818,4818,F,29,26-35,Abidjan,Partenaire,Régulier,2022-06-25,Inactif
4819,4819,M,44,36-45,Abidjan,Partenaire,Occasionnel,2024-12-21,Actif
4820,4820,M,33,26-35,Abidjan,Boutique,Occasionnel,2024-12-16,Actif
4821,4821,M,52,46-55,San-Pédro,Mobile Money,Occasionnel,2022-03-17,Actif
4822,4822,F,28,26-35,Abidjan,Mobile Money,Fidèle,2023-12-06,Actif
4823,4823,M,49,46-55,Korhogo,Site Web,Occasionnel,2023-10-14,Actif
4824,4824,M,40,36-45,Abidjan,Partenaire,Régulier,2022-07-10,Inactif
4825,4825,F,33,26-35,Abidjan,Boutique,Nouveau,2024-04-22,Actif
4826,4826,F,39,36-45,Abidjan,Mobile Money,Occasionnel,2024-04-17,Inactif
4827,4827,F,36,36-45,Daloa,Boutique,Occasionnel,2024-07-13,Actif
4828,4828,F,37,36-45,Abidjan,Boutique,Nouveau,2023-10-22,Actif
4829,4829,M,31,26-35,Bouaké,Partenaire,Occasionnel,2024-02-14,Inactif
4830,4830,M,26,26-35,Man,Site Web,Occasionnel,2024-03-02,Actif
4831,4831,M,30,26-35,Bouaké,Mobile Money,Nouveau,2024-04-20,Actif
4832,4832,F,18,18-25,Abidjan,Mobile Money,VIP,2023-10-03,Actif
4833,4833,M,43,36-45,Daloa,Mobile Money,Nouveau,2024-03-26,Actif
4834,4834,M,20,18-25,Abidjan,Site Web,Fidèle,2022-03-08,Actif
4835,4835,F,31,26-35,Abidjan,Site Web,Occasionnel,2023-11-08,Actif
4836,4836,M,41,36-45,Abidjan,Mobile Money,Nouveau,2022-08-11,Actif
4837,4837,F,43,36-45,San-Pédro,Mobile Money,Nouveau,2023-03-22,Actif
4838,4838,F,18,18-25,Abidjan,Réseaux sociaux,Régulier,2024-04-21,Actif
4839,4839,F,32,26-35,Daloa,Réseaux sociaux,Régulier,2022-05-05,Actif
4840,4840,F,39,36-45,Yamoussoukro,Boutique,Régulier,2024-04-06,Actif
4841,4841,M,34,26-35,Abidjan,Boutique,Occasionnel,2022-10-12,Actif
4842,4842,F,48,46-55,Abidjan,Partenaire,Nouveau,2024-04-05,Actif
4843,4843,F,24,18-25,Yamoussoukro,Site Web,Régulier,2024-04-19,Actif
4844,4844,F,18,18-25,Abidjan,Partenaire,Fidèle,2022-01-17,Actif
4845,4845,F,42,36-45,Abidjan,Mobile Money,Occasionnel,2022-09-13,Actif
4846,4846,F,28,26-35,Abidjan,Mobile Money,Fidèle,2024-05-31,Actif
4847,4847,F,18,18-25,Korhogo,Mobile Money,Régulier,2023-01-10,Actif
4848,4848,M,32,26-35,Abidjan,Réseaux sociaux,Occasionnel,2023-04-26,Actif
4849,4849,F,47,46-55,Abidjan,Site Web,Régulier,2022-01-18,Inactif
4850,4850,M,20,18-25,Abidjan,Mobile Money,Nouveau,2024-01-30,Inactif
4851,4851,F,59,56+,Abidjan,Partenaire,Nouveau,2022-04-13,Actif
4852,4852,M,24,18-25,Gagnoa,Partenaire,Régulier,2022-10-25,Actif
4853,4853,M,34,26-35,Abidjan,Mobile Money,VIP,2023-06-07,Inactif
4854,4854,F,20,18-25,Yamoussoukro,Site Web,Occasionnel,2024-04-22,Actif
4855,4855,F,34,26-35,Daloa,Site Web,Nouveau,2023-06-30,Actif
4856,4856,M,32,26-35,Abidjan,Mobile Money,Nouveau,2024-12-11,Actif
4857,4857,F,18,18-25,Daloa,Site Web,Occasionnel,2023-07-26,Actif
4858,4858,M,65,56+,Gagnoa,Mobile Money,Régulier,2022-10-05,Actif
4859,4859,F,28,26-35,Daloa,Réseaux sociaux,Nouveau,2022-07-28,Inactif
4860,4860,F,28,26-35,Yamoussoukro,Réseaux sociaux,Nouveau,2024-05-08,Actif
4861,4861,F,44,36-45,Abidjan,Réseaux sociaux,Régulier,2023-05-19,Inactif
4862,4862,M,53,46-55,San-Pédro,Site Web,Nouveau,2023-10-25,Actif
4863,4863,F,46,46-55,Abidjan,Mobile Money,Occasionnel,2023-02-10,Inactif
4864,4864,M,20,18-25,Daloa,Boutique,Régulier,2022-10-27,Inactif
4865,4865,M,36,36-45,Abidjan,Site Web,Nouveau,2023-10-19,Actif
4866,4866,F,18,18-25,Bouaké,Mobile Money,Occasionnel,2022-11-19,Actif
4867,4867,F,43,36-45,Korhogo,Site Web,Nouveau,2024-12-30,Actif
4868,4868,F,18,18-25,Bouaké,Mobile Money,Nouveau,2024-03-12,Actif
4869,4869,F,25,18-25,Abidjan,Mobile Money,Fidèle,2024-06-16,Actif
4870,4870,M,33,26-35,Yamoussoukro,Boutique,Régulier,2022-11-08,Actif
4871,4871,F,38,36-45,Man,Site Web,Nouveau,2022-02-02,Inactif
4872,4872,F,31,26-35,Bouaké,Boutique,Nouveau,2022-02-22,Actif
4873,4873,M,50,46-55,Korhogo,Site Web,Nouveau,2024-07-29,Actif
4874,4874,M,41,36-45,San-Pédro,Boutique,Fidèle,2024-08-14,Actif
4875,4875,F,41,36-45,Korhogo,Site Web,Régulier,2024-01-15,Actif
4876,4876,M,20,18-25,Abidjan,Site Web,Régulier,2023-10-07,Inactif
4877,4877,F,52,46-55,Abidjan,Boutique,Nouveau,2022-08-18,Actif
4878,4878,M,25,18-25,San-Pédro,Boutique,Fidèle,2024-04-10,Actif
4879,4879,F,53,46-55,Man,Boutique,Régulier,2023-07-20,Inactif
4880,4880,F,56,56+,Abidjan,Mobile Money,Nouveau,2023-10-23,Actif
4881,4881,F,39,36-45,Abidjan,Site Web,Occasionnel,2022-01-27,Inactif
4882,4882,M,45,36-45,Abidjan,Mobile Money,Occasionnel,2023-07-20,Actif
4883,4883,M,18,18-25,Daloa,Réseaux sociaux,Occasionnel,2024-01-30,Actif
4884,4884,F,31,26-35,Korhogo,Réseaux sociaux,Occasionnel,2024-04-23,Actif
4885,4885,M,46,46-55,Bouaké,Boutique,Nouveau,2022-06-09,Actif
4886,4886,M,44,36-45,Abidjan,Réseaux sociaux,Régulier,2022-02-05,Actif
4887,4887,F,20,18-25,Abidjan,Site Web,Régulier,2024-07-25,Inactif
4888,4888,M,30,26-35,San-Pédro,Mobile Money,Occasionnel,2022-12-08,Inactif
4889,4889,F,18,18-25,Abidjan,Site Web,Occasionnel,2023-06-02,Inactif
4890,4890,M,38,36-45,Abidjan,Partenaire,Nouveau,2023-11-19,Inactif
4891,4891,F,18,18-25,Abidjan,Mobile Money,Occasionnel,2023-06-23,Inactif
4892,4892,F,46,46-55,San-Pédro,Mobile Money,Régulier,2024-10-30,Actif
4893,4893,F,47,46-55,Abidjan,Boutique,Occasionnel,2024-07-11,Actif
4894,4894,F,28,26-35,Abidjan,Boutique,Fidèle,2023-03-08,Inactif
4895,4895,M,39,36-45,Abidjan,Site Web,Régulier,2022-07-29,Inactif
4896,4896,F,31,26-35,Divo,Boutique,Régulier,2024-12-03,Actif
4897,4897,F,36,36-45,Abidjan,Site Web,Occasionnel,2024-02-15,Actif
4898,4898,F,21,18-25,Abidjan,Mobile Money,Nouveau,2024-04-07,Actif
4899,4899,M,40,36-45,Abidjan,Boutique,Fidèle,2023-05-24,Inactif
4900,4900,M,18,18-25,Abidjan,Réseaux sociaux,Régulier,2023-06-15,Inactif
4901,4901,F,18,18-25,San-Pédro,Boutique,Fidèle,2022-07-19,Actif
4902,4902,F,32,26-35,Daloa,Boutique,Régulier,2023-04-15,Inactif
4903,4903,F,31,26-35,Abidjan,Mobile Money,Occasionnel,2023-08-18,Actif
4904,4904,M,36,36-45,Korhogo,Mobile Money,Nouveau,2022-05-22,Actif
4905,4905,M,26,26-35,Abidjan,Boutique,Occasionnel,2023-11-27,Inactif
4906,4906,M,54,46-55,Korhogo,Boutique,Occasionnel,2023-11-05,Inactif
4907,4907,M,35,26-35,Abidjan,Site Web,Fidèle,2024-07-09,Actif
4908,4908,F,36,36-45,Abidjan,Site Web,Fidèle,2022-02-27,Inactif
4909,4909,M,36,36-45,San-Pédro,Réseaux sociaux,Occasionnel,2022-09-05,Inactif
4910,4910,F,45,36-45,Korhogo,Réseaux sociaux,Occasionnel,2023-04-15,Inactif
4911,4911,F,40,36-45,Daloa,Mobile Money,Nouveau,2024-08-21,Inactif
4912,4912,F,38,36-45,Yamoussoukro,Mobile Money,Occasionnel,2022-09-18,Actif
4913,4913,F,42,36-45,San-Pédro,Réseaux sociaux,VIP,2024-11-30,Actif
4914,4914,M,18,18-25,Yamoussoukro,Mobile Money,Régulier,2024-11-13,Actif
4915,4915,F,18,18-25,Abidjan,Boutique,Occasionnel,2022-04-14,Actif
4916,4916,M,33,26-35,Abidjan,Mobile Money,Fidèle,2023-02-02,Actif
4917,4917,M,31,26-35,Yamoussoukro,Site Web,Nouveau,2022-10-11,Actif
4918,4918,M,40,36-45,Bouaké,Mobile Money,VIP,2023-06-20,Actif
4919,4919,M,34,26-35,Korhogo,Mobile Money,Régulier,2024-10-09,Actif
4920,4920,F,40,36-45,Abidjan,Boutique,Nouveau,2023-02-16,Actif
4921,4921,F,20,18-25,Abidjan,Site Web,Régulier,2023-12-27,Actif
4922,4922,F,33,26-35,Abidjan,Mobile Money,Nouveau,2022-05-31,Actif
4923,4923,F,19,18-25,San-Pédro,Site Web,Régulier,2023-09-17,Actif
4924,4924,M,38,36-45,Abidjan,Boutique,Nouveau,2023-01-22,Actif
4925,4925,F,18,18-25,Korhogo,Boutique,Nouveau,2024-10-01,Inactif
4926,4926,F,37,36-45,Abidjan,Boutique,Régulier,2024-05-03,Actif
4927,4927,F,18,18-25,Abidjan,Mobile Money,Occasionnel,2022-08-24,Actif
4928,4928,F,29,26-35,San-Pédro,Mobile Money,Nouveau,2023-11-12,Inactif
4929,4929,M,43,36-45,Abidjan,Réseaux sociaux,Fidèle,2023-01-10,Actif
4930,4930,F,36,36-45,San-Pédro,Mobile Money,Nouveau,2023-04-24,Actif
4931,4931,M,18,18-25,Abidjan,Partenaire,Régulier,2023-05-22,Actif
4932,4932,M,26,26-35,Abidjan,Mobile Money,Régulier,2024-06-17,Actif
4933,4933,M,18,18-25,Bouaké,Boutique,Nouveau,2022-11-14,Actif
4934,4934,F,18,18-25,Korhogo,Site Web,VIP,2022-01-05,Inactif
4935,4935,M,35,26-35,Abidjan,Réseaux sociaux,Occasionnel,2022-07-31,Actif
4936,4936,F,40,36-45,Abidjan,Mobile Money,Nouveau,2024-06-24,Inactif
4937,4937,F,38,36-45,Yamoussoukro,Mobile Money,Occasionnel,2022-11-21,Actif
4938,4938,M,40,36-45,Gagnoa,Site Web,Régulier,2022-03-07,Inactif
4939,4939,M,33,26-35,San-Pédro,Mobile Money,Nouveau,2023-03-15,Actif
4940,4940,F,30,26-35,San-Pédro,Site Web,Nouveau,2024-08-10,Actif
4941,4941,M,22,18-25,Abidjan,Réseaux sociaux,Occasionnel,2024-08-14,Actif
4942,4942,F,29,26-35,Bouaké,Mobile Money,Régulier,2024-11-03,Actif
4943,4943,M,19,18-25,San-Pédro,Réseaux sociaux,Nouveau,2024-01-19,Actif
4944,4944,M,24,18-25,Korhogo,Mobile Money,Occasionnel,2024-06-15,Inactif
4945,4945,M,34,26-35,San-Pédro,Réseaux sociaux,Nouveau,2024-04-26,Actif
4946,4946,M,32,26-35,San-Pédro,Partenaire,Nouveau,2022-01-22,Actif
4947,4947,M,67,56+,Korhogo,Site Web,Régulier,2023-04-03,Actif
4948,4948,M,19,18-25,Abidjan,Partenaire,Nouveau,2023-07-31,Actif
4949,4949,M,32,26-35,Abidjan,Réseaux sociaux,Nouveau,2023-05-23,Actif
4950,4950,M,18,18-25,Gagnoa,Mobile Money,Nouveau,2024-06-26,Actif
4951,4951,F,29,26-35,Abidjan,Mobile Money,Régulier,2024-12-11,Inactif
4952,4952,M,30,26-35,Abidjan,Mobile Money,Occasionnel,2023-08-20,Actif
4953,4953,F,43,36-45,Abidjan,Boutique,Occasionnel,2022-04-16,Inactif
4954,4954,M,29,26-35,Bouaké,Site Web,Régulier,2023-01-30,Actif
4955,4955,F,31,26-35,San-Pédro,Boutique,Régulier,2022-08-05,Actif
4956,4956,F,29,26-35,San-Pédro,Site Web,Nouveau,2023-05-31,Actif
4957,4957,M,18,18-25,Abidjan,Boutique,Nouveau,2022-09-14,Actif
4958,4958,F,26,26-35,Abidjan,Mobile Money,Nouveau,2022-03-30,Actif
4959,4959,F,29,26-35,Abidjan,Mobile Money,Fidèle,2022-07-07,Actif
4960,4960,M,34,26-35,Korhogo,Partenaire,Nouveau,2023-06-28,Actif
4961,4961,F,40,36-45,Abidjan,Boutique,Nouveau,2022-06-04,Inactif
4962,4962,F,31,26-35,Bouaké,Mobile Money,Occasionnel,2022-01-31,Inactif
4963,4963,F,31,26-35,Bouaké,Mobile Money,Occasionnel,2022-11-04,Actif
4964,4964,F,18,18-25,Bouaké,Partenaire,Régulier,2023-12-07,Actif
4965,4965,F,39,36-45,Bouaké,Mobile Money,Occasionnel,2023-11-22,Actif
4966,4966,F,26,26-35,Yamoussoukro,Site Web,Nouveau,2023-03-04,Actif
4967,4967,F,42,36-45,Bouaké,Mobile Money,Régulier,2023-12-28,Actif
4968,4968,F,48,46-55,Abidjan,Mobile Money,Régulier,2022-07-29,Actif
4969,4969,F,31,26-35,Abidjan,Site Web,VIP,2024-03-02,Actif
4970,4970,M,22,18-25,Abidjan,Site Web,Régulier,2022-01-20,Actif
4971,4971,M,33,26-35,Abidjan,Site Web,Occasionnel,2022-05-28,Inactif
4972,4972,F,37,36-45,Daloa,Mobile Money,Nouveau,2024-10-06,Actif
4973,4973,F,30,26-35,Abidjan,Partenaire,VIP,2023-05-28,Actif
4974,4974,M,27,26-35,San-Pédro,Boutique,Régulier,2023-09-02,Actif
4975,4975,M,40,36-45,Abidjan,Partenaire,Nouveau,2023-03-12,Actif
4976,4976,F,39,36-45,Daloa,Mobile Money,Occasionnel,2023-12-10,Actif
4977,4977,F,30,26-35,Abidjan,Boutique,Occasionnel,2024-03-30,Actif
4978,4978,F,18,18-25,Abidjan,Mobile Money,Nouveau,2024-05-03,Actif
4979,4979,M,39,36-45,Abidjan,Site Web,Régulier,2022-09-30,Actif
4980,4980,M,25,18-25,Bouaké,Site Web,Régulier,2023-11-18,Actif
4981,4981,M,36,36-45,Abidjan,Boutique,Nouveau,2024-05-08,Actif
4982,4982,F,35,26-35,Daloa,Mobile Money,VIP,2023-03-29,Actif
4983,4983,F,18,18-25,Bouaké,Mobile Money,Fidèle,2023-02-23,Inactif
4984,4984,F,34,26-35,Divo,Mobile Money,Nouveau,2023-11-19,Inactif
4985,4985,F,39,36-45,Yamoussoukro,Réseaux sociaux,Occasionnel,2023-09-21,Actif
4986,4986,F,41,36-45,Bouaké,Mobile Money,Fidèle,2022-10-04,Actif
4987,4987,M,35,26-35,San-Pédro,Mobile Money,Occasionnel,2024-11-14,Actif
4988,4988,F,18,18-25,Abidjan,Boutique,VIP,2023-09-07,Inactif
4989,4989,M,48,46-55,Bouaké,Mobile Money,Nouveau,2023-09-11,Actif
4990,4990,F,38,36-45,Abidjan,Partenaire,Régulier,2022-08-14,Actif
4991,4991,F,20,18-25,Daloa,Mobile Money,Occasionnel,2024-01-10,Actif
4992,4992,M,25,18-25,Abidjan,Partenaire,Nouveau,2024-10-01,Actif
4993,4993,M,36,36-45,Abidjan,Site Web,Régulier,2024-03-06,Inactif
4994,4994,F,41,36-45,Yamoussoukro,Boutique,Nouveau,2023-07-12,Actif
4995,4995,M,28,26-35,Abidjan,Boutique,Nouveau,2023-11-29,Actif
4996,4996,F,43,36-45,Abidjan,Site Web,Nouveau,2022-09-14,Inactif
4997,4997,F,18,18-25,Abidjan,Site Web,Nouveau,2022-03-08,Actif
4998,4998,F,22,18-25,San-Pédro,Mobile Money,Nouveau,2023-12-02,Actif
4999,4999,F,18,18-25,Abidjan,Réseaux sociaux,Occasionnel,2022-07-19,Actif
5000,5000,M,24,18-25,Abidjan,Boutique,Nouveau,2022-04-09,Actif
