client_id,genre,age,ville,canal_acquisition,date_inscription,segment_marketing,actif
1,M,21,Abidjan,Partenaire,2023-10-01,Occasionnel,1
2,F,28,Korhogo,Réseaux sociaux,2023-01-22,Fidèle,1
3,M,36,Abidjan,Mobile Money,2024-07-09,Régulier,0
4,M,27,Abidjan,Boutique,2023-03-22,Régulier,1
5,F,30,Divo,Mobile Money,2022-12-09,Occasionnel,1
6,M,38,Abidjan,Partenaire,2024-01-21,Occasionnel,1
7,M,30,Abidjan,Boutique,2022-02-24,Nouveau,1
8,M,36,Abidjan,Boutique,2023-02-16,Régulier,1
9,F,51,Abidjan,Mobile Money,2022-08-14,Occasionnel,1
10,F,32,Abidjan,Boutique,2023-02-14,Nouveau,1
11,F,46,Abidjan,Mobile Money,2023-05-07,Nouveau,1
12,M,40,Abidjan,Site Web,2022-03-11,Nouveau,1
13,M,18,Abidjan,Boutique,2024-08-04,Nouveau,1
14,M,21,Abidjan,Boutique,2023-04-02,Nouveau,0
15,F,24,Abidjan,Réseaux sociaux,2023-01-28,Occasionnel,1
16,F,24,Divo,Mobile Money,2022-06-13,Occasionnel,0
17,M,33,Abidjan,Mobile Money,2024-12-26,Occasionnel,1
18,F,40,Abidjan,Boutique,2024-07-25,Nouveau,1
19,M,47,Korhogo,Site Web,2023-06-12,Occasionnel,1
20,M,37,Abidjan,Mobile Money,2023-01-02,Régulier,1
21,M,29,Abidjan,Site Web,2023-05-27,Nouveau,1
22,F,18,San-Pédro,Boutique,2024-11-18,Nouveau,0
23,M,34,Bouaké,Boutique,2022-08-31,Occasionnel,1
24,M,34,Abidjan,Boutique,2024-01-20,Nouveau,0
25,M,36,Daloa,Mobile Money,2024-09-16,Nouveau,1
26,F,57,Yamoussoukro,Mobile Money,2024-04-07,Occasionnel,1
27,F,47,Abidjan,Site Web,2024-08-10,Occasionnel,1
28,F,42,Abidjan,Boutique,2024-11-03,Régulier,0
29,F,23,Abidjan,Boutique,2022-03-07,Fidèle,1
30,M,28,San-Pédro,Partenaire,2022-09-19,Occasionnel,0
31,M,32,Abidjan,Mobile Money,2022-06-08,Occasionnel,1
32,M,25,Abidjan,Boutique,2023-09-14,VIP,0
33,F,39,Abidjan,Boutique,2023-03-23,Occasionnel,0
34,F,37,Man,Mobile Money,2022-02-14,VIP,1
35,F,22,Abidjan,Partenaire,2023-09-03,Régulier,1
36,F,47,Abidjan,Partenaire,2022-04-21,Nouveau,1
37,F,35,Abidjan,Mobile Money,2023-03-23,Nouveau,0
38,F,18,Yamoussoukro,Partenaire,2023-02-06,Nouveau,1
39,F,33,Abidjan,Mobile Money,2024-09-05,Régulier,1
40,M,37,Korhogo,Partenaire,2024-01-18,Nouveau,0
41,F,44,Abidjan,Réseaux sociaux,2023-11-15,Régulier,1
42,M,30,Abidjan,Mobile Money,2024-06-29,Occasionnel,1
43,M,43,Abidjan,Boutique,2022-07-17,Fidèle,1
44,F,36,Abidjan,Site Web,2022-10-08,Régulier,1
45,M,19,Abidjan,Mobile Money,2024-04-03,Nouveau,1
46,M,18,Daloa,Boutique,2024-03-31,Nouveau,1
47,F,46,Abidjan,Site Web,2022-01-24,Occasionnel,0
48,F,47,Daloa,Mobile Money,2022-09-03,Régulier,1
49,M,37,Abidjan,Mobile Money,2022-09-06,Régulier,0
50,F,50,Bouaké,Mobile Money,2022-01-07,Occasionnel,1
51,F,45,Abidjan,Site Web,2023-12-26,Régulier,0
52,F,41,Abidjan,Boutique,2022-03-01,Occasionnel,1
53,M,23,Abidjan,Boutique,2024-07-10,Nouveau,1
54,M,53,Divo,Mobile Money,2023-10-04,Fidèle,0
55,M,39,Korhogo,Mobile Money,2024-04-14,Occasionnel,1
56,M,29,San-Pédro,Site Web,2023-06-29,Régulier,0
57,F,26,Korhogo,Mobile Money,2024-11-28,Occasionnel,1
58,M,36,Abidjan,Site Web,2022-10-24,Occasionnel,1
59,F,18,Abidjan,Boutique,2023-09-03,Nouveau,1
60,F,41,Abidjan,Site Web,2022-01-08,Occasionnel,0
61,M,23,Korhogo,Boutique,2024-07-01,Nouveau,1
62,F,38,Abidjan,Réseaux sociaux,2023-09-14,Régulier,1
63,M,28,Abidjan,Mobile Money,2022-07-12,Nouveau,1
64,M,31,Yamoussoukro,Réseaux sociaux,2024-06-14,Nouveau,1
65,M,25,Abidjan,Mobile Money,2024-12-19,Occasionnel,0
66,M,32,Daloa,Mobile Money,2022-03-17,Occasionnel,0
67,M,54,Abidjan,Boutique,2024-07-15,Occasionnel,1
68,F,49,Yamoussoukro,Mobile Money,2024-03-17,Régulier,1
69,F,37,Korhogo,Boutique,2023-01-24,Régulier,1
70,F,33,Bouaké,Réseaux sociaux,2023-11-26,Occasionnel,1
71,F,43,Abidjan,Site Web,2024-05-10,Occasionnel,0
72,F,46,Abidjan,Site Web,2023-06-09,Nouveau,1
73,M,24,Abidjan,Partenaire,2023-12-31,Occasionnel,1
74,F,33,Abidjan,Boutique,2022-02-22,Fidèle,1
75,F,18,Bouaké,Mobile Money,2024-10-10,Occasionnel,0
76,F,46,Abidjan,Réseaux sociaux,2024-10-08,Fidèle,1
77,F,56,Abidjan,Mobile Money,2022-08-19,Nouveau,0
78,M,34,Abidjan,Mobile Money,2023-06-07,Régulier,1
79,M,18,Divo,Mobile Money,2022-09-19,Régulier,1
80,M,40,Abidjan,Mobile Money,2023-03-14,Régulier,0
81,M,24,Abidjan,Mobile Money,2022-10-29,Régulier,1
82,F,26,Abidjan,Mobile Money,2024-08-01,Nouveau,0
83,M,40,Abidjan,Boutique,2024-01-31,Régulier,1
84,F,36,Man,Site Web,2024-07-14,Occasionnel,0
85,F,28,Abidjan,Partenaire,2024-05-18,Occasionnel,1
86,F,26,Yamoussoukro,Mobile Money,2024-03-07,Nouveau,1
87,M,35,Bouaké,Mobile Money,2022-07-02,Nouveau,0
88,F,29,San-Pédro,Boutique,2024-06-27,Fidèle,0
89,F,21,Yamoussoukro,Mobile Money,2024-05-07,Nouveau,0
90,F,30,Daloa,Boutique,2022-05-17,Occasionnel,1
91,F,37,Abidjan,Site Web,2022-04-07,Nouveau,1
92,M,32,Abidjan,Site Web,2024-04-13,Régulier,1
93,F,18,Yamoussoukro,Mobile Money,2023-03-04,Régulier,1
94,F,44,Bouaké,Site Web,2022-12-26,Fidèle,1
95,F,18,Abidjan,Site Web,2023-03-11,Occasionnel,1
96,M,29,Abidjan,Réseaux sociaux,2024-08-07,Nouveau,1
97,F,27,Abidjan,Mobile Money,2023-02-03,Nouveau,1
98,F,35,Abidjan,Site Web,2023-02-10,Nouveau,0
99,F,40,Abidjan,Site Web,2023-03-14,Régulier,0
100,M,46,Abidjan,Mobile Money,2022-03-01,VIP,1
101,M,26,Abidjan,Site Web,2022-02-11,Nouveau,0
102,M,40,Bouaké,Site Web,2023-03-30,Occasionnel,0
103,F,36,Yamoussoukro,Mobile Money,2022-01-19,Régulier,1
104,M,18,Bouaké,Boutique,2024-04-08,Occasionnel,1
105,M,54,Yamoussoukro,Boutique,2023-04-10,Régulier,0
106,M,18,Abidjan,Site Web,2023-07-03,Occasionnel,1
107,F,38,Abidjan,Mobile Money,2023-01-03,Nouveau,1
108,F,38,Yamoussoukro,Boutique,2024-04-16,Occasionnel,1
109,F,37,San-Pédro,Mobile Money,2023-04-14,Occasionnel,1
110,M,28,Yamoussoukro,Site Web,2022-02-08,Régulier,1
111,F,43,Yamoussoukro,Site Web,2023-06-19,Nouveau,1
112,F,18,Yamoussoukro,Boutique,2022-07-13,Occasionnel,1
113,F,33,Daloa,Boutique,2023-10-14,VIP,0
114,M,27,Yamoussoukro,Mobile Money,2023-09-10,Occasionnel,1
115,F,26,Daloa,Mobile Money,2023-06-04,Nouveau,0
116,M,38,Abidjan,Site Web,2023-02-26,Fidèle,1
117,M,45,Abidjan,Mobile Money,2023-10-15,Nouveau,0
118,M,30,Abidjan,Site Web,2024-01-15,Régulier,1
119,F,42,Abidjan,Site Web,2024-08-20,Nouveau,0
120,M,34,Daloa,Réseaux sociaux,2024-11-19,Fidèle,0
121,M,24,Abidjan,Mobile Money,2022-04-02,Nouveau,1
122,M,31,Abidjan,Boutique,2023-12-24,Occasionnel,1
123,F,30,Daloa,Mobile Money,2022-04-03,VIP,0
124,F,26,Abidjan,Réseaux sociaux,2023-04-03,Occasionnel,1
125,F,38,San-Pédro,Site Web,2024-03-22,Nouveau,1
126,F,36,Abidjan,Site Web,2023-08-17,Nouveau,1
127,F,18,Abidjan,Site Web,2024-06-03,Nouveau,0
128,F,18,Abidjan,Mobile Money,2024-09-26,Nouveau,1
129,F,38,Abidjan,Site Web,2024-12-02,Occasionnel,1
130,M,25,Abidjan,Réseaux sociaux,2024-01-07,Occasionnel,1
131,F,37,Abidjan,Mobile Money,2024-01-08,Fidèle,1
132,M,42,Abidjan,Partenaire,2024-05-29,Régulier,0
133,M,20,Abidjan,Réseaux sociaux,2022-09-13,Fidèle,0
134,F,18,Daloa,Partenaire,2022-11-27,Occasionnel,1
135,M,52,Abidjan,Réseaux sociaux,2023-01-09,Occasionnel,1
136,F,37,Abidjan,Mobile Money,2024-03-26,Occasionnel,1
137,M,29,Abidjan,Boutique,2023-01-20,Occasionnel,1
138,F,23,Man,Mobile Money,2022-06-02,Nouveau,0
139,M,28,Daloa,Site Web,2024-05-24,Fidèle,1
140,F,20,Abengourou,Mobile Money,2024-04-01,Régulier,1
141,F,43,Man,Réseaux sociaux,2023-10-13,Nouveau,1
142,F,25,Abidjan,Mobile Money,2024-08-23,Occasionnel,1
143,M,46,Yamoussoukro,Mobile Money,2024-05-17,Nouveau,1
144,M,29,Abidjan,Mobile Money,2024-09-12,Occasionnel,1
145,F,22,Korhogo,Site Web,2022-10-12,Occasionnel,1
146,F,29,Abidjan,Mobile Money,2022-05-08,Fidèle,0
147,F,18,Abidjan,Mobile Money,2023-01-09,Occasionnel,1
148,M,32,Man,Mobile Money,2024-06-27,Occasionnel,0
149,F,32,San-Pédro,Mobile Money,2024-10-09,Régulier,1
150,F,43,Gagnoa,Partenaire,2022-05-01,Fidèle,1
151,M,18,Abidjan,Boutique,2024-07-25,Régulier,0
152,M,46,Abidjan,Mobile Money,2023-06-08,Occasionnel,0
153,F,43,Abidjan,Mobile Money,2024-06-14,Occasionnel,1
154,M,47,Abidjan,Mobile Money,2024-01-18,Régulier,1
155,F,33,Abidjan,Boutique,2022-03-07,Régulier,1
156,M,45,Abidjan,Mobile Money,2023-06-15,VIP,1
157,F,18,Daloa,Mobile Money,2022-04-08,Occasionnel,1
158,M,41,Abidjan,Mobile Money,2023-01-08,Régulier,1
159,M,25,Yamoussoukro,Mobile Money,2024-04-09,Nouveau,1
160,M,18,San-Pédro,Site Web,2024-01-19,Nouveau,1
161,F,21,Bouaké,Mobile Money,2024-02-11,Nouveau,1
162,M,34,Abidjan,Site Web,2023-12-25,Nouveau,1
163,F,24,Abidjan,Site Web,2022-01-17,Occasionnel,1
164,F,38,Abidjan,Réseaux sociaux,2023-10-01,Occasionnel,0
165,M,18,Daloa,Mobile Money,2023-06-16,Régulier,0
166,F,18,Abidjan,Site Web,2023-08-02,Régulier,1
167,M,49,Abidjan,Réseaux sociaux,2022-08-21,Nouveau,1
168,M,43,Abengourou,Partenaire,2024-02-12,Régulier,0
169,F,22,Yamoussoukro,Réseaux sociaux,2023-10-28,Nouveau,1
170,M,33,San-Pédro,Mobile Money,2023-03-18,Nouveau,1
171,F,45,Abidjan,Partenaire,2022-03-03,VIP,1
172,F,38,Divo,Réseaux sociaux,2022-03-17,Nouveau,1
173,F,35,Abidjan,Mobile Money,2023-01-29,Nouveau,1
174,M,46,Abidjan,Mobile Money,2023-08-12,Régulier,1
175,F,25,Korhogo,Partenaire,2024-12-27,Occasionnel,1
176,F,34,Korhogo,Mobile Money,2024-03-03,Occasionnel,1
177,F,33,Abidjan,Site Web,2023-06-16,Régulier,1
178,M,30,Abidjan,Boutique,2022-11-24,Régulier,1
179,M,29,Abidjan,Site Web,2022-07-04,Occasionnel,0
180,M,34,Daloa,Mobile Money,2022-06-04,Fidèle,1
181,M,34,San-Pédro,Site Web,2022-03-20,Nouveau,1
182,M,22,Abidjan,Boutique,2024-09-25,Occasionnel,1
183,F,42,Abidjan,Réseaux sociaux,2022-01-18,Nouveau,1
184,F,23,Yamoussoukro,Mobile Money,2024-08-03,Nouveau,0
185,M,31,Daloa,Mobile Money,2023-10-01,VIP,0
186,M,30,Abidjan,Mobile Money,2023-11-09,Régulier,1
187,F,37,Bouaké,Mobile Money,2024-11-15,Nouveau,1
188,F,18,Abengourou,Partenaire,2024-05-11,Occasionnel,1
189,M,43,Abidjan,Mobile Money,2022-06-11,Nouveau,1
190,F,26,Bouaké,Mobile Money,2024-11-26,Régulier,1
191,M,47,Bouaké,Réseaux sociaux,2022-07-12,Occasionnel,1
192,F,28,Abidjan,Mobile Money,2023-09-16,Fidèle,1
193,F,33,Korhogo,Mobile Money,2023-12-03,Nouveau,1
194,M,55,Bouaké,Site Web,2022-09-25,Nouveau,1
195,F,30,Abidjan,Boutique,2023-11-22,Fidèle,1
196,F,47,Abidjan,Réseaux sociaux,2023-12-01,Fidèle,1
197,M,34,Yamoussoukro,Site Web,2024-12-08,Nouveau,1
198,M,38,Abidjan,Mobile Money,2024-09-28,Occasionnel,1
199,F,34,Abidjan,Boutique,2023-03-14,Fidèle,1
200,F,43,Abidjan,Réseaux sociaux,2024-01-26,Régulier,1
201,M,26,Bouaké,Boutique,2024-06-17,Régulier,1
202,M,23,Abengourou,Site Web,2022-01-29,Régulier,1
203,F,26,Yamoussoukro,Boutique,2024-01-20,Fidèle,1
204,F,35,San-Pédro,Boutique,2024-10-01,Occasionnel,1
205,F,31,Abidjan,Site Web,2022-05-12,Nouveau,1
206,F,41,Abidjan,Mobile Money,2024-04-05,Occasionnel,1
207,F,48,Gagnoa,Boutique,2022-03-08,Régulier,1
208,M,23,Abidjan,Mobile Money,2023-03-17,Occasionnel,1
209,F,25,San-Pédro,Site Web,2024-06-16,Nouveau,1
210,F,18,Abidjan,Site Web,2024-12-17,Régulier,0
211,M,56,Abidjan,Mobile Money,2024-03-07,Occasionnel,0
212,M,37,Bouaké,Mobile Money,2024-03-01,VIP,0
213,F,39,Abidjan,Partenaire,2022-10-11,Occasionnel,0
214,M,19,Abidjan,Mobile Money,2024-06-22,Régulier,1
215,M,33,Abidjan,Mobile Money,2023-12-23,Occasionnel,1
216,M,39,Abidjan,Mobile Money,2024-10-29,Nouveau,1
217,F,31,Abidjan,Boutique,2023-10-23,Occasionnel,1
218,F,45,Korhogo,Mobile Money,2022-02-13,Nouveau,0
219,M,59,Abidjan,Réseaux sociaux,2023-07-14,Régulier,0
220,F,23,San-Pédro,Site Web,2024-04-27,Régulier,1
221,F,22,Bouaké,Mobile Money,2024-05-12,Nouveau,0
222,F,24,Abidjan,Boutique,2023-02-28,Occasionnel,1
223,M,51,Abidjan,Mobile Money,2022-07-07,VIP,1
224,M,45,Man,Mobile Money,2024-08-09,Nouveau,1
225,F,32,Bouaké,Site Web,2024-06-20,Fidèle,0
226,M,34,Man,Mobile Money,2024-08-20,Nouveau,1
227,F,25,Abidjan,Réseaux sociaux,2024-01-05,Nouveau,1
228,M,43,Yamoussoukro,Boutique,2024-06-26,Occasionnel,1
229,M,29,Daloa,Mobile Money,2023-03-18,Nouveau,0
230,F,31,Gagnoa,Partenaire,2024-05-03,Fidèle,0
231,F,40,Abidjan,Boutique,2023-06-19,Régulier,1
232,F,31,Divo,Mobile Money,2024-05-19,Régulier,0
233,M,31,Abidjan,Boutique,2022-06-10,Régulier,1
234,M,34,San-Pédro,Partenaire,2022-11-21,Régulier,0
235,M,42,Abidjan,Boutique,2022-08-23,Régulier,1
236,M,52,Bouaké,Boutique,2023-03-22,Régulier,1
237,F,40,Abidjan,Boutique,2024-06-10,Fidèle,0
238,M,42,San-Pédro,Mobile Money,2022-05-06,Occasionnel,0
239,F,31,Abidjan,Mobile Money,2024-03-10,Occasionnel,1
240,F,26,Abidjan,Boutique,2024-06-28,Occasionnel,0
241,M,41,Bouaké,Réseaux sociaux,2024-01-05,Occasionnel,1
242,M,35,Daloa,Site Web,2023-12-09,Nouveau,1
243,F,18,Abidjan,Mobile Money,2022-06-01,Occasionnel,1
244,M,30,Yamoussoukro,Boutique,2023-11-02,Occasionnel,1
245,M,33,Abidjan,Mobile Money,2022-09-05,Nouveau,1
246,M,28,Yamoussoukro,Mobile Money,2022-09-27,Fidèle,1
247,M,50,Yamoussoukro,Site Web,2024-08-01,Régulier,1
248,F,39,Yamoussoukro,Mobile Money,2023-11-05,Nouveau,1
249,F,49,San-Pédro,Réseaux sociaux,2024-12-23,Fidèle,1
250,F,36,Abidjan,Boutique,2023-05-13,Fidèle,1
251,M,34,Abidjan,Site Web,2023-01-27,Fidèle,1
252,M,23,Yamoussoukro,Réseaux sociaux,2024-12-25,Nouveau,1
253,F,34,Abidjan,Site Web,2023-11-13,Occasionnel,1
254,F,34,Abidjan,Réseaux sociaux,2024-08-03,Occasionnel,1
255,F,18,Daloa,Réseaux sociaux,2022-02-18,Régulier,1
256,M,28,Abidjan,Boutique,2023-07-30,Régulier,0
257,M,30,Abidjan,Mobile Money,2024-06-13,Régulier,0
258,F,38,Abengourou,Mobile Money,2024-06-04,Régulier,1
259,F,39,Abidjan,Réseaux sociaux,2024-02-22,Fidèle,1
260,M,27,Abidjan,Mobile Money,2022-06-30,Occasionnel,1
261,F,39,Abidjan,Partenaire,2023-08-22,Fidèle,1
262,M,31,Abidjan,Mobile Money,2022-04-22,Régulier,1
263,F,18,Yamoussoukro,Site Web,2024-05-28,Nouveau,1
264,F,28,Daloa,Mobile Money,2023-11-22,Régulier,1
265,M,45,Bouaké,Partenaire,2022-08-01,Nouveau,1
266,F,18,Abidjan,Mobile Money,2024-03-06,Nouveau,0
267,F,35,Abidjan,Boutique,2024-02-27,VIP,1
268,F,51,Abidjan,Réseaux sociaux,2022-02-28,Occasionnel,1
269,F,25,Yamoussoukro,Mobile Money,2022-04-08,Occasionnel,0
270,F,34,Bouaké,Mobile Money,2022-08-09,VIP,1
271,F,19,Abidjan,Réseaux sociaux,2022-03-18,Occasionnel,1
272,F,51,San-Pédro,Réseaux sociaux,2023-08-12,Nouveau,1
273,F,33,Daloa,Mobile Money,2024-08-21,Nouveau,1
274,M,34,Abidjan,Boutique,2022-03-10,Occasionnel,1
275,M,48,Bouaké,Mobile Money,2023-11-04,Nouveau,1
276,F,41,Bouaké,Mobile Money,2023-04-10,Nouveau,1
277,F,24,Abidjan,Site Web,2024-07-04,Régulier,1
278,F,26,Abidjan,Mobile Money,2023-06-12,Nouveau,1
279,M,39,Yamoussoukro,Boutique,2024-01-03,Occasionnel,1
280,M,27,Man,Mobile Money,2024-10-06,Nouveau,1
281,F,18,Bouaké,Réseaux sociaux,2022-05-30,Occasionnel,1
282,F,33,Bouaké,Boutique,2022-12-12,Régulier,1
283,F,18,Bouaké,Mobile Money,2022-10-23,Occasionnel,1
284,F,51,Abidjan,Partenaire,2022-07-04,Nouveau,1
285,M,35,Abidjan,Réseaux sociaux,2023-12-11,Nouveau,1
286,F,24,Abidjan,Mobile Money,2022-01-09,Nouveau,1
287,F,26,Korhogo,Partenaire,2023-02-27,Nouveau,1
288,F,18,San-Pédro,Mobile Money,2022-05-14,Occasionnel,1
289,M,21,Man,Mobile Money,2023-11-05,Nouveau,1
290,F,45,Abidjan,Boutique,2024-04-02,Nouveau,1
291,M,58,Abidjan,Mobile Money,2023-05-27,Nouveau,1
292,F,41,Bouaké,Site Web,2023-05-03,Régulier,0
293,M,32,Abidjan,Boutique,2023-05-08,Occasionnel,1
294,F,29,Abidjan,Réseaux sociaux,2022-08-06,Occasionnel,1
295,M,23,Daloa,Mobile Money,2023-02-16,Occasionnel,0
296,M,56,Yamoussoukro,Mobile Money,2024-10-18,Occasionnel,1
297,M,31,Bouaké,Boutique,2022-02-15,Nouveau,1
298,M,57,Abidjan,Mobile Money,2024-05-12,Occasionnel,1
299,M,49,Abidjan,Partenaire,2022-06-30,Occasionnel,1
300,M,18,Abidjan,Site Web,2022-05-06,Occasionnel,1
301,M,26,Abidjan,Site Web,2022-11-09,Nouveau,0
302,F,26,Abidjan,Site Web,2022-10-22,Fidèle,1
303,M,33,Abidjan,Mobile Money,2022-12-13,Régulier,1
304,F,33,Gagnoa,Mobile Money,2024-07-19,Nouveau,1
305,M,66,Abidjan,Boutique,2024-09-17,Fidèle,0
306,F,22,Abidjan,Réseaux sociaux,2024-01-29,Nouveau,1
307,F,36,Abidjan,Mobile Money,2022-06-10,Nouveau,1
308,M,40,Yamoussoukro,Mobile Money,2024-11-01,Nouveau,1
309,F,33,Abidjan,Site Web,2024-07-16,Fidèle,1
310,F,35,Abidjan,Mobile Money,2022-03-25,Nouveau,1
311,F,22,Abidjan,Boutique,2023-03-01,Régulier,0
312,F,35,Abidjan,Mobile Money,2024-04-29,Régulier,0
313,F,39,Bouaké,Boutique,2022-04-08,Occasionnel,1
314,F,37,Abidjan,Boutique,2022-03-25,Occasionnel,1
315,F,40,Abidjan,Réseaux sociaux,2023-10-26,Nouveau,1
316,F,49,Daloa,Site Web,2023-01-04,Régulier,1
317,F,44,Abidjan,Mobile Money,2023-04-29,Occasionnel,1
318,M,34,Bouaké,Site Web,2024-04-01,Occasionnel,1
319,F,21,Abidjan,Site Web,2023-08-20,Nouveau,1
320,M,27,Bouaké,Site Web,2024-02-18,Régulier,1
321,M,31,Abidjan,Partenaire,2022-05-19,Régulier,1
322,F,36,Abidjan,Réseaux sociaux,2022-01-03,Occasionnel,1
323,F,28,Abidjan,Mobile Money,2022-10-03,Occasionnel,1
324,M,23,Abengourou,Boutique,2022-08-10,Nouveau,1
325,M,20,Abidjan,Boutique,2022-12-21,Nouveau,1
326,M,18,Man,Boutique,2024-05-02,Nouveau,1
327,M,31,Man,Partenaire,2022-06-16,Régulier,1
328,M,18,Abidjan,Site Web,2022-05-19,Nouveau,1
329,M,22,Abidjan,Mobile Money,2022-08-08,Nouveau,0
330,F,29,Abidjan,Partenaire,2022-12-24,Nouveau,1
331,M,19,Abengourou,Site Web,2022-08-05,Nouveau,1
332,F,38,Bouaké,Mobile Money,2022-07-21,Occasionnel,1
333,M,42,Abidjan,Réseaux sociaux,2023-09-27,Régulier,1
334,M,27,Abidjan,Boutique,2022-05-03,Occasionnel,0
335,F,29,San-Pédro,Boutique,2022-06-18,Occasionnel,1
336,M,39,Abidjan,Boutique,2024-07-05,Occasionnel,1
337,F,26,Abidjan,Partenaire,2022-01-20,Occasionnel,1
338,M,25,Abidjan,Mobile Money,2022-03-09,Fidèle,1
339,F,47,Abidjan,Mobile Money,2022-03-18,Régulier,1
340,M,43,Korhogo,Site Web,2023-08-10,Fidèle,1
341,F,40,Daloa,Réseaux sociaux,2024-01-31,Fidèle,0
342,M,44,Abidjan,Mobile Money,2024-01-29,Fidèle,1
343,M,18,Abidjan,Mobile Money,2024-01-26,Occasionnel,1
344,M,48,Daloa,Partenaire,2022-03-05,Occasionnel,1
345,M,38,Abidjan,Site Web,2023-01-13,Régulier,1
346,M,45,Abidjan,Boutique,2023-11-25,Nouveau,1
347,M,38,Abidjan,Boutique,2024-01-17,Occasionnel,1
348,F,34,Bouaké,Boutique,2023-01-01,Fidèle,1
349,M,30,Gagnoa,Site Web,2024-07-16,Occasionnel,1
350,F,38,Yamoussoukro,Boutique,2024-07-01,Nouveau,0
351,M,30,Abidjan,Site Web,2024-04-18,Occasionnel,1
352,F,43,Yamoussoukro,Mobile Money,2024-05-23,Nouveau,1
353,M,18,Abidjan,Réseaux sociaux,2024-12-03,Occasionnel,1
354,M,28,Korhogo,Mobile Money,2024-05-19,Occasionnel,1
355,F,56,Abidjan,Réseaux sociaux,2023-10-04,Occasionnel,1
356,M,27,Abidjan,Mobile Money,2023-03-13,Occasionnel,1
357,M,31,Abidjan,Mobile Money,2023-02-01,Nouveau,1
358,M,24,Abidjan,Mobile Money,2024-06-19,Occasionnel,1
359,F,37,Abidjan,Mobile Money,2022-11-21,Nouveau,1
360,M,25,Bouaké,Boutique,2023-11-21,Occasionnel,1
361,M,31,Daloa,Site Web,2023-07-05,Régulier,0
362,F,43,San-Pédro,Réseaux sociaux,2023-02-19,Nouveau,1
363,F,26,Abidjan,Boutique,2023-05-09,Fidèle,1
364,F,42,Abidjan,Boutique,2022-03-30,Régulier,1
365,M,43,Abidjan,Mobile Money,2024-02-16,Nouveau,1
366,F,45,Abidjan,Réseaux sociaux,2022-03-15,Occasionnel,1
367,M,35,Abidjan,Mobile Money,2022-03-22,Nouveau,1
368,M,69,Korhogo,Mobile Money,2022-10-03,Nouveau,0
369,F,45,Gagnoa,Mobile Money,2023-08-05,Fidèle,1
370,M,37,Abidjan,Mobile Money,2022-11-25,Régulier,1
371,M,24,Daloa,Boutique,2024-08-21,Régulier,1
372,F,32,Bouaké,Mobile Money,2024-10-12,Régulier,0
373,F,49,Abidjan,Mobile Money,2023-03-07,Fidèle,1
374,F,52,Bouaké,Réseaux sociaux,2024-12-30,Fidèle,0
375,F,50,Abidjan,Mobile Money,2022-04-08,Nouveau,1
376,F,42,Abidjan,Site Web,2022-06-07,Nouveau,1
377,M,20,Abengourou,Boutique,2023-01-16,Occasionnel,0
378,F,39,Bouaké,Réseaux sociaux,2024-10-29,Nouveau,1
379,F,20,Abidjan,Site Web,2023-07-06,Occasionnel,1
380,M,18,Abidjan,Mobile Money,2024-02-13,Nouveau,1
381,M,36,Divo,Réseaux sociaux,2023-12-16,Régulier,1
382,M,39,Abidjan,Boutique,2023-06-30,Nouveau,0
383,M,43,Korhogo,Mobile Money,2024-10-17,Régulier,0
384,F,39,Korhogo,Site Web,2024-11-11,Occasionnel,1
385,F,39,Abidjan,Site Web,2023-05-06,Nouveau,1
386,M,23,Yamoussoukro,Mobile Money,2024-02-21,Fidèle,1
387,M,32,Yamoussoukro,Boutique,2023-11-15,Occasionnel,1
388,M,18,Daloa,Mobile Money,2023-10-13,Régulier,1
389,F,18,Abidjan,Boutique,2022-04-22,Fidèle,1
390,M,42,Abidjan,Partenaire,2022-08-18,Nouveau,0
391,M,25,Abidjan,Boutique,2024-12-20,Nouveau,1
392,F,43,Bouaké,Partenaire,2022-09-25,Nouveau,1
393,M,46,Daloa,Mobile Money,2023-12-15,Nouveau,0
394,M,27,Daloa,Site Web,2024-09-25,Fidèle,0
395,F,40,Bouaké,Partenaire,2023-10-22,Régulier,1
396,F,26,Abidjan,Site Web,2022-08-24,Occasionnel,1
397,M,18,Abidjan,Mobile Money,2024-07-30,Régulier,1
398,F,35,Daloa,Mobile Money,2022-02-05,Fidèle,1
399,F,28,Abidjan,Mobile Money,2024-03-02,Nouveau,1
400,F,29,Daloa,Site Web,2022-10-19,Nouveau,1
401,F,55,Abidjan,Partenaire,2023-12-03,Fidèle,1
402,M,18,Abidjan,Boutique,2023-06-11,Régulier,1
403,M,38,Man,Mobile Money,2023-09-16,Nouveau,0
404,F,23,Abidjan,Mobile Money,2023-02-23,Occasionnel,0
405,M,43,Abidjan,Boutique,2023-08-03,Nouveau,1
406,M,37,Yamoussoukro,Boutique,2024-10-21,Régulier,1
407,F,38,Bouaké,Mobile Money,2024-06-23,Régulier,1
408,M,23,Divo,Site Web,2023-04-04,Nouveau,1
409,F,25,Korhogo,Mobile Money,2024-10-27,Régulier,0
410,M,44,Daloa,Site Web,2024-08-31,Occasionnel,1
411,M,53,Abidjan,Boutique,2023-11-18,Régulier,1
412,M,39,Abidjan,Mobile Money,2023-10-14,Régulier,1
413,F,24,Korhogo,Site Web,2022-02-09,Occasionnel,1
414,M,37,Abidjan,Site Web,2023-07-28,Nouveau,1
415,F,60,Gagnoa,Boutique,2022-08-21,Nouveau,1
416,F,35,Yamoussoukro,Site Web,2022-06-25,Régulier,1
417,F,50,Abidjan,Boutique,2024-07-28,Régulier,1
418,M,25,Abidjan,Mobile Money,2022-10-24,Nouveau,0
419,F,33,Yamoussoukro,Partenaire,2023-11-05,VIP,1
420,M,40,Abidjan,Partenaire,2024-08-07,Régulier,1
421,M,38,Abidjan,Mobile Money,2023-10-17,Nouveau,1
422,F,25,Yamoussoukro,Partenaire,2024-05-04,Nouveau,0
423,F,25,Abidjan,Site Web,2024-04-28,Occasionnel,1
424,F,44,Abidjan,Mobile Money,2023-05-05,Nouveau,1
425,M,47,Yamoussoukro,Boutique,2024-10-06,VIP,1
426,M,50,Daloa,Mobile Money,2024-09-22,Régulier,1
427,F,53,Abidjan,Boutique,2023-01-05,Nouveau,0
428,M,35,Divo,Partenaire,2024-06-16,Occasionnel,1
429,F,30,Man,Boutique,2022-07-20,Nouveau,1
430,M,48,Abidjan,Boutique,2022-05-03,Occasionnel,0
431,M,41,Abidjan,Mobile Money,2023-08-04,Nouveau,1
432,M,23,Daloa,Boutique,2023-10-26,Fidèle,1
433,M,22,Abidjan,Réseaux sociaux,2023-10-01,Régulier,1
434,M,39,San-Pédro,Mobile Money,2024-05-24,Fidèle,1
435,F,32,Bouaké,Boutique,2023-03-05,Nouveau,0
436,F,33,Abidjan,Boutique,2024-06-04,Occasionnel,1
437,F,45,Bouaké,Site Web,2024-09-14,Régulier,1
438,F,42,Abidjan,Site Web,2022-04-11,Occasionnel,0
439,M,48,Man,Site Web,2023-05-07,Occasionnel,1
440,M,18,Abidjan,Boutique,2022-09-03,VIP,1
441,M,36,Man,Boutique,2023-12-20,Régulier,1
442,F,41,Abidjan,Site Web,2023-03-29,Fidèle,1
443,M,18,Daloa,Site Web,2022-11-05,Occasionnel,1
444,F,26,Man,Boutique,2022-10-03,Occasionnel,1
445,F,24,Abidjan,Réseaux sociaux,2023-01-24,Occasionnel,1
446,M,34,Abidjan,Mobile Money,2022-04-30,Occasionnel,1
447,M,51,San-Pédro,Mobile Money,2022-04-25,Nouveau,1
448,M,56,San-Pédro,Partenaire,2023-11-20,Fidèle,1
449,F,25,Abidjan,Mobile Money,2024-10-29,Occasionnel,1
450,M,39,Abidjan,Réseaux sociaux,2023-07-10,Occasionnel,1
451,F,40,San-Pédro,Site Web,2024-10-12,Fidèle,1
452,M,38,Abidjan,Réseaux sociaux,2022-06-19,Régulier,1
453,M,38,Bouaké,Boutique,2024-12-01,Nouveau,0
454,F,37,Abidjan,Réseaux sociaux,2023-10-05,Régulier,0
455,F,52,Abidjan,Site Web,2024-03-25,Occasionnel,1
456,F,46,San-Pédro,Boutique,2022-03-09,Nouveau,0
457,M,22,Abidjan,Boutique,2023-10-24,Nouveau,1
458,F,42,Man,Mobile Money,2023-02-24,Régulier,0
459,M,43,Bouaké,Mobile Money,2024-09-10,Régulier,0
460,M,37,Abidjan,Partenaire,2024-05-17,Fidèle,1
461,M,46,Abidjan,Mobile Money,2024-08-04,Occasionnel,1
462,F,36,Abidjan,Site Web,2024-09-01,Occasionnel,1
463,M,36,San-Pédro,Boutique,2024-02-29,Nouveau,1
464,F,35,Yamoussoukro,Mobile Money,2022-09-26,VIP,1
465,M,18,Daloa,Partenaire,2022-11-06,Fidèle,1
466,M,33,Abidjan,Mobile Money,2024-07-30,VIP,1
467,M,26,Abidjan,Boutique,2023-10-21,Occasionnel,0
468,M,20,Abidjan,Boutique,2024-09-03,Nouveau,0
469,F,49,Daloa,Mobile Money,2024-05-20,Occasionnel,1
470,F,39,Abidjan,Mobile Money,2023-10-27,Occasionnel,1
471,F,33,Abidjan,Site Web,2022-06-16,Nouveau,0
472,F,27,Abidjan,Mobile Money,2024-12-11,Nouveau,1
473,F,37,Abidjan,Réseaux sociaux,2022-09-24,Nouveau,0
474,F,44,Yamoussoukro,Site Web,2022-09-27,Occasionnel,1
475,F,24,Bouaké,Mobile Money,2022-06-09,Fidèle,1
476,F,33,Gagnoa,Mobile Money,2022-03-17,Régulier,1
477,F,43,Abidjan,Mobile Money,2023-02-15,Régulier,1
478,M,18,Bouaké,Site Web,2024-07-12,Nouveau,1
479,M,33,Abidjan,Boutique,2024-08-06,Régulier,0
480,F,29,San-Pédro,Mobile Money,2023-06-22,Occasionnel,1
481,F,32,Bouaké,Boutique,2022-12-11,Nouveau,1
482,F,28,Abidjan,Boutique,2023-01-15,Occasionnel,1
483,M,35,San-Pédro,Site Web,2024-10-03,Nouveau,1
484,F,55,Abidjan,Mobile Money,2022-03-02,Fidèle,1
485,F,30,Abidjan,Mobile Money,2022-03-04,Fidèle,1
486,F,37,Abidjan,Boutique,2022-03-12,Nouveau,1
487,F,55,Abidjan,Site Web,2024-08-30,Régulier,0
488,F,27,Korhogo,Site Web,2022-04-10,Occasionnel,0
489,M,53,Daloa,Mobile Money,2024-10-27,Nouveau,1
490,M,34,Daloa,Mobile Money,2022-07-21,Régulier,1
491,M,53,Korhogo,Site Web,2023-08-24,Régulier,0
492,M,42,Daloa,Mobile Money,2024-11-28,Régulier,1
493,M,37,Abidjan,Boutique,2022-05-07,Nouveau,1
494,F,33,Abidjan,Boutique,2022-11-05,Occasionnel,1
495,M,27,Abidjan,Mobile Money,2024-03-07,Nouveau,1
496,M,34,Man,Boutique,2024-06-13,Nouveau,1
497,F,43,Divo,Mobile Money,2024-09-20,Nouveau,1
498,M,33,Daloa,Boutique,2022-01-22,Nouveau,1
499,F,30,Abidjan,Mobile Money,2024-04-30,Nouveau,1
500,F,31,Abidjan,Boutique,2022-12-19,Occasionnel,1
501,M,44,Korhogo,Boutique,2023-09-03,Régulier,1
502,M,47,Abidjan,Mobile Money,2024-09-19,Nouveau,1
503,M,26,Bouaké,Site Web,2024-09-14,Nouveau,1
504,F,26,Abidjan,Site Web,2022-07-22,Fidèle,1
505,M,38,Abidjan,Partenaire,2023-05-31,Fidèle,1
506,M,50,Yamoussoukro,Mobile Money,2022-11-08,Nouveau,1
507,F,46,Divo,Mobile Money,2023-11-05,Occasionnel,1
508,M,20,Daloa,Mobile Money,2024-06-24,Nouveau,1
509,F,31,Abidjan,Réseaux sociaux,2022-12-15,VIP,0
510,F,23,Abidjan,Boutique,2022-05-13,Occasionnel,1
511,F,31,Korhogo,Mobile Money,2022-03-12,Nouveau,1
512,M,51,Bouaké,Site Web,2022-02-28,Régulier,1
513,F,18,Abidjan,Mobile Money,2023-02-06,Régulier,1
514,F,18,Yamoussoukro,Boutique,2024-11-23,Nouveau,0
515,F,24,Abidjan,Boutique,2022-10-03,Nouveau,1
516,F,37,Abidjan,Site Web,2023-03-20,Occasionnel,1
517,F,40,San-Pédro,Site Web,2024-01-10,Nouveau,1
518,M,38,Bouaké,Mobile Money,2023-12-22,Nouveau,1
519,F,46,Abidjan,Site Web,2022-10-23,Régulier,1
520,M,18,Abidjan,Boutique,2022-05-20,Régulier,1
521,M,47,Abengourou,Mobile Money,2022-06-21,Régulier,1
522,F,30,Bouaké,Réseaux sociaux,2022-08-30,Régulier,1
523,F,42,Bouaké,Site Web,2022-04-05,Occasionnel,0
524,M,19,Abidjan,Partenaire,2023-05-19,Occasionnel,0
525,F,34,Gagnoa,Site Web,2023-12-09,Régulier,1
526,F,36,Korhogo,Mobile Money,2024-01-10,Nouveau,1
527,M,46,Abidjan,Boutique,2024-09-22,Nouveau,1
528,M,18,Abidjan,Boutique,2022-11-18,Nouveau,0
529,M,34,Yamoussoukro,Mobile Money,2023-12-18,Régulier,1
530,F,22,San-Pédro,Boutique,2024-08-26,Occasionnel,1
531,M,39,Daloa,Boutique,2022-02-01,Occasionnel,1
532,M,42,Gagnoa,Mobile Money,2024-05-05,Occasionnel,1
533,F,48,Bouaké,Réseaux sociaux,2022-04-07,Fidèle,1
534,M,28,Abidjan,Mobile Money,2023-08-27,Nouveau,1
535,F,44,Abidjan,Boutique,2024-06-28,Occasionnel,1
536,F,48,San-Pédro,Site Web,2023-05-18,Régulier,1
537,M,18,Abidjan,Site Web,2023-09-05,Régulier,1
538,F,40,Abidjan,Mobile Money,2023-11-10,Occasionnel,1
539,F,44,Yamoussoukro,Site Web,2023-09-25,Nouveau,1
540,M,31,Abidjan,Site Web,2024-03-12,Fidèle,1
541,M,20,San-Pédro,Réseaux sociaux,2024-07-29,Occasionnel,0
542,M,44,Abidjan,Mobile Money,2022-05-28,Fidèle,1
543,M,20,Abidjan,Mobile Money,2023-04-01,Régulier,1
544,M,32,Abidjan,Site Web,2024-07-22,Fidèle,0
545,F,33,Yamoussoukro,Mobile Money,2023-02-22,Nouveau,1
546,F,41,Daloa,Site Web,2023-06-20,Occasionnel,0
547,F,27,Abidjan,Site Web,2024-03-23,Nouveau,1
548,F,26,Abidjan,Site Web,2024-10-21,Nouveau,1
549,M,35,Abidjan,Partenaire,2022-10-03,Nouveau,1
550,F,45,Yamoussoukro,Boutique,2024-11-12,Occasionnel,1
551,F,59,Abengourou,Réseaux sociaux,2024-02-17,Occasionnel,0
552,F,18,Daloa,Site Web,2022-02-03,Régulier,0
553,F,37,Abidjan,Mobile Money,2024-08-01,Nouveau,1
554,M,22,Bouaké,Site Web,2023-02-26,Nouveau,1
555,F,45,Abidjan,Site Web,2022-11-06,Occasionnel,1
556,F,23,Abidjan,Partenaire,2023-07-31,Régulier,1
557,F,26,Abidjan,Mobile Money,2023-09-23,Nouveau,1
558,F,27,Abidjan,Mobile Money,2023-08-14,Régulier,1
559,M,33,Abidjan,Réseaux sociaux,2022-03-02,Nouveau,1
560,F,37,Daloa,Mobile Money,2024-06-19,Occasionnel,1
561,F,39,Abidjan,Site Web,2023-01-10,Régulier,1
562,F,33,Daloa,Boutique,2022-06-04,Occasionnel,1
563,M,19,Divo,Mobile Money,2023-09-12,Régulier,1
564,M,42,Bouaké,Mobile Money,2023-11-13,Fidèle,1
565,M,33,Abidjan,Réseaux sociaux,2022-04-24,Nouveau,1
566,M,46,Daloa,Mobile Money,2024-10-29,Nouveau,1
567,M,26,Abidjan,Site Web,2023-10-20,Fidèle,1
568,F,18,Abidjan,Site Web,2024-12-27,Fidèle,0
569,F,33,Abidjan,Site Web,2024-01-05,Régulier,1
570,M,48,San-Pédro,Boutique,2022-01-12,Nouveau,1
571,F,35,San-Pédro,Mobile Money,2022-08-17,Nouveau,1
572,M,31,San-Pédro,Réseaux sociaux,2024-11-30,Fidèle,0
573,F,24,Yamoussoukro,Mobile Money,2023-09-05,Régulier,1
574,M,53,Abidjan,Mobile Money,2022-05-14,Nouveau,1
575,M,22,San-Pédro,Partenaire,2022-03-23,Nouveau,1
576,F,26,Korhogo,Mobile Money,2023-08-11,Régulier,1
577,M,40,Abidjan,Mobile Money,2023-10-13,Occasionnel,0
578,M,18,Abengourou,Partenaire,2022-09-27,VIP,0
579,M,48,Korhogo,Mobile Money,2022-08-02,Occasionnel,0
580,F,40,Abidjan,Mobile Money,2023-10-26,Nouveau,1
581,F,43,Abidjan,Boutique,2023-04-22,Nouveau,1
582,M,40,Abidjan,Site Web,2022-02-10,Occasionnel,1
583,F,32,Daloa,Réseaux sociaux,2022-03-05,Nouveau,0
584,F,22,Abidjan,Site Web,2022-09-18,Nouveau,1
585,M,32,Abidjan,Partenaire,2023-09-10,Nouveau,1
586,M,23,Bouaké,Mobile Money,2022-11-26,Nouveau,0
587,F,39,Korhogo,Site Web,2022-01-17,Régulier,0
588,F,42,San-Pédro,Mobile Money,2024-09-29,Nouveau,1
589,F,50,Daloa,Réseaux sociaux,2024-01-30,Occasionnel,1
590,F,38,Abidjan,Partenaire,2023-10-02,Régulier,1
591,M,44,Abidjan,Mobile Money,2022-09-25,Nouveau,1
592,F,30,Yamoussoukro,Réseaux sociaux,2024-02-15,Occasionnel,1
593,F,28,Abidjan,Site Web,2024-11-02,Fidèle,1
594,M,39,Bouaké,Mobile Money,2024-01-11,Occasionnel,1
595,F,29,Abengourou,Site Web,2022-11-20,Occasionnel,0
596,F,36,Bouaké,Partenaire,2023-03-06,Fidèle,0
597,M,22,Bouaké,Mobile Money,2024-10-14,Fidèle,0
598,M,24,Yamoussoukro,Mobile Money,2022-01-16,Fidèle,0
599,M,40,San-Pédro,Partenaire,2022-08-31,Occasionnel,1
600,M,43,Abidjan,Boutique,2022-04-28,Régulier,1
601,F,23,Abidjan,Boutique,2023-12-04,Occasionnel,1
602,M,41,Abidjan,Site Web,2023-05-18,Nouveau,1
603,M,28,Bouaké,Site Web,2022-05-26,Occasionnel,1
604,M,34,Abidjan,Mobile Money,2024-10-27,Fidèle,1
605,M,49,Abidjan,Mobile Money,2023-08-28,Nouveau,0
606,M,42,Daloa,Réseaux sociaux,2022-09-30,Fidèle,1
607,M,42,Abidjan,Boutique,2024-11-01,VIP,1
608,F,54,Bouaké,Site Web,2024-02-04,Nouveau,1
609,M,26,Abidjan,Réseaux sociaux,2022-05-23,Nouveau,1
610,F,23,Abidjan,Mobile Money,2024-06-24,VIP,1
611,M,26,Abidjan,Réseaux sociaux,2022-03-06,Nouveau,1
612,M,31,Abidjan,Site Web,2024-09-19,Régulier,1
613,M,18,Abengourou,Partenaire,2023-03-07,Nouveau,1
614,M,31,Abengourou,Mobile Money,2022-11-18,Nouveau,1
615,F,28,Yamoussoukro,Mobile Money,2022-02-28,Nouveau,0
616,M,42,Bouaké,Site Web,2024-10-16,Nouveau,1
617,M,37,Daloa,Partenaire,2023-09-05,Fidèle,1
618,F,27,Korhogo,Partenaire,2023-10-28,Nouveau,1
619,F,40,Abidjan,Boutique,2024-07-20,Nouveau,1
620,F,41,Abidjan,Boutique,2023-07-11,Régulier,0
621,M,25,Yamoussoukro,Mobile Money,2022-11-14,VIP,1
622,F,28,Abengourou,Site Web,2024-05-02,Occasionnel,0
623,M,18,Abidjan,Réseaux sociaux,2023-08-04,Régulier,0
624,F,22,Abidjan,Site Web,2022-09-19,Nouveau,1
625,M,25,Abidjan,Boutique,2024-07-13,Fidèle,1
626,F,34,Abidjan,Partenaire,2024-06-08,Régulier,0
627,M,23,Yamoussoukro,Mobile Money,2022-09-28,Fidèle,0
628,F,28,Abidjan,Boutique,2023-12-13,Régulier,1
629,M,20,Divo,Boutique,2024-10-05,Fidèle,1
630,M,35,Daloa,Boutique,2024-05-25,Occasionnel,1
631,M,38,Abidjan,Site Web,2022-08-06,Régulier,1
632,M,38,San-Pédro,Site Web,2024-07-26,Régulier,1
633,F,34,Daloa,Mobile Money,2022-03-03,Nouveau,1
634,F,18,Abidjan,Mobile Money,2023-11-07,Fidèle,1
635,F,27,Abidjan,Boutique,2023-07-14,Régulier,0
636,F,29,San-Pédro,Site Web,2022-02-10,Fidèle,1
637,M,29,Abidjan,Boutique,2024-03-05,Occasionnel,0
638,M,34,Abidjan,Boutique,2022-11-23,Fidèle,1
639,M,49,Abidjan,Mobile Money,2024-07-22,Nouveau,1
640,M,42,Abidjan,Site Web,2024-08-19,VIP,0
641,M,23,Yamoussoukro,Boutique,2023-10-09,Nouveau,1
642,M,41,Abidjan,Boutique,2023-11-18,Régulier,1
643,F,41,Bouaké,Boutique,2022-02-27,Nouveau,0
644,F,25,Abidjan,Mobile Money,2024-09-01,Régulier,0
645,M,43,San-Pédro,Mobile Money,2024-01-17,Occasionnel,0
646,M,32,Abidjan,Mobile Money,2023-02-26,Fidèle,1
647,F,18,Man,Site Web,2022-04-04,Fidèle,1
648,F,39,Korhogo,Mobile Money,2023-07-07,Occasionnel,1
649,M,36,Abidjan,Mobile Money,2024-09-13,Régulier,1
650,F,31,Yamoussoukro,Partenaire,2024-08-02,Régulier,0
651,F,33,Abidjan,Boutique,2022-04-19,Occasionnel,1
652,M,26,San-Pédro,Boutique,2024-04-14,Nouveau,1
653,M,40,Bouaké,Boutique,2022-03-31,Nouveau,1
654,F,33,Abidjan,Mobile Money,2023-02-18,Nouveau,1
655,M,35,Abidjan,Mobile Money,2023-05-05,Occasionnel,1
656,F,37,Abidjan,Réseaux sociaux,2022-01-25,Occasionnel,1
657,M,21,San-Pédro,Boutique,2022-05-31,Occasionnel,1
658,F,24,Daloa,Site Web,2024-08-21,VIP,0
659,M,18,Abidjan,Partenaire,2023-11-21,Nouveau,1
660,F,40,Abidjan,Mobile Money,2024-05-11,Fidèle,1
661,F,20,Abidjan,Site Web,2023-09-18,Régulier,1
662,M,35,Bouaké,Mobile Money,2023-05-07,Régulier,1
663,F,38,Abidjan,Boutique,2022-01-20,Occasionnel,1
664,F,40,Abidjan,Réseaux sociaux,2023-08-22,Nouveau,1
665,F,20,Korhogo,Mobile Money,2024-04-23,Fidèle,1
666,M,33,Abidjan,Partenaire,2022-08-12,Régulier,0
667,M,52,Daloa,Boutique,2023-06-22,Fidèle,0
668,M,52,Abidjan,Boutique,2023-03-28,Nouveau,0
669,F,44,Abidjan,Mobile Money,2024-08-11,Occasionnel,1
670,F,37,Bouaké,Boutique,2022-06-28,Occasionnel,1
671,F,22,Abidjan,Boutique,2022-04-26,Régulier,1
672,M,41,Abidjan,Mobile Money,2022-08-19,Régulier,1
673,M,32,Abengourou,Boutique,2022-06-21,Nouveau,1
674,M,40,Korhogo,Mobile Money,2024-07-15,Nouveau,1
675,M,27,Daloa,Partenaire,2022-10-13,Nouveau,1
676,F,32,Abidjan,Mobile Money,2023-02-01,Nouveau,1
677,M,35,Abidjan,Boutique,2022-10-09,Nouveau,1
678,F,36,Abidjan,Site Web,2024-06-11,Nouveau,0
679,F,39,Man,Site Web,2023-12-29,Occasionnel,1
680,F,27,San-Pédro,Réseaux sociaux,2023-06-03,Régulier,1
681,F,19,Abidjan,Partenaire,2024-05-24,Régulier,1
682,F,51,Gagnoa,Mobile Money,2022-03-19,Nouveau,1
683,F,61,Abidjan,Boutique,2024-01-13,Nouveau,1
684,F,38,Bouaké,Site Web,2023-01-31,Régulier,0
685,M,19,Abidjan,Mobile Money,2023-02-20,Occasionnel,1
686,F,25,Abidjan,Site Web,2022-06-23,Nouveau,1
687,F,39,Divo,Mobile Money,2022-04-17,Occasionnel,0
688,M,48,Korhogo,Réseaux sociaux,2024-01-30,VIP,1
689,M,20,Abidjan,Site Web,2024-07-19,Occasionnel,1
690,M,32,Abidjan,Boutique,2024-09-24,VIP,1
691,F,36,Bouaké,Boutique,2022-09-24,Nouveau,1
692,M,43,Abidjan,Partenaire,2024-04-15,Nouveau,1
693,F,30,Bouaké,Site Web,2022-05-02,Nouveau,1
694,F,18,Bouaké,Réseaux sociaux,2024-05-02,Régulier,1
695,M,40,Abidjan,Réseaux sociaux,2023-09-12,Occasionnel,0
696,M,46,Abidjan,Mobile Money,2024-08-01,Occasionnel,1
697,M,33,Abidjan,Mobile Money,2022-03-16,VIP,1
698,M,38,Man,Mobile Money,2024-04-30,Occasionnel,0
699,M,28,Abidjan,Site Web,2023-05-27,Nouveau,1
700,F,24,Bouaké,Site Web,2023-09-15,Régulier,1
701,F,45,Abidjan,Mobile Money,2023-08-14,Nouveau,1
702,F,38,Yamoussoukro,Partenaire,2024-02-22,Occasionnel,1
703,F,39,Abidjan,Mobile Money,2023-10-18,Fidèle,0
704,M,50,Abidjan,Site Web,2023-04-01,Occasionnel,1
705,F,22,Daloa,Boutique,2023-04-22,Nouveau,1
706,M,27,Yamoussoukro,Boutique,2022-03-19,Occasionnel,1
707,M,35,Abidjan,Mobile Money,2024-03-04,Nouveau,1
708,M,27,Abidjan,Site Web,2024-02-12,Nouveau,1
709,F,42,Divo,Site Web,2023-09-13,Occasionnel,1
710,F,31,Abidjan,Mobile Money,2024-03-01,Nouveau,1
711,M,23,Abidjan,Boutique,2022-10-22,Nouveau,1
712,M,34,Abidjan,Site Web,2022-09-02,Occasionnel,1
713,M,35,Abidjan,Boutique,2024-10-09,Occasionnel,1
714,M,44,Bouaké,Site Web,2024-11-10,Occasionnel,1
715,M,38,Yamoussoukro,Boutique,2024-07-22,VIP,0
716,F,39,Abidjan,Réseaux sociaux,2022-02-27,Nouveau,0
717,M,37,Bouaké,Site Web,2023-08-24,Nouveau,0
718,F,31,Abidjan,Mobile Money,2024-03-16,Fidèle,1
719,M,26,Daloa,Site Web,2022-02-10,Nouveau,1
720,M,37,Abidjan,Mobile Money,2024-11-26,Fidèle,1
721,F,30,Abidjan,Partenaire,2024-05-11,Régulier,0
722,F,52,Yamoussoukro,Site Web,2022-12-05,Occasionnel,0
723,F,48,Abidjan,Mobile Money,2023-07-09,Nouveau,1
724,M,40,Abidjan,Site Web,2024-09-26,Occasionnel,1
725,F,38,Abidjan,Mobile Money,2024-07-23,Fidèle,1
726,F,33,Yamoussoukro,Réseaux sociaux,2024-06-23,Nouveau,1
727,F,20,Abidjan,Partenaire,2024-12-13,Régulier,1
728,F,31,Yamoussoukro,Site Web,2024-03-25,Fidèle,1
729,F,35,Daloa,Boutique,2024-10-21,Régulier,1
730,F,36,Bouaké,Site Web,2024-11-10,Nouveau,1
731,F,39,Abidjan,Boutique,2022-01-22,Régulier,1
732,F,44,San-Pédro,Mobile Money,2023-12-18,Régulier,1
733,F,26,Abidjan,Partenaire,2023-01-01,Nouveau,1
734,F,26,Korhogo,Mobile Money,2023-06-26,Fidèle,1
735,F,49,Yamoussoukro,Mobile Money,2022-07-03,Nouveau,1
736,M,42,Abidjan,Mobile Money,2024-01-10,VIP,1
737,F,29,Daloa,Partenaire,2024-07-03,Nouveau,1
738,F,32,Abidjan,Partenaire,2023-03-27,Nouveau,1
739,F,32,Abidjan,Boutique,2024-02-04,Régulier,1
740,F,34,Abidjan,Mobile Money,2022-12-22,Nouveau,1
741,F,39,Bouaké,Réseaux sociaux,2024-03-31,Nouveau,1
742,F,61,Yamoussoukro,Boutique,2022-04-01,Nouveau,1
743,M,36,Korhogo,Partenaire,2024-08-21,Fidèle,1
744,F,41,Abidjan,Réseaux sociaux,2023-02-18,Nouveau,1
745,F,18,Bouaké,Site Web,2023-07-07,Régulier,1
746,F,28,Yamoussoukro,Mobile Money,2024-05-29,Occasionnel,1
747,F,47,Yamoussoukro,Site Web,2022-02-02,Occasionnel,1
748,F,38,Abidjan,Partenaire,2024-11-01,Occasionnel,0
749,M,18,Abidjan,Boutique,2023-11-04,Nouveau,1
750,M,41,Daloa,Réseaux sociaux,2024-12-03,VIP,1
751,F,55,Abidjan,Boutique,2023-08-27,Régulier,1
752,F,18,Abidjan,Partenaire,2022-08-15,Fidèle,1
753,F,50,Abidjan,Site Web,2023-09-30,Régulier,0
754,F,18,Abidjan,Mobile Money,2023-09-18,Fidèle,1
755,M,44,Abidjan,Boutique,2024-10-05,VIP,1
756,F,33,Abidjan,Mobile Money,2023-09-23,Occasionnel,0
757,F,18,Yamoussoukro,Boutique,2023-03-21,Fidèle,1
758,M,38,Gagnoa,Réseaux sociaux,2022-07-12,Nouveau,1
759,F,46,Abidjan,Mobile Money,2022-12-23,Nouveau,1
760,F,38,Abidjan,Partenaire,2023-09-29,Occasionnel,1
761,M,40,San-Pédro,Mobile Money,2023-02-09,Occasionnel,1
762,F,29,Abidjan,Site Web,2023-02-02,Occasionnel,1
763,F,18,Abengourou,Partenaire,2022-01-16,Occasionnel,1
764,F,41,Bouaké,Site Web,2024-10-28,Occasionnel,1
765,M,53,Abidjan,Réseaux sociaux,2024-07-05,Fidèle,1
766,F,46,Abidjan,Partenaire,2022-10-07,Nouveau,1
767,F,18,Abidjan,Site Web,2022-05-31,Nouveau,1
768,F,18,Daloa,Site Web,2024-07-03,Régulier,1
769,F,24,Abidjan,Mobile Money,2024-07-05,Régulier,1
770,M,18,San-Pédro,Boutique,2024-09-09,Fidèle,0
771,F,34,Daloa,Mobile Money,2023-08-23,Nouveau,1
772,M,38,Korhogo,Réseaux sociaux,2024-03-16,Nouveau,1
773,M,18,Korhogo,Site Web,2024-03-09,Fidèle,1
774,M,42,Abidjan,Site Web,2022-08-24,Nouveau,1
775,F,40,Abidjan,Partenaire,2023-07-28,Régulier,1
776,M,27,San-Pédro,Mobile Money,2022-10-13,Nouveau,1
777,M,32,Abidjan,Partenaire,2024-04-05,Occasionnel,1
778,F,18,Abidjan,Mobile Money,2024-11-29,Fidèle,1
779,M,30,Abidjan,Boutique,2022-03-25,Occasionnel,0
780,M,34,Abidjan,Site Web,2022-03-25,Nouveau,1
781,F,35,Korhogo,Boutique,2022-10-17,Régulier,1
782,M,38,Abidjan,Site Web,2022-05-09,Nouveau,1
783,F,36,Yamoussoukro,Site Web,2022-01-10,Nouveau,1
784,M,31,Gagnoa,Réseaux sociaux,2024-12-07,Occasionnel,1
785,M,37,Abidjan,Mobile Money,2023-09-30,Occasionnel,1
786,F,45,Daloa,Mobile Money,2024-04-30,Régulier,0
787,M,32,Abidjan,Mobile Money,2023-09-12,Occasionnel,1
788,F,37,Abidjan,Boutique,2024-03-28,Occasionnel,1
789,M,31,Abidjan,Mobile Money,2024-01-22,Nouveau,1
790,M,26,Abidjan,Mobile Money,2022-06-25,Fidèle,1
791,F,39,Abidjan,Réseaux sociaux,2022-06-14,Nouveau,1
792,F,27,Abidjan,Partenaire,2023-06-20,Fidèle,1
793,F,38,Abidjan,Réseaux sociaux,2023-02-11,Occasionnel,0
794,F,34,Abidjan,Mobile Money,2024-07-09,Occasionnel,1
795,F,30,Yamoussoukro,Boutique,2022-12-02,Régulier,0
796,F,30,Abidjan,Mobile Money,2022-12-27,Occasionnel,0
797,F,28,San-Pédro,Boutique,2023-08-03,Régulier,0
798,F,18,Man,Boutique,2022-07-31,Fidèle,1
799,M,38,Yamoussoukro,Partenaire,2024-07-29,Fidèle,1
800,M,36,Bouaké,Site Web,2022-01-12,Occasionnel,1
801,M,43,Yamoussoukro,Mobile Money,2024-07-17,Régulier,1
802,F,28,Yamoussoukro,Site Web,2023-11-13,Occasionnel,1
803,M,54,Man,Partenaire,2024-08-30,Régulier,1
804,M,29,Gagnoa,Mobile Money,2022-11-18,Nouveau,1
805,F,24,Abidjan,Réseaux sociaux,2024-09-12,Nouveau,1
806,F,23,Bouaké,Mobile Money,2024-08-03,Occasionnel,1
807,M,18,San-Pédro,Mobile Money,2023-05-16,Nouveau,1
808,F,50,Abidjan,Réseaux sociaux,2022-11-07,Régulier,1
809,F,49,Abidjan,Mobile Money,2022-08-04,Nouveau,0
810,M,40,Yamoussoukro,Site Web,2022-06-15,Nouveau,1
811,F,24,Yamoussoukro,Mobile Money,2023-10-01,Régulier,1
812,F,53,Abidjan,Site Web,2024-11-17,Occasionnel,1
813,M,30,Abidjan,Site Web,2023-09-12,VIP,1
814,M,31,Abidjan,Réseaux sociaux,2024-11-22,Nouveau,1
815,F,49,Bouaké,Réseaux sociaux,2024-04-07,Nouveau,1
816,M,41,Man,Site Web,2024-01-21,Nouveau,0
817,M,58,Korhogo,Boutique,2024-03-04,Occasionnel,1
818,M,36,Abidjan,Mobile Money,2024-10-13,Nouveau,1
819,M,29,Abidjan,Site Web,2024-07-28,Régulier,1
820,F,27,Daloa,Boutique,2022-06-27,Nouveau,1
821,F,18,Yamoussoukro,Mobile Money,2023-10-03,Fidèle,1
822,M,30,Abidjan,Partenaire,2023-05-20,Occasionnel,0
823,F,46,Abidjan,Mobile Money,2024-08-20,Régulier,1
824,M,40,Abidjan,Mobile Money,2022-08-12,Nouveau,1
825,M,34,Daloa,Réseaux sociaux,2024-06-16,Nouveau,0
826,F,23,Bouaké,Boutique,2023-06-09,Occasionnel,1
827,M,36,Abidjan,Site Web,2024-10-17,Occasionnel,0
828,F,45,Man,Mobile Money,2024-05-16,Occasionnel,1
829,M,38,Yamoussoukro,Boutique,2023-01-13,Nouveau,1
830,F,35,Man,Site Web,2024-07-14,Nouveau,1
831,M,25,Abidjan,Mobile Money,2022-07-25,VIP,0
832,M,43,Abidjan,Site Web,2022-01-05,Nouveau,0
833,F,18,Man,Mobile Money,2023-07-09,Nouveau,1
834,M,38,Divo,Mobile Money,2023-03-03,Occasionnel,1
835,M,62,Gagnoa,Mobile Money,2022-05-18,Nouveau,1
836,M,18,San-Pédro,Mobile Money,2024-12-24,Occasionnel,1
837,M,31,Abidjan,Mobile Money,2022-02-12,Régulier,1
838,M,33,Abidjan,Site Web,2023-10-08,Régulier,1
839,F,28,Abidjan,Boutique,2022-10-13,Régulier,1
840,F,45,Man,Mobile Money,2022-11-21,Nouveau,1
841,F,39,Abidjan,Boutique,2022-08-20,Nouveau,1
842,M,35,Daloa,Mobile Money,2023-03-02,Régulier,1
843,M,42,Man,Boutique,2024-01-01,Nouveau,1
844,F,34,Gagnoa,Réseaux sociaux,2022-12-20,Nouveau,1
845,F,68,Divo,Site Web,2024-03-01,Occasionnel,0
846,M,35,Bouaké,Site Web,2023-05-06,Régulier,1
847,F,36,Abidjan,Mobile Money,2024-05-09,Nouveau,0
848,M,18,Abengourou,Mobile Money,2023-05-02,Fidèle,1
849,F,28,Abidjan,Site Web,2023-02-05,Nouveau,1
850,M,46,Abidjan,Boutique,2023-07-10,VIP,1
851,F,19,Gagnoa,Site Web,2024-01-22,Nouveau,1
852,F,18,Yamoussoukro,Partenaire,2023-05-24,Régulier,1
853,M,34,Abidjan,Boutique,2024-09-19,Occasionnel,1
854,M,49,Abidjan,Réseaux sociaux,2023-07-20,Fidèle,1
855,F,34,Abidjan,Boutique,2022-11-21,Occasionnel,1
856,F,30,Divo,Mobile Money,2022-01-31,Fidèle,1
857,M,18,Bouaké,Mobile Money,2023-03-06,Régulier,1
858,M,38,Abidjan,Site Web,2022-03-01,Occasionnel,1
859,F,41,Bouaké,Mobile Money,2022-02-09,Nouveau,1
860,F,18,Korhogo,Site Web,2023-02-11,Nouveau,1
861,M,46,Man,Site Web,2022-11-14,VIP,0
862,M,42,Abidjan,Boutique,2024-08-27,Fidèle,1
863,M,46,Bouaké,Boutique,2024-03-10,Nouveau,1
864,M,40,Abidjan,Site Web,2024-05-15,Nouveau,1
865,F,41,Abidjan,Boutique,2023-08-21,Nouveau,0
866,M,39,Abidjan,Réseaux sociaux,2022-05-01,Nouveau,1
867,M,43,Abidjan,Mobile Money,2024-07-20,Nouveau,0
868,M,18,Bouaké,Partenaire,2023-06-26,Fidèle,1
869,F,18,Abidjan,Mobile Money,2023-04-15,Nouveau,1
870,F,25,Abidjan,Mobile Money,2023-10-25,Fidèle,1
871,M,32,Abidjan,Site Web,2022-06-29,VIP,1
872,F,38,Abidjan,Mobile Money,2023-06-11,Nouveau,1
873,M,37,Yamoussoukro,Mobile Money,2023-10-26,Occasionnel,1
874,F,46,Abidjan,Mobile Money,2024-02-03,Occasionnel,1
875,M,46,Abidjan,Site Web,2023-07-02,Nouveau,1
876,M,24,Abengourou,Boutique,2024-12-28,Régulier,1
877,F,36,Abidjan,Mobile Money,2024-12-20,Occasionnel,1
878,F,24,Korhogo,Boutique,2022-04-16,Nouveau,0
879,M,31,Bouaké,Mobile Money,2022-04-01,Fidèle,1
880,M,37,Yamoussoukro,Partenaire,2023-07-19,Nouveau,1
881,F,18,Bouaké,Mobile Money,2024-06-25,Nouveau,1
882,M,60,Abidjan,Boutique,2023-07-16,VIP,0
883,M,40,San-Pédro,Boutique,2022-08-26,Nouveau,1
884,F,27,San-Pédro,Boutique,2023-09-08,Nouveau,1
885,F,55,Abidjan,Partenaire,2024-10-29,Nouveau,1
886,F,30,Daloa,Boutique,2022-07-02,Nouveau,1
887,F,35,Abidjan,Site Web,2023-05-03,Occasionnel,1
888,F,28,Korhogo,Boutique,2023-12-01,Régulier,1
889,F,52,San-Pédro,Site Web,2023-03-07,Occasionnel,1
890,M,32,Abidjan,Boutique,2022-02-18,Occasionnel,1
891,F,35,Korhogo,Mobile Money,2024-01-04,Nouveau,1
892,M,47,Gagnoa,Mobile Money,2024-03-22,Occasionnel,1
893,F,40,Daloa,Mobile Money,2023-12-19,Fidèle,1
894,F,33,Abidjan,Partenaire,2023-12-28,Régulier,1
895,M,46,San-Pédro,Site Web,2023-12-21,Régulier,1
896,M,61,Bouaké,Mobile Money,2022-12-28,Nouveau,1
897,F,37,Abidjan,Boutique,2022-01-19,Occasionnel,0
898,F,35,Korhogo,Site Web,2024-12-18,Fidèle,1
899,F,35,Bouaké,Boutique,2022-08-12,Fidèle,1
900,M,48,San-Pédro,Boutique,2024-06-26,Régulier,1
901,F,27,Yamoussoukro,Site Web,2023-08-16,Occasionnel,1
902,F,30,Abidjan,Mobile Money,2023-08-14,Nouveau,1
903,F,18,Gagnoa,Boutique,2022-01-23,Nouveau,1
904,F,20,Bouaké,Mobile Money,2024-12-20,Nouveau,1
905,M,28,Abidjan,Mobile Money,2023-08-02,Occasionnel,0
906,M,33,Abidjan,Site Web,2024-06-27,Nouveau,0
907,F,53,Abidjan,Site Web,2024-05-01,Occasionnel,0
908,F,39,Yamoussoukro,Partenaire,2022-06-01,Occasionnel,1
909,F,23,Abidjan,Mobile Money,2024-11-03,Occasionnel,0
910,F,25,Man,Site Web,2023-10-10,Occasionnel,1
911,M,49,Gagnoa,Partenaire,2022-07-22,Nouveau,1
912,M,46,Daloa,Site Web,2023-09-29,Occasionnel,1
913,M,34,Abidjan,Partenaire,2023-11-06,VIP,1
914,M,29,Yamoussoukro,Partenaire,2023-12-16,Occasionnel,1
915,M,46,Abidjan,Réseaux sociaux,2022-12-19,Fidèle,1
916,M,23,San-Pédro,Partenaire,2024-10-27,Occasionnel,1
917,F,38,Abidjan,Site Web,2022-09-17,Régulier,1
918,F,58,Man,Boutique,2023-06-23,Occasionnel,1
919,F,36,Abidjan,Réseaux sociaux,2024-07-07,Régulier,0
920,M,25,Abidjan,Réseaux sociaux,2022-03-26,Fidèle,1
921,F,38,Abengourou,Mobile Money,2023-03-18,Occasionnel,1
922,M,28,Abidjan,Mobile Money,2023-06-09,Régulier,1
923,M,18,Korhogo,Mobile Money,2024-04-26,Fidèle,0
924,M,41,Man,Réseaux sociaux,2024-05-12,Régulier,1
925,F,46,Abidjan,Mobile Money,2024-05-22,Nouveau,1
926,F,30,Abidjan,Mobile Money,2023-01-28,Nouveau,0
927,F,29,Bouaké,Boutique,2023-06-23,Fidèle,1
928,M,23,San-Pédro,Mobile Money,2022-01-30,Régulier,1
929,M,32,Gagnoa,Partenaire,2024-06-19,VIP,1
930,M,27,Abidjan,Boutique,2022-11-29,Nouveau,1
931,F,22,Daloa,Mobile Money,2023-05-27,Régulier,0
932,F,54,Abidjan,Mobile Money,2024-01-17,Régulier,0
933,F,39,Bouaké,Site Web,2024-04-30,Fidèle,1
934,M,40,San-Pédro,Site Web,2022-04-05,Régulier,1
935,M,43,Korhogo,Boutique,2024-04-20,Nouveau,0
936,F,42,Abidjan,Mobile Money,2023-02-16,Régulier,1
937,M,29,Abidjan,Réseaux sociaux,2023-04-03,Régulier,1
938,F,36,Abidjan,Site Web,2022-05-26,Nouveau,0
939,M,31,Abidjan,Site Web,2024-02-24,Nouveau,1
940,F,38,Abidjan,Boutique,2023-06-06,Fidèle,1
941,F,37,Korhogo,Partenaire,2022-04-24,Nouveau,1
942,M,29,Abidjan,Site Web,2022-06-04,Occasionnel,1
943,F,19,Abidjan,Boutique,2024-03-01,Régulier,1
944,F,35,Daloa,Partenaire,2022-04-30,VIP,1
945,F,31,Abidjan,Réseaux sociaux,2023-07-25,Régulier,1
946,F,18,Abidjan,Site Web,2024-02-04,Nouveau,1
947,M,39,Man,Site Web,2024-09-25,Nouveau,0
948,M,44,Abidjan,Boutique,2022-06-23,Nouveau,0
949,M,61,Abidjan,Boutique,2022-11-20,Nouveau,1
950,F,29,Bouaké,Mobile Money,2022-06-19,Régulier,1
951,M,28,Abidjan,Boutique,2024-08-21,Occasionnel,1
952,F,21,Abidjan,Boutique,2023-10-11,Nouveau,1
953,F,36,Abidjan,Boutique,2024-12-12,Fidèle,1
954,F,36,Abidjan,Partenaire,2022-02-17,Nouveau,1
955,M,25,Korhogo,Mobile Money,2024-02-12,Nouveau,0
956,M,32,Abidjan,Réseaux sociaux,2022-02-06,Occasionnel,0
957,M,18,Abidjan,Mobile Money,2022-04-30,Nouveau,1
958,F,44,Abidjan,Mobile Money,2023-04-18,Nouveau,0
959,F,25,Gagnoa,Mobile Money,2023-02-06,VIP,1
960,M,33,Abidjan,Boutique,2023-02-04,Fidèle,1
961,M,18,Korhogo,Boutique,2022-03-16,Régulier,1
962,F,27,Abidjan,Mobile Money,2023-08-20,Régulier,0
963,F,30,Divo,Site Web,2023-01-09,Nouveau,1
964,F,33,Abidjan,Boutique,2024-12-23,Fidèle,1
965,M,39,Abidjan,Mobile Money,2024-05-14,Occasionnel,1
966,F,49,Abidjan,Boutique,2023-04-22,Nouveau,1
967,M,42,Abidjan,Mobile Money,2024-04-18,Nouveau,1
968,F,44,Daloa,Mobile Money,2023-09-23,Occasionnel,1
969,M,49,Yamoussoukro,Mobile Money,2023-06-27,Nouveau,0
970,F,40,Yamoussoukro,Site Web,2024-10-03,Nouveau,1
971,F,33,Abidjan,Site Web,2023-10-06,Nouveau,1
972,F,45,Yamoussoukro,Réseaux sociaux,2023-06-14,Occasionnel,1
973,F,45,Abidjan,Site Web,2023-09-13,Nouveau,1
974,M,41,Abengourou,Boutique,2024-05-05,Occasionnel,1
975,F,18,Daloa,Mobile Money,2024-03-22,Nouveau,1
976,M,24,Bouaké,Mobile Money,2023-08-24,Occasionnel,1
977,F,30,Korhogo,Site Web,2022-07-13,Nouveau,1
978,F,42,Bouaké,Mobile Money,2023-11-29,Occasionnel,0
979,M,33,Bouaké,Mobile Money,2023-04-17,Régulier,1
980,F,46,Abidjan,Partenaire,2024-10-18,Régulier,1
981,M,48,Yamoussoukro,Mobile Money,2024-09-21,Nouveau,1
982,M,47,Abidjan,Mobile Money,2022-01-01,Occasionnel,1
983,M,47,Abidjan,Partenaire,2024-12-30,Régulier,1
984,F,22,San-Pédro,Mobile Money,2024-09-13,Nouveau,1
985,F,39,Abidjan,Boutique,2024-09-20,Occasionnel,1
986,M,27,Yamoussoukro,Mobile Money,2023-06-29,Occasionnel,1
987,F,18,Abidjan,Boutique,2022-10-24,Fidèle,1
988,F,30,Abidjan,Partenaire,2023-10-27,Occasionnel,1
989,F,48,San-Pédro,Site Web,2024-08-24,Fidèle,1
990,M,39,Abidjan,Boutique,2023-05-08,Régulier,1
991,M,56,Yamoussoukro,Mobile Money,2024-12-14,Occasionnel,1
992,M,35,Bouaké,Boutique,2022-10-13,Nouveau,1
993,M,60,Korhogo,Site Web,2024-07-23,Occasionnel,1
994,F,35,Abidjan,Mobile Money,2022-03-14,Nouveau,1
995,M,34,Daloa,Mobile Money,2024-07-08,Occasionnel,1
996,F,19,Abidjan,Site Web,2024-10-31,Nouveau,1
997,M,46,Abidjan,Réseaux sociaux,2024-02-09,Régulier,1
998,F,28,Abidjan,Réseaux sociaux,2023-11-15,Régulier,0
999,M,26,Abidjan,Réseaux sociaux,2023-03-27,Fidèle,1
1000,F,48,Abidjan,Boutique,2024-08-14,Nouveau,1
1001,F,46,Abidjan,Site Web,2022-05-19,Fidèle,1
1002,F,46,Abidjan,Partenaire,2022-11-15,Fidèle,1
1003,F,30,Yamoussoukro,Mobile Money,2022-05-24,Fidèle,0
1004,F,33,Abidjan,Boutique,2022-11-01,Régulier,0
1005,M,33,Abidjan,Mobile Money,2023-07-28,Nouveau,1
1006,F,42,Abidjan,Partenaire,2023-01-03,Fidèle,1
1007,M,51,Abidjan,Partenaire,2023-04-06,Occasionnel,0
1008,F,38,Yamoussoukro,Réseaux sociaux,2022-09-10,Régulier,1
1009,M,55,Korhogo,Mobile Money,2023-01-22,Nouveau,0
1010,F,43,Bouaké,Partenaire,2023-06-30,Nouveau,1
1011,M,31,Yamoussoukro,Mobile Money,2022-08-23,Nouveau,1
1012,M,43,Abidjan,Mobile Money,2024-10-22,Occasionnel,1
1013,F,52,Divo,Site Web,2024-09-09,Occasionnel,1
1014,M,55,Abidjan,Site Web,2024-08-17,Fidèle,1
1015,F,47,Abidjan,Réseaux sociaux,2022-01-02,Nouveau,1
1016,F,34,Abidjan,Mobile Money,2023-06-27,Nouveau,0
1017,M,31,Abidjan,Boutique,2024-05-20,Nouveau,1
1018,M,40,Daloa,Boutique,2023-01-17,Nouveau,1
1019,F,52,Abidjan,Mobile Money,2022-09-11,Occasionnel,1
1020,F,38,Abidjan,Réseaux sociaux,2023-11-01,Régulier,1
1021,M,38,Abidjan,Mobile Money,2022-01-03,VIP,1
1022,M,34,Gagnoa,Mobile Money,2023-11-02,Nouveau,1
1023,M,30,Daloa,Boutique,2023-05-10,Nouveau,1
1024,M,32,Man,Site Web,2024-01-19,Régulier,0
1025,M,35,Korhogo,Réseaux sociaux,2024-01-18,Nouveau,0
1026,F,52,Korhogo,Mobile Money,2023-08-10,Régulier,1
1027,M,31,Abidjan,Mobile Money,2023-10-02,Occasionnel,1
1028,F,34,Abidjan,Partenaire,2022-01-30,Fidèle,1
1029,M,24,Abidjan,Boutique,2024-12-10,Nouveau,1
1030,F,41,Abidjan,Boutique,2022-03-25,VIP,1
1031,M,49,Yamoussoukro,Mobile Money,2024-12-05,VIP,0
1032,M,51,Abidjan,Partenaire,2024-12-02,Nouveau,0
1033,F,36,Abidjan,Site Web,2024-02-26,Occasionnel,1
1034,M,40,Yamoussoukro,Mobile Money,2024-03-28,Occasionnel,1
1035,F,32,Abidjan,Mobile Money,2022-02-02,Nouveau,1
1036,M,39,Abidjan,Mobile Money,2024-11-04,VIP,1
1037,F,37,Abidjan,Mobile Money,2023-08-02,Nouveau,1
1038,F,34,Yamoussoukro,Mobile Money,2023-01-07,Nouveau,1
1039,F,35,Abidjan,Mobile Money,2024-01-04,Nouveau,0
1040,F,38,Abidjan,Mobile Money,2023-08-09,Occasionnel,1
1041,F,30,Abidjan,Boutique,2023-01-31,Fidèle,1
1042,M,31,Daloa,Boutique,2022-12-19,Régulier,1
1043,M,52,Abidjan,Boutique,2022-05-10,Régulier,1
1044,M,63,Abidjan,Réseaux sociaux,2024-09-22,Nouveau,1
1045,F,20,Korhogo,Mobile Money,2023-12-31,Régulier,0
1046,F,20,Korhogo,Réseaux sociaux,2022-11-12,Occasionnel,1
1047,F,23,Abidjan,Réseaux sociaux,2024-03-02,Occasionnel,0
1048,M,32,Abidjan,Partenaire,2024-01-30,Occasionnel,1
1049,M,43,Abidjan,Mobile Money,2022-06-03,VIP,0
1050,F,40,Yamoussoukro,Mobile Money,2022-07-11,Régulier,1
1051,M,35,Abidjan,Site Web,2022-09-10,Régulier,1
1052,F,39,Man,Mobile Money,2022-04-26,Occasionnel,1
1053,F,26,San-Pédro,Mobile Money,2024-06-20,Nouveau,1
1054,F,31,Bouaké,Mobile Money,2022-06-20,Occasionnel,1
1055,F,33,Abidjan,Site Web,2024-06-07,Régulier,1
1056,M,18,Korhogo,Réseaux sociaux,2023-08-03,Régulier,1
1057,M,21,Yamoussoukro,Mobile Money,2022-05-08,Régulier,1
1058,F,21,Daloa,Partenaire,2024-07-13,Nouveau,1
1059,M,42,Abidjan,Site Web,2022-07-09,Nouveau,1
1060,M,36,Yamoussoukro,Mobile Money,2024-12-30,Nouveau,1
1061,M,40,San-Pédro,Boutique,2022-01-16,Régulier,1
1062,M,18,Divo,Mobile Money,2023-11-13,VIP,0
1063,F,18,Bouaké,Réseaux sociaux,2022-12-10,Occasionnel,1
1064,M,41,Abidjan,Site Web,2023-08-08,Régulier,0
1065,F,18,Abidjan,Site Web,2024-07-08,Régulier,0
1066,M,47,Yamoussoukro,Site Web,2024-05-11,Nouveau,1
1067,F,18,Man,Mobile Money,2022-11-05,Nouveau,1
1068,M,43,Bouaké,Partenaire,2022-03-11,Nouveau,1
1069,F,24,Abidjan,Partenaire,2022-11-07,Fidèle,0
1070,F,45,Abidjan,Site Web,2024-06-05,Nouveau,1
1071,M,69,Bouaké,Boutique,2023-07-19,Occasionnel,1
1072,M,18,Korhogo,Mobile Money,2024-04-10,Occasionnel,1
1073,F,41,Abidjan,Mobile Money,2023-06-26,Régulier,1
1074,M,18,Abidjan,Mobile Money,2023-08-03,Nouveau,1
1075,M,38,Divo,Boutique,2022-03-12,VIP,1
1076,F,31,Abidjan,Site Web,2022-01-26,Nouveau,0
1077,M,35,Abidjan,Partenaire,2024-02-10,Fidèle,1
1078,F,23,Abidjan,Mobile Money,2022-08-10,Occasionnel,1
1079,M,42,Abidjan,Mobile Money,2023-01-30,Occasionnel,1
1080,F,18,Abidjan,Mobile Money,2023-02-09,Régulier,1
1081,F,47,Yamoussoukro,Partenaire,2023-11-25,Occasionnel,1
1082,M,29,Bouaké,Site Web,2024-10-27,Nouveau,1
1083,M,18,Bouaké,Boutique,2024-04-09,Régulier,0
1084,M,51,Bouaké,Boutique,2023-12-01,Occasionnel,1
1085,M,33,Abidjan,Boutique,2024-07-03,Occasionnel,1
1086,M,54,Abidjan,Mobile Money,2023-07-13,Régulier,0
1087,M,47,Abidjan,Mobile Money,2022-06-09,Régulier,1
1088,M,25,Abidjan,Mobile Money,2023-06-19,Occasionnel,1
1089,F,33,Daloa,Mobile Money,2024-12-06,Nouveau,1
1090,F,35,Abidjan,Boutique,2024-05-04,Nouveau,1
1091,F,50,Yamoussoukro,Mobile Money,2023-01-18,Occasionnel,1
1092,M,38,Abidjan,Site Web,2022-12-21,Nouveau,1
1093,F,35,Abidjan,Boutique,2024-10-02,Nouveau,1
1094,F,31,Abidjan,Boutique,2022-04-14,Régulier,1
1095,M,33,Abidjan,Partenaire,2024-10-18,Nouveau,0
1096,F,48,Bouaké,Mobile Money,2024-01-12,Nouveau,1
1097,F,34,San-Pédro,Site Web,2024-06-03,Fidèle,1
1098,M,29,Abidjan,Mobile Money,2022-12-27,Régulier,1
1099,M,27,Bouaké,Site Web,2023-12-12,Régulier,1
1100,F,27,Daloa,Boutique,2022-12-23,Occasionnel,1
1101,F,18,Abidjan,Mobile Money,2022-01-19,Régulier,1
1102,F,25,Abidjan,Mobile Money,2023-05-13,Fidèle,1
1103,M,50,Abidjan,Site Web,2024-12-08,Nouveau,0
1104,M,31,Abidjan,Site Web,2022-09-23,Nouveau,1
1105,F,41,Korhogo,Site Web,2022-06-27,Nouveau,1
1106,M,18,Abidjan,Boutique,2024-10-06,Fidèle,1
1107,F,40,Abidjan,Site Web,2024-09-23,Nouveau,1
1108,F,32,Daloa,Boutique,2024-07-16,Occasionnel,1
1109,M,28,Abidjan,Mobile Money,2024-12-05,Occasionnel,1
1110,F,35,Bouaké,Boutique,2024-12-21,VIP,1
1111,F,28,Abidjan,Boutique,2024-10-02,Nouveau,1
1112,F,18,Abidjan,Réseaux sociaux,2024-11-22,Occasionnel,0
1113,M,44,Abidjan,Boutique,2024-03-26,VIP,1
1114,M,36,Abidjan,Boutique,2022-12-11,Nouveau,1
1115,M,30,Abidjan,Partenaire,2023-05-17,Occasionnel,1
1116,F,23,Yamoussoukro,Réseaux sociaux,2023-02-21,Nouveau,1
1117,F,18,Yamoussoukro,Mobile Money,2023-07-12,Nouveau,1
1118,M,36,Daloa,Réseaux sociaux,2024-02-04,Nouveau,1
1119,F,51,Abidjan,Mobile Money,2022-09-22,Nouveau,1
1120,M,36,Abengourou,Réseaux sociaux,2022-01-18,Nouveau,1
1121,M,18,Abidjan,Mobile Money,2023-10-22,Régulier,1
1122,F,36,San-Pédro,Boutique,2024-12-24,Occasionnel,1
1123,M,33,Daloa,Partenaire,2024-08-01,Occasionnel,1
1124,F,43,Bouaké,Mobile Money,2022-01-12,Régulier,1
1125,F,40,Abidjan,Réseaux sociaux,2023-10-18,Fidèle,1
1126,M,18,Daloa,Boutique,2023-08-05,Nouveau,1
1127,F,39,Daloa,Mobile Money,2023-04-11,Nouveau,0
1128,M,22,Abidjan,Partenaire,2024-01-03,Nouveau,1
1129,M,18,Daloa,Boutique,2023-04-12,Fidèle,1
1130,M,31,Abidjan,Réseaux sociaux,2024-09-27,Fidèle,1
1131,M,38,Abidjan,Réseaux sociaux,2024-09-20,Occasionnel,1
1132,F,18,Bouaké,Mobile Money,2023-12-07,Nouveau,1
1133,F,41,San-Pédro,Mobile Money,2023-05-18,Occasionnel,1
1134,M,42,Abidjan,Mobile Money,2023-10-16,Régulier,1
1135,M,34,Abidjan,Boutique,2024-09-12,Nouveau,0
1136,F,24,Abidjan,Mobile Money,2022-11-25,Nouveau,1
1137,F,23,Abidjan,Boutique,2024-08-09,Nouveau,0
1138,F,45,Abidjan,Réseaux sociaux,2023-10-10,Régulier,1
1139,F,18,Abidjan,Mobile Money,2022-03-11,VIP,1
1140,M,45,Daloa,Site Web,2024-03-31,Nouveau,1
1141,F,32,Abidjan,Boutique,2022-08-10,Fidèle,1
1142,M,32,Abidjan,Mobile Money,2023-07-19,Occasionnel,1
1143,M,18,Abidjan,Mobile Money,2024-11-06,Régulier,0
1144,M,32,Abidjan,Mobile Money,2024-05-03,Fidèle,1
1145,F,40,Abidjan,Site Web,2024-02-05,Occasionnel,0
1146,F,19,Abidjan,Mobile Money,2022-03-18,Nouveau,1
1147,M,39,Abidjan,Réseaux sociaux,2024-07-29,Nouveau,1
1148,M,34,Abidjan,Réseaux sociaux,2023-01-03,Régulier,1
1149,F,26,Bouaké,Mobile Money,2022-02-24,Occasionnel,1
1150,M,43,Korhogo,Réseaux sociaux,2024-11-16,Nouveau,1
1151,F,18,Abidjan,Partenaire,2022-07-28,Occasionnel,1
1152,M,37,Abidjan,Mobile Money,2022-12-21,Nouveau,0
1153,F,51,Abidjan,Partenaire,2022-06-05,Nouveau,1
1154,F,49,Abidjan,Mobile Money,2023-11-12,Fidèle,1
1155,M,38,Bouaké,Site Web,2024-08-08,Occasionnel,1
1156,F,30,Yamoussoukro,Mobile Money,2023-07-24,Nouveau,1
1157,F,27,Abidjan,Réseaux sociaux,2024-08-09,Occasionnel,1
1158,F,30,Abidjan,Réseaux sociaux,2024-10-22,Fidèle,1
1159,F,39,Abidjan,Partenaire,2024-08-13,Nouveau,1
1160,M,25,Abidjan,Partenaire,2022-06-28,Nouveau,0
1161,F,42,Divo,Mobile Money,2022-08-14,Occasionnel,0
1162,M,57,Abidjan,Site Web,2022-11-24,Nouveau,1
1163,M,33,Abidjan,Mobile Money,2023-11-30,Nouveau,1
1164,F,19,Abidjan,Mobile Money,2024-08-02,Nouveau,1
1165,F,19,Abidjan,Mobile Money,2022-12-09,Nouveau,1
1166,M,42,Abidjan,Partenaire,2023-12-31,Régulier,1
1167,M,33,Abidjan,Site Web,2022-07-25,Nouveau,1
1168,M,43,Abidjan,Mobile Money,2023-08-18,Occasionnel,1
1169,M,28,Abidjan,Partenaire,2024-05-03,Régulier,1
1170,F,43,Bouaké,Réseaux sociaux,2023-03-09,Nouveau,1
1171,F,32,Abidjan,Mobile Money,2022-06-28,Nouveau,1
1172,M,25,Abidjan,Boutique,2023-03-27,VIP,1
1173,F,29,Korhogo,Site Web,2024-04-14,Occasionnel,1
1174,M,20,Abidjan,Site Web,2024-10-20,Régulier,1
1175,F,55,Gagnoa,Boutique,2023-11-06,Occasionnel,1
1176,M,32,Man,Boutique,2024-01-05,VIP,1
1177,F,41,Abidjan,Mobile Money,2023-04-05,Nouveau,1
1178,F,28,Abidjan,Boutique,2024-10-14,Nouveau,1
1179,F,22,San-Pédro,Boutique,2024-08-10,Régulier,0
1180,F,31,Abidjan,Mobile Money,2024-11-30,Nouveau,0
1181,M,46,Abidjan,Mobile Money,2024-08-03,Occasionnel,1
1182,F,28,Bouaké,Site Web,2023-08-22,Nouveau,0
1183,F,24,Abidjan,Boutique,2024-11-17,Nouveau,1
1184,F,35,San-Pédro,Boutique,2023-10-30,Régulier,1
1185,F,39,Yamoussoukro,Mobile Money,2023-10-21,Occasionnel,1
1186,M,52,Korhogo,Partenaire,2023-12-20,Occasionnel,1
1187,F,37,Daloa,Mobile Money,2022-07-23,Nouveau,1
1188,M,41,Bouaké,Boutique,2024-07-07,Nouveau,0
1189,F,41,Abidjan,Mobile Money,2023-02-02,Régulier,1
1190,M,21,Abengourou,Site Web,2023-12-23,Nouveau,1
1191,F,23,Divo,Boutique,2024-07-13,Occasionnel,1
1192,F,22,San-Pédro,Boutique,2022-05-06,Occasionnel,0
1193,M,19,Daloa,Réseaux sociaux,2022-11-26,Nouveau,1
1194,M,42,Bouaké,Site Web,2024-10-28,Nouveau,0
1195,M,37,Abidjan,Boutique,2023-01-31,Régulier,1
1196,F,34,Korhogo,Boutique,2023-12-25,Occasionnel,1
1197,F,18,Abidjan,Partenaire,2023-09-07,Nouveau,1
1198,M,56,Abidjan,Partenaire,2024-08-10,VIP,1
1199,F,24,Abidjan,Site Web,2023-07-13,Nouveau,1
1200,M,56,Bouaké,Site Web,2023-04-11,Régulier,1
1201,M,18,Bouaké,Réseaux sociaux,2022-01-18,Nouveau,1
1202,M,25,Abidjan,Partenaire,2023-06-04,Occasionnel,1
1203,M,18,Abidjan,Mobile Money,2023-10-03,Occasionnel,1
1204,M,37,Abidjan,Partenaire,2024-01-25,Nouveau,1
1205,F,21,Abidjan,Site Web,2024-05-04,Régulier,1
1206,F,22,Abidjan,Boutique,2024-04-30,Nouveau,1
1207,M,18,Yamoussoukro,Boutique,2023-05-18,Occasionnel,1
1208,F,42,Abidjan,Mobile Money,2022-03-27,Régulier,0
1209,F,41,Abidjan,Réseaux sociaux,2022-10-06,Occasionnel,1
1210,F,53,Abidjan,Site Web,2023-03-23,Occasionnel,1
1211,M,26,Abidjan,Mobile Money,2024-12-07,Nouveau,0
1212,M,36,San-Pédro,Site Web,2024-04-22,Nouveau,0
1213,M,19,Abidjan,Mobile Money,2024-09-06,Fidèle,0
1214,F,30,Abidjan,Boutique,2024-12-22,Occasionnel,1
1215,F,28,Yamoussoukro,Boutique,2022-05-26,Régulier,1
1216,M,39,Abidjan,Site Web,2022-01-13,Occasionnel,0
1217,F,45,San-Pédro,Mobile Money,2023-09-21,Occasionnel,1
1218,M,44,Gagnoa,Mobile Money,2022-10-17,Nouveau,1
1219,M,24,Bouaké,Mobile Money,2024-08-09,Nouveau,0
1220,F,44,Divo,Site Web,2023-05-25,Occasionnel,0
1221,F,33,Abidjan,Partenaire,2022-01-11,Nouveau,1
1222,F,30,Abidjan,Site Web,2022-09-02,Nouveau,1
1223,M,26,Abidjan,Site Web,2023-01-09,Occasionnel,0
1224,M,27,Abidjan,Mobile Money,2022-01-30,Occasionnel,1
1225,F,53,Abidjan,Mobile Money,2022-12-14,Occasionnel,1
1226,M,37,Abidjan,Réseaux sociaux,2023-08-14,Régulier,1
1227,F,35,Abidjan,Boutique,2024-09-05,Occasionnel,1
1228,F,31,Abidjan,Mobile Money,2023-12-13,Nouveau,1
1229,M,60,Bouaké,Boutique,2022-04-13,Régulier,0
1230,F,48,Abidjan,Site Web,2023-04-01,Occasionnel,1
1231,F,26,Abidjan,Mobile Money,2024-04-21,Occasionnel,1
1232,M,30,Abidjan,Mobile Money,2023-02-10,Fidèle,1
1233,F,31,Yamoussoukro,Site Web,2023-09-09,Nouveau,1
1234,M,35,Abidjan,Mobile Money,2024-12-15,Occasionnel,0
1235,F,26,Daloa,Boutique,2022-05-31,Nouveau,1
1236,F,38,Abidjan,Réseaux sociaux,2023-06-07,Nouveau,0
1237,F,49,Abidjan,Partenaire,2023-10-30,Occasionnel,0
1238,F,19,Gagnoa,Boutique,2024-05-23,Nouveau,1
1239,F,21,Abidjan,Mobile Money,2024-07-05,Nouveau,1
1240,F,28,Abidjan,Boutique,2022-11-11,Occasionnel,0
1241,M,29,Abidjan,Mobile Money,2023-05-27,Nouveau,1
1242,F,55,Abidjan,Réseaux sociaux,2024-06-28,Occasionnel,0
1243,F,45,Abidjan,Site Web,2024-07-07,Nouveau,1
1244,F,44,Abidjan,Boutique,2024-06-20,Occasionnel,1
1245,F,31,Abidjan,Site Web,2024-01-02,Occasionnel,1
1246,F,30,Man,Boutique,2022-10-21,Occasionnel,1
1247,M,18,Abidjan,Boutique,2023-02-08,Régulier,1
1248,F,42,Abidjan,Partenaire,2023-12-20,VIP,1
1249,M,39,San-Pédro,Mobile Money,2022-10-06,Nouveau,1
1250,M,48,Abidjan,Mobile Money,2024-01-17,Occasionnel,1
1251,F,31,Korhogo,Réseaux sociaux,2023-07-18,Fidèle,1
1252,F,32,Abidjan,Boutique,2023-04-30,Régulier,0
1253,F,35,Bouaké,Mobile Money,2023-01-25,VIP,0
1254,M,43,Man,Mobile Money,2024-04-27,Régulier,1
1255,F,18,Abidjan,Boutique,2023-05-25,Régulier,0
1256,M,42,San-Pédro,Boutique,2022-12-03,Nouveau,1
1257,M,33,Bouaké,Boutique,2023-02-25,Nouveau,1
1258,M,22,San-Pédro,Mobile Money,2023-06-15,Occasionnel,1
1259,M,18,Abidjan,Boutique,2023-11-08,Occasionnel,0
1260,M,32,Abidjan,Site Web,2024-12-20,Régulier,1
1261,F,49,Abidjan,Réseaux sociaux,2023-01-08,VIP,0
1262,F,52,Gagnoa,Site Web,2022-07-15,Nouveau,1
1263,F,37,Abidjan,Site Web,2024-12-06,Occasionnel,1
1264,M,55,Abidjan,Réseaux sociaux,2022-06-11,Fidèle,1
1265,M,33,Korhogo,Mobile Money,2024-09-16,Fidèle,1
1266,M,44,Abidjan,Mobile Money,2022-06-05,Régulier,1
1267,F,29,Bouaké,Mobile Money,2023-02-03,Régulier,0
1268,M,28,Abidjan,Boutique,2024-12-28,VIP,1
1269,F,26,Bouaké,Partenaire,2022-07-01,Occasionnel,1
1270,F,18,Abidjan,Mobile Money,2022-06-25,Nouveau,1
1271,M,48,Abidjan,Réseaux sociaux,2023-10-30,Nouveau,1
1272,F,26,Abidjan,Mobile Money,2022-07-28,Occasionnel,0
1273,F,25,Abidjan,Boutique,2022-01-27,Régulier,1
1274,M,21,Abidjan,Boutique,2024-01-31,Occasionnel,1
1275,F,31,Abidjan,Mobile Money,2024-11-16,Régulier,1
1276,F,53,Yamoussoukro,Boutique,2024-04-11,Occasionnel,1
1277,F,57,Abidjan,Site Web,2024-11-21,Régulier,1
1278,F,18,Abidjan,Boutique,2023-08-01,Nouveau,1
1279,M,30,Abidjan,Réseaux sociaux,2023-11-04,Occasionnel,1
1280,M,22,Abidjan,Réseaux sociaux,2024-12-12,Nouveau,1
1281,F,44,Yamoussoukro,Boutique,2023-07-06,Occasionnel,1
1282,F,37,Abidjan,Partenaire,2022-02-12,Occasionnel,1
1283,F,26,Korhogo,Mobile Money,2022-09-19,Régulier,1
1284,M,34,Yamoussoukro,Mobile Money,2023-11-11,Occasionnel,1
1285,M,28,San-Pédro,Boutique,2024-07-27,VIP,1
1286,M,51,Yamoussoukro,Boutique,2023-10-27,Fidèle,1
1287,F,40,Abidjan,Boutique,2023-03-21,Nouveau,1
1288,F,41,Gagnoa,Boutique,2022-12-18,Nouveau,1
1289,F,18,Daloa,Réseaux sociaux,2024-01-19,Nouveau,0
1290,M,33,Bouaké,Mobile Money,2024-09-11,Nouveau,1
1291,F,56,Abidjan,Réseaux sociaux,2022-11-01,Nouveau,1
1292,M,48,Abidjan,Boutique,2023-08-29,Fidèle,1
1293,M,18,Bouaké,Boutique,2023-04-14,Fidèle,1
1294,F,30,Abidjan,Mobile Money,2022-09-27,Nouveau,0
1295,F,20,Yamoussoukro,Mobile Money,2023-03-20,Régulier,1
1296,F,52,Abidjan,Boutique,2022-04-07,Fidèle,1
1297,F,36,Abidjan,Site Web,2023-08-04,Occasionnel,1
1298,F,25,Abidjan,Boutique,2022-04-28,Fidèle,1
1299,M,34,Abidjan,Mobile Money,2023-06-04,VIP,1
1300,F,18,Abidjan,Site Web,2024-09-09,VIP,1
1301,F,22,San-Pédro,Site Web,2022-06-09,Régulier,1
1302,M,34,Bouaké,Partenaire,2022-10-02,Occasionnel,1
1303,M,43,Divo,Boutique,2024-02-29,Nouveau,1
1304,F,18,Daloa,Site Web,2024-09-20,VIP,1
1305,M,29,Daloa,Boutique,2024-11-12,Nouveau,1
1306,M,45,Abidjan,Site Web,2022-05-12,Occasionnel,1
1307,M,18,San-Pédro,Boutique,2022-09-19,Nouveau,0
1308,M,36,Divo,Mobile Money,2024-12-13,Occasionnel,1
1309,F,34,Yamoussoukro,Partenaire,2023-07-08,Nouveau,1
1310,M,52,Abidjan,Site Web,2024-07-01,Régulier,1
1311,F,31,Yamoussoukro,Site Web,2022-01-16,Occasionnel,1
1312,M,32,Abidjan,Boutique,2022-05-08,Occasionnel,1
1313,M,43,Abidjan,Site Web,2022-08-12,Occasionnel,1
1314,F,19,Yamoussoukro,Mobile Money,2022-04-05,Occasionnel,1
1315,F,31,San-Pédro,Mobile Money,2024-09-02,Régulier,1
1316,M,28,Abidjan,Mobile Money,2024-05-29,Fidèle,1
1317,M,32,Abidjan,Mobile Money,2023-03-04,Fidèle,1
1318,F,43,Korhogo,Mobile Money,2022-03-27,Occasionnel,1
1319,M,40,Abidjan,Site Web,2022-04-27,Fidèle,1
1320,M,25,Abidjan,Mobile Money,2022-10-15,Occasionnel,0
1321,F,35,Yamoussoukro,Réseaux sociaux,2024-03-07,Régulier,1
1322,F,50,San-Pédro,Réseaux sociaux,2024-05-27,Régulier,1
1323,F,24,Abidjan,Mobile Money,2023-08-14,Occasionnel,0
1324,M,35,Abidjan,Site Web,2024-09-20,Occasionnel,1
1325,F,31,Abidjan,Boutique,2024-10-13,Régulier,1
1326,M,33,Abidjan,Réseaux sociaux,2024-04-20,Nouveau,1
1327,F,18,Daloa,Boutique,2022-03-28,Régulier,1
1328,M,49,San-Pédro,Boutique,2024-09-01,Occasionnel,1
1329,F,25,Abidjan,Mobile Money,2024-09-21,Occasionnel,1
1330,F,45,Abidjan,Réseaux sociaux,2023-09-06,Fidèle,1
1331,M,27,Abidjan,Mobile Money,2023-10-19,Nouveau,1
1332,F,27,Abidjan,Réseaux sociaux,2024-05-03,Nouveau,1
1333,M,47,Abidjan,Mobile Money,2023-10-11,Occasionnel,1
1334,M,44,Abidjan,Site Web,2023-01-12,Nouveau,1
1335,M,36,Daloa,Boutique,2024-02-03,Nouveau,1
1336,M,42,Abidjan,Mobile Money,2024-05-09,Régulier,1
1337,F,30,Yamoussoukro,Mobile Money,2022-06-04,Nouveau,0
1338,M,33,Abidjan,Mobile Money,2024-01-15,Régulier,0
1339,M,26,San-Pédro,Site Web,2022-07-09,Nouveau,1
1340,F,43,Gagnoa,Site Web,2023-09-22,Nouveau,1
1341,F,26,Abidjan,Mobile Money,2022-04-29,Occasionnel,1
1342,M,50,Abidjan,Boutique,2024-12-22,VIP,1
1343,F,30,Daloa,Mobile Money,2024-01-02,Occasionnel,1
1344,M,34,Abidjan,Site Web,2023-05-30,Nouveau,1
1345,M,42,Abidjan,Site Web,2023-07-06,Occasionnel,0
1346,M,34,Abidjan,Réseaux sociaux,2023-11-10,Occasionnel,1
1347,F,30,Korhogo,Réseaux sociaux,2022-05-17,Régulier,1
1348,F,33,Abidjan,Mobile Money,2023-07-13,Nouveau,1
1349,F,43,Abidjan,Mobile Money,2024-02-23,Nouveau,1
1350,F,26,Abidjan,Réseaux sociaux,2022-10-13,Occasionnel,1
1351,M,32,Yamoussoukro,Mobile Money,2023-06-09,Régulier,1
1352,M,34,Abidjan,Mobile Money,2022-12-28,Régulier,0
1353,F,43,Korhogo,Mobile Money,2022-06-26,Occasionnel,1
1354,F,32,Daloa,Site Web,2024-12-07,Régulier,0
1355,M,53,Abidjan,Site Web,2023-10-12,Occasionnel,1
1356,F,32,Abidjan,Partenaire,2023-03-06,Occasionnel,1
1357,M,31,San-Pédro,Boutique,2023-01-06,Régulier,0
1358,F,32,Daloa,Mobile Money,2024-01-14,Nouveau,1
1359,M,19,Abidjan,Boutique,2022-04-29,Fidèle,0
1360,F,22,Abidjan,Site Web,2023-09-13,Nouveau,0
1361,M,28,Abidjan,Mobile Money,2022-09-10,Régulier,1
1362,F,46,Abidjan,Partenaire,2024-09-01,Occasionnel,1
1363,M,33,Abidjan,Boutique,2024-05-08,Fidèle,1
1364,F,28,Abidjan,Site Web,2024-04-09,Nouveau,1
1365,F,47,Abidjan,Réseaux sociaux,2022-06-09,Fidèle,0
1366,M,51,San-Pédro,Boutique,2022-03-30,Nouveau,1
1367,F,47,Daloa,Site Web,2023-05-17,Nouveau,1
1368,F,24,San-Pédro,Boutique,2023-01-25,Fidèle,1
1369,F,28,Bouaké,Réseaux sociaux,2024-03-04,Nouveau,1
1370,F,53,Bouaké,Réseaux sociaux,2024-02-19,Régulier,1
1371,F,36,Abidjan,Boutique,2023-03-11,Occasionnel,1
1372,M,31,Yamoussoukro,Mobile Money,2022-06-26,Fidèle,1
1373,F,41,Abidjan,Partenaire,2022-12-22,Régulier,1
1374,M,45,Abidjan,Partenaire,2023-07-06,Nouveau,1
1375,M,27,Divo,Site Web,2022-10-05,Régulier,1
1376,F,36,Korhogo,Partenaire,2022-12-14,Nouveau,1
1377,M,44,Abidjan,Boutique,2022-09-21,Régulier,1
1378,M,21,Daloa,Boutique,2022-03-12,Régulier,0
1379,M,34,Abidjan,Boutique,2023-10-21,Régulier,1
1380,F,21,Abidjan,Mobile Money,2024-12-27,Régulier,1
1381,F,23,Abidjan,Boutique,2024-11-08,Fidèle,1
1382,F,27,Abidjan,Site Web,2024-10-14,Occasionnel,1
1383,M,39,Yamoussoukro,Mobile Money,2023-12-23,Fidèle,1
1384,M,30,Abidjan,Mobile Money,2024-03-29,Nouveau,1
1385,M,26,Abidjan,Site Web,2022-03-12,Occasionnel,1
1386,F,34,Abengourou,Site Web,2022-08-09,Régulier,0
1387,M,21,Abidjan,Partenaire,2024-02-13,Nouveau,1
1388,F,38,Abidjan,Mobile Money,2024-12-18,Occasionnel,0
1389,M,46,Abidjan,Réseaux sociaux,2024-09-21,Régulier,1
1390,F,33,Abidjan,Mobile Money,2023-11-22,Occasionnel,0
1391,M,31,Abidjan,Mobile Money,2022-04-30,Nouveau,1
1392,M,38,Bouaké,Site Web,2024-11-23,Nouveau,1
1393,F,18,Korhogo,Boutique,2022-12-15,Nouveau,0
1394,F,39,Abidjan,Site Web,2022-02-16,Nouveau,0
1395,M,68,Abidjan,Mobile Money,2024-04-21,Nouveau,0
1396,F,32,Abidjan,Mobile Money,2022-07-09,Fidèle,0
1397,M,32,San-Pédro,Boutique,2022-11-27,Nouveau,1
1398,M,42,Abidjan,Mobile Money,2024-01-12,Régulier,1
1399,M,52,Abidjan,Mobile Money,2024-11-23,VIP,0
1400,F,44,Abengourou,Mobile Money,2024-09-20,Nouveau,1
1401,F,18,Bouaké,Mobile Money,2022-06-29,VIP,0
1402,F,40,Abidjan,Site Web,2022-07-12,Nouveau,0
1403,M,62,Abidjan,Mobile Money,2024-06-04,Régulier,1
1404,F,40,Abidjan,Site Web,2022-12-14,VIP,1
1405,F,21,Abengourou,Boutique,2022-03-27,Régulier,1
1406,F,37,Abidjan,Boutique,2023-10-07,Nouveau,0
1407,M,19,Abidjan,Boutique,2023-12-21,Nouveau,1
1408,F,47,Bouaké,Site Web,2024-12-30,Nouveau,1
1409,M,23,Abidjan,Réseaux sociaux,2023-06-17,Fidèle,1
1410,M,34,Abidjan,Mobile Money,2024-05-25,Nouveau,0
1411,M,24,Korhogo,Réseaux sociaux,2023-08-09,Occasionnel,1
1412,M,27,Abidjan,Mobile Money,2024-10-08,Nouveau,1
1413,M,50,Korhogo,Boutique,2023-06-18,Occasionnel,1
1414,M,35,Daloa,Boutique,2024-01-10,Occasionnel,1
1415,F,27,Abidjan,Mobile Money,2024-11-20,Nouveau,0
1416,M,21,Yamoussoukro,Mobile Money,2024-08-18,Occasionnel,1
1417,M,18,Daloa,Mobile Money,2023-03-16,Occasionnel,1
1418,M,20,Bouaké,Mobile Money,2023-07-10,Occasionnel,1
1419,M,35,Bouaké,Boutique,2023-10-12,Occasionnel,1
1420,M,44,Abidjan,Mobile Money,2022-05-16,Occasionnel,1
1421,M,27,Abidjan,Réseaux sociaux,2022-09-13,Régulier,1
1422,F,51,Yamoussoukro,Réseaux sociaux,2024-02-16,Occasionnel,1
1423,F,26,Abidjan,Mobile Money,2022-03-20,Occasionnel,1
1424,F,31,Abidjan,Mobile Money,2023-10-21,Nouveau,1
1425,F,22,Abidjan,Boutique,2023-06-15,Nouveau,0
1426,F,44,Abidjan,Réseaux sociaux,2023-06-16,Régulier,1
1427,F,57,Daloa,Boutique,2024-07-15,Fidèle,1
1428,F,18,San-Pédro,Mobile Money,2022-10-29,Nouveau,1
1429,M,30,San-Pédro,Partenaire,2024-05-15,Occasionnel,0
1430,F,47,Abidjan,Boutique,2024-05-08,Occasionnel,1
1431,M,18,Abidjan,Boutique,2024-12-22,Régulier,1
1432,M,40,San-Pédro,Réseaux sociaux,2024-06-17,Nouveau,1
1433,F,47,Abidjan,Partenaire,2023-07-10,VIP,1
1434,F,34,Yamoussoukro,Boutique,2023-02-03,Nouveau,0
1435,F,40,Bouaké,Mobile Money,2024-05-05,VIP,1
1436,M,53,Abidjan,Boutique,2024-10-12,Nouveau,1
1437,F,55,Abidjan,Mobile Money,2022-11-04,Nouveau,0
1438,F,33,Yamoussoukro,Boutique,2023-02-09,Nouveau,1
1439,M,28,Abidjan,Mobile Money,2023-06-29,Nouveau,1
1440,M,23,Korhogo,Site Web,2022-04-28,VIP,1
1441,F,44,Bouaké,Site Web,2022-12-11,Occasionnel,1
1442,F,18,Abidjan,Partenaire,2022-07-02,Nouveau,0
1443,F,31,Yamoussoukro,Réseaux sociaux,2024-04-25,VIP,0
1444,F,35,Abidjan,Mobile Money,2023-06-26,Nouveau,1
1445,F,28,Abidjan,Mobile Money,2023-10-24,Nouveau,0
1446,M,37,Gagnoa,Boutique,2022-03-29,Nouveau,1
1447,M,62,Yamoussoukro,Mobile Money,2023-09-20,Occasionnel,1
1448,M,32,Bouaké,Mobile Money,2024-02-26,Fidèle,1
1449,M,29,San-Pédro,Site Web,2024-01-25,Nouveau,0
1450,F,45,Abidjan,Boutique,2024-05-20,Régulier,1
1451,M,36,Abidjan,Mobile Money,2022-05-05,Nouveau,1
1452,M,49,Abidjan,Boutique,2023-08-25,Nouveau,1
1453,M,35,Abidjan,Partenaire,2023-06-13,Régulier,1
1454,M,31,Abidjan,Site Web,2024-09-05,Régulier,1
1455,F,18,Abidjan,Mobile Money,2024-01-27,Occasionnel,1
1456,F,18,Daloa,Boutique,2024-11-10,Nouveau,0
1457,F,18,Abidjan,Réseaux sociaux,2022-01-28,Nouveau,0
1458,F,38,Bouaké,Mobile Money,2023-05-06,Régulier,1
1459,M,19,San-Pédro,Site Web,2024-02-10,Occasionnel,0
1460,F,47,Abengourou,Site Web,2022-04-08,Occasionnel,0
1461,M,34,Abidjan,Site Web,2023-12-15,Nouveau,0
1462,M,31,Korhogo,Mobile Money,2022-09-11,Régulier,1
1463,F,24,San-Pédro,Réseaux sociaux,2022-03-23,Nouveau,0
1464,F,40,Abidjan,Mobile Money,2023-12-22,Régulier,1
1465,M,25,Abidjan,Mobile Money,2023-04-12,Régulier,1
1466,M,23,Abidjan,Mobile Money,2023-03-21,Nouveau,1
1467,F,47,Yamoussoukro,Boutique,2022-12-23,Occasionnel,1
1468,F,37,Bouaké,Mobile Money,2024-01-21,Occasionnel,0
1469,M,31,Abidjan,Site Web,2023-11-09,Occasionnel,1
1470,F,41,Daloa,Réseaux sociaux,2024-01-01,Fidèle,1
1471,M,34,Abidjan,Mobile Money,2024-05-12,Occasionnel,1
1472,F,38,Abidjan,Réseaux sociaux,2023-10-25,Nouveau,0
1473,F,25,Korhogo,Partenaire,2022-03-23,Nouveau,1
1474,F,56,Gagnoa,Mobile Money,2022-06-22,Régulier,0
1475,F,27,Daloa,Site Web,2024-12-21,Nouveau,1
1476,F,51,Abidjan,Partenaire,2022-11-10,Régulier,1
1477,F,31,Abidjan,Site Web,2023-04-14,Nouveau,1
1478,M,42,Abidjan,Boutique,2023-02-18,Nouveau,0
1479,F,42,Abidjan,Réseaux sociaux,2024-12-20,Nouveau,0
1480,F,46,Abidjan,Site Web,2024-06-21,Fidèle,1
1481,F,24,Korhogo,Mobile Money,2023-06-14,Régulier,1
1482,F,45,Yamoussoukro,Mobile Money,2024-01-18,Occasionnel,1
1483,M,54,Abidjan,Boutique,2023-08-27,Nouveau,1
1484,F,31,Abidjan,Boutique,2023-12-08,Fidèle,1
1485,M,34,Abidjan,Mobile Money,2024-11-10,Fidèle,1
1486,F,28,Abidjan,Mobile Money,2024-01-06,Occasionnel,1
1487,M,30,Yamoussoukro,Réseaux sociaux,2022-05-04,Régulier,0
1488,F,52,Abidjan,Site Web,2023-07-06,Fidèle,1
1489,M,22,San-Pédro,Mobile Money,2024-06-16,Nouveau,1
1490,F,23,Abidjan,Mobile Money,2022-02-13,Nouveau,1
1491,F,51,Abidjan,Mobile Money,2023-01-26,Occasionnel,1
1492,M,40,Abengourou,Mobile Money,2022-08-09,Occasionnel,1
1493,M,57,Abidjan,Site Web,2024-02-29,Régulier,0
1494,M,29,Abidjan,Mobile Money,2022-06-03,Occasionnel,1
1495,F,35,Bouaké,Partenaire,2023-11-15,Nouveau,1
1496,M,26,Abidjan,Mobile Money,2022-03-12,Occasionnel,1
1497,M,35,Abidjan,Mobile Money,2024-10-08,Régulier,1
1498,M,18,Abidjan,Réseaux sociaux,2022-12-16,Nouveau,1
1499,F,41,Abidjan,Boutique,2023-03-23,Nouveau,0
1500,M,37,Abidjan,Boutique,2024-05-12,Nouveau,1
1501,M,33,Abidjan,Mobile Money,2023-02-20,Fidèle,0
1502,M,29,Daloa,Site Web,2022-05-07,Nouveau,1
1503,F,24,San-Pédro,Boutique,2024-09-17,Nouveau,0
1504,F,42,Abidjan,Réseaux sociaux,2022-05-03,Régulier,0
1505,M,21,Abidjan,Site Web,2023-06-29,Nouveau,1
1506,F,39,Abidjan,Réseaux sociaux,2022-05-17,Régulier,1
1507,M,56,Abidjan,Site Web,2024-02-04,Occasionnel,0
1508,F,50,Abidjan,Site Web,2022-10-23,Fidèle,0
1509,F,18,Daloa,Site Web,2024-10-17,Nouveau,1
1510,M,28,Abidjan,Boutique,2022-08-10,Nouveau,0
1511,F,38,Abidjan,Site Web,2024-01-04,Nouveau,0
1512,F,33,Yamoussoukro,Site Web,2022-01-16,Fidèle,1
1513,M,18,San-Pédro,Mobile Money,2022-05-04,Fidèle,1
1514,M,38,Abidjan,Site Web,2022-10-30,Nouveau,1
1515,M,33,Abidjan,Mobile Money,2024-08-25,Nouveau,1
1516,F,55,Gagnoa,Boutique,2024-12-26,Nouveau,0
1517,F,31,Abidjan,Mobile Money,2023-11-03,Nouveau,0
1518,M,46,Yamoussoukro,Mobile Money,2023-01-04,Nouveau,1
1519,F,20,Yamoussoukro,Mobile Money,2022-12-08,Fidèle,1
1520,F,22,Abidjan,Mobile Money,2022-08-20,Nouveau,1
1521,F,41,Abidjan,Mobile Money,2023-01-08,Fidèle,1
1522,M,45,Abidjan,Mobile Money,2023-06-27,Nouveau,1
1523,M,23,Abidjan,Boutique,2024-01-21,Fidèle,1
1524,M,34,Abidjan,Boutique,2022-09-09,Occasionnel,1
1525,M,18,Daloa,Partenaire,2022-02-09,Nouveau,1
1526,F,32,Yamoussoukro,Réseaux sociaux,2023-09-05,Régulier,0
1527,F,43,Man,Mobile Money,2022-09-23,Nouveau,1
1528,F,29,Gagnoa,Boutique,2023-03-15,Fidèle,1
1529,F,31,Yamoussoukro,Boutique,2024-02-19,Régulier,0
1530,F,21,Abidjan,Boutique,2024-09-09,VIP,0
1531,F,26,Abidjan,Boutique,2023-08-09,Fidèle,1
1532,F,53,Bouaké,Site Web,2024-10-13,Nouveau,1
1533,M,34,Bouaké,Site Web,2022-10-22,Occasionnel,1
1534,M,22,Abidjan,Boutique,2024-02-20,Régulier,1
1535,F,30,Bouaké,Site Web,2024-12-08,Nouveau,1
1536,F,18,Abidjan,Mobile Money,2022-08-25,Occasionnel,1
1537,M,22,Abidjan,Réseaux sociaux,2024-03-19,Nouveau,1
1538,M,48,San-Pédro,Partenaire,2023-06-03,Régulier,1
1539,M,32,Abidjan,Mobile Money,2024-08-22,Nouveau,0
1540,F,54,Abidjan,Site Web,2022-12-01,Nouveau,1
1541,M,32,Bouaké,Réseaux sociaux,2024-11-17,VIP,1
1542,F,33,Bouaké,Boutique,2024-05-24,Fidèle,1
1543,F,41,Abidjan,Mobile Money,2024-02-12,Nouveau,1
1544,F,18,Bouaké,Site Web,2022-02-01,Nouveau,1
1545,F,36,Abidjan,Boutique,2022-04-01,Régulier,1
1546,F,33,Yamoussoukro,Mobile Money,2023-12-27,Nouveau,0
1547,F,50,Abidjan,Site Web,2023-06-09,Régulier,0
1548,M,44,Abengourou,Boutique,2022-12-20,Régulier,0
1549,F,21,Daloa,Mobile Money,2024-07-10,Nouveau,1
1550,F,47,Abidjan,Partenaire,2023-06-11,Nouveau,0
1551,F,31,Abidjan,Mobile Money,2023-05-18,Nouveau,1
1552,F,24,Abidjan,Boutique,2022-12-20,Nouveau,1
1553,F,36,Yamoussoukro,Site Web,2024-12-10,Occasionnel,1
1554,F,31,Yamoussoukro,Mobile Money,2023-02-04,Nouveau,1
1555,F,50,Yamoussoukro,Site Web,2022-10-12,VIP,1
1556,M,37,Korhogo,Site Web,2024-01-09,Régulier,0
1557,M,36,Abidjan,Boutique,2022-02-07,Nouveau,1
1558,F,43,Yamoussoukro,Boutique,2023-10-15,Occasionnel,0
1559,M,46,Abidjan,Partenaire,2023-09-11,Occasionnel,1
1560,M,42,Bouaké,Réseaux sociaux,2022-09-25,Occasionnel,1
1561,M,49,Abidjan,Mobile Money,2024-04-22,Occasionnel,1
1562,M,40,Daloa,Boutique,2022-02-17,Nouveau,1
1563,M,35,Abidjan,Boutique,2024-12-10,Nouveau,0
1564,M,47,Abidjan,Réseaux sociaux,2024-07-26,Nouveau,1
1565,M,33,Abidjan,Réseaux sociaux,2022-07-12,Nouveau,1
1566,F,34,Divo,Boutique,2023-06-24,Régulier,1
1567,F,52,Abidjan,Réseaux sociaux,2022-08-04,VIP,0
1568,F,51,Abidjan,Boutique,2023-11-09,Régulier,1
1569,F,33,Abidjan,Mobile Money,2023-01-21,VIP,1
1570,F,29,Abidjan,Site Web,2023-06-19,Occasionnel,1
1571,F,50,Korhogo,Boutique,2024-11-13,Nouveau,1
1572,M,42,Gagnoa,Site Web,2023-11-09,Fidèle,1
1573,M,37,San-Pédro,Boutique,2024-08-07,Nouveau,1
1574,M,30,San-Pédro,Site Web,2023-11-18,Nouveau,1
1575,F,37,Abidjan,Partenaire,2023-06-04,Fidèle,1
1576,F,33,Abidjan,Mobile Money,2022-01-17,Régulier,1
1577,M,26,Bouaké,Boutique,2022-04-08,Fidèle,1
1578,M,35,Yamoussoukro,Site Web,2023-08-07,Nouveau,1
1579,M,36,Abidjan,Mobile Money,2023-07-06,Régulier,1
1580,M,29,Daloa,Site Web,2023-07-04,Nouveau,1
1581,M,43,Abidjan,Boutique,2024-07-14,Nouveau,1
1582,F,48,Abidjan,Mobile Money,2022-04-15,Fidèle,1
1583,F,44,Abidjan,Réseaux sociaux,2023-12-23,Occasionnel,0
1584,F,30,San-Pédro,Boutique,2024-03-27,Régulier,0
1585,M,42,Daloa,Mobile Money,2023-12-09,Fidèle,1
1586,M,34,Abidjan,Mobile Money,2022-09-16,Fidèle,1
1587,F,20,San-Pédro,Site Web,2023-03-21,Nouveau,1
1588,M,41,San-Pédro,Partenaire,2022-03-01,Nouveau,0
1589,F,35,Abidjan,Boutique,2022-07-13,Fidèle,1
1590,F,62,Daloa,Mobile Money,2024-05-29,Occasionnel,0
1591,F,50,Abidjan,Mobile Money,2023-11-08,Occasionnel,1
1592,F,41,Abidjan,Site Web,2024-08-05,Nouveau,1
1593,M,36,Abidjan,Boutique,2024-01-28,Nouveau,0
1594,F,35,Abidjan,Boutique,2022-09-21,VIP,1
1595,M,22,Abidjan,Mobile Money,2024-06-09,Occasionnel,0
1596,M,18,Abidjan,Boutique,2024-01-23,Régulier,1
1597,F,24,Abidjan,Site Web,2022-07-29,Nouveau,1
1598,F,33,Yamoussoukro,Boutique,2022-01-06,Nouveau,1
1599,M,18,Bouaké,Mobile Money,2024-04-16,Occasionnel,1
1600,F,28,Abidjan,Boutique,2024-02-29,Fidèle,1
1601,M,31,Abidjan,Boutique,2022-04-09,Nouveau,1
1602,F,31,Abidjan,Boutique,2023-05-24,Nouveau,1
1603,M,26,San-Pédro,Mobile Money,2024-09-27,Occasionnel,1
1604,M,30,Korhogo,Mobile Money,2024-05-17,Nouveau,0
1605,F,52,Abidjan,Boutique,2024-06-13,Occasionnel,0
1606,F,41,Yamoussoukro,Mobile Money,2023-03-07,Occasionnel,1
1607,M,27,Bouaké,Site Web,2022-05-13,Nouveau,0
1608,F,33,Abengourou,Boutique,2023-01-20,Régulier,0
1609,F,33,Abidjan,Mobile Money,2024-01-23,Nouveau,1
1610,F,25,Abidjan,Site Web,2024-07-09,Régulier,0
1611,F,25,Bouaké,Boutique,2023-12-07,Régulier,1
1612,M,45,Abidjan,Mobile Money,2022-02-12,Fidèle,0
1613,M,29,Abidjan,Réseaux sociaux,2023-10-09,Régulier,1
1614,F,21,Abidjan,Boutique,2022-07-24,Occasionnel,0
1615,M,33,Abidjan,Réseaux sociaux,2023-10-30,Nouveau,1
1616,F,35,Yamoussoukro,Mobile Money,2023-03-28,Occasionnel,1
1617,F,18,Yamoussoukro,Réseaux sociaux,2023-08-07,Nouveau,0
1618,M,33,Abidjan,Réseaux sociaux,2023-10-15,Régulier,1
1619,M,43,San-Pédro,Mobile Money,2023-11-30,Nouveau,1
1620,F,38,Abidjan,Boutique,2022-01-06,Occasionnel,1
1621,F,58,Gagnoa,Site Web,2024-11-23,Occasionnel,1
1622,F,47,Abidjan,Boutique,2023-09-22,Régulier,1
1623,M,49,San-Pédro,Boutique,2023-07-10,Nouveau,1
1624,F,64,Korhogo,Partenaire,2023-02-19,Occasionnel,1
1625,F,42,San-Pédro,Site Web,2022-04-25,Occasionnel,1
1626,M,35,San-Pédro,Partenaire,2023-11-21,Fidèle,0
1627,F,44,Abidjan,Réseaux sociaux,2023-02-02,Régulier,1
1628,F,27,Yamoussoukro,Réseaux sociaux,2024-09-20,Nouveau,1
1629,F,35,Bouaké,Site Web,2023-12-22,Fidèle,1
1630,F,26,Abidjan,Site Web,2023-04-28,Nouveau,0
1631,F,38,Abengourou,Réseaux sociaux,2022-02-04,Nouveau,1
1632,M,26,Abidjan,Site Web,2023-08-31,Nouveau,1
1633,M,26,Abidjan,Mobile Money,2024-07-14,Occasionnel,0
1634,M,38,Korhogo,Boutique,2023-05-22,Régulier,1
1635,M,32,Abidjan,Mobile Money,2023-12-14,Occasionnel,0
1636,F,18,Abidjan,Partenaire,2022-05-10,Régulier,1
1637,F,18,Abidjan,Site Web,2023-03-22,Occasionnel,1
1638,M,21,Daloa,Boutique,2024-05-18,Nouveau,1
1639,F,24,San-Pédro,Mobile Money,2023-04-09,Occasionnel,1
1640,M,38,Abidjan,Boutique,2024-08-27,Régulier,1
1641,M,36,Bouaké,Boutique,2023-03-25,Occasionnel,1
1642,F,45,Bouaké,Site Web,2024-06-07,Occasionnel,0
1643,F,42,Yamoussoukro,Site Web,2023-12-06,Occasionnel,1
1644,F,45,Yamoussoukro,Boutique,2024-11-03,Occasionnel,1
1645,F,40,Divo,Mobile Money,2023-08-07,Nouveau,1
1646,F,36,Abidjan,Boutique,2023-05-28,Fidèle,0
1647,F,46,Abidjan,Boutique,2023-01-23,Nouveau,0
1648,M,44,Bouaké,Réseaux sociaux,2023-12-16,Nouveau,1
1649,M,38,Abidjan,Réseaux sociaux,2024-12-09,Régulier,1
1650,M,47,Abidjan,Site Web,2022-07-04,Fidèle,0
1651,F,18,Abidjan,Mobile Money,2024-10-22,Régulier,0
1652,F,30,Abidjan,Mobile Money,2024-12-05,Occasionnel,1
1653,F,30,Man,Partenaire,2024-04-22,VIP,1
1654,F,46,Abidjan,Partenaire,2023-09-28,Occasionnel,1
1655,M,51,Bouaké,Mobile Money,2024-08-02,Occasionnel,1
1656,F,18,Daloa,Site Web,2022-10-14,Occasionnel,0
1657,F,49,Abidjan,Boutique,2023-11-26,Occasionnel,0
1658,M,21,Abidjan,Mobile Money,2024-05-31,Occasionnel,0
1659,F,21,Abidjan,Partenaire,2024-05-31,VIP,0
1660,F,31,Abidjan,Partenaire,2023-10-05,Nouveau,0
1661,F,30,Abidjan,Partenaire,2023-02-27,Nouveau,1
1662,M,18,Bouaké,Mobile Money,2024-11-05,Occasionnel,0
1663,M,41,Abidjan,Boutique,2024-01-08,Occasionnel,1
1664,F,41,Abidjan,Réseaux sociaux,2024-04-23,Régulier,1
1665,M,45,Abidjan,Site Web,2023-11-14,VIP,1
1666,M,29,Abidjan,Boutique,2024-08-18,Régulier,1
1667,M,33,Abidjan,Boutique,2023-06-08,VIP,1
1668,F,33,Divo,Mobile Money,2023-08-22,Nouveau,1
1669,F,52,Abidjan,Site Web,2024-05-30,Nouveau,1
1670,M,18,Abidjan,Réseaux sociaux,2023-07-21,Nouveau,1
1671,F,23,Bouaké,Mobile Money,2022-09-26,Régulier,1
1672,M,34,Yamoussoukro,Mobile Money,2024-04-09,Nouveau,1
1673,M,22,Bouaké,Boutique,2023-02-16,Nouveau,1
1674,F,31,Abidjan,Boutique,2022-04-25,Occasionnel,1
1675,M,32,Bouaké,Boutique,2023-02-13,Nouveau,0
1676,M,26,Abidjan,Mobile Money,2022-03-01,Régulier,1
1677,M,34,Daloa,Site Web,2024-08-19,Fidèle,1
1678,F,40,Abidjan,Mobile Money,2024-12-13,Nouveau,1
1679,M,31,Yamoussoukro,Site Web,2022-10-19,Occasionnel,1
1680,M,29,Bouaké,Boutique,2024-09-30,Nouveau,1
1681,M,32,Yamoussoukro,Boutique,2024-02-19,Nouveau,0
1682,M,33,Abidjan,Boutique,2024-11-12,Nouveau,1
1683,M,18,Yamoussoukro,Site Web,2022-06-28,Occasionnel,0
1684,F,39,Daloa,Boutique,2022-03-10,Occasionnel,1
1685,F,29,Abidjan,Boutique,2024-10-04,Régulier,1
1686,F,47,Abidjan,Boutique,2022-10-22,Régulier,1
1687,F,40,Abidjan,Boutique,2023-10-15,Nouveau,0
1688,F,46,Abidjan,Boutique,2024-09-14,Régulier,0
1689,M,22,Daloa,Boutique,2023-01-11,Régulier,1
1690,F,29,Abidjan,Boutique,2022-04-08,Nouveau,1
1691,M,20,Yamoussoukro,Mobile Money,2024-05-16,Nouveau,1
1692,M,26,Daloa,Site Web,2023-05-10,Nouveau,1
1693,F,47,Yamoussoukro,Mobile Money,2022-01-25,Nouveau,1
1694,M,50,Yamoussoukro,Réseaux sociaux,2023-01-09,Nouveau,0
1695,M,21,Bouaké,Site Web,2023-08-04,Nouveau,1
1696,M,28,Abidjan,Mobile Money,2024-08-21,Fidèle,1
1697,F,33,Abidjan,Site Web,2022-09-05,Fidèle,1
1698,M,40,San-Pédro,Boutique,2023-07-22,Occasionnel,1
1699,M,18,Gagnoa,Partenaire,2022-07-18,Régulier,0
1700,M,18,Abidjan,Partenaire,2022-11-14,VIP,1
1701,M,39,Man,Réseaux sociaux,2022-10-16,Occasionnel,1
1702,M,18,Abengourou,Boutique,2023-07-29,Occasionnel,1
1703,F,29,Abidjan,Réseaux sociaux,2023-12-28,Régulier,0
1704,M,35,Yamoussoukro,Site Web,2022-05-04,Fidèle,1
1705,F,38,Bouaké,Réseaux sociaux,2022-03-25,Régulier,1
1706,M,32,Abidjan,Mobile Money,2024-03-11,Nouveau,1
1707,F,29,Abidjan,Réseaux sociaux,2022-11-18,Régulier,0
1708,F,43,Abidjan,Site Web,2023-11-09,Nouveau,1
1709,M,37,Daloa,Mobile Money,2022-03-26,Nouveau,0
1710,F,26,Abidjan,Partenaire,2023-10-20,Occasionnel,0
1711,M,34,Daloa,Site Web,2024-09-22,Régulier,1
1712,F,38,Yamoussoukro,Réseaux sociaux,2023-04-25,Nouveau,1
1713,M,52,Yamoussoukro,Mobile Money,2023-09-25,Nouveau,0
1714,M,42,Abidjan,Boutique,2022-11-19,Régulier,1
1715,F,47,Abidjan,Site Web,2022-11-10,Nouveau,0
1716,M,27,Abidjan,Mobile Money,2022-03-13,Fidèle,0
1717,F,28,Abidjan,Site Web,2023-06-09,Occasionnel,1
1718,M,31,Abidjan,Site Web,2024-11-03,Occasionnel,1
1719,M,32,Abidjan,Mobile Money,2022-05-08,Nouveau,1
1720,M,22,Abidjan,Site Web,2023-04-02,VIP,1
1721,F,47,Bouaké,Mobile Money,2024-07-05,Fidèle,1
1722,F,43,Abidjan,Réseaux sociaux,2023-06-28,Nouveau,1
1723,M,30,Abidjan,Réseaux sociaux,2024-04-12,Régulier,1
1724,M,41,Korhogo,Boutique,2023-02-16,Régulier,0
1725,F,36,Abidjan,Boutique,2023-10-22,Nouveau,1
1726,F,41,Man,Boutique,2024-12-17,Occasionnel,1
1727,F,19,Bouaké,Boutique,2023-10-17,Fidèle,1
1728,M,32,Abidjan,Réseaux sociaux,2024-05-21,Occasionnel,1
1729,F,33,Man,Mobile Money,2024-01-30,Fidèle,1
1730,F,40,San-Pédro,Boutique,2022-04-15,Nouveau,0
1731,M,27,Bouaké,Mobile Money,2022-06-25,Fidèle,1
1732,F,18,Abidjan,Site Web,2023-10-28,VIP,1
1733,M,22,Abidjan,Réseaux sociaux,2023-01-17,Nouveau,1
1734,F,33,Abidjan,Mobile Money,2023-06-15,Occasionnel,1
1735,M,34,Daloa,Mobile Money,2023-06-14,Régulier,1
1736,M,52,Abidjan,Mobile Money,2024-05-18,Fidèle,1
1737,M,40,Abidjan,Mobile Money,2024-12-20,Nouveau,1
1738,F,34,Abidjan,Boutique,2024-12-28,Nouveau,1
1739,M,33,Abidjan,Site Web,2022-03-29,Régulier,1
1740,M,46,Abidjan,Boutique,2024-03-26,Occasionnel,1
1741,F,27,Abidjan,Mobile Money,2024-03-05,Régulier,1
1742,F,32,Korhogo,Site Web,2024-08-05,Occasionnel,0
1743,F,22,Abidjan,Site Web,2023-04-13,VIP,1
1744,M,49,Abidjan,Boutique,2023-07-05,Nouveau,1
1745,M,38,Abidjan,Mobile Money,2023-05-10,Fidèle,0
1746,M,26,Abidjan,Site Web,2023-02-14,Occasionnel,1
1747,M,32,Bouaké,Mobile Money,2022-09-28,Fidèle,1
1748,M,39,Abidjan,Réseaux sociaux,2023-12-06,Nouveau,0
1749,F,31,Divo,Réseaux sociaux,2022-01-19,Régulier,1
1750,F,28,Abengourou,Réseaux sociaux,2024-03-31,Fidèle,1
1751,M,26,San-Pédro,Mobile Money,2024-07-10,Régulier,1
1752,F,37,San-Pédro,Mobile Money,2022-09-07,Nouveau,0
1753,M,30,Abidjan,Réseaux sociaux,2022-08-22,Occasionnel,1
1754,M,29,Bouaké,Boutique,2023-07-06,Nouveau,1
1755,F,19,Abidjan,Boutique,2024-07-15,Nouveau,1
1756,M,34,Daloa,Boutique,2022-05-05,Régulier,1
1757,F,32,Abidjan,Mobile Money,2023-04-18,VIP,1
1758,M,30,Abidjan,Site Web,2022-08-25,Régulier,1
1759,M,36,Abidjan,Partenaire,2024-07-21,Nouveau,1
1760,M,42,Bouaké,Site Web,2024-08-23,Nouveau,1
1761,F,41,Yamoussoukro,Boutique,2022-04-03,Occasionnel,1
1762,F,40,Abidjan,Partenaire,2022-06-08,Nouveau,1
1763,F,31,Abidjan,Site Web,2022-06-22,Fidèle,1
1764,F,27,Abidjan,Mobile Money,2024-06-07,Nouveau,1
1765,F,22,Daloa,Site Web,2024-09-13,Nouveau,1
1766,F,27,Abidjan,Mobile Money,2023-02-12,Régulier,1
1767,M,34,Abidjan,Mobile Money,2022-06-22,Nouveau,0
1768,F,25,Bouaké,Site Web,2023-12-28,Occasionnel,1
1769,F,35,Bouaké,Mobile Money,2024-09-02,Occasionnel,1
1770,M,23,San-Pédro,Mobile Money,2024-09-23,Nouveau,0
1771,M,18,Bouaké,Site Web,2023-05-03,Occasionnel,1
1772,M,43,Divo,Mobile Money,2024-05-05,Occasionnel,1
1773,M,28,Abidjan,Boutique,2024-11-12,Régulier,1
1774,M,24,Abidjan,Mobile Money,2024-06-23,Nouveau,0
1775,M,21,Gagnoa,Site Web,2023-06-04,Occasionnel,1
1776,M,38,Abidjan,Réseaux sociaux,2022-10-13,Régulier,1
1777,M,49,Daloa,Mobile Money,2023-02-12,Nouveau,1
1778,F,29,Abidjan,Site Web,2023-02-01,Nouveau,1
1779,F,31,Abidjan,Mobile Money,2024-12-17,Nouveau,1
1780,F,45,Abidjan,Mobile Money,2024-03-13,Nouveau,0
1781,F,18,Bouaké,Boutique,2024-07-29,Nouveau,0
1782,M,55,Daloa,Mobile Money,2024-05-01,VIP,1
1783,F,60,Abidjan,Mobile Money,2023-06-06,Occasionnel,0
1784,F,18,Abidjan,Site Web,2024-05-15,Occasionnel,0
1785,F,32,Abidjan,Site Web,2023-12-02,Nouveau,0
1786,M,26,Abidjan,Partenaire,2024-03-21,Nouveau,0
1787,F,31,Abidjan,Partenaire,2022-11-26,Régulier,0
1788,M,29,Divo,Boutique,2022-09-11,Régulier,1
1789,M,42,Abidjan,Mobile Money,2022-07-17,VIP,1
1790,F,32,Abidjan,Mobile Money,2022-11-13,Nouveau,1
1791,M,23,Abidjan,Boutique,2024-12-07,Nouveau,1
1792,F,32,Abidjan,Réseaux sociaux,2024-10-28,Régulier,0
1793,F,39,Abidjan,Mobile Money,2022-06-10,Nouveau,0
1794,M,20,Yamoussoukro,Mobile Money,2023-08-30,Nouveau,0
1795,M,18,Bouaké,Boutique,2024-10-26,Nouveau,0
1796,F,55,San-Pédro,Réseaux sociaux,2024-04-06,Nouveau,1
1797,M,26,Abidjan,Boutique,2023-11-02,Fidèle,1
1798,F,32,Bouaké,Site Web,2023-10-19,Fidèle,1
1799,M,29,Korhogo,Boutique,2022-12-24,Régulier,1
1800,M,40,San-Pédro,Boutique,2024-10-09,Occasionnel,0
1801,M,53,Man,Boutique,2022-04-01,Régulier,1
1802,M,40,Abidjan,Site Web,2024-08-09,Régulier,1
1803,F,18,Abengourou,Site Web,2024-08-11,Régulier,1
1804,M,18,San-Pédro,Boutique,2022-10-14,Occasionnel,1
1805,M,29,Daloa,Mobile Money,2023-07-15,VIP,0
1806,M,31,Yamoussoukro,Mobile Money,2024-08-26,Nouveau,0
1807,F,18,Abengourou,Mobile Money,2023-06-04,Régulier,1
1808,F,43,Abidjan,Mobile Money,2022-11-25,Régulier,0
1809,F,22,Daloa,Mobile Money,2022-03-18,Fidèle,1
1810,F,50,Yamoussoukro,Site Web,2023-04-28,Fidèle,1
1811,F,54,Daloa,Réseaux sociaux,2022-11-01,Occasionnel,1
1812,F,31,Daloa,Site Web,2024-07-21,Régulier,0
1813,M,38,Abidjan,Site Web,2024-08-01,Nouveau,0
1814,F,20,Abidjan,Partenaire,2022-12-21,Régulier,1
1815,M,40,Abidjan,Partenaire,2022-08-19,Nouveau,1
1816,M,28,Daloa,Mobile Money,2022-11-15,Occasionnel,0
1817,M,22,Yamoussoukro,Mobile Money,2023-03-17,Fidèle,0
1818,F,30,San-Pédro,Mobile Money,2024-01-03,Régulier,1
1819,F,28,Daloa,Réseaux sociaux,2022-06-16,Occasionnel,1
1820,M,30,Bouaké,Mobile Money,2024-12-30,Nouveau,1
1821,M,44,Abidjan,Boutique,2024-02-06,Occasionnel,0
1822,F,25,Bouaké,Boutique,2022-05-24,Nouveau,1
1823,M,53,Korhogo,Site Web,2022-12-11,Nouveau,1
1824,M,19,Bouaké,Boutique,2024-02-07,Fidèle,0
1825,M,51,Korhogo,Site Web,2023-07-06,Occasionnel,1
1826,F,22,Abengourou,Boutique,2023-08-01,Nouveau,1
1827,F,33,Abidjan,Réseaux sociaux,2022-02-15,Régulier,0
1828,F,28,Yamoussoukro,Mobile Money,2023-03-26,Nouveau,1
1829,M,30,Abidjan,Réseaux sociaux,2023-11-04,Occasionnel,1
1830,F,42,Abidjan,Boutique,2024-04-01,Nouveau,1
1831,F,50,Abidjan,Mobile Money,2023-05-05,Nouveau,1
1832,M,47,Abidjan,Partenaire,2023-08-31,Occasionnel,1
1833,F,29,Abidjan,Partenaire,2022-09-01,Régulier,1
1834,F,36,Bouaké,Réseaux sociaux,2024-05-23,Occasionnel,1
1835,F,25,Abidjan,Réseaux sociaux,2024-02-04,Fidèle,1
1836,F,23,Abidjan,Boutique,2024-03-25,Fidèle,0
1837,F,21,Abidjan,Mobile Money,2024-01-02,Régulier,1
1838,F,29,Abidjan,Mobile Money,2024-12-14,VIP,0
1839,M,36,San-Pédro,Réseaux sociaux,2024-08-21,Fidèle,0
1840,M,18,Abidjan,Réseaux sociaux,2024-06-06,Fidèle,1
1841,F,33,Abidjan,Partenaire,2023-01-03,Nouveau,1
1842,M,50,Abengourou,Réseaux sociaux,2022-03-15,Nouveau,1
1843,F,46,San-Pédro,Site Web,2022-01-01,Régulier,1
1844,M,27,Yamoussoukro,Mobile Money,2024-05-03,Fidèle,1
1845,F,18,Daloa,Mobile Money,2024-09-11,Fidèle,1
1846,M,39,Abidjan,Boutique,2023-12-13,Régulier,0
1847,F,18,Daloa,Site Web,2024-02-29,Fidèle,1
1848,M,46,Abidjan,Mobile Money,2022-04-09,Régulier,1
1849,F,31,Abidjan,Réseaux sociaux,2023-09-12,Régulier,0
1850,M,54,Abidjan,Site Web,2023-10-26,Nouveau,0
1851,F,18,Daloa,Mobile Money,2022-06-21,Occasionnel,0
1852,M,44,Abidjan,Réseaux sociaux,2024-04-02,Nouveau,1
1853,F,32,Abidjan,Boutique,2023-01-03,Nouveau,1
1854,M,30,Abidjan,Site Web,2022-08-04,Occasionnel,1
1855,M,18,Yamoussoukro,Boutique,2024-02-02,Nouveau,1
1856,M,40,Abidjan,Boutique,2023-04-22,Fidèle,1
1857,F,41,Abidjan,Mobile Money,2023-08-10,Occasionnel,0
1858,F,53,Abidjan,Boutique,2023-08-18,Régulier,1
1859,F,45,Daloa,Site Web,2023-11-13,Nouveau,0
1860,F,27,Abidjan,Partenaire,2023-03-29,Fidèle,1
1861,M,22,Divo,Réseaux sociaux,2024-06-11,Occasionnel,1
1862,M,18,Abidjan,Mobile Money,2024-08-17,Occasionnel,0
1863,M,50,Abidjan,Partenaire,2023-06-14,Régulier,1
1864,M,25,Abidjan,Mobile Money,2022-07-04,Occasionnel,1
1865,M,50,Abidjan,Mobile Money,2022-11-02,Occasionnel,1
1866,M,39,Abidjan,Site Web,2024-04-24,Régulier,1
1867,M,37,Abidjan,Réseaux sociaux,2022-10-09,Régulier,1
1868,F,30,Korhogo,Partenaire,2024-05-02,Nouveau,1
1869,M,41,Abidjan,Réseaux sociaux,2023-12-27,Fidèle,1
1870,M,33,Abidjan,Mobile Money,2023-05-06,Occasionnel,0
1871,F,29,Abidjan,Mobile Money,2022-05-19,Nouveau,0
1872,F,41,Abidjan,Mobile Money,2023-08-14,Nouveau,0
1873,M,32,Abidjan,Boutique,2024-01-29,Occasionnel,0
1874,M,25,Abidjan,Boutique,2022-06-18,Nouveau,1
1875,M,40,Abidjan,Mobile Money,2024-06-22,Fidèle,1
1876,M,33,Abidjan,Boutique,2022-08-02,Occasionnel,0
1877,F,39,Man,Boutique,2023-03-28,VIP,1
1878,F,29,Yamoussoukro,Site Web,2023-08-06,Nouveau,1
1879,M,20,Man,Boutique,2024-03-20,Régulier,1
1880,M,53,Abidjan,Mobile Money,2022-09-04,Nouveau,1
1881,F,51,San-Pédro,Site Web,2023-01-03,Occasionnel,1
1882,M,43,Abidjan,Site Web,2024-06-02,Occasionnel,0
1883,F,29,Abidjan,Mobile Money,2022-12-27,Régulier,1
1884,M,30,San-Pédro,Mobile Money,2023-11-06,Régulier,1
1885,F,49,Abidjan,Partenaire,2023-03-12,Nouveau,1
1886,F,30,Abidjan,Site Web,2022-03-03,Nouveau,1
1887,F,27,San-Pédro,Mobile Money,2023-07-18,Occasionnel,1
1888,F,54,Bouaké,Boutique,2023-01-27,Nouveau,1
1889,M,33,Abidjan,Boutique,2022-10-18,Régulier,0
1890,F,53,Abidjan,Mobile Money,2024-07-28,Occasionnel,1
1891,F,18,Abidjan,Mobile Money,2024-04-27,Fidèle,1
1892,M,39,Abengourou,Partenaire,2022-10-31,VIP,1
1893,M,56,Abidjan,Boutique,2023-07-28,Occasionnel,1
1894,F,34,Abidjan,Mobile Money,2024-02-28,Fidèle,1
1895,F,31,Abidjan,Site Web,2022-02-28,Régulier,1
1896,F,21,Korhogo,Boutique,2022-04-13,Nouveau,1
1897,M,45,Daloa,Site Web,2023-08-15,Fidèle,1
1898,F,25,Abidjan,Mobile Money,2024-10-15,Occasionnel,1
1899,F,32,Divo,Mobile Money,2024-10-12,Régulier,1
1900,F,20,Abidjan,Mobile Money,2023-05-08,Régulier,1
1901,M,51,Korhogo,Partenaire,2024-02-10,Fidèle,1
1902,F,46,Abidjan,Site Web,2023-06-23,Régulier,1
1903,M,33,Abidjan,Réseaux sociaux,2024-09-17,Fidèle,1
1904,F,21,Abidjan,Mobile Money,2023-09-16,Nouveau,0
1905,M,50,Abengourou,Site Web,2024-09-02,VIP,1
1906,F,29,Man,Boutique,2023-02-02,Régulier,1
1907,F,21,Bouaké,Site Web,2024-10-16,Régulier,1
1908,F,18,Abidjan,Boutique,2024-03-05,Fidèle,0
1909,M,26,Abidjan,Site Web,2024-04-20,Nouveau,1
1910,M,18,Abidjan,Mobile Money,2022-01-16,Nouveau,1
1911,F,27,Abidjan,Mobile Money,2024-06-01,Fidèle,0
1912,F,42,Abidjan,Site Web,2022-06-27,Fidèle,1
1913,M,29,Yamoussoukro,Mobile Money,2024-10-22,Régulier,1
1914,M,37,Bouaké,Mobile Money,2022-07-26,Occasionnel,1
1915,F,26,Korhogo,Réseaux sociaux,2024-06-23,Nouveau,0
1916,F,34,Abidjan,Mobile Money,2023-11-27,Occasionnel,1
1917,M,55,Abidjan,Boutique,2023-03-06,Occasionnel,0
1918,M,30,Abidjan,Réseaux sociaux,2024-09-02,Fidèle,1
1919,M,38,Abidjan,Site Web,2023-03-02,Occasionnel,0
1920,M,18,Bouaké,Mobile Money,2022-03-11,Occasionnel,1
1921,F,50,Daloa,Boutique,2022-03-24,Occasionnel,1
1922,F,28,Abidjan,Boutique,2024-07-22,Fidèle,1
1923,F,45,Abidjan,Boutique,2023-02-26,Régulier,0
1924,F,32,Korhogo,Site Web,2024-06-16,Nouveau,1
1925,F,40,Abidjan,Partenaire,2022-01-22,Occasionnel,1
1926,F,41,Abidjan,Mobile Money,2022-03-25,Occasionnel,1
1927,F,29,Yamoussoukro,Mobile Money,2024-12-17,Nouveau,1
1928,M,46,Bouaké,Site Web,2022-06-06,Régulier,1
1929,F,25,Abidjan,Boutique,2024-01-23,Nouveau,0
1930,F,42,San-Pédro,Site Web,2023-01-19,Occasionnel,1
1931,M,29,Man,Mobile Money,2023-07-02,Occasionnel,0
1932,M,37,Abidjan,Mobile Money,2022-05-06,Occasionnel,0
1933,M,28,Abidjan,Site Web,2022-10-20,Occasionnel,0
1934,M,34,Yamoussoukro,Partenaire,2024-04-10,Régulier,1
1935,M,22,Bouaké,Mobile Money,2023-08-10,Nouveau,1
1936,F,36,Abidjan,Réseaux sociaux,2023-07-06,Nouveau,1
1937,F,34,Abidjan,Boutique,2024-10-31,Régulier,1
1938,M,28,Yamoussoukro,Mobile Money,2023-03-26,Fidèle,1
1939,F,33,Abidjan,Boutique,2024-05-30,Nouveau,0
1940,F,35,Abidjan,Mobile Money,2024-03-04,Nouveau,1
1941,F,27,Abidjan,Site Web,2023-05-20,Fidèle,1
1942,F,32,Abidjan,Mobile Money,2022-11-17,Nouveau,1
1943,F,22,Man,Boutique,2023-01-23,VIP,0
1944,F,59,Bouaké,Mobile Money,2024-08-12,Fidèle,1
1945,M,45,Abidjan,Réseaux sociaux,2022-12-01,Nouveau,0
1946,M,37,Korhogo,Partenaire,2023-12-18,Nouveau,1
1947,F,46,Abidjan,Boutique,2022-05-17,VIP,1
1948,M,18,Abidjan,Boutique,2023-01-15,Nouveau,0
1949,F,18,Abidjan,Partenaire,2024-10-20,Occasionnel,1
1950,M,29,Daloa,Mobile Money,2023-08-15,Nouveau,1
1951,M,18,Yamoussoukro,Réseaux sociaux,2024-06-19,Régulier,0
1952,F,31,Daloa,Boutique,2022-10-12,Fidèle,1
1953,M,36,Abidjan,Réseaux sociaux,2024-04-13,Régulier,1
1954,M,44,Abidjan,Mobile Money,2024-12-14,Nouveau,0
1955,M,21,Abidjan,Mobile Money,2024-10-10,Occasionnel,1
1956,M,38,Gagnoa,Mobile Money,2023-04-22,Régulier,0
1957,M,34,Abidjan,Mobile Money,2024-01-17,Nouveau,0
1958,F,37,Bouaké,Mobile Money,2024-09-08,Régulier,1
1959,M,28,Yamoussoukro,Partenaire,2024-06-09,Régulier,1
1960,M,49,Abidjan,Mobile Money,2024-12-06,Nouveau,1
1961,M,32,Abidjan,Mobile Money,2022-02-04,VIP,1
1962,F,53,Abidjan,Mobile Money,2023-08-10,Occasionnel,1
1963,M,25,Bouaké,Boutique,2024-05-16,Nouveau,0
1964,F,42,Abengourou,Boutique,2024-03-10,Nouveau,0
1965,M,33,Abidjan,Mobile Money,2022-06-18,Occasionnel,0
1966,F,30,Abengourou,Site Web,2023-09-19,Nouveau,0
1967,M,40,Abidjan,Réseaux sociaux,2022-07-01,Nouveau,1
1968,M,30,Abidjan,Mobile Money,2022-04-11,Régulier,1
1969,F,18,Korhogo,Site Web,2022-05-03,Régulier,1
1970,F,18,Korhogo,Boutique,2024-11-08,Nouveau,1
1971,F,47,Abidjan,Boutique,2022-10-25,Régulier,0
1972,M,47,Yamoussoukro,Partenaire,2023-05-16,Régulier,0
1973,M,54,Korhogo,Réseaux sociaux,2022-10-08,Occasionnel,0
1974,F,33,Daloa,Boutique,2024-09-05,VIP,1
1975,F,19,Bouaké,Boutique,2024-08-31,Nouveau,1
1976,F,29,Abidjan,Mobile Money,2023-12-19,Nouveau,1
1977,F,34,Abidjan,Boutique,2024-06-26,Nouveau,1
1978,M,22,Bouaké,Site Web,2022-04-26,Nouveau,1
1979,M,52,Abidjan,Mobile Money,2024-12-30,Occasionnel,0
1980,F,58,Abidjan,Réseaux sociaux,2023-04-02,Nouveau,1
1981,M,39,Abidjan,Site Web,2023-03-15,Occasionnel,1
1982,F,33,Abidjan,Mobile Money,2022-08-03,Fidèle,0
1983,M,19,Abidjan,Réseaux sociaux,2024-08-18,Régulier,1
1984,F,51,Abidjan,Site Web,2022-07-05,Régulier,1
1985,M,34,Abidjan,Mobile Money,2024-07-28,Régulier,0
1986,M,30,Abidjan,Boutique,2024-02-23,Régulier,0
1987,F,39,Korhogo,Réseaux sociaux,2024-04-25,Occasionnel,1
1988,M,27,Bouaké,Partenaire,2022-02-02,Occasionnel,1
1989,M,35,Abidjan,Mobile Money,2024-03-19,Nouveau,1
1990,F,18,Abidjan,Site Web,2024-11-23,Nouveau,1
1991,F,45,Abidjan,Réseaux sociaux,2023-03-08,Occasionnel,1
1992,M,32,Bouaké,Partenaire,2023-05-08,Occasionnel,1
1993,F,46,Bouaké,Mobile Money,2022-05-03,Nouveau,1
1994,F,31,Bouaké,Boutique,2023-06-21,Nouveau,1
1995,F,32,Yamoussoukro,Réseaux sociaux,2024-01-08,Régulier,1
1996,M,20,Abidjan,Mobile Money,2022-11-24,Nouveau,1
1997,F,42,Abidjan,Boutique,2024-03-22,Occasionnel,1
1998,F,24,Abidjan,Boutique,2022-04-04,Nouveau,1
1999,M,28,Abidjan,Boutique,2024-01-09,Nouveau,1
2000,M,34,Abidjan,Site Web,2023-10-07,Régulier,1
2001,M,35,Daloa,Mobile Money,2022-09-09,Nouveau,1
2002,F,18,Abidjan,Site Web,2023-01-13,Nouveau,1
2003,M,31,Bouaké,Mobile Money,2022-09-20,VIP,0
2004,M,42,Abidjan,Réseaux sociaux,2023-11-15,Occasionnel,1
2005,F,29,Abidjan,Boutique,2023-11-29,Régulier,1
2006,M,31,Yamoussoukro,Mobile Money,2023-09-01,Régulier,1
2007,F,35,Abidjan,Partenaire,2022-08-01,Nouveau,0
2008,F,32,Abidjan,Site Web,2022-08-26,Occasionnel,1
2009,F,22,Abidjan,Boutique,2024-06-06,Occasionnel,1
2010,M,33,Yamoussoukro,Mobile Money,2023-05-21,Nouveau,1
2011,F,44,Abidjan,Boutique,2023-04-22,Nouveau,1
2012,F,22,Divo,Partenaire,2022-12-04,Régulier,1
2013,F,29,Abengourou,Mobile Money,2024-10-15,Nouveau,1
2014,F,18,San-Pédro,Partenaire,2022-09-20,Nouveau,1
2015,F,44,Abidjan,Mobile Money,2024-04-21,Occasionnel,0
2016,M,32,Yamoussoukro,Site Web,2024-04-22,Occasionnel,1
2017,F,24,Abidjan,Boutique,2022-09-24,Régulier,1
2018,F,35,Korhogo,Mobile Money,2022-01-14,Nouveau,0
2019,M,20,Abidjan,Partenaire,2022-10-01,Régulier,1
2020,F,22,Abidjan,Mobile Money,2022-10-22,Fidèle,1
2021,M,18,Abidjan,Partenaire,2024-03-26,Occasionnel,1
2022,F,22,San-Pédro,Mobile Money,2023-08-05,Fidèle,1
2023,F,48,Korhogo,Mobile Money,2023-04-17,Occasionnel,1
2024,F,25,Abidjan,Partenaire,2023-06-06,Nouveau,1
2025,F,39,Abidjan,Site Web,2024-11-09,Occasionnel,1
2026,F,24,Daloa,Mobile Money,2024-10-26,Occasionnel,1
2027,M,42,San-Pédro,Boutique,2022-01-29,Fidèle,1
2028,F,22,Daloa,Mobile Money,2024-07-12,Nouveau,1
2029,M,34,Abidjan,Réseaux sociaux,2023-01-31,Nouveau,1
2030,M,34,Bouaké,Mobile Money,2024-04-03,Fidèle,1
2031,F,59,San-Pédro,Boutique,2024-12-14,Nouveau,1
2032,F,40,Abidjan,Mobile Money,2023-07-17,Régulier,1
2033,F,27,Abidjan,Site Web,2023-11-15,Nouveau,1
2034,F,41,Abidjan,Partenaire,2023-04-15,VIP,0
2035,F,57,Abidjan,Réseaux sociaux,2022-03-23,Nouveau,1
2036,M,18,Daloa,Boutique,2022-02-10,Régulier,1
2037,M,24,Abidjan,Mobile Money,2023-01-30,Occasionnel,1
2038,F,31,Abidjan,Mobile Money,2024-06-18,VIP,1
2039,M,29,Abidjan,Réseaux sociaux,2023-01-09,VIP,1
2040,M,30,Korhogo,Mobile Money,2023-04-17,Régulier,0
2041,F,19,San-Pédro,Site Web,2023-08-05,Nouveau,0
2042,M,49,Abidjan,Boutique,2022-12-18,Occasionnel,1
2043,M,18,Yamoussoukro,Partenaire,2023-06-21,Fidèle,0
2044,M,31,Abidjan,Boutique,2023-10-27,Régulier,1
2045,M,45,San-Pédro,Boutique,2024-07-21,Fidèle,1
2046,F,33,Yamoussoukro,Réseaux sociaux,2024-04-05,Régulier,1
2047,F,23,Abidjan,Partenaire,2024-06-14,Nouveau,1
2048,M,19,Abengourou,Boutique,2023-07-27,Nouveau,0
2049,F,31,Abidjan,Site Web,2024-02-05,Nouveau,1
2050,F,25,Bouaké,Site Web,2022-06-13,Régulier,1
2051,M,36,Abidjan,Boutique,2022-06-11,Occasionnel,1
2052,F,18,Yamoussoukro,Mobile Money,2024-10-06,Nouveau,1
2053,F,42,Abidjan,Site Web,2023-10-24,Régulier,1
2054,M,35,Abidjan,Site Web,2022-05-04,Nouveau,1
2055,F,36,Abidjan,Mobile Money,2023-03-23,Occasionnel,0
2056,F,49,Abengourou,Mobile Money,2024-11-27,Occasionnel,1
2057,M,29,Abidjan,Site Web,2022-01-24,Occasionnel,1
2058,F,26,Bouaké,Mobile Money,2023-04-30,Nouveau,0
2059,F,27,Abidjan,Site Web,2024-07-05,Régulier,1
2060,F,31,San-Pédro,Site Web,2024-11-02,Fidèle,1
2061,M,32,Abidjan,Boutique,2023-02-08,Régulier,0
2062,F,24,Bouaké,Mobile Money,2024-09-28,VIP,1
2063,F,18,Divo,Boutique,2024-02-24,Nouveau,1
2064,F,27,Abidjan,Boutique,2023-03-21,Nouveau,1
2065,F,37,Abidjan,Site Web,2024-05-03,Nouveau,1
2066,M,35,Korhogo,Site Web,2024-05-26,Régulier,1
2067,F,47,Abidjan,Réseaux sociaux,2022-10-29,Nouveau,1
2068,M,55,Abidjan,Mobile Money,2022-04-09,Fidèle,1
2069,F,42,Abidjan,Site Web,2024-05-05,Occasionnel,1
2070,F,49,San-Pédro,Mobile Money,2022-04-01,Régulier,1
2071,M,42,Man,Réseaux sociaux,2024-05-02,Occasionnel,1
2072,F,52,Bouaké,Mobile Money,2023-01-25,Régulier,1
2073,F,54,Bouaké,Boutique,2024-02-09,Occasionnel,1
2074,M,44,Abidjan,Boutique,2023-10-30,Occasionnel,1
2075,F,41,Abidjan,Mobile Money,2022-02-12,Régulier,1
2076,M,31,Abidjan,Partenaire,2022-01-11,Nouveau,0
2077,M,33,Abidjan,Mobile Money,2023-11-21,Fidèle,1
2078,F,30,Abidjan,Mobile Money,2023-07-19,Régulier,0
2079,F,40,Yamoussoukro,Site Web,2022-02-17,Régulier,1
2080,F,26,Abidjan,Boutique,2024-12-04,Nouveau,1
2081,F,31,Abidjan,Mobile Money,2022-09-19,Nouveau,1
2082,F,18,Abidjan,Mobile Money,2024-07-28,Nouveau,1
2083,M,52,Abidjan,Mobile Money,2022-05-08,Régulier,1
2084,F,31,Abidjan,Réseaux sociaux,2022-09-12,Nouveau,1
2085,M,39,Abidjan,Boutique,2023-08-03,VIP,1
2086,F,50,Abidjan,Mobile Money,2023-08-02,VIP,0
2087,F,37,Abidjan,Boutique,2023-10-24,Nouveau,1
2088,F,49,Daloa,Réseaux sociaux,2022-07-07,Régulier,1
2089,M,20,San-Pédro,Réseaux sociaux,2022-10-17,Nouveau,0
2090,F,60,Daloa,Mobile Money,2022-10-16,Nouveau,1
2091,F,45,Bouaké,Site Web,2023-04-28,Nouveau,1
2092,M,36,Korhogo,Mobile Money,2024-10-07,Fidèle,1
2093,M,49,Abidjan,Mobile Money,2023-05-22,Fidèle,1
2094,F,21,Bouaké,Réseaux sociaux,2024-12-28,Nouveau,1
2095,M,30,Abidjan,Réseaux sociaux,2022-10-03,Nouveau,0
2096,F,49,Abidjan,Mobile Money,2022-09-23,Occasionnel,1
2097,F,18,Abidjan,Réseaux sociaux,2022-04-21,Occasionnel,1
2098,F,40,Abidjan,Site Web,2022-08-21,Nouveau,0
2099,F,39,Daloa,Site Web,2022-12-08,Fidèle,1
2100,F,55,Abidjan,Site Web,2023-02-25,Fidèle,0
2101,M,18,Yamoussoukro,Boutique,2024-02-21,Occasionnel,0
2102,F,51,Korhogo,Partenaire,2023-05-04,Fidèle,1
2103,M,27,Abidjan,Mobile Money,2024-01-22,Régulier,1
2104,M,29,Abidjan,Boutique,2022-04-08,Occasionnel,1
2105,M,20,Abidjan,Mobile Money,2024-11-02,Régulier,1
2106,M,22,Abidjan,Réseaux sociaux,2022-06-11,Occasionnel,1
2107,M,38,Abengourou,Mobile Money,2022-02-06,Occasionnel,1
2108,M,21,Yamoussoukro,Boutique,2023-04-11,Nouveau,1
2109,F,42,Yamoussoukro,Site Web,2023-12-15,Régulier,1
2110,F,26,Abidjan,Mobile Money,2022-09-15,Nouveau,0
2111,F,20,Yamoussoukro,Mobile Money,2022-06-28,Nouveau,1
2112,M,28,Yamoussoukro,Mobile Money,2024-07-14,Occasionnel,1
2113,F,37,Abidjan,Site Web,2024-06-21,Occasionnel,1
2114,M,30,Abidjan,Mobile Money,2024-04-02,Nouveau,1
2115,F,34,Abidjan,Boutique,2022-08-30,Nouveau,1
2116,M,41,Abidjan,Boutique,2023-08-11,Fidèle,1
2117,F,45,Korhogo,Partenaire,2024-01-26,Occasionnel,1
2118,F,30,Bouaké,Site Web,2023-04-19,Occasionnel,1
2119,F,22,Abidjan,Mobile Money,2022-07-15,Fidèle,1
2120,F,34,Man,Réseaux sociaux,2024-06-28,Fidèle,1
2121,F,39,Abidjan,Réseaux sociaux,2024-10-24,Nouveau,1
2122,F,18,Abidjan,Site Web,2022-07-01,Occasionnel,0
2123,F,24,Man,Boutique,2024-02-09,Nouveau,1
2124,F,26,Korhogo,Mobile Money,2024-08-29,Occasionnel,1
2125,F,31,Yamoussoukro,Site Web,2023-08-16,Régulier,0
2126,F,25,Abidjan,Boutique,2022-02-23,Nouveau,1
2127,F,41,Gagnoa,Mobile Money,2024-01-27,Occasionnel,1
2128,F,18,Daloa,Mobile Money,2024-10-08,Nouveau,1
2129,F,18,Yamoussoukro,Mobile Money,2022-10-14,Occasionnel,1
2130,F,30,Abidjan,Site Web,2022-06-01,Nouveau,1
2131,F,32,Abidjan,Mobile Money,2022-10-04,Régulier,1
2132,M,18,San-Pédro,Site Web,2024-06-08,Occasionnel,0
2133,M,27,Korhogo,Réseaux sociaux,2023-09-03,Nouveau,1
2134,M,29,Bouaké,Mobile Money,2022-01-20,Régulier,1
2135,F,29,Abidjan,Mobile Money,2023-10-06,Nouveau,0
2136,M,35,Yamoussoukro,Mobile Money,2024-06-11,Occasionnel,1
2137,F,26,Abidjan,Boutique,2022-07-22,Occasionnel,0
2138,M,50,Abidjan,Réseaux sociaux,2023-10-02,Nouveau,0
2139,M,39,Abidjan,Site Web,2022-09-08,Nouveau,0
2140,M,25,Abidjan,Réseaux sociaux,2022-01-21,Nouveau,1
2141,M,35,Daloa,Partenaire,2023-03-15,Régulier,1
2142,F,35,Abidjan,Mobile Money,2024-04-27,Régulier,0
2143,M,47,Abidjan,Site Web,2024-01-03,Nouveau,1
2144,M,27,Korhogo,Boutique,2022-04-22,Nouveau,1
2145,F,42,Yamoussoukro,Boutique,2022-07-23,Fidèle,1
2146,M,34,Abidjan,Mobile Money,2023-08-15,Nouveau,1
2147,F,50,Abidjan,Boutique,2022-12-18,Nouveau,0
2148,M,48,Daloa,Site Web,2022-12-30,Régulier,0
2149,M,36,Abidjan,Site Web,2023-04-23,Nouveau,1
2150,F,31,Abidjan,Mobile Money,2024-04-11,Fidèle,1
2151,M,39,Abidjan,Mobile Money,2023-09-23,Nouveau,1
2152,F,32,Abidjan,Boutique,2024-07-23,Fidèle,1
2153,M,52,Yamoussoukro,Site Web,2022-04-22,Occasionnel,1
2154,M,34,Abidjan,Boutique,2023-05-24,Nouveau,1
2155,M,29,Abidjan,Mobile Money,2023-08-26,Occasionnel,1
2156,M,28,Abidjan,Mobile Money,2024-04-09,VIP,1
2157,F,20,Abidjan,Site Web,2023-07-19,Occasionnel,1
2158,F,40,Abidjan,Site Web,2024-09-30,Nouveau,1
2159,F,24,Korhogo,Mobile Money,2024-07-06,Fidèle,0
2160,F,46,Abidjan,Boutique,2024-01-25,Nouveau,1
2161,F,19,Abidjan,Boutique,2023-03-12,Nouveau,1
2162,F,35,Abidjan,Site Web,2022-12-19,Nouveau,1
2163,F,46,Daloa,Mobile Money,2023-08-08,Fidèle,1
2164,F,18,Abidjan,Site Web,2023-05-23,Nouveau,1
2165,M,56,Divo,Partenaire,2022-02-02,Nouveau,0
2166,F,29,Yamoussoukro,Boutique,2022-09-09,Fidèle,1
2167,M,35,Abidjan,Mobile Money,2024-07-03,Régulier,1
2168,F,40,Yamoussoukro,Mobile Money,2023-05-17,Nouveau,1
2169,F,41,Abidjan,Mobile Money,2024-11-05,Occasionnel,1
2170,F,37,Divo,Partenaire,2022-09-27,Nouveau,1
2171,F,44,Divo,Partenaire,2024-11-25,Occasionnel,0
2172,F,39,Abidjan,Mobile Money,2024-06-02,Nouveau,1
2173,F,53,Bouaké,Réseaux sociaux,2023-01-28,Régulier,0
2174,F,39,Abidjan,Mobile Money,2023-10-30,Régulier,0
2175,F,55,Abidjan,Boutique,2024-12-18,Nouveau,1
2176,M,43,Daloa,Site Web,2023-11-25,Nouveau,1
2177,F,18,Man,Boutique,2024-10-17,Occasionnel,1
2178,M,62,Abidjan,Boutique,2022-05-01,Régulier,1
2179,F,27,Yamoussoukro,Site Web,2022-06-29,Régulier,1
2180,M,50,Yamoussoukro,Mobile Money,2022-01-02,Régulier,1
2181,M,34,Abidjan,Partenaire,2022-12-23,VIP,1
2182,M,45,Bouaké,Mobile Money,2024-05-14,Fidèle,1
2183,M,26,Yamoussoukro,Mobile Money,2024-11-21,VIP,1
2184,F,40,Daloa,Partenaire,2023-08-17,Régulier,0
2185,M,31,Abengourou,Boutique,2023-04-08,Nouveau,1
2186,F,51,Abidjan,Boutique,2024-10-17,Régulier,1
2187,M,38,Abidjan,Mobile Money,2023-10-07,Nouveau,1
2188,M,44,Abidjan,Mobile Money,2023-08-12,Nouveau,1
2189,F,18,Abidjan,Mobile Money,2022-04-03,Nouveau,1
2190,M,33,Abidjan,Boutique,2022-08-24,Occasionnel,1
2191,F,38,Korhogo,Boutique,2024-02-04,Régulier,1
2192,M,36,Abidjan,Boutique,2024-02-04,Occasionnel,1
2193,M,44,Yamoussoukro,Réseaux sociaux,2023-06-28,Nouveau,1
2194,F,29,Abidjan,Réseaux sociaux,2024-02-07,Fidèle,1
2195,M,34,Abidjan,Mobile Money,2024-01-27,Occasionnel,1
2196,M,46,San-Pédro,Partenaire,2022-03-13,Nouveau,1
2197,F,18,Yamoussoukro,Réseaux sociaux,2024-07-03,Nouveau,1
2198,F,40,Abidjan,Partenaire,2024-01-30,Nouveau,1
2199,F,30,Man,Site Web,2022-08-29,Fidèle,1
2200,M,23,Abidjan,Mobile Money,2022-08-21,Nouveau,1
2201,F,37,Abidjan,Mobile Money,2024-11-15,Fidèle,0
2202,M,47,Abidjan,Réseaux sociaux,2022-10-06,Nouveau,1
2203,M,45,Yamoussoukro,Boutique,2022-02-05,Régulier,1
2204,F,32,Abidjan,Réseaux sociaux,2022-02-04,Nouveau,0
2205,F,43,San-Pédro,Site Web,2022-09-07,Occasionnel,1
2206,M,43,Abidjan,Mobile Money,2023-11-18,Occasionnel,1
2207,M,33,Abidjan,Boutique,2023-05-15,Nouveau,1
2208,F,26,San-Pédro,Partenaire,2024-03-12,VIP,0
2209,F,27,Abidjan,Mobile Money,2022-09-12,Régulier,1
2210,F,43,Abidjan,Site Web,2022-09-10,Nouveau,1
2211,M,33,Abidjan,Partenaire,2023-03-19,Régulier,0
2212,F,22,Abidjan,Mobile Money,2024-05-17,Nouveau,0
2213,M,18,Abidjan,Mobile Money,2023-07-05,Fidèle,1
2214,F,43,Abidjan,Boutique,2024-04-14,Occasionnel,1
2215,M,27,Bouaké,Réseaux sociaux,2022-04-13,Nouveau,1
2216,F,37,Abidjan,Boutique,2023-03-25,Nouveau,0
2217,F,47,Abidjan,Mobile Money,2023-04-24,Nouveau,1
2218,M,19,Bouaké,Mobile Money,2022-03-16,Fidèle,0
2219,M,33,Abidjan,Boutique,2022-12-11,Nouveau,1
2220,F,32,Bouaké,Mobile Money,2022-11-03,Nouveau,0
2221,F,38,Yamoussoukro,Mobile Money,2023-05-14,Régulier,1
2222,F,47,Abidjan,Réseaux sociaux,2022-07-01,Nouveau,1
2223,F,19,Abidjan,Mobile Money,2022-10-23,Nouveau,0
2224,F,40,Abidjan,Réseaux sociaux,2024-11-15,Régulier,1
2225,M,45,Abidjan,Partenaire,2022-06-06,Nouveau,1
2226,F,31,Abidjan,Site Web,2024-06-14,Fidèle,1
2227,M,32,Yamoussoukro,Site Web,2023-08-18,Occasionnel,0
2228,F,38,Bouaké,Mobile Money,2022-03-27,Nouveau,1
2229,F,37,Abidjan,Boutique,2023-03-15,Occasionnel,1
2230,M,40,Divo,Boutique,2023-07-17,Nouveau,1
2231,F,40,Abidjan,Mobile Money,2022-10-31,Occasionnel,0
2232,M,23,Korhogo,Boutique,2022-10-20,Occasionnel,0
2233,F,44,San-Pédro,Mobile Money,2024-02-19,Régulier,1
2234,M,46,Abidjan,Mobile Money,2022-02-05,Occasionnel,1
2235,M,36,Abidjan,Site Web,2024-10-13,Régulier,1
2236,M,18,Abidjan,Boutique,2022-12-19,Nouveau,1
2237,F,32,Man,Mobile Money,2023-02-22,Fidèle,1
2238,F,36,Abidjan,Mobile Money,2022-05-20,Nouveau,1
2239,F,21,Korhogo,Mobile Money,2024-08-22,Fidèle,1
2240,M,30,Abidjan,Boutique,2022-09-01,Occasionnel,1
2241,F,18,Abidjan,Boutique,2024-05-30,Nouveau,1
2242,F,40,Bouaké,Mobile Money,2022-12-24,Occasionnel,0
2243,F,35,Abidjan,Site Web,2022-02-04,Fidèle,1
2244,F,18,Abidjan,Partenaire,2023-03-24,Fidèle,0
2245,F,37,Man,Boutique,2023-07-27,Régulier,0
2246,F,33,Abidjan,Boutique,2023-05-28,Occasionnel,1
2247,F,39,Man,Site Web,2024-12-16,Occasionnel,1
2248,M,29,Abengourou,Réseaux sociaux,2023-07-24,Nouveau,1
2249,F,25,Abidjan,Partenaire,2024-05-03,Régulier,1
2250,F,25,Abidjan,Mobile Money,2023-02-10,Nouveau,1
2251,M,28,Abidjan,Mobile Money,2022-06-08,Fidèle,1
2252,M,34,Bouaké,Mobile Money,2023-06-30,Régulier,1
2253,F,35,Abengourou,Site Web,2023-09-06,Occasionnel,0
2254,M,31,Korhogo,Mobile Money,2023-04-03,Régulier,1
2255,M,29,Man,Réseaux sociaux,2024-04-19,Nouveau,1
2256,M,30,Abidjan,Mobile Money,2024-11-22,Nouveau,1
2257,M,61,Abidjan,Site Web,2022-03-30,Nouveau,0
2258,M,25,Abidjan,Mobile Money,2022-03-16,Nouveau,0
2259,F,27,Korhogo,Boutique,2022-10-27,Nouveau,1
2260,F,70,Abidjan,Boutique,2023-10-04,Régulier,1
2261,M,38,Abidjan,Site Web,2022-02-16,Régulier,1
2262,M,18,Abidjan,Boutique,2022-08-01,Occasionnel,1
2263,F,43,Abidjan,Boutique,2023-03-24,VIP,0
2264,F,23,Abidjan,Site Web,2023-02-16,Fidèle,1
2265,M,43,Abidjan,Partenaire,2024-07-15,Nouveau,1
2266,F,31,Korhogo,Site Web,2023-08-22,Occasionnel,1
2267,M,29,Daloa,Site Web,2024-08-13,Fidèle,1
2268,F,51,Abidjan,Boutique,2024-04-11,Nouveau,1
2269,M,40,Daloa,Réseaux sociaux,2023-03-30,Occasionnel,1
2270,M,44,Abidjan,Boutique,2024-12-06,Fidèle,1
2271,M,38,Daloa,Partenaire,2024-07-12,Régulier,1
2272,M,29,Abidjan,Réseaux sociaux,2023-06-25,Fidèle,1
2273,M,40,Bouaké,Mobile Money,2024-07-20,Fidèle,1
2274,M,47,Abidjan,Mobile Money,2022-10-09,Nouveau,0
2275,M,35,Abidjan,Site Web,2022-08-16,Régulier,1
2276,F,53,Bouaké,Site Web,2024-05-16,Régulier,1
2277,M,43,Daloa,Site Web,2024-05-14,Nouveau,1
2278,F,36,Daloa,Partenaire,2022-08-31,Nouveau,0
2279,M,36,Abidjan,Boutique,2024-04-05,Nouveau,1
2280,M,35,Abidjan,Boutique,2023-07-11,Régulier,0
2281,F,20,Daloa,Boutique,2023-09-04,Régulier,1
2282,F,33,Abidjan,Mobile Money,2024-07-16,Fidèle,1
2283,F,36,Abidjan,Boutique,2022-06-25,Nouveau,1
2284,M,29,Abidjan,Réseaux sociaux,2023-03-19,Régulier,1
2285,F,37,Abidjan,Mobile Money,2022-11-14,Nouveau,1
2286,F,34,Abidjan,Réseaux sociaux,2023-09-02,Fidèle,1
2287,M,42,Abidjan,Réseaux sociaux,2022-06-22,Occasionnel,1
2288,M,41,Bouaké,Mobile Money,2022-05-11,Régulier,1
2289,F,35,Yamoussoukro,Réseaux sociaux,2024-02-02,Nouveau,1
2290,F,18,Daloa,Site Web,2022-03-03,Nouveau,1
2291,M,53,Yamoussoukro,Boutique,2023-04-02,Nouveau,1
2292,M,32,Abidjan,Mobile Money,2024-12-15,Régulier,1
2293,M,33,Man,Mobile Money,2024-12-29,Nouveau,1
2294,F,30,Yamoussoukro,Site Web,2022-07-15,Fidèle,1
2295,F,28,Abidjan,Mobile Money,2024-10-12,Nouveau,0
2296,F,50,Abidjan,Mobile Money,2023-01-03,Occasionnel,1
2297,M,49,Bouaké,Partenaire,2022-08-06,Nouveau,1
2298,F,38,Bouaké,Site Web,2023-07-07,Nouveau,1
2299,F,32,Yamoussoukro,Site Web,2023-06-19,Occasionnel,1
2300,M,40,Daloa,Partenaire,2023-02-15,Occasionnel,1
2301,M,34,Man,Mobile Money,2023-04-13,Occasionnel,1
2302,M,31,Divo,Mobile Money,2022-04-17,Régulier,1
2303,F,37,Bouaké,Site Web,2022-10-16,Nouveau,1
2304,F,29,Gagnoa,Boutique,2022-08-04,Occasionnel,1
2305,F,36,Man,Mobile Money,2024-10-17,Régulier,1
2306,F,36,Abidjan,Site Web,2023-06-25,Nouveau,1
2307,M,40,Bouaké,Mobile Money,2023-08-22,Occasionnel,1
2308,F,27,Abidjan,Boutique,2023-04-26,Nouveau,1
2309,M,41,Abidjan,Boutique,2024-08-26,Nouveau,1
2310,M,24,Abidjan,Site Web,2024-05-24,Nouveau,1
2311,M,27,Abidjan,Mobile Money,2024-01-26,Occasionnel,1
2312,F,28,Abidjan,Mobile Money,2022-12-08,Nouveau,0
2313,F,22,Abidjan,Réseaux sociaux,2022-12-04,Fidèle,0
2314,F,45,Abidjan,Partenaire,2024-10-26,Régulier,1
2315,F,23,Yamoussoukro,Boutique,2024-10-15,Nouveau,1
2316,F,26,Korhogo,Mobile Money,2022-11-06,Occasionnel,1
2317,F,47,Abengourou,Boutique,2023-01-04,Nouveau,1
2318,M,27,Abidjan,Mobile Money,2022-12-29,Nouveau,0
2319,F,31,Abidjan,Mobile Money,2024-05-08,VIP,1
2320,M,22,San-Pédro,Mobile Money,2024-11-05,Occasionnel,1
2321,F,43,Abidjan,Mobile Money,2024-08-29,Nouveau,0
2322,F,43,Gagnoa,Mobile Money,2024-07-09,Fidèle,0
2323,F,42,Yamoussoukro,Mobile Money,2023-01-17,Fidèle,1
2324,F,39,Abidjan,Réseaux sociaux,2022-12-14,Occasionnel,1
2325,F,34,Abidjan,Boutique,2024-08-31,Régulier,1
2326,M,28,Abidjan,Boutique,2023-03-09,Régulier,1
2327,F,25,Abidjan,Mobile Money,2022-08-24,Régulier,0
2328,F,48,Abidjan,Réseaux sociaux,2024-07-11,Occasionnel,1
2329,M,42,San-Pédro,Mobile Money,2023-06-10,Fidèle,1
2330,F,26,Bouaké,Mobile Money,2022-04-05,Occasionnel,1
2331,M,34,Abidjan,Site Web,2024-09-08,Nouveau,0
2332,F,30,Abidjan,Site Web,2022-11-19,Nouveau,1
2333,M,21,Abidjan,Réseaux sociaux,2022-12-05,Occasionnel,1
2334,F,35,Abidjan,Boutique,2023-08-06,Nouveau,0
2335,F,29,Yamoussoukro,Boutique,2022-10-23,Nouveau,0
2336,M,23,Bouaké,Mobile Money,2024-06-26,Occasionnel,1
2337,M,18,San-Pédro,Boutique,2024-01-28,Fidèle,1
2338,F,18,Abidjan,Boutique,2023-09-11,Nouveau,0
2339,M,29,Abidjan,Mobile Money,2022-08-08,Nouveau,1
2340,F,33,San-Pédro,Mobile Money,2023-06-21,Fidèle,1
2341,F,24,Yamoussoukro,Partenaire,2022-10-26,Occasionnel,1
2342,F,41,Yamoussoukro,Mobile Money,2024-11-19,Régulier,0
2343,M,33,Abidjan,Mobile Money,2024-05-17,Occasionnel,0
2344,F,40,Korhogo,Partenaire,2022-05-08,Régulier,1
2345,M,31,Abidjan,Site Web,2023-08-02,Nouveau,1
2346,F,25,Abidjan,Boutique,2024-05-04,Occasionnel,1
2347,M,35,Daloa,Site Web,2023-07-28,Régulier,1
2348,M,20,Abidjan,Mobile Money,2022-05-20,Nouveau,0
2349,F,39,San-Pédro,Réseaux sociaux,2022-06-03,Nouveau,1
2350,F,23,Abidjan,Mobile Money,2024-03-13,Occasionnel,1
2351,F,44,Abidjan,Partenaire,2023-07-28,Régulier,1
2352,M,30,Abidjan,Mobile Money,2023-08-18,Occasionnel,1
2353,F,45,San-Pédro,Site Web,2022-10-23,Régulier,1
2354,M,21,Daloa,Boutique,2022-10-17,Régulier,1
2355,F,26,Abidjan,Mobile Money,2023-03-22,Nouveau,1
2356,M,38,Abidjan,Boutique,2023-08-18,Fidèle,1
2357,F,46,Abidjan,Site Web,2023-05-29,Fidèle,1
2358,F,52,Abidjan,Mobile Money,2024-08-20,Nouveau,1
2359,M,34,Daloa,Partenaire,2022-07-26,Occasionnel,1
2360,F,54,Abidjan,Mobile Money,2023-06-02,Nouveau,1
2361,M,30,Abidjan,Site Web,2022-09-15,Fidèle,1
2362,F,46,Abidjan,Site Web,2022-01-08,Occasionnel,0
2363,F,23,Bouaké,Boutique,2023-03-31,Occasionnel,1
2364,M,38,Yamoussoukro,Site Web,2022-03-03,Fidèle,1
2365,M,18,Yamoussoukro,Site Web,2023-02-12,Régulier,1
2366,M,21,Bouaké,Site Web,2023-11-24,Nouveau,1
2367,F,39,Gagnoa,Boutique,2023-02-16,Régulier,1
2368,F,19,Abidjan,Site Web,2024-01-13,Régulier,1
2369,F,38,Korhogo,Boutique,2022-11-19,Nouveau,1
2370,M,43,Bouaké,Mobile Money,2023-03-16,Occasionnel,1
2371,F,28,Abidjan,Mobile Money,2024-08-16,Régulier,1
2372,F,23,San-Pédro,Site Web,2022-09-23,Occasionnel,1
2373,F,28,Bouaké,Partenaire,2023-07-03,VIP,1
2374,F,23,Yamoussoukro,Mobile Money,2024-02-23,Occasionnel,1
2375,F,32,Abidjan,Boutique,2023-02-01,Régulier,1
2376,F,35,Abidjan,Mobile Money,2022-11-30,Régulier,1
2377,M,30,Korhogo,Boutique,2024-02-04,Nouveau,0
2378,M,52,Abidjan,Site Web,2022-03-23,Nouveau,1
2379,F,26,Abidjan,Site Web,2022-10-18,VIP,1
2380,M,49,Abidjan,Site Web,2023-03-25,Régulier,0
2381,M,22,Abidjan,Site Web,2022-08-27,Occasionnel,1
2382,F,34,San-Pédro,Mobile Money,2023-08-14,Nouveau,1
2383,F,47,Bouaké,Boutique,2023-11-10,Nouveau,0
2384,F,46,Man,Mobile Money,2024-11-23,Nouveau,1
2385,F,29,Abidjan,Partenaire,2023-10-21,Occasionnel,1
2386,M,40,Abidjan,Site Web,2023-10-11,Occasionnel,1
2387,M,38,Abidjan,Mobile Money,2024-03-05,Nouveau,0
2388,F,28,Abidjan,Mobile Money,2022-08-17,Régulier,1
2389,M,40,Daloa,Boutique,2023-05-31,VIP,1
2390,F,54,Abidjan,Partenaire,2024-06-30,VIP,1
2391,M,39,Abidjan,Mobile Money,2022-07-12,Fidèle,0
2392,M,40,Korhogo,Boutique,2022-11-16,Occasionnel,1
2393,F,41,Bouaké,Boutique,2022-08-29,Occasionnel,1
2394,F,18,Abidjan,Site Web,2024-11-16,Occasionnel,1
2395,M,39,Yamoussoukro,Site Web,2023-01-23,Nouveau,1
2396,M,22,Abidjan,Mobile Money,2022-12-23,Fidèle,1
2397,F,27,San-Pédro,Site Web,2024-06-11,Régulier,1
2398,F,57,Yamoussoukro,Mobile Money,2024-09-22,Régulier,0
2399,F,31,Abidjan,Réseaux sociaux,2022-01-06,Nouveau,1
2400,M,25,Abidjan,Mobile Money,2024-08-20,Nouveau,1
2401,M,46,Abidjan,Boutique,2024-02-14,Fidèle,0
2402,M,23,Yamoussoukro,Boutique,2024-08-04,Nouveau,1
2403,M,29,Abidjan,Site Web,2022-04-05,Nouveau,1
2404,M,47,Daloa,Mobile Money,2022-02-13,Régulier,1
2405,M,34,Abidjan,Boutique,2023-01-03,Régulier,1
2406,F,18,Abidjan,Mobile Money,2024-07-19,Nouveau,1
2407,M,39,Abidjan,Boutique,2023-06-30,Nouveau,1
2408,F,29,Abidjan,Réseaux sociaux,2024-02-29,Régulier,1
2409,F,50,Abidjan,Boutique,2022-09-26,Fidèle,1
2410,M,27,Bouaké,Boutique,2023-01-02,Occasionnel,1
2411,M,45,Man,Site Web,2024-08-19,Régulier,1
2412,M,53,Abidjan,Boutique,2023-06-21,Nouveau,0
2413,F,24,Yamoussoukro,Réseaux sociaux,2024-05-03,Régulier,1
2414,M,31,Abidjan,Boutique,2023-12-02,Occasionnel,0
2415,F,38,Yamoussoukro,Partenaire,2022-07-12,Fidèle,1
2416,F,24,Abidjan,Réseaux sociaux,2024-10-30,Régulier,1
2417,F,36,Yamoussoukro,Boutique,2024-11-02,Nouveau,1
2418,M,31,Abidjan,Boutique,2024-05-04,Nouveau,0
2419,F,31,Abidjan,Site Web,2023-05-30,Régulier,0
2420,M,34,Bouaké,Site Web,2023-04-15,Nouveau,1
2421,F,34,Abidjan,Mobile Money,2022-11-23,Régulier,1
2422,F,35,Abidjan,Mobile Money,2023-12-08,Occasionnel,1
2423,M,27,Abidjan,Mobile Money,2022-12-06,Nouveau,1
2424,F,27,Divo,Site Web,2022-07-23,Régulier,0
2425,M,32,Abidjan,Site Web,2022-03-08,Occasionnel,1
2426,M,33,Abidjan,Mobile Money,2023-04-10,Fidèle,1
2427,F,29,San-Pédro,Boutique,2024-06-11,Nouveau,1
2428,M,37,Yamoussoukro,Site Web,2024-05-16,Nouveau,1
2429,M,18,Abidjan,Partenaire,2024-07-19,Nouveau,1
2430,M,25,Bouaké,Mobile Money,2023-10-27,Nouveau,1
2431,M,30,Abidjan,Mobile Money,2024-08-08,Régulier,1
2432,M,24,Abidjan,Boutique,2024-05-07,Occasionnel,1
2433,M,51,Abidjan,Site Web,2024-06-02,Nouveau,1
2434,F,34,Daloa,Mobile Money,2023-07-13,VIP,0
2435,M,35,San-Pédro,Mobile Money,2022-04-04,Nouveau,1
2436,M,28,Abidjan,Site Web,2023-02-21,Occasionnel,0
2437,M,33,Abidjan,Boutique,2024-07-16,Fidèle,1
2438,M,20,Abidjan,Mobile Money,2024-03-24,Régulier,0
2439,F,32,Abidjan,Boutique,2022-01-14,Nouveau,1
2440,M,23,Abidjan,Mobile Money,2022-04-13,VIP,0
2441,M,30,Bouaké,Boutique,2023-12-23,Occasionnel,1
2442,F,18,Abidjan,Boutique,2024-12-07,Nouveau,1
2443,F,21,Man,Mobile Money,2024-03-11,Nouveau,1
2444,M,50,Abidjan,Mobile Money,2024-11-04,Fidèle,1
2445,F,43,Abidjan,Réseaux sociaux,2022-03-14,Nouveau,0
2446,M,48,Abidjan,Réseaux sociaux,2024-08-22,Régulier,1
2447,F,49,Bouaké,Mobile Money,2022-05-21,Nouveau,1
2448,F,41,Abidjan,Site Web,2024-08-26,Nouveau,1
2449,M,29,Abidjan,Mobile Money,2024-12-02,Fidèle,1
2450,M,22,Abidjan,Réseaux sociaux,2023-07-14,VIP,0
2451,M,46,Daloa,Réseaux sociaux,2023-08-07,Nouveau,0
2452,M,34,Divo,Site Web,2023-06-30,Nouveau,1
2453,M,61,Abidjan,Site Web,2023-08-29,Régulier,1
2454,M,29,Abidjan,Boutique,2024-06-16,Occasionnel,1
2455,M,55,Abidjan,Mobile Money,2022-11-05,Occasionnel,1
2456,M,32,Abidjan,Boutique,2022-11-07,Nouveau,0
2457,M,48,Abengourou,Mobile Money,2024-11-26,Fidèle,1
2458,F,52,Abidjan,Site Web,2024-07-19,Nouveau,1
2459,F,22,Yamoussoukro,Boutique,2023-08-15,Nouveau,1
2460,M,28,Man,Mobile Money,2022-08-08,Nouveau,1
2461,M,22,Bouaké,Boutique,2024-11-12,Nouveau,1
2462,M,20,Abidjan,Site Web,2024-08-20,Occasionnel,1
2463,F,41,Bouaké,Boutique,2022-12-26,Nouveau,1
2464,M,31,Abidjan,Boutique,2023-08-16,Régulier,0
2465,F,34,Abidjan,Réseaux sociaux,2023-04-05,Occasionnel,1
2466,M,40,Gagnoa,Mobile Money,2024-07-12,Nouveau,0
2467,M,18,Abidjan,Site Web,2024-01-23,Fidèle,1
2468,M,48,Abidjan,Boutique,2023-06-24,Occasionnel,1
2469,M,30,Abidjan,Mobile Money,2024-11-25,Nouveau,1
2470,F,39,Abidjan,Partenaire,2023-10-29,Nouveau,1
2471,F,40,Bouaké,Boutique,2023-06-15,Occasionnel,0
2472,M,49,Daloa,Mobile Money,2024-10-11,Régulier,1
2473,M,32,Bouaké,Mobile Money,2023-05-08,Régulier,1
2474,F,18,Abidjan,Partenaire,2023-04-03,Régulier,1
2475,F,34,Abidjan,Réseaux sociaux,2023-03-02,Nouveau,1
2476,F,36,Abidjan,Mobile Money,2022-08-30,VIP,1
2477,F,22,Abidjan,Boutique,2022-11-02,Nouveau,1
2478,F,35,Daloa,Mobile Money,2022-04-10,Nouveau,1
2479,F,30,Bouaké,Site Web,2024-03-08,Occasionnel,1
2480,M,19,Korhogo,Boutique,2023-10-09,Nouveau,1
2481,F,41,Daloa,Mobile Money,2024-10-18,Occasionnel,1
2482,F,27,Abidjan,Boutique,2023-11-01,Nouveau,1
2483,F,29,Bouaké,Réseaux sociaux,2022-03-30,Régulier,1
2484,F,28,Daloa,Boutique,2023-11-11,Régulier,0
2485,M,47,Divo,Mobile Money,2022-07-11,Régulier,1
2486,F,33,Abidjan,Partenaire,2022-02-10,Occasionnel,1
2487,M,34,Bouaké,Mobile Money,2023-12-27,Nouveau,1
2488,M,29,Abidjan,Boutique,2022-01-31,Fidèle,1
2489,F,39,Daloa,Boutique,2023-03-24,Occasionnel,1
2490,M,48,Man,Mobile Money,2024-09-07,Occasionnel,1
2491,M,41,Man,Mobile Money,2022-10-08,Nouveau,1
2492,F,41,Abidjan,Mobile Money,2024-02-01,Nouveau,0
2493,F,40,Abidjan,Mobile Money,2023-02-17,Occasionnel,0
2494,M,18,Daloa,Boutique,2022-05-05,Régulier,1
2495,M,24,Bouaké,Réseaux sociaux,2022-08-04,Fidèle,1
2496,M,31,Korhogo,Mobile Money,2022-03-23,VIP,0
2497,M,26,Abidjan,Site Web,2022-06-15,Occasionnel,1
2498,F,22,San-Pédro,Boutique,2022-06-27,Occasionnel,0
2499,M,18,Yamoussoukro,Mobile Money,2024-08-25,Régulier,1
2500,F,19,Abidjan,Boutique,2024-06-02,Nouveau,0
2501,F,31,Abidjan,Mobile Money,2023-01-22,Occasionnel,1
2502,M,33,Yamoussoukro,Site Web,2024-03-02,Régulier,1
2503,M,25,Abidjan,Boutique,2022-08-12,Nouveau,1
2504,M,34,Daloa,Site Web,2023-12-01,Nouveau,1
2505,F,29,Bouaké,Réseaux sociaux,2022-08-10,Occasionnel,1
2506,F,45,Abidjan,Mobile Money,2023-12-03,Occasionnel,1
2507,M,32,Abidjan,Partenaire,2023-01-27,Nouveau,1
2508,M,41,Abengourou,Mobile Money,2024-07-29,Nouveau,0
2509,M,36,Yamoussoukro,Mobile Money,2024-07-03,Nouveau,0
2510,M,18,Daloa,Mobile Money,2023-01-01,Régulier,0
2511,F,33,Daloa,Réseaux sociaux,2022-02-15,Fidèle,0
2512,F,20,Bouaké,Site Web,2022-12-19,Fidèle,0
2513,F,32,Man,Partenaire,2022-11-05,Fidèle,0
2514,F,25,Bouaké,Site Web,2023-04-11,Nouveau,1
2515,F,38,Abidjan,Boutique,2023-09-21,Nouveau,1
2516,M,19,Abidjan,Réseaux sociaux,2024-12-19,Occasionnel,0
2517,F,34,Abidjan,Partenaire,2022-03-10,Occasionnel,1
2518,F,40,Daloa,Site Web,2023-08-31,Régulier,1
2519,M,43,Abidjan,Boutique,2022-07-07,Nouveau,1
2520,F,25,Yamoussoukro,Réseaux sociaux,2023-08-22,Fidèle,1
2521,F,34,Divo,Mobile Money,2023-11-29,Nouveau,1
2522,M,36,Abidjan,Réseaux sociaux,2024-06-05,Occasionnel,1
2523,F,51,Abidjan,Partenaire,2023-09-06,Fidèle,1
2524,M,18,Yamoussoukro,Site Web,2022-07-14,Occasionnel,1
2525,M,23,Abidjan,Mobile Money,2024-09-27,Régulier,1
2526,F,64,Daloa,Mobile Money,2023-03-20,Régulier,1
2527,M,30,Abidjan,Partenaire,2023-06-10,Régulier,1
2528,M,18,Abidjan,Réseaux sociaux,2023-12-04,Régulier,1
2529,M,27,Bouaké,Site Web,2022-10-18,Occasionnel,1
2530,M,18,Abidjan,Partenaire,2024-12-17,Occasionnel,0
2531,M,36,Abidjan,Boutique,2022-02-18,Régulier,1
2532,M,42,Abidjan,Réseaux sociaux,2022-06-19,Occasionnel,0
2533,M,23,Abidjan,Mobile Money,2024-12-20,Régulier,0
2534,F,28,Korhogo,Mobile Money,2023-05-10,Occasionnel,0
2535,M,44,Abidjan,Boutique,2024-09-05,Nouveau,1
2536,M,18,Abidjan,Mobile Money,2024-09-18,Occasionnel,1
2537,M,19,Abidjan,Boutique,2024-12-20,VIP,1
2538,F,31,Abidjan,Site Web,2024-03-05,Nouveau,1
2539,F,25,Abidjan,Mobile Money,2024-01-19,Nouveau,1
2540,F,30,Daloa,Site Web,2023-11-04,Nouveau,1
2541,F,20,Abidjan,Mobile Money,2024-01-19,Occasionnel,1
2542,F,36,Yamoussoukro,Réseaux sociaux,2022-10-09,Nouveau,1
2543,F,32,Abidjan,Mobile Money,2024-06-11,Régulier,1
2544,F,40,Abidjan,Site Web,2022-07-24,Nouveau,1
2545,M,36,Abidjan,Boutique,2023-06-10,Nouveau,1
2546,F,36,Daloa,Boutique,2023-02-14,Nouveau,1
2547,M,18,Divo,Mobile Money,2024-04-13,Nouveau,1
2548,F,39,Abidjan,Mobile Money,2022-10-07,Régulier,0
2549,F,30,Divo,Boutique,2022-08-15,Fidèle,1
2550,F,32,Abidjan,Mobile Money,2024-06-04,Régulier,0
2551,M,45,Bouaké,Mobile Money,2023-06-18,Fidèle,1
2552,F,26,Yamoussoukro,Site Web,2024-02-29,Nouveau,1
2553,M,48,Abidjan,Mobile Money,2024-08-20,Fidèle,1
2554,M,49,Abidjan,Mobile Money,2024-07-03,Occasionnel,1
2555,F,42,Abidjan,Boutique,2023-03-14,Régulier,1
2556,M,23,Yamoussoukro,Boutique,2022-07-07,Régulier,1
2557,F,18,Abidjan,Boutique,2024-11-17,Nouveau,1
2558,F,45,Korhogo,Site Web,2022-12-06,Nouveau,1
2559,F,35,Abidjan,Boutique,2024-04-22,Nouveau,1
2560,F,25,Man,Boutique,2024-04-21,Occasionnel,0
2561,M,46,Abidjan,Boutique,2023-04-30,Occasionnel,1
2562,M,24,Bouaké,Mobile Money,2022-06-29,VIP,1
2563,M,29,Abidjan,Site Web,2023-06-01,Nouveau,1
2564,F,39,Abidjan,Mobile Money,2022-06-09,Occasionnel,1
2565,M,21,Abidjan,Réseaux sociaux,2023-01-21,Occasionnel,0
2566,F,32,Yamoussoukro,Boutique,2023-02-24,Nouveau,1
2567,F,45,Abidjan,Site Web,2023-07-22,Nouveau,1
2568,F,36,Bouaké,Boutique,2022-07-24,Occasionnel,1
2569,M,47,Gagnoa,Partenaire,2024-07-15,Occasionnel,1
2570,M,46,Abidjan,Boutique,2022-03-28,Nouveau,1
2571,F,34,Abidjan,Boutique,2024-12-15,Nouveau,1
2572,M,18,Abidjan,Réseaux sociaux,2022-12-09,Nouveau,0
2573,M,21,Abidjan,Site Web,2023-06-21,Fidèle,1
2574,M,42,Abidjan,Boutique,2024-08-16,Régulier,1
2575,M,18,Daloa,Mobile Money,2023-12-18,Nouveau,1
2576,M,30,Abidjan,Mobile Money,2022-03-03,Régulier,1
2577,M,37,Abidjan,Réseaux sociaux,2023-10-24,Fidèle,1
2578,M,50,Bouaké,Mobile Money,2023-09-12,Nouveau,0
2579,F,27,Abidjan,Mobile Money,2024-10-18,Nouveau,1
2580,M,26,Bouaké,Mobile Money,2023-09-09,Nouveau,1
2581,F,33,Man,Partenaire,2024-12-22,Nouveau,0
2582,M,37,Abidjan,Boutique,2023-08-05,Régulier,0
2583,F,32,Abidjan,Boutique,2022-07-30,Régulier,1
2584,F,45,San-Pédro,Réseaux sociaux,2023-07-08,Occasionnel,0
2585,F,25,Yamoussoukro,Boutique,2024-10-01,Nouveau,1
2586,F,35,Daloa,Site Web,2022-01-19,Régulier,0
2587,F,38,Daloa,Site Web,2023-03-13,Nouveau,1
2588,F,29,Abidjan,Boutique,2022-02-21,Nouveau,1
2589,F,43,Abidjan,Site Web,2024-07-10,Nouveau,0
2590,F,35,Yamoussoukro,Partenaire,2023-07-14,Fidèle,1
2591,M,42,Yamoussoukro,Mobile Money,2024-02-24,Régulier,0
2592,M,36,Yamoussoukro,Mobile Money,2024-11-26,Régulier,1
2593,M,38,Abidjan,Réseaux sociaux,2024-06-30,Régulier,1
2594,F,27,San-Pédro,Boutique,2023-03-23,Nouveau,1
2595,F,27,Abidjan,Boutique,2024-10-20,Occasionnel,1
2596,M,47,Abidjan,Mobile Money,2023-06-02,Régulier,1
2597,F,40,Abidjan,Réseaux sociaux,2024-12-07,Fidèle,1
2598,F,22,Abidjan,Site Web,2024-12-11,Occasionnel,1
2599,M,35,Yamoussoukro,Partenaire,2022-08-31,Nouveau,1
2600,M,18,Abidjan,Boutique,2024-05-03,VIP,1
2601,F,27,Yamoussoukro,Partenaire,2024-02-04,Occasionnel,1
2602,M,44,Abidjan,Boutique,2024-04-23,Nouveau,1
2603,F,32,Abidjan,Site Web,2022-07-03,Nouveau,0
2604,M,35,Abidjan,Site Web,2023-07-07,Nouveau,1
2605,F,18,Abidjan,Boutique,2022-06-15,Régulier,1
2606,F,29,Daloa,Boutique,2024-09-10,Régulier,1
2607,M,37,Abidjan,Mobile Money,2024-08-14,Nouveau,1
2608,F,39,Abidjan,Boutique,2023-09-29,Nouveau,1
2609,M,44,Abidjan,Site Web,2022-05-23,Occasionnel,1
2610,F,31,Abidjan,Mobile Money,2023-12-21,Occasionnel,0
2611,M,32,Abidjan,Site Web,2023-04-27,Nouveau,0
2612,M,19,Gagnoa,Mobile Money,2024-05-12,Nouveau,1
2613,F,31,Abidjan,Mobile Money,2022-04-19,Fidèle,1
2614,M,20,Abidjan,Site Web,2023-03-22,VIP,1
2615,F,18,Korhogo,Mobile Money,2023-01-31,Occasionnel,1
2616,F,22,Yamoussoukro,Partenaire,2024-11-09,Régulier,1
2617,F,50,Abidjan,Partenaire,2022-11-23,Fidèle,1
2618,M,31,Bouaké,Boutique,2024-12-17,Nouveau,1
2619,M,36,Man,Boutique,2024-10-06,Fidèle,0
2620,M,28,Abidjan,Mobile Money,2023-10-05,Occasionnel,1
2621,M,18,Abidjan,Site Web,2022-07-11,Occasionnel,1
2622,M,44,Korhogo,Mobile Money,2022-09-01,Occasionnel,1
2623,F,18,Daloa,Partenaire,2022-01-19,Nouveau,0
2624,M,27,Abengourou,Partenaire,2024-04-28,Régulier,1
2625,M,33,Abidjan,Mobile Money,2024-03-05,Régulier,0
2626,F,36,Divo,Site Web,2022-12-19,Nouveau,0
2627,M,26,Abidjan,Boutique,2024-03-11,Occasionnel,1
2628,F,18,Yamoussoukro,Boutique,2023-09-24,VIP,1
2629,F,25,Korhogo,Mobile Money,2024-06-13,Fidèle,1
2630,F,25,Abidjan,Site Web,2022-04-05,Régulier,1
2631,F,25,Abidjan,Mobile Money,2022-08-06,Nouveau,1
2632,F,44,Bouaké,Réseaux sociaux,2024-06-03,Nouveau,0
2633,M,20,San-Pédro,Boutique,2023-02-09,Nouveau,0
2634,M,37,Abidjan,Site Web,2024-11-16,Fidèle,1
2635,M,35,San-Pédro,Partenaire,2024-08-22,Régulier,1
2636,F,44,Abidjan,Site Web,2022-04-14,Fidèle,1
2637,F,32,Abidjan,Boutique,2023-03-18,Nouveau,1
2638,F,42,Abidjan,Boutique,2024-03-12,VIP,1
2639,M,32,Man,Boutique,2022-05-30,VIP,0
2640,F,38,Abidjan,Boutique,2024-07-31,Régulier,1
2641,M,18,Bouaké,Partenaire,2022-04-18,Fidèle,1
2642,M,18,Abidjan,Mobile Money,2022-04-30,Occasionnel,1
2643,M,38,Man,Boutique,2023-08-19,Nouveau,1
2644,M,38,Daloa,Site Web,2022-09-28,Nouveau,0
2645,F,39,Abidjan,Boutique,2023-12-01,Nouveau,0
2646,M,28,Abidjan,Réseaux sociaux,2023-03-06,Nouveau,1
2647,M,50,Abidjan,Mobile Money,2022-10-24,Régulier,1
2648,M,28,Abidjan,Mobile Money,2024-07-05,Nouveau,0
2649,M,38,San-Pédro,Site Web,2022-06-24,Nouveau,1
2650,M,40,Bouaké,Boutique,2023-06-25,Nouveau,1
2651,M,52,Abidjan,Partenaire,2022-07-04,Régulier,0
2652,F,30,Yamoussoukro,Boutique,2022-05-30,Fidèle,1
2653,M,26,Abidjan,Mobile Money,2022-08-13,Occasionnel,1
2654,M,18,Abidjan,Mobile Money,2022-10-08,Régulier,1
2655,F,51,Abidjan,Boutique,2023-03-28,VIP,1
2656,M,38,Abidjan,Boutique,2023-05-27,Régulier,0
2657,F,38,Bouaké,Mobile Money,2022-06-01,Régulier,1
2658,M,68,Abidjan,Boutique,2022-02-12,Régulier,1
2659,F,37,Bouaké,Réseaux sociaux,2022-04-14,VIP,1
2660,F,19,Abidjan,Boutique,2023-11-22,Nouveau,0
2661,M,31,Yamoussoukro,Site Web,2024-12-02,Régulier,1
2662,F,23,Abidjan,Mobile Money,2022-01-28,Occasionnel,1
2663,F,29,Abidjan,Réseaux sociaux,2022-02-08,Nouveau,1
2664,F,29,Abidjan,Mobile Money,2024-05-05,Régulier,1
2665,F,27,Abidjan,Boutique,2024-03-04,Fidèle,1
2666,M,18,Abidjan,Mobile Money,2024-03-14,Fidèle,1
2667,M,51,Abidjan,Mobile Money,2022-07-09,Fidèle,1
2668,F,37,Daloa,Mobile Money,2024-08-05,Régulier,1
2669,M,31,Abidjan,Mobile Money,2023-11-14,Occasionnel,1
2670,F,42,Daloa,Réseaux sociaux,2022-06-22,Fidèle,1
2671,M,39,Bouaké,Mobile Money,2022-05-07,Nouveau,0
2672,F,37,Abidjan,Partenaire,2023-10-22,Nouveau,1
2673,F,41,Bouaké,Boutique,2024-05-03,Occasionnel,1
2674,F,35,Abidjan,Mobile Money,2024-05-05,Occasionnel,1
2675,M,41,Yamoussoukro,Boutique,2023-10-06,Régulier,1
2676,F,42,Daloa,Mobile Money,2023-07-19,Régulier,1
2677,F,35,Daloa,Réseaux sociaux,2024-02-01,Nouveau,1
2678,M,31,Abidjan,Mobile Money,2022-05-24,Régulier,1
2679,M,50,Yamoussoukro,Réseaux sociaux,2023-02-04,Régulier,1
2680,F,28,Abidjan,Mobile Money,2022-04-19,VIP,1
2681,M,38,Abidjan,Mobile Money,2024-07-07,Nouveau,1
2682,M,38,Abidjan,Mobile Money,2023-10-26,Régulier,1
2683,F,27,Abidjan,Site Web,2024-05-01,Régulier,0
2684,M,25,Bouaké,Boutique,2023-06-29,Occasionnel,1
2685,F,30,Korhogo,Partenaire,2024-10-15,Nouveau,1
2686,M,28,Abidjan,Boutique,2024-10-14,Nouveau,1
2687,F,18,Bouaké,Mobile Money,2023-11-06,Nouveau,0
2688,M,26,Bouaké,Site Web,2024-07-02,Occasionnel,1
2689,F,36,Man,Boutique,2023-12-24,Régulier,0
2690,F,47,Yamoussoukro,Réseaux sociaux,2024-03-03,Occasionnel,1
2691,M,40,Abidjan,Boutique,2022-09-28,Régulier,1
2692,F,18,Abidjan,Site Web,2024-12-11,Nouveau,1
2693,M,41,Bouaké,Mobile Money,2022-07-21,Nouveau,1
2694,M,27,Abidjan,Partenaire,2024-01-31,Régulier,1
2695,M,38,Man,Mobile Money,2023-10-27,Régulier,0
2696,F,33,Man,Réseaux sociaux,2022-04-12,Régulier,0
2697,M,31,Divo,Mobile Money,2024-04-28,Régulier,1
2698,F,32,Abidjan,Site Web,2022-03-26,VIP,1
2699,F,33,Yamoussoukro,Réseaux sociaux,2023-07-12,Fidèle,1
2700,M,48,Yamoussoukro,Réseaux sociaux,2024-06-12,Régulier,1
2701,M,33,Abidjan,Boutique,2022-05-18,Nouveau,1
2702,M,45,Abidjan,Boutique,2023-01-30,Nouveau,1
2703,F,44,Abidjan,Réseaux sociaux,2023-07-11,Régulier,1
2704,M,41,Abidjan,Boutique,2024-10-09,Occasionnel,0
2705,M,18,Divo,Site Web,2023-02-23,Nouveau,1
2706,F,46,San-Pédro,Mobile Money,2022-05-10,Nouveau,1
2707,M,28,Abidjan,Boutique,2022-05-24,Fidèle,0
2708,F,41,Abidjan,Boutique,2022-08-06,Nouveau,1
2709,F,23,Abidjan,Site Web,2024-08-06,Régulier,1
2710,M,20,Abidjan,Mobile Money,2024-04-26,Fidèle,0
2711,M,55,Abidjan,Boutique,2023-04-03,Régulier,1
2712,F,23,Bouaké,Réseaux sociaux,2024-07-16,Nouveau,1
2713,F,46,Yamoussoukro,Boutique,2024-10-02,Fidèle,1
2714,F,35,San-Pédro,Réseaux sociaux,2024-08-07,Régulier,1
2715,M,29,Korhogo,Mobile Money,2022-01-05,Nouveau,1
2716,F,33,Abidjan,Boutique,2022-04-19,Régulier,1
2717,F,19,Daloa,Boutique,2024-03-05,Nouveau,1
2718,M,33,Abidjan,Boutique,2023-02-23,Régulier,0
2719,F,22,Abidjan,Site Web,2022-06-23,Fidèle,1
2720,M,29,Abidjan,Mobile Money,2023-12-09,Occasionnel,1
2721,F,44,Abidjan,Boutique,2023-01-25,VIP,1
2722,M,36,Abidjan,Mobile Money,2024-10-03,Occasionnel,1
2723,F,18,Abidjan,Site Web,2023-09-24,Fidèle,1
2724,F,43,Abidjan,Réseaux sociaux,2022-09-19,Régulier,0
2725,F,33,Man,Mobile Money,2024-10-20,Nouveau,0
2726,M,28,Abidjan,Boutique,2023-10-20,Fidèle,0
2727,M,42,Abidjan,Boutique,2022-11-21,Fidèle,1
2728,F,32,Abengourou,Site Web,2022-06-07,Occasionnel,1
2729,F,21,Bouaké,Mobile Money,2023-08-31,Régulier,0
2730,M,54,Abidjan,Boutique,2024-03-29,Nouveau,1
2731,F,33,Man,Site Web,2024-07-04,Nouveau,1
2732,F,33,Abidjan,Boutique,2022-05-20,Nouveau,1
2733,M,29,Abidjan,Site Web,2023-04-19,Occasionnel,0
2734,F,46,Abidjan,Boutique,2024-12-30,Nouveau,1
2735,F,28,Abidjan,Partenaire,2023-12-25,Nouveau,0
2736,F,18,Daloa,Mobile Money,2022-04-12,VIP,0
2737,F,26,Abidjan,Mobile Money,2024-10-01,Occasionnel,1
2738,M,48,Bouaké,Boutique,2024-01-21,Fidèle,1
2739,M,43,Yamoussoukro,Boutique,2023-05-19,Nouveau,1
2740,M,31,Gagnoa,Site Web,2024-04-30,Nouveau,1
2741,F,49,Abidjan,Mobile Money,2023-12-12,Régulier,1
2742,M,42,Abidjan,Mobile Money,2022-10-10,Nouveau,1
2743,F,31,Man,Site Web,2024-05-22,Occasionnel,1
2744,M,32,Bouaké,Mobile Money,2022-10-07,VIP,1
2745,F,37,Abidjan,Site Web,2022-09-08,Nouveau,1
2746,M,24,Abidjan,Site Web,2023-10-15,Occasionnel,1
2747,F,34,Daloa,Mobile Money,2022-01-21,Régulier,1
2748,F,37,Bouaké,Site Web,2023-11-22,Nouveau,0
2749,F,18,Bouaké,Réseaux sociaux,2023-08-26,Régulier,1
2750,F,31,Korhogo,Réseaux sociaux,2024-02-28,Occasionnel,1
2751,F,30,Abidjan,Mobile Money,2022-06-24,Nouveau,1
2752,M,45,Abidjan,Boutique,2023-09-28,Occasionnel,1
2753,M,18,Bouaké,Réseaux sociaux,2023-04-29,Occasionnel,1
2754,F,29,Korhogo,Boutique,2022-07-11,Régulier,1
2755,M,28,Abidjan,Mobile Money,2023-05-10,Fidèle,1
2756,M,44,Yamoussoukro,Mobile Money,2024-10-08,Régulier,1
2757,M,33,Abidjan,Site Web,2024-06-21,Occasionnel,0
2758,M,53,Abidjan,Site Web,2022-07-02,VIP,1
2759,M,41,Korhogo,Réseaux sociaux,2024-07-16,Régulier,1
2760,M,29,Abidjan,Réseaux sociaux,2023-09-11,Nouveau,1
2761,M,36,Abidjan,Mobile Money,2022-02-21,Nouveau,1
2762,M,30,Daloa,Site Web,2024-10-04,Nouveau,0
2763,F,43,Abidjan,Mobile Money,2023-07-30,Nouveau,1
2764,F,19,Abidjan,Mobile Money,2024-09-26,Occasionnel,1
2765,F,24,Daloa,Mobile Money,2022-04-18,Nouveau,1
2766,M,39,Abidjan,Partenaire,2022-07-03,VIP,0
2767,F,47,Yamoussoukro,Mobile Money,2024-09-14,Occasionnel,1
2768,M,18,Abidjan,Boutique,2022-09-19,Nouveau,0
2769,M,49,Abidjan,Boutique,2023-08-25,VIP,1
2770,M,32,Yamoussoukro,Mobile Money,2023-10-22,Occasionnel,0
2771,F,18,Abidjan,Boutique,2024-11-04,Nouveau,0
2772,M,18,Korhogo,Mobile Money,2023-01-05,Nouveau,1
2773,M,18,Man,Boutique,2024-04-05,Régulier,0
2774,F,33,San-Pédro,Boutique,2024-03-11,Occasionnel,0
2775,M,33,Abidjan,Réseaux sociaux,2024-02-07,Régulier,0
2776,F,40,Abidjan,Site Web,2023-07-27,Fidèle,1
2777,M,27,Korhogo,Réseaux sociaux,2022-03-19,Régulier,1
2778,F,21,Abidjan,Boutique,2022-10-19,Fidèle,1
2779,F,29,Yamoussoukro,Mobile Money,2023-09-07,Régulier,1
2780,F,34,San-Pédro,Boutique,2023-03-27,Régulier,1
2781,F,36,Abidjan,Partenaire,2022-07-22,Nouveau,1
2782,F,25,Abidjan,Mobile Money,2024-01-27,Occasionnel,0
2783,M,43,Bouaké,Mobile Money,2023-05-21,Occasionnel,1
2784,F,27,Bouaké,Partenaire,2024-05-09,Occasionnel,1
2785,F,24,Abidjan,Partenaire,2023-08-24,Occasionnel,1
2786,M,28,Bouaké,Mobile Money,2023-02-09,Régulier,1
2787,M,45,Daloa,Site Web,2022-04-30,Occasionnel,1
2788,M,32,Abidjan,Boutique,2022-04-25,Occasionnel,1
2789,M,26,Abidjan,Boutique,2023-07-10,Occasionnel,1
2790,F,44,Yamoussoukro,Boutique,2023-01-22,Fidèle,0
2791,M,57,Daloa,Partenaire,2024-02-26,Occasionnel,1
2792,F,36,Divo,Mobile Money,2023-11-22,Régulier,1
2793,M,47,Abidjan,Site Web,2022-11-08,Régulier,1
2794,M,45,Korhogo,Mobile Money,2024-04-12,Occasionnel,1
2795,M,27,Daloa,Site Web,2023-09-12,Régulier,1
2796,M,34,Yamoussoukro,Site Web,2024-08-21,Fidèle,0
2797,M,19,Abidjan,Site Web,2024-11-09,Régulier,1
2798,F,31,Abidjan,Partenaire,2024-11-19,Fidèle,1
2799,M,27,Abidjan,Site Web,2022-05-19,Occasionnel,1
2800,M,29,Abidjan,Site Web,2023-08-03,Fidèle,1
2801,M,25,Abidjan,Mobile Money,2022-02-01,Fidèle,1
2802,F,30,Man,Partenaire,2024-08-21,Régulier,1
2803,F,39,Abidjan,Boutique,2024-02-09,Fidèle,1
2804,M,32,Man,Boutique,2022-10-14,Régulier,1
2805,F,18,Abidjan,Boutique,2023-10-27,Occasionnel,1
2806,F,25,San-Pédro,Boutique,2023-09-05,Occasionnel,1
2807,F,18,Abidjan,Boutique,2023-08-18,Occasionnel,1
2808,M,36,Bouaké,Boutique,2023-08-14,Régulier,1
2809,F,39,Bouaké,Mobile Money,2024-12-13,Nouveau,1
2810,F,36,Man,Partenaire,2024-04-21,Régulier,0
2811,F,25,Abidjan,Partenaire,2023-03-17,Occasionnel,1
2812,M,36,Abidjan,Boutique,2024-04-26,Occasionnel,1
2813,M,28,Divo,Partenaire,2022-06-04,Nouveau,1
2814,F,21,Abidjan,Boutique,2022-11-09,Nouveau,1
2815,F,42,Bouaké,Boutique,2022-05-09,Régulier,0
2816,M,42,Abidjan,Réseaux sociaux,2024-08-28,Occasionnel,1
2817,F,44,Abidjan,Site Web,2022-01-27,Nouveau,0
2818,M,27,Bouaké,Site Web,2024-09-03,Nouveau,1
2819,F,46,Bouaké,Boutique,2024-06-30,Occasionnel,1
2820,M,28,Bouaké,Boutique,2024-11-04,Nouveau,1
2821,F,41,Abidjan,Mobile Money,2024-04-18,Nouveau,1
2822,M,28,Daloa,Partenaire,2023-05-17,Régulier,1
2823,F,31,Abengourou,Mobile Money,2024-06-07,Régulier,1
2824,M,18,Abidjan,Boutique,2024-12-17,VIP,1
2825,M,30,Abidjan,Mobile Money,2024-09-04,Nouveau,0
2826,M,35,Abidjan,Site Web,2024-05-09,Nouveau,1
2827,F,29,Daloa,Boutique,2024-04-19,Nouveau,1
2828,F,53,Abidjan,Site Web,2023-12-17,Régulier,0
2829,M,21,Yamoussoukro,Boutique,2024-09-03,Nouveau,1
2830,M,27,Abidjan,Mobile Money,2023-04-19,Nouveau,1
2831,F,24,Bouaké,Mobile Money,2023-07-03,Occasionnel,1
2832,F,27,San-Pédro,Mobile Money,2024-07-11,Occasionnel,1
2833,F,45,Abidjan,Site Web,2022-10-15,Occasionnel,0
2834,M,50,Abidjan,Réseaux sociaux,2024-04-16,Régulier,0
2835,M,26,Abidjan,Boutique,2022-05-01,Fidèle,1
2836,M,26,Abidjan,Boutique,2023-10-04,Occasionnel,0
2837,M,21,Abidjan,Mobile Money,2022-02-08,Nouveau,1
2838,F,48,San-Pédro,Réseaux sociaux,2024-12-27,Occasionnel,1
2839,F,46,Abidjan,Partenaire,2024-07-10,Nouveau,1
2840,F,32,Abidjan,Site Web,2022-10-01,Nouveau,1
2841,M,18,Abidjan,Mobile Money,2022-06-14,Occasionnel,1
2842,F,19,Abidjan,Boutique,2023-12-04,Nouveau,1
2843,F,35,Man,Partenaire,2024-09-14,Nouveau,0
2844,F,40,Abidjan,Mobile Money,2022-12-18,Régulier,1
2845,F,18,Abidjan,Site Web,2024-11-18,Régulier,0
2846,M,30,Abidjan,Partenaire,2023-05-17,Nouveau,1
2847,F,51,Gagnoa,Site Web,2023-04-29,Occasionnel,1
2848,F,31,San-Pédro,Site Web,2023-01-07,VIP,1
2849,M,50,Abidjan,Boutique,2022-10-24,Nouveau,1
2850,F,41,Bouaké,Partenaire,2023-01-02,Régulier,0
2851,F,22,Daloa,Boutique,2022-07-09,Nouveau,1
2852,F,30,Daloa,Réseaux sociaux,2023-02-17,Fidèle,1
2853,M,32,Abidjan,Boutique,2022-11-14,Nouveau,1
2854,F,23,Daloa,Site Web,2022-03-04,Nouveau,1
2855,M,23,Bouaké,Réseaux sociaux,2023-02-02,VIP,1
2856,M,50,Abidjan,Boutique,2022-02-13,Régulier,0
2857,M,23,Abidjan,Mobile Money,2022-07-18,Nouveau,1
2858,F,45,Abidjan,Mobile Money,2024-03-04,Régulier,1
2859,M,29,Abidjan,Réseaux sociaux,2022-01-28,Fidèle,1
2860,F,33,Abidjan,Site Web,2022-12-07,Occasionnel,0
2861,F,40,San-Pédro,Mobile Money,2024-01-20,Nouveau,1
2862,M,27,San-Pédro,Réseaux sociaux,2022-01-24,Nouveau,1
2863,F,40,Abidjan,Partenaire,2024-03-18,Fidèle,0
2864,F,18,Abidjan,Réseaux sociaux,2022-03-31,Nouveau,1
2865,F,38,Yamoussoukro,Site Web,2022-03-02,Nouveau,1
2866,F,18,Abidjan,Partenaire,2022-08-03,Nouveau,1
2867,F,31,Abidjan,Réseaux sociaux,2024-07-31,Nouveau,0
2868,M,43,San-Pédro,Mobile Money,2022-02-22,Occasionnel,1
2869,M,40,Abidjan,Partenaire,2022-04-19,Occasionnel,1
2870,F,19,Abidjan,Boutique,2024-11-02,Nouveau,1
2871,M,21,Daloa,Partenaire,2023-10-31,Nouveau,1
2872,F,26,Bouaké,Site Web,2023-09-15,Nouveau,1
2873,F,36,Abidjan,Site Web,2022-02-14,Nouveau,1
2874,F,18,Yamoussoukro,Mobile Money,2023-03-08,Nouveau,1
2875,F,33,Man,Mobile Money,2023-09-24,Régulier,1
2876,F,37,Abidjan,Mobile Money,2023-08-07,Nouveau,0
2877,F,30,Bouaké,Site Web,2023-07-25,Nouveau,1
2878,F,39,Abidjan,Réseaux sociaux,2022-05-04,Occasionnel,1
2879,M,36,Abidjan,Mobile Money,2024-12-18,Régulier,1
2880,F,28,Abidjan,Mobile Money,2024-02-08,Régulier,1
2881,F,18,Abidjan,Site Web,2022-09-22,VIP,0
2882,F,35,Abidjan,Mobile Money,2024-11-27,Nouveau,0
2883,M,23,San-Pédro,Mobile Money,2022-11-27,Nouveau,1
2884,F,27,Abidjan,Mobile Money,2022-05-24,Nouveau,1
2885,M,39,Korhogo,Site Web,2024-09-04,Nouveau,1
2886,F,49,Abidjan,Boutique,2022-06-17,VIP,1
2887,F,33,San-Pédro,Réseaux sociaux,2022-03-08,Occasionnel,1
2888,M,40,Abidjan,Mobile Money,2023-11-20,Régulier,1
2889,F,18,Abidjan,Mobile Money,2022-10-17,VIP,1
2890,F,36,Yamoussoukro,Site Web,2022-06-16,Fidèle,1
2891,F,33,Daloa,Partenaire,2022-04-23,Occasionnel,1
2892,M,47,Abidjan,Boutique,2022-05-19,Fidèle,1
2893,M,28,Abidjan,Réseaux sociaux,2024-11-18,Occasionnel,1
2894,M,31,Bouaké,Site Web,2024-01-05,Nouveau,1
2895,M,45,Bouaké,Réseaux sociaux,2024-07-11,Occasionnel,1
2896,F,32,Abidjan,Boutique,2023-11-09,Fidèle,1
2897,M,21,Daloa,Mobile Money,2023-08-18,Régulier,1
2898,F,62,Abidjan,Mobile Money,2022-08-27,Occasionnel,1
2899,M,22,Abidjan,Site Web,2024-11-25,Fidèle,1
2900,F,33,Bouaké,Réseaux sociaux,2024-06-20,Occasionnel,1
2901,F,37,Abengourou,Boutique,2023-08-02,Régulier,0
2902,M,36,Abidjan,Mobile Money,2022-04-26,Nouveau,0
2903,F,31,Abidjan,Mobile Money,2024-04-12,Nouveau,1
2904,M,31,Abidjan,Boutique,2022-12-31,Nouveau,1
2905,F,31,Yamoussoukro,Réseaux sociaux,2022-08-18,Fidèle,0
2906,M,21,Abidjan,Boutique,2024-03-20,VIP,1
2907,M,57,Abidjan,Site Web,2024-07-05,Nouveau,1
2908,F,31,Abidjan,Boutique,2023-11-04,Nouveau,1
2909,M,40,Korhogo,Réseaux sociaux,2022-03-22,Nouveau,1
2910,M,30,Abidjan,Réseaux sociaux,2023-10-20,Régulier,0
2911,M,30,Bouaké,Mobile Money,2024-10-03,Occasionnel,1
2912,F,28,Abidjan,Site Web,2024-01-22,Occasionnel,0
2913,M,18,Abidjan,Réseaux sociaux,2022-10-18,Nouveau,1
2914,M,32,Abidjan,Partenaire,2023-12-09,Nouveau,1
2915,F,29,Abidjan,Boutique,2022-09-30,Fidèle,1
2916,F,46,Abidjan,Mobile Money,2024-08-15,Occasionnel,0
2917,F,20,Abidjan,Boutique,2024-07-15,Nouveau,0
2918,M,27,Abidjan,Site Web,2023-09-15,Nouveau,1
2919,F,24,Abidjan,Mobile Money,2022-05-29,Nouveau,0
2920,M,49,Abidjan,Partenaire,2023-03-16,Nouveau,0
2921,M,24,Abidjan,Mobile Money,2022-05-13,Nouveau,0
2922,F,40,Abidjan,Réseaux sociaux,2024-04-18,Régulier,1
2923,F,44,Abidjan,Boutique,2024-01-16,Nouveau,0
2924,M,32,Yamoussoukro,Mobile Money,2022-10-11,Occasionnel,1
2925,F,18,Man,Boutique,2024-07-26,Occasionnel,1
2926,M,18,Bouaké,Site Web,2024-04-11,Nouveau,1
2927,M,43,Abidjan,Réseaux sociaux,2024-10-22,Occasionnel,1
2928,M,20,Abengourou,Boutique,2022-11-03,Fidèle,0
2929,F,38,Gagnoa,Mobile Money,2022-07-11,Nouveau,1
2930,M,35,Abidjan,Partenaire,2023-06-11,Régulier,1
2931,M,38,Abidjan,Boutique,2022-10-18,Nouveau,0
2932,F,39,Yamoussoukro,Mobile Money,2024-03-20,Nouveau,1
2933,M,23,Gagnoa,Réseaux sociaux,2023-04-11,Nouveau,1
2934,M,23,Daloa,Mobile Money,2023-11-19,Régulier,1
2935,M,41,Bouaké,Mobile Money,2022-07-08,Occasionnel,1
2936,F,27,Bouaké,Boutique,2022-04-04,Régulier,1
2937,F,18,Gagnoa,Site Web,2024-10-23,Nouveau,0
2938,F,41,Abidjan,Boutique,2023-05-04,Régulier,1
2939,F,22,Abidjan,Partenaire,2022-06-02,Nouveau,1
2940,F,39,San-Pédro,Mobile Money,2024-06-07,Nouveau,1
2941,M,49,Abidjan,Partenaire,2022-05-26,Régulier,0
2942,F,34,Abidjan,Mobile Money,2024-12-27,Nouveau,1
2943,M,44,Abidjan,Mobile Money,2023-02-27,Occasionnel,0
2944,F,35,Abidjan,Mobile Money,2023-05-27,Occasionnel,1
2945,F,51,Abidjan,Mobile Money,2022-10-11,Régulier,1
2946,F,22,Bouaké,Boutique,2022-04-05,Régulier,1
2947,F,33,Abidjan,Réseaux sociaux,2023-03-24,Nouveau,1
2948,M,41,Bouaké,Réseaux sociaux,2023-02-05,Nouveau,1
2949,M,31,Abidjan,Site Web,2023-05-06,Occasionnel,1
2950,M,46,Divo,Mobile Money,2023-06-21,Nouveau,1
2951,F,29,Bouaké,Réseaux sociaux,2023-11-22,Nouveau,1
2952,M,56,Gagnoa,Boutique,2022-03-22,Nouveau,1
2953,F,57,Abidjan,Site Web,2023-02-02,Occasionnel,1
2954,M,37,Abidjan,Site Web,2024-08-04,Occasionnel,1
2955,F,40,Daloa,Mobile Money,2024-11-08,Nouveau,0
2956,F,47,San-Pédro,Boutique,2023-08-13,Nouveau,0
2957,F,20,Abidjan,Partenaire,2023-02-05,Nouveau,1
2958,F,19,Bouaké,Mobile Money,2023-04-01,Nouveau,1
2959,F,47,Yamoussoukro,Site Web,2024-05-06,Régulier,0
2960,M,37,Abidjan,Partenaire,2023-03-11,Nouveau,0
2961,M,31,Bouaké,Boutique,2024-10-31,Nouveau,1
2962,M,34,Abidjan,Boutique,2022-01-31,Fidèle,1
2963,F,18,Abidjan,Boutique,2023-10-26,Occasionnel,1
2964,M,31,Korhogo,Réseaux sociaux,2023-07-23,Nouveau,1
2965,F,25,Abidjan,Boutique,2023-05-10,Régulier,1
2966,M,44,Daloa,Boutique,2023-06-05,Régulier,1
2967,F,44,Yamoussoukro,Mobile Money,2022-06-23,Fidèle,1
2968,F,40,Abengourou,Partenaire,2023-01-14,Fidèle,1
2969,M,38,Abidjan,Réseaux sociaux,2023-01-22,Régulier,1
2970,F,18,Abidjan,Site Web,2023-12-23,Nouveau,1
2971,F,40,Abidjan,Partenaire,2023-10-18,Occasionnel,1
2972,M,40,Bouaké,Site Web,2023-03-27,Nouveau,1
2973,F,47,Abidjan,Partenaire,2023-07-21,Occasionnel,0
2974,M,57,Yamoussoukro,Mobile Money,2023-09-19,Fidèle,1
2975,F,18,Abidjan,Mobile Money,2022-02-21,Nouveau,1
2976,M,29,Abidjan,Réseaux sociaux,2024-08-27,Fidèle,1
2977,M,25,Korhogo,Boutique,2024-09-04,Occasionnel,1
2978,M,35,San-Pédro,Boutique,2023-02-03,Nouveau,0
2979,M,34,Abidjan,Site Web,2024-04-13,Fidèle,0
2980,M,31,Yamoussoukro,Site Web,2023-03-12,Occasionnel,1
2981,M,45,Abidjan,Boutique,2022-03-16,Occasionnel,1
2982,F,21,Daloa,Boutique,2024-08-06,Occasionnel,1
2983,F,22,Abidjan,Boutique,2022-10-21,Nouveau,1
2984,M,22,Abidjan,Mobile Money,2023-01-28,Nouveau,1
2985,F,30,Abidjan,Mobile Money,2023-09-23,Régulier,1
2986,F,20,Abidjan,Boutique,2023-04-27,Fidèle,1
2987,F,33,Daloa,Site Web,2022-10-19,Régulier,1
2988,M,32,Abidjan,Boutique,2024-05-26,Fidèle,0
2989,F,25,Abidjan,Boutique,2023-01-25,Fidèle,1
2990,M,43,Abidjan,Site Web,2023-10-11,Nouveau,1
2991,M,33,Abidjan,Mobile Money,2023-12-30,Régulier,0
2992,M,45,Yamoussoukro,Boutique,2024-10-19,Régulier,1
2993,F,31,Abidjan,Mobile Money,2023-06-09,Nouveau,0
2994,M,33,Daloa,Site Web,2023-05-31,Occasionnel,1
2995,M,27,San-Pédro,Mobile Money,2024-09-26,Régulier,1
2996,F,33,Abidjan,Boutique,2023-06-09,VIP,1
2997,M,41,San-Pédro,Boutique,2022-11-23,VIP,1
2998,F,29,Abidjan,Réseaux sociaux,2022-02-17,Occasionnel,1
2999,M,39,Abidjan,Site Web,2022-12-22,Régulier,1
3000,F,25,Abidjan,Partenaire,2022-08-05,Occasionnel,1
3001,M,42,Abidjan,Site Web,2022-11-30,Fidèle,0
3002,M,27,Abidjan,Boutique,2023-08-15,Régulier,1
3003,F,43,Abidjan,Mobile Money,2023-07-29,Fidèle,1
3004,M,34,San-Pédro,Mobile Money,2022-07-24,VIP,1
3005,F,50,Abidjan,Mobile Money,2023-05-24,Nouveau,0
3006,M,21,Divo,Mobile Money,2023-05-12,VIP,1
3007,M,18,Abidjan,Boutique,2022-02-16,Régulier,0
3008,F,27,Bouaké,Site Web,2022-11-07,Nouveau,1
3009,F,18,Abidjan,Site Web,2024-03-02,Nouveau,1
3010,M,18,Abidjan,Mobile Money,2022-01-23,Régulier,1
3011,F,40,Abidjan,Boutique,2022-11-26,Nouveau,1
3012,M,33,Man,Mobile Money,2023-06-05,Nouveau,1
3013,M,28,Man,Boutique,2022-07-02,Occasionnel,0
3014,M,29,Abidjan,Boutique,2023-12-09,Nouveau,1
3015,F,27,Bouaké,Mobile Money,2024-02-23,Occasionnel,1
3016,M,52,Bouaké,Mobile Money,2023-01-06,Régulier,1
3017,M,25,Bouaké,Partenaire,2022-09-10,Nouveau,1
3018,F,19,Abidjan,Boutique,2024-04-30,Régulier,1
3019,F,42,Yamoussoukro,Boutique,2022-08-24,Nouveau,0
3020,F,31,Daloa,Mobile Money,2022-06-09,Fidèle,0
3021,F,56,Abidjan,Mobile Money,2022-02-06,Occasionnel,1
3022,M,28,Abidjan,Boutique,2022-04-10,Régulier,1
3023,F,43,Abidjan,Partenaire,2024-08-12,Régulier,1
3024,M,45,Man,Mobile Money,2024-10-20,Fidèle,1
3025,F,28,Abidjan,Mobile Money,2023-08-21,Occasionnel,1
3026,F,25,Abidjan,Partenaire,2024-10-06,Occasionnel,1
3027,F,42,Abidjan,Boutique,2024-02-14,Nouveau,1
3028,M,40,San-Pédro,Mobile Money,2023-03-22,Occasionnel,0
3029,M,18,Yamoussoukro,Site Web,2024-02-21,Occasionnel,0
3030,F,21,Abidjan,Boutique,2023-04-05,Régulier,1
3031,M,18,Abidjan,Partenaire,2024-11-19,Nouveau,0
3032,F,40,Daloa,Mobile Money,2024-07-20,Occasionnel,0
3033,F,31,Abidjan,Site Web,2024-07-14,Occasionnel,1
3034,F,32,Abidjan,Mobile Money,2023-08-04,Occasionnel,0
3035,M,18,Gagnoa,Réseaux sociaux,2023-07-22,Régulier,0
3036,M,21,Abidjan,Réseaux sociaux,2022-05-09,Occasionnel,1
3037,M,28,Abidjan,Réseaux sociaux,2023-12-16,Occasionnel,0
3038,F,26,Abidjan,Réseaux sociaux,2022-05-06,Occasionnel,1
3039,F,35,Daloa,Site Web,2023-08-15,Régulier,1
3040,M,40,Daloa,Mobile Money,2022-05-24,Régulier,1
3041,F,58,Abidjan,Mobile Money,2023-06-06,Nouveau,1
3042,M,33,Yamoussoukro,Boutique,2024-05-04,Nouveau,1
3043,M,46,Korhogo,Boutique,2022-12-04,Régulier,1
3044,F,24,San-Pédro,Mobile Money,2023-10-22,Régulier,0
3045,M,18,Abidjan,Site Web,2022-10-12,Nouveau,0
3046,M,30,Abidjan,Site Web,2022-11-25,Occasionnel,1
3047,F,18,Korhogo,Partenaire,2022-07-20,Nouveau,1
3048,M,34,Abidjan,Boutique,2022-06-27,Régulier,1
3049,M,25,Abidjan,Site Web,2023-02-12,Nouveau,1
3050,F,18,Abidjan,Site Web,2022-05-16,Régulier,1
3051,M,53,San-Pédro,Partenaire,2024-09-03,Régulier,0
3052,F,28,Abidjan,Site Web,2024-03-22,Fidèle,1
3053,M,18,Abidjan,Mobile Money,2022-08-31,VIP,1
3054,M,43,Bouaké,Mobile Money,2024-08-28,Occasionnel,1
3055,M,25,Abidjan,Partenaire,2023-02-05,Régulier,1
3056,F,45,Abidjan,Site Web,2023-08-05,Régulier,1
3057,M,25,Abidjan,Réseaux sociaux,2024-02-05,Fidèle,1
3058,F,28,Abidjan,Site Web,2024-04-26,Occasionnel,1
3059,F,37,Abengourou,Site Web,2022-01-09,Nouveau,0
3060,F,40,Abidjan,Site Web,2022-11-07,VIP,1
3061,M,42,San-Pédro,Partenaire,2023-01-04,Nouveau,1
3062,F,33,Abidjan,Réseaux sociaux,2023-10-04,VIP,1
3063,F,39,Abidjan,Boutique,2024-08-13,Nouveau,1
3064,M,42,Abidjan,Mobile Money,2023-04-25,Occasionnel,1
3065,F,36,Abidjan,Mobile Money,2023-05-23,VIP,0
3066,F,32,Abidjan,Boutique,2022-04-07,Régulier,0
3067,F,18,Abidjan,Réseaux sociaux,2023-07-31,Occasionnel,1
3068,F,40,Divo,Réseaux sociaux,2023-06-18,Nouveau,1
3069,M,34,Abidjan,Boutique,2023-11-29,Nouveau,1
3070,F,29,Man,Mobile Money,2024-07-16,Nouveau,1
3071,F,48,Abidjan,Boutique,2023-09-14,Occasionnel,0
3072,M,18,Abidjan,Réseaux sociaux,2022-02-26,Occasionnel,1
3073,M,52,Bouaké,Site Web,2024-06-13,Nouveau,1
3074,M,33,Abidjan,Mobile Money,2023-06-07,Occasionnel,1
3075,M,37,Abidjan,Boutique,2023-06-17,Fidèle,1
3076,M,29,Abidjan,Boutique,2024-08-14,Fidèle,1
3077,F,18,Abidjan,Boutique,2023-10-08,Occasionnel,1
3078,M,32,Daloa,Réseaux sociaux,2024-05-15,VIP,0
3079,M,37,Abidjan,Partenaire,2024-08-21,Occasionnel,1
3080,F,41,Gagnoa,Mobile Money,2023-06-25,Nouveau,0
3081,F,31,Abidjan,Mobile Money,2024-12-11,Occasionnel,1
3082,F,18,Abidjan,Boutique,2022-07-07,Fidèle,1
3083,M,18,Abidjan,Mobile Money,2024-08-12,Nouveau,1
3084,M,56,Abidjan,Boutique,2024-07-18,Nouveau,1
3085,M,21,Korhogo,Mobile Money,2022-04-20,VIP,0
3086,F,49,San-Pédro,Mobile Money,2022-06-17,Régulier,0
3087,F,23,Abidjan,Réseaux sociaux,2022-02-10,Régulier,1
3088,F,31,Abidjan,Mobile Money,2022-10-31,Régulier,1
3089,M,40,San-Pédro,Réseaux sociaux,2024-12-21,Régulier,1
3090,M,24,Abidjan,Mobile Money,2022-05-17,Nouveau,1
3091,M,51,Abidjan,Mobile Money,2022-02-06,Régulier,1
3092,M,34,Abidjan,Mobile Money,2023-05-18,Nouveau,1
3093,M,39,Abidjan,Mobile Money,2023-01-23,Nouveau,1
3094,M,31,Abidjan,Boutique,2023-11-20,VIP,0
3095,F,41,Abidjan,Réseaux sociaux,2023-10-27,Nouveau,1
3096,F,51,Korhogo,Réseaux sociaux,2024-06-24,Nouveau,1
3097,F,32,Abidjan,Mobile Money,2023-03-31,Nouveau,0
3098,F,53,Korhogo,Mobile Money,2023-05-21,Fidèle,1
3099,F,27,Yamoussoukro,Mobile Money,2022-01-25,VIP,1
3100,F,42,Abidjan,Site Web,2024-11-28,Nouveau,1
3101,M,39,Abidjan,Mobile Money,2022-08-22,Occasionnel,1
3102,F,22,Abidjan,Mobile Money,2023-10-15,Régulier,1
3103,M,36,San-Pédro,Réseaux sociaux,2024-08-22,Régulier,1
3104,M,34,Abidjan,Réseaux sociaux,2023-10-24,Nouveau,1
3105,M,24,Man,Site Web,2023-11-16,Nouveau,1
3106,M,37,Bouaké,Mobile Money,2022-07-11,Occasionnel,1
3107,F,35,Bouaké,Boutique,2024-02-16,Nouveau,1
3108,M,33,Abidjan,Mobile Money,2022-07-28,Régulier,0
3109,F,33,Bouaké,Site Web,2024-01-28,Nouveau,1
3110,M,33,Yamoussoukro,Site Web,2023-09-24,Fidèle,1
3111,F,29,Yamoussoukro,Mobile Money,2023-06-21,Régulier,1
3112,F,35,Abidjan,Réseaux sociaux,2024-02-29,Régulier,1
3113,M,26,Bouaké,Boutique,2024-02-28,Régulier,1
3114,M,63,Abidjan,Site Web,2022-08-13,Nouveau,1
3115,F,18,Bouaké,Mobile Money,2023-02-16,Nouveau,1
3116,M,27,Abidjan,Boutique,2023-06-14,Occasionnel,1
3117,F,28,Abidjan,Mobile Money,2022-06-16,Régulier,1
3118,M,56,Daloa,Site Web,2023-01-26,Fidèle,1
3119,F,19,Abidjan,Mobile Money,2022-02-15,Occasionnel,1
3120,F,38,Bouaké,Mobile Money,2023-04-26,Régulier,1
3121,F,36,Yamoussoukro,Site Web,2022-08-14,Nouveau,1
3122,F,37,Yamoussoukro,Site Web,2022-09-01,Nouveau,1
3123,F,47,Daloa,Site Web,2024-06-15,Nouveau,1
3124,F,47,Abidjan,Site Web,2022-06-04,Fidèle,1
3125,F,29,Abidjan,Site Web,2022-05-13,Occasionnel,1
3126,F,36,Yamoussoukro,Site Web,2022-12-17,Occasionnel,1
3127,M,18,Abidjan,Boutique,2022-01-26,Régulier,1
3128,F,35,Abidjan,Mobile Money,2024-08-09,Nouveau,1
3129,M,25,Abidjan,Boutique,2024-12-16,Nouveau,1
3130,M,31,Abidjan,Mobile Money,2024-05-31,Nouveau,1
3131,F,18,Abengourou,Boutique,2024-05-25,Nouveau,1
3132,M,38,Abidjan,Boutique,2022-04-22,Occasionnel,1
3133,F,18,Abidjan,Mobile Money,2023-08-31,Nouveau,1
3134,F,35,Man,Site Web,2022-04-07,Régulier,1
3135,M,20,Gagnoa,Site Web,2022-11-26,Fidèle,1
3136,M,24,Abidjan,Boutique,2023-06-24,Fidèle,0
3137,M,46,Korhogo,Partenaire,2024-01-17,Nouveau,0
3138,F,40,Abidjan,Mobile Money,2022-10-31,Occasionnel,1
3139,M,46,Daloa,Mobile Money,2022-10-08,Nouveau,1
3140,F,51,Abidjan,Mobile Money,2024-06-20,Nouveau,1
3141,F,25,Abidjan,Boutique,2022-09-03,Régulier,1
3142,F,50,Abidjan,Mobile Money,2023-06-17,Occasionnel,1
3143,M,18,Yamoussoukro,Réseaux sociaux,2022-11-11,Régulier,1
3144,F,42,Abidjan,Mobile Money,2024-07-22,Fidèle,1
3145,M,28,Abidjan,Boutique,2023-08-09,Nouveau,1
3146,M,23,Yamoussoukro,Boutique,2022-04-29,Fidèle,1
3147,M,40,Abidjan,Mobile Money,2022-06-12,Nouveau,1
3148,M,44,Korhogo,Site Web,2024-11-28,VIP,0
3149,M,44,Abidjan,Site Web,2024-10-26,Régulier,1
3150,F,36,Abidjan,Site Web,2024-04-19,Nouveau,1
3151,F,35,Abidjan,Site Web,2022-03-26,Occasionnel,1
3152,M,39,Abidjan,Boutique,2024-03-12,Nouveau,1
3153,F,37,Abidjan,Boutique,2023-12-25,Régulier,1
3154,F,39,Abidjan,Site Web,2024-10-26,Nouveau,1
3155,F,36,Bouaké,Boutique,2023-06-17,Fidèle,0
3156,F,43,Abidjan,Boutique,2023-05-30,Nouveau,0
3157,F,18,Abidjan,Mobile Money,2023-11-24,VIP,1
3158,F,32,Daloa,Site Web,2022-06-13,Nouveau,1
3159,M,18,Abidjan,Mobile Money,2024-03-27,Régulier,1
3160,F,37,Bouaké,Partenaire,2023-06-29,Régulier,0
3161,M,52,Korhogo,Mobile Money,2022-07-25,Nouveau,1
3162,M,28,Abidjan,Boutique,2024-06-11,Nouveau,1
3163,F,35,Bouaké,Mobile Money,2022-10-17,Occasionnel,1
3164,M,42,Divo,Mobile Money,2024-07-30,Régulier,1
3165,M,18,Abidjan,Mobile Money,2022-10-26,Régulier,1
3166,M,28,Gagnoa,Site Web,2023-06-19,Nouveau,0
3167,F,38,Abidjan,Mobile Money,2023-04-24,Fidèle,1
3168,F,18,Bouaké,Mobile Money,2024-03-12,Fidèle,1
3169,F,23,Abidjan,Mobile Money,2022-07-23,Régulier,1
3170,M,46,Abidjan,Mobile Money,2022-09-28,Nouveau,1
3171,M,45,Abengourou,Partenaire,2022-07-30,Nouveau,1
3172,M,38,Abidjan,Boutique,2022-09-10,VIP,0
3173,M,43,Gagnoa,Site Web,2023-05-11,Régulier,1
3174,M,36,Yamoussoukro,Boutique,2023-10-04,Régulier,0
3175,M,40,Korhogo,Boutique,2024-08-03,Fidèle,1
3176,F,30,Gagnoa,Réseaux sociaux,2023-04-07,Nouveau,0
3177,M,35,Bouaké,Mobile Money,2023-03-25,Régulier,0
3178,F,27,Abengourou,Réseaux sociaux,2022-06-26,Régulier,1
3179,F,47,Daloa,Boutique,2022-04-19,Fidèle,0
3180,F,50,Abidjan,Boutique,2024-04-13,Régulier,1
3181,M,49,Yamoussoukro,Réseaux sociaux,2023-11-24,Occasionnel,1
3182,F,29,Abidjan,Mobile Money,2023-08-06,Nouveau,1
3183,F,23,Abidjan,Partenaire,2023-05-02,Fidèle,1
3184,F,48,Abidjan,Partenaire,2023-07-24,Régulier,1
3185,F,39,Abidjan,Mobile Money,2024-07-15,Occasionnel,0
3186,F,37,Abidjan,Boutique,2022-07-27,VIP,0
3187,M,27,Abidjan,Réseaux sociaux,2023-07-01,Nouveau,1
3188,M,38,Yamoussoukro,Mobile Money,2022-09-22,Occasionnel,0
3189,F,22,Yamoussoukro,Site Web,2022-04-25,VIP,0
3190,F,40,Korhogo,Mobile Money,2024-01-29,Régulier,1
3191,F,49,Gagnoa,Mobile Money,2024-02-11,Fidèle,1
3192,F,51,Korhogo,Boutique,2024-07-21,Fidèle,1
3193,M,41,Bouaké,Site Web,2022-01-24,Occasionnel,1
3194,M,18,Abidjan,Site Web,2022-07-14,Nouveau,0
3195,M,36,Divo,Site Web,2023-09-22,Fidèle,1
3196,F,57,Abidjan,Mobile Money,2024-06-08,Occasionnel,0
3197,M,24,Abidjan,Boutique,2024-10-26,Occasionnel,0
3198,F,33,Abidjan,Mobile Money,2024-05-12,Occasionnel,1
3199,F,49,Bouaké,Mobile Money,2024-09-17,Nouveau,0
3200,M,40,Yamoussoukro,Mobile Money,2024-06-11,Nouveau,1
3201,M,61,Abidjan,Boutique,2022-12-12,Régulier,1
3202,M,25,Daloa,Mobile Money,2023-09-30,Régulier,1
3203,M,23,Abidjan,Mobile Money,2023-11-27,Occasionnel,0
3204,M,47,Abidjan,Site Web,2023-01-21,Nouveau,0
3205,M,20,Abidjan,Mobile Money,2024-08-27,Occasionnel,1
3206,F,31,Abidjan,Partenaire,2024-04-24,Régulier,1
3207,F,33,Daloa,Boutique,2023-07-20,Nouveau,1
3208,F,45,Abidjan,Mobile Money,2023-06-10,Occasionnel,0
3209,F,40,Abidjan,Réseaux sociaux,2024-05-17,Régulier,0
3210,F,39,Abidjan,Boutique,2022-08-31,Occasionnel,0
3211,F,29,Daloa,Réseaux sociaux,2022-08-28,Régulier,1
3212,M,47,Abengourou,Boutique,2023-03-17,Fidèle,1
3213,M,75,Yamoussoukro,Boutique,2022-05-20,Nouveau,1
3214,M,41,Bouaké,Site Web,2023-05-17,Nouveau,1
3215,F,35,Korhogo,Boutique,2023-04-19,Nouveau,1
3216,M,19,Abidjan,Boutique,2023-07-08,Régulier,0
3217,F,26,Abidjan,Mobile Money,2023-05-21,Fidèle,1
3218,F,31,Abidjan,Mobile Money,2024-09-09,Régulier,0
3219,F,28,Abidjan,Mobile Money,2022-10-28,VIP,1
3220,F,33,Abidjan,Site Web,2023-03-27,Régulier,1
3221,F,53,Abidjan,Boutique,2024-03-19,Nouveau,1
3222,M,47,Abidjan,Partenaire,2022-11-08,Nouveau,1
3223,M,32,Abidjan,Mobile Money,2023-12-20,Régulier,1
3224,M,20,Abidjan,Boutique,2024-11-19,Régulier,1
3225,F,48,Abidjan,Mobile Money,2023-02-16,Occasionnel,1
3226,M,33,Korhogo,Site Web,2022-09-22,Occasionnel,1
3227,M,18,Yamoussoukro,Réseaux sociaux,2022-07-28,Occasionnel,0
3228,F,41,Abidjan,Boutique,2022-01-13,Nouveau,0
3229,M,45,Abidjan,Boutique,2022-11-08,Régulier,1
3230,F,18,Abidjan,Site Web,2024-07-19,Régulier,1
3231,F,24,Abidjan,Mobile Money,2022-10-06,Régulier,1
3232,F,32,Abidjan,Boutique,2024-11-11,Nouveau,1
3233,F,42,Abidjan,Site Web,2024-11-09,Fidèle,0
3234,F,28,San-Pédro,Mobile Money,2024-01-17,Nouveau,1
3235,F,24,San-Pédro,Site Web,2024-12-10,Nouveau,1
3236,F,41,Daloa,Site Web,2023-03-23,Régulier,1
3237,M,28,Bouaké,Mobile Money,2024-11-13,VIP,1
3238,F,39,Yamoussoukro,Mobile Money,2023-08-19,Fidèle,1
3239,F,21,Daloa,Boutique,2022-03-30,Nouveau,1
3240,F,19,Korhogo,Site Web,2024-06-30,Nouveau,1
3241,M,42,Daloa,Boutique,2024-11-06,Régulier,0
3242,M,36,Daloa,Boutique,2024-08-27,Régulier,1
3243,M,44,San-Pédro,Mobile Money,2023-04-02,Occasionnel,1
3244,F,28,Bouaké,Mobile Money,2022-04-23,Nouveau,1
3245,F,25,Abidjan,Mobile Money,2023-10-04,Occasionnel,1
3246,M,48,Abidjan,Mobile Money,2024-08-08,Nouveau,1
3247,F,18,Abidjan,Mobile Money,2024-07-09,Nouveau,1
3248,M,47,Abidjan,Mobile Money,2023-11-07,Régulier,1
3249,M,48,Abidjan,Site Web,2024-05-11,Nouveau,1
3250,F,43,Abidjan,Site Web,2022-02-05,Régulier,1
3251,M,26,Abidjan,Mobile Money,2023-11-14,Régulier,1
3252,M,25,Gagnoa,Boutique,2022-04-29,Occasionnel,1
3253,F,31,Abidjan,Mobile Money,2024-03-31,Occasionnel,1
3254,F,19,Abidjan,Boutique,2022-02-19,Fidèle,1
3255,F,23,Abidjan,Partenaire,2023-10-14,Occasionnel,1
3256,M,41,Abidjan,Boutique,2024-11-04,Fidèle,1
3257,F,41,Yamoussoukro,Mobile Money,2022-05-03,Occasionnel,1
3258,F,22,Bouaké,Boutique,2023-04-13,Occasionnel,1
3259,M,41,Abidjan,Site Web,2022-02-14,VIP,1
3260,F,38,Abidjan,Mobile Money,2024-02-23,Nouveau,1
3261,F,50,Abidjan,Partenaire,2024-10-10,Nouveau,1
3262,M,40,Yamoussoukro,Boutique,2022-01-02,Fidèle,1
3263,F,45,Man,Mobile Money,2023-08-21,Occasionnel,1
3264,F,39,Korhogo,Boutique,2024-05-18,Nouveau,1
3265,F,44,Abidjan,Site Web,2022-01-28,VIP,1
3266,F,19,Daloa,Boutique,2023-06-12,Nouveau,1
3267,F,32,Daloa,Partenaire,2022-05-22,Régulier,1
3268,M,33,Korhogo,Réseaux sociaux,2024-10-08,Régulier,1
3269,M,31,Abidjan,Mobile Money,2023-07-12,Régulier,1
3270,F,38,Abidjan,Mobile Money,2023-07-25,Occasionnel,0
3271,M,40,Abidjan,Mobile Money,2024-12-27,Nouveau,1
3272,M,38,Abidjan,Site Web,2024-05-13,Fidèle,1
3273,M,32,Yamoussoukro,Site Web,2022-12-10,Régulier,1
3274,M,25,Abidjan,Mobile Money,2023-11-21,Nouveau,1
3275,M,46,Abidjan,Partenaire,2022-11-22,Nouveau,0
3276,M,37,San-Pédro,Mobile Money,2023-07-24,Occasionnel,1
3277,F,22,Abidjan,Réseaux sociaux,2024-06-08,Nouveau,0
3278,M,31,Abengourou,Réseaux sociaux,2024-11-04,Fidèle,1
3279,F,18,Daloa,Mobile Money,2024-11-07,Fidèle,1
3280,F,34,Korhogo,Mobile Money,2023-06-27,Nouveau,1
3281,M,31,Daloa,Mobile Money,2024-09-07,Fidèle,1
3282,F,27,Abidjan,Réseaux sociaux,2024-09-04,Régulier,1
3283,F,51,Abidjan,Boutique,2023-08-22,Régulier,0
3284,F,21,Man,Réseaux sociaux,2022-02-09,VIP,1
3285,F,41,Abidjan,Boutique,2022-05-11,Nouveau,1
3286,M,58,Abidjan,Boutique,2023-12-21,Fidèle,1
3287,M,45,Bouaké,Réseaux sociaux,2024-06-28,Nouveau,0
3288,F,33,Abidjan,Boutique,2024-09-25,Occasionnel,1
3289,F,21,Abidjan,Site Web,2022-09-24,Occasionnel,1
3290,F,19,Abidjan,Boutique,2024-09-11,Nouveau,1
3291,F,29,Abidjan,Mobile Money,2024-06-24,Régulier,0
3292,M,26,Yamoussoukro,Mobile Money,2023-06-16,Occasionnel,0
3293,M,26,Abidjan,Mobile Money,2023-02-14,Occasionnel,1
3294,F,30,Abidjan,Site Web,2023-06-01,Occasionnel,1
3295,F,32,Abidjan,Boutique,2024-01-10,Nouveau,1
3296,M,39,Bouaké,Boutique,2024-06-06,Nouveau,1
3297,M,20,Abidjan,Mobile Money,2022-07-07,Nouveau,1
3298,F,26,Abidjan,Site Web,2023-01-02,VIP,1
3299,F,32,San-Pédro,Réseaux sociaux,2022-05-12,Régulier,1
3300,F,31,Abidjan,Site Web,2024-10-23,Occasionnel,1
3301,M,54,Daloa,Partenaire,2023-03-22,Régulier,1
3302,F,36,Abidjan,Mobile Money,2022-10-02,Régulier,1
3303,F,18,Abidjan,Mobile Money,2022-08-11,Nouveau,0
3304,M,38,Abidjan,Boutique,2022-03-23,Nouveau,0
3305,M,40,Korhogo,Mobile Money,2023-06-01,Occasionnel,1
3306,F,32,Abidjan,Site Web,2024-04-25,Nouveau,1
3307,F,20,Abidjan,Site Web,2022-12-20,Fidèle,0
3308,F,53,Abidjan,Mobile Money,2023-03-20,Nouveau,0
3309,M,22,Abidjan,Réseaux sociaux,2023-11-28,Occasionnel,1
3310,F,41,Daloa,Mobile Money,2023-01-25,Occasionnel,1
3311,M,36,Abengourou,Site Web,2024-03-20,Régulier,0
3312,M,40,Abidjan,Boutique,2022-12-18,VIP,1
3313,M,52,Abidjan,Site Web,2023-05-04,Occasionnel,1
3314,M,40,Abidjan,Mobile Money,2024-12-09,Nouveau,1
3315,F,27,Gagnoa,Partenaire,2024-07-04,Régulier,0
3316,F,46,Abidjan,Partenaire,2023-09-18,Nouveau,1
3317,M,27,Abidjan,Boutique,2023-03-06,Nouveau,1
3318,F,35,Gagnoa,Boutique,2024-12-22,Régulier,1
3319,F,19,Gagnoa,Site Web,2023-05-22,Nouveau,1
3320,F,22,Abidjan,Boutique,2023-01-12,Nouveau,1
3321,F,34,Abidjan,Boutique,2023-10-15,Occasionnel,1
3322,F,38,Yamoussoukro,Boutique,2023-03-30,Occasionnel,1
3323,M,18,San-Pédro,Réseaux sociaux,2024-08-31,Fidèle,0
3324,M,39,Abidjan,Site Web,2022-08-20,Nouveau,1
3325,M,24,Abidjan,Mobile Money,2022-02-24,Occasionnel,1
3326,M,48,Abidjan,Réseaux sociaux,2023-04-17,Régulier,1
3327,F,30,Abidjan,Mobile Money,2024-11-04,Fidèle,1
3328,M,21,Abidjan,Mobile Money,2022-03-09,Nouveau,1
3329,F,34,Daloa,Partenaire,2024-06-03,Régulier,1
3330,F,23,Abidjan,Mobile Money,2022-01-01,Régulier,1
3331,M,47,Abidjan,Mobile Money,2023-09-03,Nouveau,1
3332,F,34,San-Pédro,Boutique,2023-05-12,Nouveau,1
3333,F,32,Abidjan,Réseaux sociaux,2022-06-24,Régulier,1
3334,F,40,Abidjan,Mobile Money,2024-03-27,Nouveau,1
3335,F,22,Divo,Boutique,2022-07-11,Nouveau,1
3336,F,19,Abidjan,Mobile Money,2023-04-24,Occasionnel,1
3337,M,38,Korhogo,Boutique,2023-09-04,Nouveau,0
3338,M,21,Abidjan,Boutique,2023-07-22,Nouveau,1
3339,F,21,Abidjan,Mobile Money,2022-02-04,Occasionnel,0
3340,M,43,Bouaké,Partenaire,2023-05-03,Fidèle,0
3341,F,39,Abidjan,Site Web,2023-12-18,Régulier,0
3342,M,20,Abidjan,Réseaux sociaux,2023-07-31,Nouveau,0
3343,F,27,Abidjan,Réseaux sociaux,2024-03-10,Nouveau,1
3344,F,24,Bouaké,Partenaire,2024-04-29,VIP,1
3345,F,53,Abidjan,Site Web,2022-07-16,Régulier,1
3346,M,43,Daloa,Mobile Money,2024-05-30,Régulier,1
3347,M,29,Bouaké,Réseaux sociaux,2024-09-06,Nouveau,1
3348,M,40,Abidjan,Boutique,2024-07-06,Nouveau,1
3349,M,19,Abidjan,Mobile Money,2024-07-21,Nouveau,1
3350,F,26,Abidjan,Boutique,2022-08-21,Fidèle,1
3351,F,35,Bouaké,Mobile Money,2023-12-15,Fidèle,1
3352,F,38,Abidjan,Boutique,2023-05-17,Nouveau,1
3353,F,32,Yamoussoukro,Site Web,2024-12-13,Régulier,0
3354,F,36,Abidjan,Boutique,2024-06-28,Fidèle,1
3355,F,34,Abidjan,Mobile Money,2022-06-26,Fidèle,1
3356,F,32,Daloa,Mobile Money,2024-10-28,Occasionnel,1
3357,M,30,Abidjan,Réseaux sociaux,2024-02-03,Nouveau,1
3358,F,29,Abidjan,Boutique,2023-08-18,VIP,1
3359,M,36,Yamoussoukro,Boutique,2023-05-04,Nouveau,1
3360,M,38,Yamoussoukro,Site Web,2023-06-24,Nouveau,1
3361,F,36,Abidjan,Réseaux sociaux,2024-04-24,Nouveau,0
3362,F,21,Abidjan,Boutique,2024-04-17,Occasionnel,1
3363,M,23,Abidjan,Site Web,2023-08-28,Nouveau,1
3364,M,38,Bouaké,Mobile Money,2024-12-21,Occasionnel,1
3365,F,50,Abidjan,Partenaire,2022-09-12,Fidèle,1
3366,F,35,Bouaké,Boutique,2023-04-12,Occasionnel,1
3367,M,29,Daloa,Site Web,2023-10-18,VIP,1
3368,M,36,Divo,Mobile Money,2022-06-30,Fidèle,1
3369,F,21,Abidjan,Site Web,2023-07-01,Régulier,1
3370,F,48,Abidjan,Boutique,2024-07-02,Régulier,1
3371,M,36,Abidjan,Boutique,2024-01-10,Fidèle,1
3372,F,26,Abidjan,Site Web,2024-02-17,Occasionnel,1
3373,M,32,Abidjan,Site Web,2022-06-27,Nouveau,1
3374,F,28,Korhogo,Boutique,2022-06-08,Fidèle,1
3375,F,48,Abidjan,Réseaux sociaux,2023-04-29,Occasionnel,1
3376,F,31,Abidjan,Mobile Money,2022-12-21,Fidèle,1
3377,F,35,Abidjan,Boutique,2022-01-12,Occasionnel,1
3378,M,40,Abengourou,Mobile Money,2023-08-29,Nouveau,1
3379,F,25,Abidjan,Mobile Money,2024-04-05,Régulier,1
3380,M,36,Daloa,Réseaux sociaux,2024-03-11,Régulier,1
3381,F,37,San-Pédro,Mobile Money,2022-04-23,Occasionnel,1
3382,M,18,Abidjan,Réseaux sociaux,2024-05-04,Fidèle,1
3383,M,36,Bouaké,Mobile Money,2023-02-21,Occasionnel,1
3384,M,33,Abidjan,Site Web,2022-06-20,Nouveau,1
3385,F,35,Abidjan,Mobile Money,2023-06-01,Régulier,1
3386,M,34,Abidjan,Site Web,2022-08-26,Nouveau,1
3387,M,36,Abidjan,Réseaux sociaux,2024-01-07,Occasionnel,1
3388,M,48,Yamoussoukro,Boutique,2024-03-25,Nouveau,0
3389,F,21,San-Pédro,Boutique,2024-03-05,Nouveau,0
3390,F,30,Abidjan,Site Web,2022-05-08,VIP,1
3391,F,41,Bouaké,Site Web,2023-01-17,Nouveau,0
3392,M,39,Abidjan,Mobile Money,2023-06-30,Régulier,1
3393,M,39,Abidjan,Site Web,2024-12-14,Régulier,1
3394,F,64,Yamoussoukro,Site Web,2023-08-21,Nouveau,1
3395,M,40,Abidjan,Site Web,2023-12-17,Fidèle,0
3396,M,46,Daloa,Mobile Money,2023-01-07,Nouveau,1
3397,F,30,Abidjan,Boutique,2022-11-20,Occasionnel,0
3398,F,23,San-Pédro,Partenaire,2024-05-21,Régulier,1
3399,M,30,Abidjan,Boutique,2024-07-02,Régulier,0
3400,M,41,Abidjan,Boutique,2022-03-02,Nouveau,1
3401,F,38,Daloa,Partenaire,2023-08-13,Fidèle,1
3402,M,38,Abidjan,Mobile Money,2024-05-01,VIP,1
3403,M,31,Abidjan,Boutique,2022-06-22,Occasionnel,1
3404,M,29,San-Pédro,Site Web,2023-12-09,Régulier,1
3405,M,32,Abidjan,Site Web,2023-06-03,Occasionnel,1
3406,M,41,Abidjan,Partenaire,2023-07-10,Occasionnel,1
3407,F,43,Abidjan,Site Web,2023-10-13,Occasionnel,1
3408,F,22,Bouaké,Mobile Money,2024-08-13,Nouveau,1
3409,F,42,Bouaké,Boutique,2022-04-06,Régulier,1
3410,F,26,San-Pédro,Mobile Money,2022-08-10,Nouveau,1
3411,M,39,Abidjan,Partenaire,2023-01-13,Nouveau,1
3412,F,31,Abidjan,Mobile Money,2024-05-26,Occasionnel,1
3413,F,51,Abidjan,Boutique,2023-10-11,Nouveau,1
3414,F,29,Abidjan,Boutique,2022-07-25,Occasionnel,0
3415,F,35,Daloa,Mobile Money,2022-01-26,Occasionnel,0
3416,F,40,Abidjan,Mobile Money,2024-12-20,Nouveau,1
3417,M,24,Bouaké,Site Web,2022-05-31,Nouveau,1
3418,M,33,Bouaké,Mobile Money,2022-02-05,Nouveau,1
3419,F,31,Daloa,Partenaire,2023-03-22,Occasionnel,0
3420,M,28,Abidjan,Réseaux sociaux,2023-08-29,Nouveau,0
3421,M,29,Abidjan,Mobile Money,2022-10-11,Régulier,0
3422,F,46,Korhogo,Réseaux sociaux,2022-07-03,Régulier,0
3423,M,27,Bouaké,Mobile Money,2022-04-05,Occasionnel,1
3424,F,40,Abidjan,Mobile Money,2023-03-23,Nouveau,1
3425,F,37,Daloa,Mobile Money,2024-11-08,Nouveau,1
3426,M,18,Korhogo,Réseaux sociaux,2022-06-12,Nouveau,1
3427,F,39,Abidjan,Site Web,2023-09-20,Nouveau,1
3428,M,18,Korhogo,Mobile Money,2022-08-01,VIP,1
3429,M,40,Abidjan,Site Web,2024-01-08,Nouveau,1
3430,M,28,Gagnoa,Site Web,2022-03-08,Nouveau,0
3431,M,34,Abidjan,Site Web,2022-08-11,Fidèle,1
3432,M,19,Abidjan,Boutique,2022-01-09,Fidèle,0
3433,M,35,Abidjan,Réseaux sociaux,2023-12-12,Occasionnel,0
3434,F,44,San-Pédro,Site Web,2024-02-27,Occasionnel,1
3435,F,25,Abengourou,Mobile Money,2022-07-07,Nouveau,1
3436,M,27,Abidjan,Réseaux sociaux,2023-05-12,Régulier,1
3437,F,39,Abidjan,Mobile Money,2022-11-18,Occasionnel,0
3438,F,39,Abidjan,Site Web,2022-02-19,Occasionnel,1
3439,F,18,Abidjan,Site Web,2022-02-10,Nouveau,1
3440,M,56,Daloa,Mobile Money,2024-10-25,Occasionnel,1
3441,F,39,Abidjan,Mobile Money,2023-12-10,Régulier,0
3442,F,41,Gagnoa,Site Web,2023-12-30,Nouveau,1
3443,F,32,Man,Réseaux sociaux,2022-11-20,Occasionnel,1
3444,F,18,Abidjan,Réseaux sociaux,2022-10-17,Nouveau,1
3445,M,41,Abidjan,Site Web,2024-05-20,Régulier,1
3446,F,27,Abengourou,Mobile Money,2023-04-26,Nouveau,0
3447,M,39,San-Pédro,Mobile Money,2022-04-22,Fidèle,1
3448,M,31,Yamoussoukro,Site Web,2023-06-20,Occasionnel,0
3449,F,36,Abidjan,Boutique,2023-07-26,Occasionnel,1
3450,M,25,Abidjan,Site Web,2023-09-17,Occasionnel,1
3451,M,43,Daloa,Mobile Money,2023-08-11,Occasionnel,1
3452,M,20,Abidjan,Mobile Money,2024-07-27,Nouveau,1
3453,F,58,Yamoussoukro,Site Web,2022-09-25,Occasionnel,1
3454,F,58,Daloa,Site Web,2023-10-08,Nouveau,1
3455,M,51,Abidjan,Site Web,2024-08-30,Nouveau,0
3456,M,48,Abidjan,Mobile Money,2024-12-07,Régulier,0
3457,M,33,Abidjan,Réseaux sociaux,2024-11-22,Nouveau,1
3458,M,46,Korhogo,Boutique,2024-03-06,Fidèle,1
3459,F,32,Abidjan,Site Web,2022-04-27,Fidèle,0
3460,M,18,Abidjan,Site Web,2024-12-18,Régulier,1
3461,F,50,Divo,Boutique,2022-02-05,Nouveau,1
3462,M,46,Yamoussoukro,Site Web,2023-08-27,Occasionnel,1
3463,F,33,Abidjan,Boutique,2023-05-05,Fidèle,1
3464,F,20,San-Pédro,Boutique,2024-01-13,Occasionnel,1
3465,M,27,Abidjan,Site Web,2024-05-07,Nouveau,1
3466,M,18,Abengourou,Mobile Money,2024-03-18,Nouveau,1
3467,M,44,San-Pédro,Réseaux sociaux,2022-09-06,Occasionnel,1
3468,F,18,Abidjan,Mobile Money,2024-04-06,Nouveau,1
3469,F,37,Abidjan,Mobile Money,2024-04-09,Nouveau,1
3470,M,24,Abidjan,Site Web,2022-01-27,Régulier,1
3471,F,18,Yamoussoukro,Mobile Money,2023-11-29,Occasionnel,1
3472,F,36,Bouaké,Partenaire,2022-05-20,Nouveau,1
3473,M,30,Abidjan,Boutique,2023-09-08,Fidèle,1
3474,F,43,Gagnoa,Mobile Money,2022-09-07,Nouveau,1
3475,M,20,Abidjan,Mobile Money,2023-01-28,Nouveau,1
3476,F,25,Daloa,Mobile Money,2022-10-25,Nouveau,1
3477,M,18,Yamoussoukro,Mobile Money,2024-08-02,Nouveau,1
3478,M,18,Abidjan,Mobile Money,2024-09-18,Occasionnel,1
3479,M,53,Abidjan,Mobile Money,2024-05-24,Nouveau,1
3480,M,56,Yamoussoukro,Mobile Money,2024-03-02,Fidèle,1
3481,F,35,Bouaké,Boutique,2023-02-02,Fidèle,1
3482,M,24,Abidjan,Mobile Money,2022-06-06,Nouveau,1
3483,M,30,Daloa,Mobile Money,2023-09-15,Régulier,0
3484,M,43,Abidjan,Mobile Money,2023-04-12,Occasionnel,1
3485,M,28,Abidjan,Mobile Money,2022-11-06,Fidèle,1
3486,M,36,San-Pédro,Mobile Money,2022-09-24,Nouveau,0
3487,M,33,Abidjan,Mobile Money,2022-06-26,Régulier,1
3488,M,27,Bouaké,Boutique,2024-06-27,Nouveau,1
3489,F,28,Bouaké,Partenaire,2022-12-18,Nouveau,0
3490,F,37,Abidjan,Mobile Money,2024-10-01,Fidèle,1
3491,M,23,Abidjan,Mobile Money,2024-01-04,Nouveau,1
3492,F,38,Abidjan,Site Web,2022-06-29,Occasionnel,1
3493,M,28,Abidjan,Boutique,2022-03-10,Nouveau,0
3494,M,35,Yamoussoukro,Mobile Money,2023-04-02,Fidèle,1
3495,F,49,Abidjan,Site Web,2022-03-31,Occasionnel,0
3496,M,32,Gagnoa,Site Web,2024-11-09,Nouveau,1
3497,M,44,Abidjan,Partenaire,2024-09-20,Régulier,1
3498,M,18,Abidjan,Partenaire,2023-12-21,Nouveau,1
3499,F,28,Man,Boutique,2022-11-17,Nouveau,0
3500,M,34,Abidjan,Site Web,2024-08-08,Régulier,1
3501,F,55,Bouaké,Boutique,2023-12-10,VIP,0
3502,M,18,Yamoussoukro,Réseaux sociaux,2023-01-27,Régulier,1
3503,F,32,Korhogo,Boutique,2024-08-21,Nouveau,0
3504,M,50,Abidjan,Mobile Money,2022-08-18,Nouveau,1
3505,M,25,Abidjan,Mobile Money,2023-09-14,Régulier,1
3506,M,31,Abengourou,Boutique,2024-01-27,Nouveau,1
3507,F,37,Abidjan,Boutique,2024-09-21,Régulier,1
3508,M,36,Yamoussoukro,Réseaux sociaux,2022-05-31,Occasionnel,1
3509,M,51,Bouaké,Mobile Money,2022-11-11,Fidèle,1
3510,F,38,Bouaké,Réseaux sociaux,2024-07-08,Occasionnel,0
3511,M,48,Daloa,Mobile Money,2023-07-02,Fidèle,1
3512,M,30,Abengourou,Boutique,2024-04-06,Occasionnel,1
3513,M,25,Abidjan,Boutique,2024-04-27,Régulier,1
3514,M,31,Bouaké,Mobile Money,2022-11-30,Nouveau,1
3515,M,21,Yamoussoukro,Boutique,2022-12-29,Occasionnel,1
3516,M,39,Abidjan,Mobile Money,2023-07-01,Nouveau,0
3517,M,29,Korhogo,Mobile Money,2022-01-31,Nouveau,1
3518,F,26,Abidjan,Réseaux sociaux,2024-05-25,Occasionnel,1
3519,M,39,Abidjan,Mobile Money,2022-05-07,Nouveau,1
3520,M,21,San-Pédro,Site Web,2024-10-20,VIP,1
3521,M,42,Divo,Site Web,2024-05-02,Régulier,1
3522,M,28,Abidjan,Mobile Money,2023-01-21,Régulier,0
3523,F,46,Daloa,Réseaux sociaux,2022-03-21,Occasionnel,1
3524,F,29,Abidjan,Site Web,2024-05-15,Nouveau,1
3525,F,40,Abidjan,Site Web,2023-05-07,Nouveau,1
3526,F,35,Abidjan,Réseaux sociaux,2022-08-01,Nouveau,0
3527,F,42,San-Pédro,Boutique,2023-04-16,Occasionnel,1
3528,F,35,Abidjan,Partenaire,2024-09-16,Régulier,1
3529,M,18,Abidjan,Mobile Money,2024-01-24,Nouveau,1
3530,F,45,Daloa,Mobile Money,2024-01-22,Nouveau,1
3531,F,33,Abidjan,Site Web,2023-07-18,Nouveau,1
3532,F,42,Abidjan,Mobile Money,2022-06-17,Occasionnel,1
3533,F,41,Abidjan,Site Web,2024-11-05,Nouveau,1
3534,F,25,Daloa,Boutique,2024-03-21,Occasionnel,1
3535,M,23,Bouaké,Mobile Money,2023-07-19,Nouveau,0
3536,M,41,Daloa,Réseaux sociaux,2024-03-03,Nouveau,1
3537,F,30,Abidjan,Mobile Money,2023-02-02,Régulier,1
3538,M,44,Abidjan,Mobile Money,2024-03-23,VIP,1
3539,F,32,Daloa,Site Web,2024-11-25,Nouveau,1
3540,F,45,Abidjan,Site Web,2023-01-13,Nouveau,1
3541,M,38,Abidjan,Réseaux sociaux,2022-01-10,Nouveau,1
3542,M,37,Abidjan,Mobile Money,2024-03-21,Régulier,1
3543,M,29,Abidjan,Réseaux sociaux,2024-07-22,Occasionnel,1
3544,F,36,Abidjan,Site Web,2024-06-24,Occasionnel,1
3545,F,47,Divo,Réseaux sociaux,2024-12-03,Occasionnel,1
3546,F,33,Abidjan,Mobile Money,2023-01-16,Fidèle,1
3547,F,39,Bouaké,Boutique,2024-10-02,Nouveau,1
3548,M,34,Abidjan,Boutique,2022-08-16,Nouveau,1
3549,F,35,Bouaké,Boutique,2023-10-05,Occasionnel,1
3550,M,52,Bouaké,Mobile Money,2024-08-30,Occasionnel,1
3551,M,47,Man,Boutique,2024-09-29,Nouveau,0
3552,M,34,Abidjan,Site Web,2023-11-11,Fidèle,1
3553,F,36,Daloa,Boutique,2023-08-21,Régulier,1
3554,F,26,Abidjan,Boutique,2023-05-20,Fidèle,0
3555,F,32,Bouaké,Mobile Money,2024-08-07,Fidèle,1
3556,M,37,Man,Réseaux sociaux,2024-08-21,Occasionnel,1
3557,F,43,Bouaké,Boutique,2022-09-20,Fidèle,0
3558,M,42,Yamoussoukro,Boutique,2022-05-29,Régulier,1
3559,M,21,Korhogo,Partenaire,2024-06-10,Occasionnel,1
3560,F,44,Man,Site Web,2024-06-06,Régulier,1
3561,M,33,Abidjan,Mobile Money,2022-04-20,VIP,1
3562,F,23,Abidjan,Site Web,2023-06-22,Régulier,1
3563,M,48,Bouaké,Partenaire,2023-07-09,Régulier,1
3564,F,50,Abengourou,Mobile Money,2022-02-16,Nouveau,1
3565,M,36,Abidjan,Site Web,2023-12-29,Fidèle,1
3566,M,41,Abidjan,Mobile Money,2024-12-01,Occasionnel,0
3567,M,42,Abidjan,Réseaux sociaux,2022-08-20,Régulier,0
3568,F,49,Abidjan,Site Web,2024-05-01,Régulier,1
3569,M,42,Abidjan,Partenaire,2022-03-30,Occasionnel,1
3570,F,19,Abidjan,Site Web,2022-08-24,Nouveau,1
3571,M,56,Abidjan,Mobile Money,2023-09-11,Régulier,0
3572,F,45,Yamoussoukro,Boutique,2024-10-08,Nouveau,0
3573,F,28,Abidjan,Réseaux sociaux,2024-08-27,Nouveau,1
3574,F,22,Abidjan,Mobile Money,2024-10-21,Nouveau,1
3575,F,39,Abidjan,Mobile Money,2024-12-17,Régulier,1
3576,F,30,Abidjan,Site Web,2024-05-26,Nouveau,1
3577,M,37,Abidjan,Boutique,2023-02-02,Nouveau,1
3578,F,42,Abidjan,Mobile Money,2022-05-20,Fidèle,1
3579,M,27,Abidjan,Mobile Money,2024-06-19,Occasionnel,1
3580,F,21,Yamoussoukro,Mobile Money,2022-07-24,Fidèle,1
3581,M,38,Abidjan,Site Web,2023-07-25,Occasionnel,1
3582,M,28,Abidjan,Boutique,2024-04-05,Nouveau,0
3583,F,35,Abidjan,Boutique,2022-02-07,Régulier,1
3584,M,19,Abidjan,Réseaux sociaux,2024-09-27,Occasionnel,0
3585,M,31,Abidjan,Mobile Money,2022-11-29,VIP,1
3586,M,41,Abidjan,Site Web,2022-08-24,Nouveau,1
3587,F,40,Abidjan,Boutique,2023-02-12,Fidèle,1
3588,F,25,Abidjan,Boutique,2023-05-20,Occasionnel,1
3589,M,21,Korhogo,Boutique,2023-05-13,Fidèle,0
3590,F,34,Abidjan,Site Web,2022-06-19,Nouveau,1
3591,M,40,Abidjan,Partenaire,2022-07-27,Régulier,0
3592,F,38,Abidjan,Mobile Money,2023-06-08,Nouveau,1
3593,M,28,Abidjan,Mobile Money,2022-09-05,Régulier,1
3594,F,37,Daloa,Boutique,2023-12-05,Nouveau,1
3595,F,50,Abidjan,Boutique,2024-09-11,Occasionnel,1
3596,M,36,Abidjan,Mobile Money,2022-01-21,Régulier,1
3597,M,18,Divo,Réseaux sociaux,2022-02-09,Occasionnel,1
3598,M,36,Abidjan,Site Web,2023-12-06,Régulier,1
3599,M,56,Abidjan,Boutique,2022-02-01,Régulier,0
3600,F,19,Bouaké,Boutique,2023-12-02,Nouveau,1
3601,F,34,Gagnoa,Mobile Money,2023-06-21,Régulier,0
3602,F,31,Abidjan,Boutique,2023-05-14,Occasionnel,1
3603,F,35,Bouaké,Boutique,2023-10-27,Occasionnel,1
3604,F,36,Abidjan,Réseaux sociaux,2024-09-07,Nouveau,0
3605,M,46,Bouaké,Boutique,2022-05-20,Occasionnel,1
3606,F,34,Abidjan,Mobile Money,2022-05-28,Régulier,1
3607,F,48,Bouaké,Mobile Money,2024-02-02,Fidèle,0
3608,F,32,Abidjan,Mobile Money,2022-02-26,Fidèle,0
3609,F,30,Abidjan,Partenaire,2023-04-15,Régulier,1
3610,F,26,Abidjan,Site Web,2023-06-27,Nouveau,0
3611,M,18,Yamoussoukro,Réseaux sociaux,2023-03-05,Occasionnel,1
3612,F,37,Daloa,Réseaux sociaux,2023-08-07,Nouveau,1
3613,M,56,San-Pédro,Mobile Money,2022-05-05,Régulier,1
3614,M,39,Abengourou,Site Web,2022-10-20,Nouveau,1
3615,M,41,Abidjan,Site Web,2022-01-06,VIP,1
3616,M,29,Yamoussoukro,Mobile Money,2024-11-18,Nouveau,1
3617,F,31,Abidjan,Boutique,2024-06-30,Nouveau,1
3618,F,44,Korhogo,Site Web,2022-10-05,Fidèle,0
3619,F,56,Bouaké,Réseaux sociaux,2022-02-09,Nouveau,0
3620,M,50,Abidjan,Mobile Money,2022-10-23,Nouveau,0
3621,M,42,Abidjan,Réseaux sociaux,2024-11-12,Occasionnel,1
3622,F,34,Daloa,Partenaire,2024-06-07,VIP,0
3623,F,36,San-Pédro,Partenaire,2023-12-23,Nouveau,1
3624,M,25,San-Pédro,Mobile Money,2024-10-07,Occasionnel,1
3625,M,18,Abidjan,Mobile Money,2022-07-13,Nouveau,1
3626,M,21,Abidjan,Site Web,2023-08-11,Occasionnel,1
3627,M,34,Divo,Mobile Money,2024-05-19,Nouveau,1
3628,M,30,Bouaké,Mobile Money,2022-01-21,Occasionnel,1
3629,M,18,Abidjan,Site Web,2023-04-22,Occasionnel,0
3630,F,33,Bouaké,Mobile Money,2023-01-25,Fidèle,1
3631,F,30,Bouaké,Boutique,2022-07-13,Régulier,1
3632,M,21,Yamoussoukro,Partenaire,2022-09-03,Régulier,1
3633,M,29,Bouaké,Boutique,2024-11-26,Occasionnel,1
3634,F,30,Korhogo,Réseaux sociaux,2023-07-14,Nouveau,0
3635,M,27,San-Pédro,Boutique,2022-03-31,Nouveau,1
3636,F,44,Abidjan,Boutique,2024-01-18,Occasionnel,1
3637,M,18,Abidjan,Mobile Money,2023-10-10,Nouveau,1
3638,F,18,Bouaké,Boutique,2023-03-06,Nouveau,1
3639,M,34,Bouaké,Mobile Money,2023-03-11,Occasionnel,1
3640,M,35,Abidjan,Réseaux sociaux,2023-08-12,Nouveau,1
3641,F,38,Korhogo,Réseaux sociaux,2024-10-14,Nouveau,1
3642,F,28,Abidjan,Mobile Money,2024-04-12,Occasionnel,1
3643,M,23,Abidjan,Mobile Money,2023-03-15,Régulier,0
3644,F,33,Korhogo,Site Web,2022-09-27,Nouveau,1
3645,F,29,Man,Boutique,2022-04-30,Régulier,1
3646,M,51,Abidjan,Mobile Money,2022-08-03,Nouveau,1
3647,F,30,Abidjan,Mobile Money,2022-05-31,VIP,1
3648,F,33,Abidjan,Mobile Money,2024-06-01,Occasionnel,1
3649,F,61,Abidjan,Boutique,2023-09-23,Occasionnel,1
3650,M,31,Abidjan,Mobile Money,2022-02-10,Régulier,1
3651,F,40,Abidjan,Site Web,2024-10-11,Occasionnel,1
3652,F,41,Abidjan,Mobile Money,2022-06-14,Occasionnel,1
3653,F,42,Yamoussoukro,Boutique,2023-12-08,Occasionnel,1
3654,F,37,Bouaké,Boutique,2022-01-14,VIP,1
3655,F,36,Yamoussoukro,Mobile Money,2023-10-07,Fidèle,1
3656,F,35,Abidjan,Réseaux sociaux,2023-09-01,Occasionnel,0
3657,F,27,Abidjan,Site Web,2024-09-22,Fidèle,1
3658,F,37,Abidjan,Réseaux sociaux,2023-10-20,Nouveau,1
3659,M,56,Divo,Boutique,2023-06-20,Occasionnel,1
3660,F,47,Abidjan,Boutique,2023-08-05,Occasionnel,1
3661,F,37,Bouaké,Mobile Money,2023-11-25,Nouveau,0
3662,M,43,Abidjan,Boutique,2023-03-30,Fidèle,1
3663,M,24,Korhogo,Boutique,2024-02-21,Fidèle,1
3664,M,31,Abidjan,Boutique,2023-08-03,Fidèle,1
3665,F,44,Abidjan,Mobile Money,2024-11-27,Régulier,1
3666,F,50,San-Pédro,Mobile Money,2022-08-01,Occasionnel,0
3667,F,25,Abidjan,Mobile Money,2024-03-09,Régulier,0
3668,F,28,Bouaké,Mobile Money,2024-06-23,Nouveau,1
3669,F,57,Abidjan,Boutique,2024-02-26,Fidèle,1
3670,M,35,Abengourou,Partenaire,2024-12-09,Nouveau,1
3671,F,54,Yamoussoukro,Mobile Money,2023-04-21,Régulier,1
3672,M,36,Abidjan,Mobile Money,2023-08-15,Régulier,1
3673,F,36,San-Pédro,Mobile Money,2022-06-18,Nouveau,0
3674,F,30,Yamoussoukro,Mobile Money,2023-02-14,Nouveau,1
3675,M,44,Bouaké,Site Web,2022-06-24,Occasionnel,1
3676,M,48,Abidjan,Mobile Money,2024-05-17,Nouveau,1
3677,F,22,Abidjan,Partenaire,2024-05-06,Fidèle,1
3678,M,30,Bouaké,Réseaux sociaux,2022-07-31,Nouveau,0
3679,F,44,Abidjan,Boutique,2024-05-29,Occasionnel,1
3680,F,32,Korhogo,Partenaire,2022-12-18,Nouveau,0
3681,M,28,Abidjan,Site Web,2024-03-10,Nouveau,1
3682,F,45,Bouaké,Partenaire,2024-10-26,Nouveau,1
3683,F,46,Abidjan,Mobile Money,2024-06-27,Fidèle,1
3684,F,29,Bouaké,Partenaire,2022-07-23,Régulier,1
3685,F,36,Abidjan,Mobile Money,2022-07-17,Fidèle,1
3686,F,20,Abidjan,Boutique,2022-05-03,Occasionnel,1
3687,F,24,Abidjan,Partenaire,2024-07-10,Nouveau,1
3688,M,35,Bouaké,Boutique,2023-08-22,Nouveau,1
3689,M,34,Abidjan,Mobile Money,2022-06-20,Occasionnel,1
3690,F,23,Daloa,Mobile Money,2023-10-06,Nouveau,1
3691,F,26,Abidjan,Mobile Money,2023-08-04,Nouveau,1
3692,M,22,Bouaké,Boutique,2023-10-16,Régulier,1
3693,F,39,Bouaké,Boutique,2023-11-27,Nouveau,0
3694,M,18,Abidjan,Boutique,2022-06-30,Occasionnel,1
3695,M,22,Abidjan,Réseaux sociaux,2023-03-01,Occasionnel,1
3696,F,18,Abidjan,Mobile Money,2024-02-29,Régulier,1
3697,F,38,Bouaké,Réseaux sociaux,2024-09-22,Occasionnel,1
3698,F,18,Gagnoa,Boutique,2022-09-23,Régulier,0
3699,F,34,Abidjan,Site Web,2023-09-18,Occasionnel,1
3700,F,52,Yamoussoukro,Site Web,2024-11-04,Nouveau,0
3701,M,52,Yamoussoukro,Réseaux sociaux,2023-10-21,Nouveau,1
3702,F,18,Yamoussoukro,Mobile Money,2022-09-07,Nouveau,1
3703,M,37,Abidjan,Boutique,2023-10-02,Occasionnel,1
3704,M,23,Gagnoa,Réseaux sociaux,2022-01-19,Régulier,1
3705,F,20,Abidjan,Site Web,2023-06-20,Régulier,0
3706,F,32,San-Pédro,Mobile Money,2023-09-14,Nouveau,1
3707,F,47,Abidjan,Site Web,2022-03-03,Nouveau,1
3708,M,40,San-Pédro,Site Web,2022-08-11,Nouveau,1
3709,F,26,Abengourou,Mobile Money,2024-12-18,VIP,1
3710,M,41,Man,Site Web,2023-11-20,Nouveau,0
3711,M,18,Abidjan,Réseaux sociaux,2023-05-18,Occasionnel,1
3712,M,25,San-Pédro,Boutique,2022-09-08,Nouveau,0
3713,M,24,Abidjan,Mobile Money,2022-05-16,Régulier,1
3714,M,34,Yamoussoukro,Boutique,2023-04-14,Occasionnel,0
3715,M,31,Abidjan,Boutique,2023-08-21,Nouveau,1
3716,M,32,Yamoussoukro,Boutique,2022-07-16,Occasionnel,0
3717,M,32,Abidjan,Site Web,2024-05-26,Régulier,1
3718,M,34,Abidjan,Boutique,2023-04-15,Occasionnel,1
3719,M,39,Abidjan,Réseaux sociaux,2022-03-03,VIP,1
3720,F,35,Abidjan,Site Web,2022-05-30,Fidèle,0
3721,M,30,Abidjan,Réseaux sociaux,2024-08-01,Occasionnel,0
3722,F,38,San-Pédro,Boutique,2023-01-06,Fidèle,1
3723,M,43,Daloa,Mobile Money,2023-02-13,Régulier,1
3724,F,27,Daloa,Site Web,2022-08-06,Occasionnel,1
3725,M,33,San-Pédro,Mobile Money,2024-06-03,Régulier,1
3726,M,46,Abidjan,Boutique,2024-06-12,Occasionnel,1
3727,M,21,Abidjan,Mobile Money,2022-09-23,Occasionnel,1
3728,F,53,Abidjan,Boutique,2024-03-09,Occasionnel,1
3729,M,19,Abidjan,Site Web,2023-05-11,Régulier,1
3730,M,30,Bouaké,Boutique,2022-07-02,Fidèle,1
3731,M,23,Yamoussoukro,Boutique,2024-05-21,Nouveau,1
3732,M,58,Bouaké,Mobile Money,2022-04-01,Régulier,1
3733,M,28,Daloa,Mobile Money,2024-08-15,Régulier,1
3734,M,28,Abidjan,Boutique,2022-01-29,Fidèle,1
3735,F,29,Daloa,Réseaux sociaux,2022-12-20,Occasionnel,1
3736,M,35,Abidjan,Réseaux sociaux,2022-09-06,Nouveau,1
3737,F,30,Korhogo,Partenaire,2022-09-15,Nouveau,0
3738,M,32,Abidjan,Mobile Money,2023-06-10,Nouveau,1
3739,M,18,Abidjan,Mobile Money,2024-04-03,Nouveau,0
3740,F,34,Abidjan,Boutique,2023-03-14,Nouveau,1
3741,F,34,Abidjan,Site Web,2023-07-19,Nouveau,1
3742,F,45,Abidjan,Site Web,2024-11-29,Fidèle,1
3743,M,48,Abidjan,Site Web,2023-06-30,Occasionnel,0
3744,F,31,Bouaké,Boutique,2024-05-17,Occasionnel,1
3745,F,42,Man,Boutique,2023-02-26,Régulier,1
3746,M,21,Abidjan,Partenaire,2022-03-27,Nouveau,1
3747,F,42,Abidjan,Mobile Money,2022-10-08,Régulier,1
3748,M,27,Korhogo,Réseaux sociaux,2022-06-24,Fidèle,1
3749,F,20,Abidjan,Site Web,2024-09-20,Occasionnel,1
3750,F,31,San-Pédro,Mobile Money,2022-01-30,Occasionnel,1
3751,F,49,Abidjan,Partenaire,2024-06-19,Nouveau,1
3752,F,35,Abidjan,Réseaux sociaux,2022-06-01,Occasionnel,1
3753,F,50,Abidjan,Site Web,2022-06-14,Occasionnel,0
3754,M,25,Abidjan,Mobile Money,2023-08-03,Nouveau,0
3755,F,45,Bouaké,Mobile Money,2022-03-30,Occasionnel,1
3756,F,26,San-Pédro,Site Web,2022-03-26,Occasionnel,1
3757,F,36,Abidjan,Mobile Money,2024-04-29,Nouveau,1
3758,F,36,Man,Mobile Money,2022-03-07,Nouveau,1
3759,M,41,Abidjan,Boutique,2023-10-16,Occasionnel,1
3760,F,36,Abidjan,Mobile Money,2022-05-10,Nouveau,1
3761,M,25,Korhogo,Site Web,2022-04-04,Régulier,1
3762,F,43,Korhogo,Boutique,2024-01-04,Fidèle,1
3763,F,53,Abidjan,Mobile Money,2023-03-06,Régulier,1
3764,F,27,Abidjan,Boutique,2022-01-22,Nouveau,0
3765,F,18,Abidjan,Mobile Money,2024-01-17,Occasionnel,0
3766,M,39,Abidjan,Mobile Money,2024-11-27,Régulier,1
3767,F,30,Daloa,Boutique,2023-09-07,Régulier,1
3768,F,32,Abidjan,Boutique,2023-02-21,VIP,1
3769,M,40,Yamoussoukro,Mobile Money,2024-07-12,Occasionnel,1
3770,M,28,Abidjan,Site Web,2023-01-04,Nouveau,0
3771,M,31,Abidjan,Boutique,2023-11-03,Occasionnel,1
3772,M,32,Abidjan,Boutique,2023-06-04,Fidèle,1
3773,M,50,Abidjan,Boutique,2024-03-06,Régulier,1
3774,M,34,Bouaké,Site Web,2023-07-22,Fidèle,1
3775,M,20,Abengourou,Boutique,2023-06-12,Régulier,1
3776,F,20,Korhogo,Mobile Money,2023-04-05,VIP,1
3777,M,35,Yamoussoukro,Site Web,2022-11-20,Occasionnel,1
3778,F,21,Abidjan,Site Web,2023-06-17,Fidèle,1
3779,M,18,Man,Mobile Money,2022-03-08,Fidèle,1
3780,M,40,Korhogo,Site Web,2023-01-08,Fidèle,1
3781,F,41,Korhogo,Site Web,2022-03-25,Fidèle,1
3782,M,29,Abidjan,Mobile Money,2022-12-19,Occasionnel,1
3783,M,37,Abidjan,Réseaux sociaux,2023-01-21,Régulier,1
3784,F,36,Daloa,Boutique,2022-01-30,Occasionnel,1
3785,M,40,Abidjan,Site Web,2022-11-21,Régulier,1
3786,M,40,Abidjan,Réseaux sociaux,2024-01-06,Régulier,1
3787,M,18,Abidjan,Partenaire,2024-11-28,Régulier,1
3788,F,31,Bouaké,Boutique,2023-11-07,Occasionnel,1
3789,F,39,Abidjan,Site Web,2024-02-19,Régulier,0
3790,M,29,Yamoussoukro,Mobile Money,2024-01-03,Fidèle,1
3791,F,34,Bouaké,Mobile Money,2024-10-31,Régulier,1
3792,F,42,Abidjan,Réseaux sociaux,2024-10-27,Occasionnel,1
3793,F,34,Abidjan,Boutique,2022-05-06,Fidèle,0
3794,F,50,Man,Réseaux sociaux,2023-06-03,Régulier,1
3795,M,46,Abidjan,Mobile Money,2024-09-21,Occasionnel,1
3796,M,32,Abidjan,Mobile Money,2024-08-23,Occasionnel,1
3797,M,31,Abidjan,Mobile Money,2023-08-09,Régulier,0
3798,M,18,Abidjan,Boutique,2023-05-02,Régulier,1
3799,F,30,Yamoussoukro,Mobile Money,2022-03-05,Nouveau,1
3800,F,19,Abidjan,Boutique,2023-06-07,Nouveau,1
3801,F,36,Korhogo,Partenaire,2023-07-09,Fidèle,1
3802,F,35,Abidjan,Site Web,2023-11-25,Fidèle,1
3803,F,41,Abengourou,Site Web,2023-07-26,Occasionnel,1
3804,F,49,Bouaké,Mobile Money,2022-08-25,Fidèle,1
3805,F,33,Abidjan,Boutique,2024-11-26,Occasionnel,0
3806,F,59,Bouaké,Site Web,2022-08-27,Nouveau,1
3807,M,36,Abidjan,Mobile Money,2023-02-23,Régulier,1
3808,M,19,Divo,Boutique,2023-07-13,Nouveau,1
3809,M,27,Daloa,Partenaire,2022-11-18,Nouveau,1
3810,M,29,Abidjan,Mobile Money,2022-03-17,Fidèle,0
3811,M,40,Abidjan,Réseaux sociaux,2023-11-01,Occasionnel,1
3812,F,23,Abengourou,Mobile Money,2022-09-17,Nouveau,1
3813,M,30,Yamoussoukro,Mobile Money,2024-08-20,Occasionnel,1
3814,F,32,Abidjan,Mobile Money,2024-05-18,Occasionnel,1
3815,F,29,Abidjan,Partenaire,2023-04-14,Régulier,0
3816,F,42,Abidjan,Site Web,2023-05-23,Nouveau,1
3817,F,41,Yamoussoukro,Site Web,2024-11-05,Occasionnel,0
3818,F,46,Bouaké,Boutique,2022-01-30,Occasionnel,1
3819,M,30,San-Pédro,Réseaux sociaux,2023-02-19,Régulier,1
3820,M,47,Bouaké,Boutique,2022-03-08,Fidèle,1
3821,M,18,Bouaké,Boutique,2022-06-01,Occasionnel,0
3822,M,18,Abidjan,Site Web,2024-10-03,Fidèle,1
3823,M,20,Daloa,Site Web,2022-04-22,VIP,1
3824,F,34,Abidjan,Site Web,2024-11-13,Nouveau,1
3825,M,47,San-Pédro,Mobile Money,2024-05-08,Nouveau,1
3826,M,27,Abidjan,Réseaux sociaux,2023-12-04,Régulier,1
3827,F,28,Yamoussoukro,Mobile Money,2024-03-23,Fidèle,1
3828,F,31,Korhogo,Partenaire,2022-07-22,Nouveau,0
3829,M,40,Daloa,Boutique,2022-05-09,Nouveau,1
3830,M,28,Abidjan,Mobile Money,2023-02-08,Régulier,0
3831,F,28,Yamoussoukro,Mobile Money,2024-04-17,Régulier,1
3832,M,19,Abidjan,Boutique,2022-12-01,Nouveau,1
3833,F,27,Abidjan,Boutique,2022-07-12,Occasionnel,1
3834,F,46,Daloa,Réseaux sociaux,2024-05-09,Nouveau,1
3835,F,35,San-Pédro,Site Web,2023-11-26,VIP,1
3836,F,25,Abidjan,Mobile Money,2023-08-12,Régulier,1
3837,M,47,Divo,Boutique,2023-03-28,Occasionnel,1
3838,F,27,Abidjan,Site Web,2024-05-03,Fidèle,1
3839,M,49,Korhogo,Réseaux sociaux,2024-03-15,Occasionnel,1
3840,F,49,Daloa,Boutique,2023-01-30,Fidèle,1
3841,M,34,Korhogo,Partenaire,2022-05-22,Nouveau,1
3842,M,18,San-Pédro,Mobile Money,2024-08-10,Nouveau,0
3843,M,59,Gagnoa,Site Web,2022-05-30,Occasionnel,1
3844,M,38,Bouaké,Site Web,2023-04-15,Nouveau,0
3845,M,30,Abidjan,Boutique,2024-09-08,Fidèle,0
3846,F,44,Abidjan,Mobile Money,2023-04-03,Occasionnel,0
3847,M,41,Daloa,Site Web,2024-06-29,Nouveau,1
3848,M,48,Abidjan,Boutique,2023-06-20,Régulier,1
3849,F,26,Man,Mobile Money,2024-03-26,Occasionnel,1
3850,F,37,Abidjan,Mobile Money,2023-10-11,Occasionnel,1
3851,F,20,Korhogo,Site Web,2022-11-03,Nouveau,1
3852,F,41,Abidjan,Mobile Money,2024-09-06,VIP,1
3853,F,33,San-Pédro,Boutique,2023-05-27,Régulier,1
3854,F,37,Divo,Partenaire,2023-05-17,Fidèle,0
3855,M,32,Abidjan,Site Web,2023-12-23,Régulier,1
3856,F,31,Yamoussoukro,Boutique,2024-10-15,Occasionnel,0
3857,M,24,Abidjan,Boutique,2024-08-12,Nouveau,1
3858,F,42,San-Pédro,Mobile Money,2023-03-08,Régulier,0
3859,M,50,San-Pédro,Boutique,2022-09-11,Nouveau,1
3860,F,27,Abidjan,Mobile Money,2022-12-22,VIP,0
3861,F,40,Abidjan,Mobile Money,2022-10-15,Nouveau,1
3862,F,38,Abidjan,Mobile Money,2022-11-20,Occasionnel,0
3863,M,34,Abidjan,Site Web,2023-04-17,Occasionnel,1
3864,F,18,San-Pédro,Mobile Money,2022-01-24,Occasionnel,1
3865,M,19,Abidjan,Mobile Money,2023-08-07,Régulier,1
3866,F,25,Divo,Réseaux sociaux,2024-07-18,Régulier,1
3867,M,18,Gagnoa,Mobile Money,2023-04-17,Régulier,0
3868,F,49,Korhogo,Site Web,2022-03-28,Fidèle,1
3869,M,38,Bouaké,Boutique,2023-03-03,Occasionnel,1
3870,F,33,Abidjan,Boutique,2023-01-02,Occasionnel,1
3871,F,18,San-Pédro,Mobile Money,2023-10-13,Fidèle,0
3872,F,18,Yamoussoukro,Mobile Money,2022-10-02,Nouveau,1
3873,F,33,Gagnoa,Réseaux sociaux,2022-11-26,Nouveau,0
3874,F,55,Abidjan,Boutique,2024-03-26,Nouveau,1
3875,M,26,Abidjan,Mobile Money,2022-07-12,Régulier,1
3876,F,43,Abengourou,Boutique,2024-10-18,Régulier,1
3877,F,28,San-Pédro,Boutique,2022-11-22,Nouveau,1
3878,M,34,Abidjan,Mobile Money,2024-06-13,Nouveau,0
3879,F,47,Yamoussoukro,Boutique,2022-03-31,Nouveau,1
3880,F,30,Abidjan,Boutique,2022-12-17,Occasionnel,0
3881,M,26,Bouaké,Site Web,2023-02-18,Nouveau,0
3882,M,49,Abidjan,Réseaux sociaux,2023-05-15,Régulier,1
3883,M,34,Abidjan,Boutique,2022-04-11,VIP,1
3884,F,46,Abidjan,Réseaux sociaux,2022-09-28,Régulier,1
3885,M,26,Abidjan,Boutique,2024-08-18,Fidèle,1
3886,F,49,Abidjan,Boutique,2024-10-08,VIP,0
3887,M,37,Abidjan,Site Web,2023-04-28,Régulier,1
3888,M,38,Abidjan,Site Web,2022-05-11,Occasionnel,1
3889,M,35,Bouaké,Mobile Money,2022-10-29,Régulier,1
3890,F,28,Yamoussoukro,Partenaire,2024-11-08,Occasionnel,0
3891,F,33,Yamoussoukro,Partenaire,2024-10-03,Occasionnel,1
3892,M,29,Abidjan,Mobile Money,2024-06-09,Nouveau,1
3893,F,44,Abidjan,Boutique,2024-08-02,Régulier,1
3894,M,31,San-Pédro,Site Web,2024-02-19,Fidèle,0
3895,M,18,Korhogo,Partenaire,2023-11-14,Régulier,1
3896,M,18,Gagnoa,Boutique,2024-04-27,Occasionnel,1
3897,F,18,Divo,Mobile Money,2023-12-09,Régulier,0
3898,F,40,Bouaké,Site Web,2023-01-07,Régulier,1
3899,F,21,Korhogo,Mobile Money,2023-12-04,Régulier,1
3900,F,37,Abidjan,Site Web,2022-11-20,Occasionnel,1
3901,F,35,Daloa,Boutique,2023-11-16,Occasionnel,1
3902,M,33,Divo,Site Web,2023-02-22,Occasionnel,1
3903,M,38,Daloa,Mobile Money,2023-06-18,Fidèle,1
3904,M,35,Abidjan,Boutique,2022-07-18,Nouveau,1
3905,F,18,Abidjan,Site Web,2024-11-13,Fidèle,1
3906,M,30,Abidjan,Mobile Money,2024-03-28,Nouveau,1
3907,M,38,Abidjan,Mobile Money,2022-04-28,VIP,1
3908,M,52,San-Pédro,Mobile Money,2023-06-05,Occasionnel,1
3909,M,52,Yamoussoukro,Réseaux sociaux,2023-05-13,Régulier,1
3910,M,19,Abidjan,Boutique,2024-08-27,Régulier,1
3911,F,30,Yamoussoukro,Site Web,2024-04-06,Régulier,0
3912,F,18,Abidjan,Boutique,2024-08-19,Régulier,1
3913,M,50,Bouaké,Réseaux sociaux,2023-05-27,Nouveau,0
3914,F,45,Abidjan,Boutique,2022-06-20,Nouveau,1
3915,F,37,Abidjan,Mobile Money,2024-02-29,Nouveau,1
3916,F,35,Yamoussoukro,Mobile Money,2022-08-28,Régulier,1
3917,F,49,Daloa,Mobile Money,2023-11-29,Régulier,1
3918,M,47,Daloa,Réseaux sociaux,2023-03-26,Nouveau,0
3919,M,46,Abidjan,Site Web,2023-01-18,Régulier,1
3920,F,39,Yamoussoukro,Site Web,2022-05-11,Nouveau,1
3921,F,30,Abidjan,Site Web,2024-05-26,Nouveau,1
3922,M,42,Abidjan,Réseaux sociaux,2024-01-25,Occasionnel,1
3923,F,42,Bouaké,Partenaire,2023-01-10,Régulier,1
3924,M,31,Yamoussoukro,Site Web,2024-03-18,Nouveau,1
3925,F,30,Man,Mobile Money,2024-12-16,Fidèle,0
3926,M,46,Abidjan,Mobile Money,2024-02-29,Régulier,1
3927,M,52,San-Pédro,Boutique,2024-11-05,Occasionnel,1
3928,M,25,Abidjan,Site Web,2023-05-30,Nouveau,1
3929,F,31,Bouaké,Boutique,2023-02-17,Régulier,1
3930,M,37,San-Pédro,Mobile Money,2024-07-12,Fidèle,1
3931,M,39,Yamoussoukro,Site Web,2023-12-27,Occasionnel,1
3932,M,28,Korhogo,Boutique,2023-10-26,Nouveau,0
3933,F,54,San-Pédro,Mobile Money,2023-12-04,Occasionnel,1
3934,F,38,Abidjan,Réseaux sociaux,2024-12-24,Occasionnel,1
3935,F,39,Abengourou,Boutique,2024-01-23,Nouveau,1
3936,F,53,Man,Mobile Money,2024-06-11,Régulier,1
3937,F,29,Abidjan,Mobile Money,2022-02-09,Nouveau,1
3938,M,33,Abidjan,Boutique,2024-03-01,Fidèle,1
3939,F,20,Abidjan,Boutique,2022-12-14,Occasionnel,0
3940,F,32,San-Pédro,Mobile Money,2022-05-16,Régulier,1
3941,F,18,Divo,Site Web,2022-10-30,Fidèle,0
3942,F,42,San-Pédro,Site Web,2024-06-30,Occasionnel,0
3943,F,38,Abidjan,Mobile Money,2024-06-14,Nouveau,1
3944,M,30,Abidjan,Boutique,2022-12-01,Occasionnel,0
3945,F,32,Abidjan,Boutique,2022-07-30,Occasionnel,1
3946,M,42,Abidjan,Mobile Money,2023-04-04,Régulier,1
3947,F,21,Abidjan,Mobile Money,2022-12-30,Fidèle,1
3948,F,36,Abidjan,Mobile Money,2023-05-22,Régulier,1
3949,M,41,Abidjan,Boutique,2024-05-08,VIP,1
3950,F,18,Abidjan,Réseaux sociaux,2022-12-29,Nouveau,0
3951,F,41,Daloa,Boutique,2022-07-09,Nouveau,1
3952,M,18,Abidjan,Partenaire,2022-04-29,Nouveau,1
3953,M,32,Abidjan,Boutique,2024-01-21,Régulier,1
3954,M,21,Bouaké,Site Web,2022-08-07,Nouveau,0
3955,F,49,Gagnoa,Boutique,2022-08-29,Nouveau,1
3956,M,21,Daloa,Site Web,2024-05-29,VIP,1
3957,M,18,Bouaké,Réseaux sociaux,2022-04-12,Nouveau,1
3958,M,35,Daloa,Boutique,2023-12-16,Nouveau,0
3959,F,29,Yamoussoukro,Boutique,2022-01-13,Occasionnel,1
3960,F,18,Yamoussoukro,Partenaire,2024-10-29,Nouveau,1
3961,F,39,Abidjan,Partenaire,2024-02-21,Nouveau,1
3962,F,18,Bouaké,Partenaire,2024-06-18,Nouveau,1
3963,M,22,Abidjan,Mobile Money,2023-12-31,Nouveau,1
3964,F,27,Abidjan,Mobile Money,2023-03-17,Régulier,0
3965,F,42,Abidjan,Boutique,2024-12-25,Occasionnel,1
3966,F,48,Abidjan,Site Web,2024-05-10,Régulier,1
3967,F,46,Abidjan,Mobile Money,2022-04-08,Régulier,0
3968,F,32,Bouaké,Boutique,2023-09-24,Régulier,1
3969,F,18,Abidjan,Boutique,2023-08-18,Fidèle,1
3970,F,38,Abidjan,Mobile Money,2022-11-10,Occasionnel,1
3971,M,50,Abidjan,Site Web,2023-05-15,Nouveau,1
3972,F,47,Abidjan,Mobile Money,2024-12-03,Nouveau,1
3973,M,39,Yamoussoukro,Réseaux sociaux,2022-04-05,Nouveau,1
3974,F,20,Abidjan,Boutique,2024-10-13,Fidèle,1
3975,F,28,Abidjan,Boutique,2024-02-06,Occasionnel,0
3976,F,55,Abidjan,Boutique,2022-05-03,Nouveau,1
3977,F,18,Abidjan,Mobile Money,2022-12-01,Nouveau,1
3978,F,21,Abidjan,Boutique,2024-07-08,Fidèle,1
3979,F,44,Abidjan,Réseaux sociaux,2024-02-10,Occasionnel,0
3980,M,29,Bouaké,Boutique,2022-03-27,Nouveau,1
3981,F,21,Man,Mobile Money,2022-06-11,Fidèle,1
3982,F,50,Yamoussoukro,Site Web,2024-10-14,Régulier,0
3983,M,39,Abidjan,Mobile Money,2022-06-22,Occasionnel,1
3984,F,29,Abidjan,Boutique,2023-11-15,Occasionnel,0
3985,F,21,Daloa,Boutique,2024-12-26,Régulier,1
3986,F,56,Abidjan,Boutique,2022-07-02,Nouveau,0
3987,F,33,Man,Mobile Money,2022-02-18,VIP,1
3988,F,49,Abidjan,Mobile Money,2024-06-13,Régulier,0
3989,M,43,Abidjan,Mobile Money,2024-11-06,Régulier,1
3990,M,28,Abidjan,Boutique,2023-07-19,Régulier,1
3991,M,28,Korhogo,Site Web,2022-09-13,VIP,1
3992,F,49,Abengourou,Site Web,2022-03-07,Nouveau,1
3993,F,50,Korhogo,Mobile Money,2024-09-24,Nouveau,1
3994,F,18,Abidjan,Mobile Money,2024-05-24,Régulier,1
3995,F,40,Daloa,Site Web,2024-09-08,Nouveau,1
3996,F,32,Abidjan,Boutique,2024-05-13,Régulier,1
3997,F,22,Abidjan,Réseaux sociaux,2023-04-20,Occasionnel,1
3998,F,36,Yamoussoukro,Mobile Money,2023-06-12,Nouveau,1
3999,F,19,Gagnoa,Mobile Money,2023-02-23,Nouveau,1
4000,F,28,Abidjan,Boutique,2024-03-11,Régulier,1
4001,M,25,Abidjan,Site Web,2022-04-20,Nouveau,1
4002,F,28,Abidjan,Boutique,2022-02-13,Nouveau,1
4003,M,33,Abidjan,Mobile Money,2024-11-18,Occasionnel,1
4004,F,22,Abidjan,Mobile Money,2022-12-15,Nouveau,1
4005,M,51,San-Pédro,Site Web,2022-02-07,Régulier,1
4006,F,39,Abidjan,Mobile Money,2024-01-08,VIP,1
4007,F,53,Yamoussoukro,Site Web,2023-03-13,Régulier,1
4008,F,32,Abidjan,Mobile Money,2022-09-10,Régulier,1
4009,F,27,Abidjan,Mobile Money,2023-04-21,Occasionnel,1
4010,M,53,Abidjan,Mobile Money,2023-05-09,VIP,1
4011,F,27,Abidjan,Partenaire,2023-11-02,Fidèle,1
4012,F,32,Abidjan,Mobile Money,2024-10-17,Fidèle,1
4013,M,41,Bouaké,Mobile Money,2024-08-22,Nouveau,1
4014,F,20,Divo,Réseaux sociaux,2024-06-24,Nouveau,1
4015,M,41,Abidjan,Mobile Money,2023-06-23,Nouveau,0
4016,M,40,Bouaké,Mobile Money,2023-09-04,Nouveau,1
4017,F,47,Korhogo,Mobile Money,2022-05-25,Nouveau,1
4018,F,43,Abidjan,Site Web,2023-09-24,Fidèle,0
4019,F,48,Korhogo,Boutique,2024-01-06,Nouveau,1
4020,M,32,Divo,Réseaux sociaux,2024-08-29,Nouveau,1
4021,F,24,San-Pédro,Site Web,2022-02-20,Fidèle,1
4022,F,57,Bouaké,Boutique,2024-08-03,VIP,1
4023,F,18,Yamoussoukro,Mobile Money,2023-07-22,Nouveau,1
4024,M,18,Abidjan,Site Web,2022-04-07,Nouveau,1
4025,M,40,Bouaké,Réseaux sociaux,2024-12-26,Régulier,1
4026,M,51,Gagnoa,Réseaux sociaux,2023-05-25,VIP,0
4027,M,36,Abidjan,Mobile Money,2023-03-27,Régulier,1
4028,M,44,Daloa,Site Web,2022-07-28,Occasionnel,1
4029,F,18,Abidjan,Site Web,2022-03-22,Régulier,1
4030,M,28,Abidjan,Partenaire,2022-04-02,Régulier,1
4031,F,18,Bouaké,Mobile Money,2022-10-20,Nouveau,0
4032,F,42,Daloa,Site Web,2022-11-17,Occasionnel,1
4033,M,18,Bouaké,Site Web,2023-05-23,Fidèle,1
4034,M,19,San-Pédro,Réseaux sociaux,2023-10-31,Régulier,1
4035,F,39,Abidjan,Site Web,2024-12-22,Nouveau,1
4036,F,45,Man,Réseaux sociaux,2024-05-19,Régulier,0
4037,F,32,Bouaké,Boutique,2023-06-17,Régulier,1
4038,M,40,San-Pédro,Mobile Money,2024-09-26,Nouveau,1
4039,F,39,Abidjan,Boutique,2023-09-03,Nouveau,1
4040,M,31,Abidjan,Réseaux sociaux,2023-04-09,Nouveau,0
4041,F,21,Korhogo,Mobile Money,2022-08-27,VIP,1
4042,M,40,Abidjan,Site Web,2023-04-08,Nouveau,1
4043,F,40,Abidjan,Partenaire,2022-02-14,Fidèle,0
4044,M,43,Daloa,Réseaux sociaux,2022-06-17,Occasionnel,1
4045,F,37,Daloa,Site Web,2024-10-31,Fidèle,1
4046,F,21,San-Pédro,Site Web,2022-08-02,VIP,0
4047,F,41,Daloa,Mobile Money,2023-09-13,VIP,1
4048,F,33,Divo,Boutique,2022-04-23,Fidèle,1
4049,F,28,Abidjan,Boutique,2023-10-21,Occasionnel,1
4050,M,30,Bouaké,Site Web,2024-12-04,Nouveau,0
4051,M,26,San-Pédro,Mobile Money,2023-05-17,Nouveau,1
4052,M,43,Yamoussoukro,Mobile Money,2022-05-20,Régulier,1
4053,M,18,Abidjan,Site Web,2022-01-26,Nouveau,1
4054,F,23,Abidjan,Boutique,2024-04-08,Occasionnel,1
4055,M,30,Bouaké,Réseaux sociaux,2022-04-23,Nouveau,1
4056,M,51,Daloa,Boutique,2022-12-14,Régulier,0
4057,F,45,Abidjan,Réseaux sociaux,2024-07-12,Nouveau,1
4058,M,18,Daloa,Boutique,2023-08-12,Nouveau,0
4059,F,48,San-Pédro,Site Web,2024-08-13,Occasionnel,1
4060,M,48,Abidjan,Site Web,2024-08-13,Occasionnel,1
4061,M,21,Bouaké,Mobile Money,2023-12-26,Fidèle,1
4062,M,18,Bouaké,Mobile Money,2024-10-22,Régulier,1
4063,F,33,Abidjan,Réseaux sociaux,2022-02-09,Régulier,1
4064,M,46,Abidjan,Mobile Money,2022-09-21,Nouveau,1
4065,F,51,Abidjan,Site Web,2022-10-31,Nouveau,1
4066,M,24,San-Pédro,Mobile Money,2024-09-24,Régulier,1
4067,F,53,Abidjan,Site Web,2023-11-12,Nouveau,1
4068,M,18,Abidjan,Mobile Money,2022-10-03,Fidèle,1
4069,M,29,Abidjan,Boutique,2022-08-17,Fidèle,0
4070,F,29,San-Pédro,Boutique,2024-05-31,Nouveau,1
4071,F,46,Bouaké,Mobile Money,2024-07-29,Régulier,1
4072,M,48,Abidjan,Boutique,2022-01-17,Occasionnel,1
4073,F,44,Man,Réseaux sociaux,2023-02-05,Nouveau,1
4074,F,19,Abidjan,Site Web,2023-08-10,Occasionnel,1
4075,F,43,Abidjan,Partenaire,2022-09-15,Régulier,0
4076,F,39,Abidjan,Site Web,2024-03-05,VIP,0
4077,M,18,Daloa,Site Web,2024-04-09,Nouveau,1
4078,M,18,San-Pédro,Boutique,2024-07-07,Régulier,1
4079,F,45,Abidjan,Partenaire,2024-05-10,Nouveau,1
4080,F,32,Daloa,Boutique,2024-07-10,Nouveau,0
4081,F,19,Yamoussoukro,Boutique,2023-02-05,Régulier,1
4082,F,31,Korhogo,Réseaux sociaux,2022-11-24,Régulier,1
4083,M,38,Korhogo,Partenaire,2022-12-13,Régulier,0
4084,F,33,Daloa,Boutique,2024-07-23,Fidèle,1
4085,M,18,Abidjan,Mobile Money,2023-12-12,Nouveau,1
4086,M,54,Abidjan,Site Web,2022-12-21,Occasionnel,1
4087,M,45,Man,Site Web,2024-02-29,Nouveau,1
4088,M,30,Bouaké,Boutique,2022-09-13,Régulier,1
4089,F,30,Abidjan,Site Web,2022-10-19,Nouveau,1
4090,F,37,Man,Boutique,2022-01-02,Nouveau,1
4091,F,21,Korhogo,Mobile Money,2024-11-24,Régulier,1
4092,M,37,Yamoussoukro,Site Web,2022-09-16,Occasionnel,1
4093,M,19,Korhogo,Boutique,2024-04-03,Régulier,1
4094,F,33,Abidjan,Site Web,2022-05-10,VIP,1
4095,F,21,Daloa,Mobile Money,2022-02-09,Occasionnel,1
4096,F,21,Gagnoa,Réseaux sociaux,2024-01-10,Occasionnel,1
4097,M,52,Abidjan,Mobile Money,2022-04-18,VIP,1
4098,M,34,Abidjan,Partenaire,2022-06-08,Régulier,1
4099,M,36,Daloa,Site Web,2022-12-28,Nouveau,1
4100,M,18,Abidjan,Mobile Money,2023-10-03,Régulier,1
4101,F,27,Abidjan,Partenaire,2022-01-20,Occasionnel,0
4102,M,39,Abidjan,Boutique,2022-05-19,Régulier,1
4103,M,36,Abidjan,Boutique,2023-01-06,Occasionnel,1
4104,F,18,Abidjan,Réseaux sociaux,2024-02-11,Nouveau,1
4105,M,36,Korhogo,Réseaux sociaux,2022-04-17,Régulier,1
4106,F,38,Yamoussoukro,Site Web,2022-11-09,Nouveau,1
4107,M,48,Daloa,Partenaire,2022-07-31,Fidèle,1
4108,M,26,Abidjan,Mobile Money,2022-12-05,Régulier,1
4109,M,18,Abidjan,Mobile Money,2022-10-10,VIP,1
4110,F,23,Abidjan,Mobile Money,2023-12-03,Nouveau,1
4111,F,21,San-Pédro,Boutique,2022-03-15,Occasionnel,0
4112,M,42,Divo,Site Web,2024-10-25,Nouveau,1
4113,M,18,Abidjan,Mobile Money,2022-09-25,Occasionnel,1
4114,F,29,Gagnoa,Boutique,2024-12-21,Occasionnel,1
4115,M,49,Abidjan,Mobile Money,2024-03-09,Occasionnel,1
4116,F,34,Abidjan,Boutique,2023-01-27,Occasionnel,1
4117,M,43,Daloa,Site Web,2022-11-28,VIP,1
4118,M,18,Abidjan,Mobile Money,2024-11-02,Nouveau,1
4119,F,18,Man,Site Web,2024-12-27,Occasionnel,1
4120,F,49,Abidjan,Site Web,2023-11-02,Régulier,0
4121,M,35,Daloa,Boutique,2022-02-21,Nouveau,1
4122,M,35,Abidjan,Réseaux sociaux,2024-09-19,Régulier,1
4123,M,21,Abidjan,Partenaire,2023-06-07,Régulier,1
4124,F,35,Abidjan,Mobile Money,2022-01-31,Régulier,1
4125,M,21,Divo,Site Web,2024-05-28,Régulier,1
4126,F,47,Bouaké,Mobile Money,2022-02-06,Régulier,1
4127,F,64,Bouaké,Boutique,2023-02-11,VIP,0
4128,F,39,Abidjan,Site Web,2022-03-23,Nouveau,1
4129,M,27,Abidjan,Site Web,2023-04-24,Occasionnel,1
4130,M,18,Abidjan,Réseaux sociaux,2024-05-30,Régulier,0
4131,M,18,San-Pédro,Site Web,2022-05-22,Nouveau,1
4132,M,51,Abidjan,Site Web,2022-06-01,Occasionnel,1
4133,F,22,Abidjan,Boutique,2024-11-13,Régulier,1
4134,F,29,Bouaké,Mobile Money,2022-07-13,Nouveau,0
4135,F,41,Bouaké,Mobile Money,2022-05-04,Occasionnel,1
4136,F,50,Abidjan,Boutique,2023-10-04,Régulier,1
4137,F,31,Abidjan,Site Web,2022-10-30,Nouveau,1
4138,M,29,Abidjan,Mobile Money,2024-11-14,Nouveau,1
4139,M,34,Daloa,Boutique,2022-06-29,Régulier,0
4140,M,27,Abidjan,Mobile Money,2023-09-13,Régulier,1
4141,F,27,Yamoussoukro,Boutique,2024-10-05,Occasionnel,1
4142,M,38,Abidjan,Boutique,2024-03-13,Occasionnel,1
4143,F,36,Korhogo,Mobile Money,2022-02-01,Nouveau,1
4144,F,57,Divo,Mobile Money,2022-07-25,Régulier,0
4145,F,38,Abidjan,Mobile Money,2022-05-18,Nouveau,1
4146,F,46,Abidjan,Boutique,2024-09-28,Fidèle,1
4147,F,22,Abidjan,Partenaire,2022-08-10,Régulier,1
4148,M,39,San-Pédro,Mobile Money,2022-03-03,Nouveau,0
4149,F,26,Abidjan,Boutique,2023-02-24,Régulier,1
4150,F,38,Bouaké,Boutique,2022-11-06,Fidèle,1
4151,F,41,Abidjan,Site Web,2022-06-29,Fidèle,1
4152,M,34,Abidjan,Mobile Money,2023-05-12,Régulier,1
4153,F,60,Yamoussoukro,Mobile Money,2024-09-12,Nouveau,0
4154,F,49,Bouaké,Partenaire,2022-09-05,Régulier,1
4155,M,46,San-Pédro,Partenaire,2024-12-10,Régulier,1
4156,F,42,San-Pédro,Boutique,2023-12-28,Occasionnel,1
4157,M,53,Bouaké,Boutique,2023-02-23,Nouveau,1
4158,F,18,Abidjan,Mobile Money,2024-01-14,Fidèle,1
4159,F,49,Man,Mobile Money,2023-01-17,Occasionnel,1
4160,F,23,San-Pédro,Mobile Money,2022-08-20,Nouveau,1
4161,M,27,Korhogo,Site Web,2022-09-14,Nouveau,1
4162,F,40,Abengourou,Mobile Money,2022-01-10,Nouveau,1
4163,M,47,Abidjan,Mobile Money,2023-12-12,Occasionnel,1
4164,F,21,Yamoussoukro,Mobile Money,2022-03-23,Nouveau,0
4165,M,28,Yamoussoukro,Mobile Money,2022-08-06,Occasionnel,1
4166,F,35,Abidjan,Boutique,2022-01-01,Nouveau,1
4167,F,31,Bouaké,Boutique,2022-03-13,Nouveau,0
4168,F,43,Abidjan,Boutique,2024-09-18,Nouveau,0
4169,M,71,Abidjan,Boutique,2022-01-27,Occasionnel,0
4170,F,38,Abidjan,Boutique,2023-11-12,Occasionnel,0
4171,M,25,Daloa,Site Web,2022-12-25,Occasionnel,1
4172,M,19,Yamoussoukro,Mobile Money,2022-06-01,Régulier,1
4173,M,30,Abidjan,Mobile Money,2022-11-25,Occasionnel,0
4174,F,23,Abidjan,Réseaux sociaux,2022-04-12,Régulier,1
4175,M,39,Bouaké,Site Web,2022-12-09,Nouveau,1
4176,M,38,Abidjan,Boutique,2024-06-14,Occasionnel,1
4177,M,28,Abidjan,Mobile Money,2023-11-11,Nouveau,1
4178,M,55,Abidjan,Mobile Money,2024-06-07,Occasionnel,1
4179,M,25,Korhogo,Mobile Money,2024-02-02,Régulier,1
4180,M,32,Abidjan,Réseaux sociaux,2024-10-12,Régulier,1
4181,M,41,Bouaké,Boutique,2022-04-29,Occasionnel,1
4182,F,43,Korhogo,Mobile Money,2022-06-24,Occasionnel,1
4183,M,48,Abidjan,Mobile Money,2023-03-27,Nouveau,1
4184,F,38,Korhogo,Mobile Money,2023-07-26,VIP,0
4185,M,45,Abidjan,Mobile Money,2024-05-08,Nouveau,1
4186,M,26,Abidjan,Boutique,2022-05-14,Nouveau,1
4187,F,44,Abidjan,Boutique,2022-05-02,Nouveau,1
4188,F,43,Bouaké,Réseaux sociaux,2024-05-21,VIP,1
4189,F,50,Divo,Site Web,2023-08-25,Fidèle,1
4190,F,18,Yamoussoukro,Réseaux sociaux,2023-03-28,Nouveau,1
4191,F,24,Bouaké,Réseaux sociaux,2022-09-01,Nouveau,0
4192,M,43,Abidjan,Partenaire,2024-02-01,Régulier,1
4193,M,18,Man,Partenaire,2024-05-28,Nouveau,1
4194,M,39,Abidjan,Mobile Money,2022-02-03,Nouveau,1
4195,F,45,Abidjan,Mobile Money,2022-03-01,Occasionnel,0
4196,F,27,Abengourou,Mobile Money,2024-05-01,Occasionnel,0
4197,F,29,Abidjan,Site Web,2024-08-25,Occasionnel,1
4198,M,22,Abidjan,Site Web,2022-09-09,Régulier,0
4199,F,28,Abidjan,Mobile Money,2024-02-12,Régulier,1
4200,F,28,Abidjan,Réseaux sociaux,2024-07-11,Occasionnel,1
4201,F,26,San-Pédro,Site Web,2022-05-04,Nouveau,1
4202,M,25,Abidjan,Site Web,2022-07-23,Nouveau,0
4203,F,31,Divo,Boutique,2022-05-23,Fidèle,1
4204,M,30,Abidjan,Mobile Money,2024-05-15,Nouveau,1
4205,M,54,Bouaké,Boutique,2024-04-24,Occasionnel,1
4206,M,29,Yamoussoukro,Mobile Money,2022-05-27,Nouveau,1
4207,F,37,Bouaké,Site Web,2022-07-10,Nouveau,0
4208,F,27,Abidjan,Mobile Money,2023-12-28,Occasionnel,1
4209,F,27,Bouaké,Mobile Money,2024-09-09,Nouveau,1
4210,F,18,Yamoussoukro,Boutique,2024-05-03,Régulier,1
4211,M,18,Korhogo,Boutique,2022-07-03,Occasionnel,1
4212,F,20,Abidjan,Boutique,2023-02-27,Régulier,1
4213,F,36,Abidjan,Partenaire,2022-03-14,Régulier,1
4214,F,45,Bouaké,Mobile Money,2022-09-25,Nouveau,1
4215,M,18,Abidjan,Réseaux sociaux,2023-09-09,Régulier,1
4216,F,27,Abidjan,Mobile Money,2023-01-13,Fidèle,1
4217,M,18,Gagnoa,Mobile Money,2023-10-27,Nouveau,0
4218,F,31,Abidjan,Partenaire,2022-11-21,Régulier,1
4219,M,45,Abidjan,Site Web,2023-09-10,Régulier,1
4220,M,29,Bouaké,Site Web,2023-11-25,Régulier,0
4221,F,33,Abidjan,Site Web,2022-08-02,Nouveau,1
4222,F,50,Abidjan,Boutique,2022-02-18,Nouveau,1
4223,F,39,Abidjan,Site Web,2023-01-06,Nouveau,1
4224,F,25,Abidjan,Mobile Money,2022-02-15,Nouveau,1
4225,F,35,Abidjan,Site Web,2022-06-24,Occasionnel,1
4226,M,24,San-Pédro,Partenaire,2022-11-12,Fidèle,0
4227,M,38,Abidjan,Réseaux sociaux,2023-01-06,Occasionnel,1
4228,F,39,Abidjan,Site Web,2022-10-31,Occasionnel,1
4229,M,18,Bouaké,Site Web,2022-02-28,Nouveau,0
4230,F,35,Abidjan,Boutique,2022-07-13,Occasionnel,1
4231,M,32,Abidjan,Boutique,2024-08-24,Régulier,1
4232,F,39,Abidjan,Réseaux sociaux,2024-02-24,Fidèle,1
4233,M,43,Abidjan,Site Web,2023-05-02,Occasionnel,1
4234,M,39,Abidjan,Boutique,2022-01-27,Occasionnel,1
4235,F,30,Abidjan,Site Web,2023-01-28,Nouveau,1
4236,F,44,Korhogo,Mobile Money,2024-10-09,VIP,1
4237,F,24,Gagnoa,Réseaux sociaux,2024-06-05,Nouveau,0
4238,M,19,Korhogo,Réseaux sociaux,2024-04-09,Nouveau,0
4239,M,18,Abidjan,Mobile Money,2022-09-30,Occasionnel,1
4240,M,33,Daloa,Mobile Money,2023-03-18,Nouveau,1
4241,M,24,Bouaké,Site Web,2022-02-01,Nouveau,1
4242,M,38,Abidjan,Mobile Money,2024-07-29,Fidèle,1
4243,F,18,Man,Partenaire,2022-05-04,Nouveau,1
4244,F,26,Daloa,Mobile Money,2023-11-08,Nouveau,1
4245,M,39,Abidjan,Mobile Money,2022-11-05,Nouveau,1
4246,F,22,Gagnoa,Mobile Money,2023-09-17,Nouveau,1
4247,M,38,Abidjan,Site Web,2024-06-24,VIP,1
4248,F,27,Abidjan,Boutique,2022-12-09,Régulier,0
4249,F,33,Abidjan,Réseaux sociaux,2022-01-19,Fidèle,1
4250,M,40,Abidjan,Partenaire,2023-12-28,Fidèle,1
4251,F,44,Gagnoa,Site Web,2023-08-06,Régulier,1
4252,F,35,Bouaké,Mobile Money,2022-06-02,Occasionnel,1
4253,F,25,Abidjan,Mobile Money,2022-02-23,Occasionnel,1
4254,M,28,Daloa,Réseaux sociaux,2023-07-29,Régulier,1
4255,M,41,Korhogo,Mobile Money,2023-11-03,Régulier,1
4256,F,22,Man,Réseaux sociaux,2022-05-08,Occasionnel,1
4257,F,32,Man,Réseaux sociaux,2023-10-19,Occasionnel,1
4258,F,29,Korhogo,Site Web,2023-05-03,Régulier,1
4259,M,32,Bouaké,Site Web,2022-05-31,Nouveau,1
4260,F,22,Abidjan,Partenaire,2023-11-06,Occasionnel,1
4261,M,18,Man,Site Web,2023-12-08,Occasionnel,1
4262,M,39,Abidjan,Site Web,2022-06-20,Occasionnel,1
4263,F,44,Abidjan,Boutique,2024-01-08,Occasionnel,1
4264,M,18,Abidjan,Boutique,2022-09-01,Régulier,1
4265,M,38,Abidjan,Boutique,2023-10-16,Régulier,0
4266,F,45,Bouaké,Partenaire,2024-06-09,Nouveau,0
4267,F,40,Korhogo,Site Web,2024-10-23,Occasionnel,1
4268,M,29,Abidjan,Site Web,2022-10-08,Nouveau,1
4269,M,23,Bouaké,Mobile Money,2023-01-06,Nouveau,1
4270,M,34,Abidjan,Réseaux sociaux,2022-04-15,Nouveau,1
4271,M,36,Yamoussoukro,Boutique,2024-11-27,Régulier,1
4272,F,35,Abidjan,Site Web,2022-12-29,Régulier,1
4273,M,32,Abidjan,Mobile Money,2024-05-28,Nouveau,0
4274,M,22,Bouaké,Réseaux sociaux,2024-10-20,Fidèle,1
4275,F,38,Abidjan,Site Web,2023-06-05,Occasionnel,1
4276,F,39,Abidjan,Boutique,2024-01-30,Régulier,1
4277,F,36,Abidjan,Mobile Money,2023-06-02,Occasionnel,0
4278,M,35,Abidjan,Mobile Money,2023-09-23,Régulier,0
4279,F,52,Yamoussoukro,Mobile Money,2022-10-01,Occasionnel,1
4280,M,27,Abidjan,Mobile Money,2024-07-09,Nouveau,1
4281,F,48,Abidjan,Boutique,2022-05-15,Nouveau,1
4282,F,25,Korhogo,Boutique,2023-12-24,Régulier,1
4283,M,46,Daloa,Boutique,2024-10-04,Fidèle,1
4284,F,47,Abidjan,Site Web,2024-06-07,Régulier,1
4285,M,30,Yamoussoukro,Boutique,2024-04-10,Régulier,1
4286,F,52,Abidjan,Mobile Money,2023-12-21,Nouveau,1
4287,M,39,Abidjan,Réseaux sociaux,2024-11-01,Régulier,1
4288,F,24,Yamoussoukro,Boutique,2024-08-04,Fidèle,1
4289,M,29,Abidjan,Site Web,2022-10-29,Occasionnel,1
4290,M,46,Abidjan,Partenaire,2023-11-15,Occasionnel,1
4291,F,44,Korhogo,Site Web,2023-04-15,Nouveau,0
4292,F,22,Daloa,Boutique,2022-10-18,Nouveau,1
4293,F,32,Man,Boutique,2024-06-14,Nouveau,1
4294,M,36,Korhogo,Réseaux sociaux,2022-02-15,Régulier,1
4295,M,28,Abidjan,Réseaux sociaux,2022-05-21,Régulier,1
4296,F,59,Bouaké,Mobile Money,2022-04-26,Nouveau,0
4297,F,36,Abidjan,Site Web,2022-08-10,Fidèle,1
4298,M,33,Yamoussoukro,Réseaux sociaux,2023-07-16,Fidèle,1
4299,M,47,Abidjan,Réseaux sociaux,2024-10-28,Occasionnel,1
4300,M,29,Abidjan,Mobile Money,2024-11-30,VIP,1
4301,F,45,Abidjan,Boutique,2024-09-12,Fidèle,1
4302,M,18,Daloa,Boutique,2024-04-11,Nouveau,1
4303,M,29,Abidjan,Mobile Money,2023-05-19,VIP,0
4304,F,45,Bouaké,Site Web,2024-04-29,Occasionnel,1
4305,F,51,San-Pédro,Boutique,2022-10-21,Nouveau,1
4306,F,25,Daloa,Mobile Money,2023-12-28,Nouveau,0
4307,M,24,Abidjan,Mobile Money,2022-01-10,Régulier,1
4308,F,40,Abidjan,Réseaux sociaux,2024-09-16,VIP,0
4309,M,27,Man,Réseaux sociaux,2024-11-29,Occasionnel,1
4310,M,31,Bouaké,Réseaux sociaux,2024-03-16,Occasionnel,1
4311,M,43,Abidjan,Réseaux sociaux,2022-07-11,Nouveau,0
4312,M,28,Divo,Partenaire,2022-10-10,Fidèle,1
4313,F,18,Abidjan,Boutique,2024-03-21,Nouveau,1
4314,M,19,Abidjan,Mobile Money,2023-07-01,Occasionnel,1
4315,F,34,Abidjan,Réseaux sociaux,2023-08-23,Occasionnel,1
4316,M,18,Abidjan,Site Web,2023-03-19,Nouveau,1
4317,M,30,Abidjan,Boutique,2024-07-04,Fidèle,1
4318,M,18,Yamoussoukro,Partenaire,2022-07-01,VIP,0
4319,M,52,Abidjan,Mobile Money,2023-04-29,Occasionnel,1
4320,F,57,Yamoussoukro,Réseaux sociaux,2022-09-01,Régulier,1
4321,M,22,San-Pédro,Boutique,2024-01-28,Fidèle,1
4322,M,36,Korhogo,Mobile Money,2022-11-09,Nouveau,1
4323,M,23,Abidjan,Réseaux sociaux,2022-11-24,Nouveau,1
4324,F,30,Daloa,Site Web,2022-07-10,Régulier,1
4325,F,53,Abidjan,Site Web,2024-08-03,Occasionnel,1
4326,M,28,Yamoussoukro,Site Web,2022-08-26,Régulier,1
4327,F,30,Abidjan,Mobile Money,2024-08-09,Occasionnel,0
4328,M,23,Yamoussoukro,Mobile Money,2024-09-30,Régulier,0
4329,M,46,Abidjan,Mobile Money,2024-11-21,Nouveau,1
4330,M,18,Bouaké,Mobile Money,2023-01-11,Nouveau,1
4331,F,29,Abidjan,Mobile Money,2023-12-19,Nouveau,1
4332,M,33,Abidjan,Boutique,2024-06-25,Occasionnel,1
4333,F,26,Bouaké,Mobile Money,2022-03-27,Régulier,1
4334,F,43,Abidjan,Boutique,2022-03-12,Fidèle,1
4335,M,47,Yamoussoukro,Mobile Money,2022-08-15,Occasionnel,1
4336,F,18,Yamoussoukro,Mobile Money,2024-12-11,Régulier,1
4337,F,57,Bouaké,Partenaire,2022-04-09,Nouveau,1
4338,F,18,Daloa,Partenaire,2024-04-17,Occasionnel,0
4339,F,48,Daloa,Réseaux sociaux,2024-07-07,Fidèle,1
4340,M,35,Man,Mobile Money,2024-09-19,Nouveau,1
4341,F,28,Abidjan,Site Web,2023-08-02,Régulier,1
4342,F,29,Bouaké,Mobile Money,2023-07-30,Nouveau,1
4343,M,33,Daloa,Boutique,2024-03-23,Nouveau,0
4344,F,36,Abidjan,Réseaux sociaux,2023-11-26,Régulier,1
4345,M,23,Abidjan,Boutique,2024-05-11,Régulier,1
4346,M,31,Abidjan,Partenaire,2023-01-31,Occasionnel,1
4347,M,25,Bouaké,Site Web,2024-10-19,Fidèle,1
4348,M,20,Abidjan,Mobile Money,2023-04-19,Fidèle,1
4349,F,25,Yamoussoukro,Mobile Money,2022-09-29,Régulier,0
4350,M,21,Bouaké,Réseaux sociaux,2024-04-02,Nouveau,1
4351,F,29,Yamoussoukro,Boutique,2023-11-11,Occasionnel,1
4352,F,38,Abidjan,Mobile Money,2022-02-24,Régulier,1
4353,M,35,Daloa,Mobile Money,2022-07-02,Régulier,0
4354,F,55,Yamoussoukro,Partenaire,2022-02-10,Occasionnel,1
4355,M,18,Abidjan,Mobile Money,2023-09-23,Occasionnel,1
4356,M,39,Abidjan,Partenaire,2024-08-16,Nouveau,1
4357,M,34,Abidjan,Site Web,2022-12-20,Nouveau,1
4358,F,42,Man,Mobile Money,2022-05-01,Occasionnel,1
4359,F,41,Abidjan,Boutique,2024-07-21,Fidèle,1
4360,M,32,Abidjan,Site Web,2024-02-29,Régulier,0
4361,F,35,Abidjan,Boutique,2023-08-20,VIP,1
4362,M,25,Abidjan,Mobile Money,2022-08-07,Régulier,1
4363,M,40,Abidjan,Mobile Money,2024-01-07,Nouveau,1
4364,M,18,Daloa,Réseaux sociaux,2023-02-05,Régulier,1
4365,M,42,Abidjan,Site Web,2022-09-26,Fidèle,1
4366,F,33,San-Pédro,Boutique,2022-11-18,Régulier,0
4367,F,28,Abidjan,Mobile Money,2022-03-09,Occasionnel,1
4368,M,31,Abidjan,Boutique,2023-06-21,Régulier,1
4369,F,32,Daloa,Site Web,2024-04-04,Nouveau,1
4370,F,48,Yamoussoukro,Mobile Money,2024-06-24,Nouveau,1
4371,F,69,San-Pédro,Partenaire,2024-03-03,Nouveau,1
4372,F,47,Abidjan,Réseaux sociaux,2024-08-16,Occasionnel,1
4373,F,27,Abidjan,Mobile Money,2024-11-21,Fidèle,1
4374,F,40,Yamoussoukro,Réseaux sociaux,2022-09-01,Nouveau,1
4375,M,41,Abidjan,Site Web,2023-04-20,Nouveau,1
4376,F,23,San-Pédro,Site Web,2023-01-05,Régulier,1
4377,M,20,Abidjan,Mobile Money,2024-01-20,Fidèle,1
4378,F,33,Abidjan,Réseaux sociaux,2024-07-05,Occasionnel,1
4379,M,42,Daloa,Boutique,2024-09-01,Occasionnel,0
4380,F,18,Yamoussoukro,Réseaux sociaux,2022-04-09,Occasionnel,1
4381,M,26,Korhogo,Mobile Money,2023-07-18,Régulier,1
4382,F,40,Korhogo,Mobile Money,2022-05-09,Fidèle,1
4383,F,34,Abidjan,Partenaire,2022-12-28,Nouveau,1
4384,F,49,Bouaké,Boutique,2023-06-10,Fidèle,1
4385,M,18,Abengourou,Mobile Money,2023-11-10,Régulier,0
4386,M,59,Abidjan,Réseaux sociaux,2024-05-15,Régulier,0
4387,F,18,Abidjan,Mobile Money,2024-12-25,Nouveau,1
4388,F,18,Man,Réseaux sociaux,2023-01-03,Fidèle,1
4389,M,33,Abidjan,Réseaux sociaux,2023-09-05,Occasionnel,1
4390,M,21,Man,Mobile Money,2022-03-18,Occasionnel,1
4391,F,33,Abidjan,Boutique,2022-05-03,Occasionnel,1
4392,M,33,Korhogo,Partenaire,2024-11-25,Nouveau,0
4393,F,31,Bouaké,Partenaire,2024-10-24,Nouveau,1
4394,M,24,Yamoussoukro,Boutique,2024-10-25,Nouveau,1
4395,F,38,Daloa,Site Web,2022-10-14,Nouveau,0
4396,F,30,Abidjan,Site Web,2023-12-15,Occasionnel,1
4397,F,46,Bouaké,Mobile Money,2022-09-08,Régulier,1
4398,M,32,Man,Site Web,2024-01-17,Régulier,0
4399,F,23,Divo,Mobile Money,2023-06-15,Occasionnel,1
4400,M,18,Gagnoa,Mobile Money,2024-10-19,Nouveau,1
4401,M,32,Bouaké,Boutique,2023-02-14,Occasionnel,1
4402,M,20,Bouaké,Réseaux sociaux,2023-12-07,Régulier,1
4403,F,19,Bouaké,Mobile Money,2023-12-23,Régulier,1
4404,F,39,Bouaké,Mobile Money,2024-05-13,Nouveau,0
4405,F,18,Bouaké,Mobile Money,2022-02-26,Fidèle,1
4406,M,49,Abidjan,Mobile Money,2023-05-23,Régulier,1
4407,M,35,Abidjan,Partenaire,2023-05-11,Fidèle,0
4408,F,33,Bouaké,Boutique,2022-09-07,Régulier,0
4409,M,22,Abidjan,Mobile Money,2024-05-31,Occasionnel,0
4410,F,42,Abidjan,Partenaire,2024-06-30,Fidèle,0
4411,F,33,Abidjan,Mobile Money,2022-03-31,Fidèle,0
4412,F,26,San-Pédro,Boutique,2024-01-20,Fidèle,0
4413,M,36,Gagnoa,Réseaux sociaux,2024-08-01,Fidèle,1
4414,F,18,Bouaké,Site Web,2022-11-14,Fidèle,1
4415,F,18,Divo,Mobile Money,2023-11-24,Régulier,1
4416,M,21,Korhogo,Site Web,2023-11-14,Nouveau,1
4417,M,37,Abidjan,Site Web,2022-01-21,Occasionnel,1
4418,F,33,Abidjan,Site Web,2024-06-13,Régulier,1
4419,F,45,Abidjan,Mobile Money,2024-04-01,Régulier,1
4420,F,23,Abidjan,Réseaux sociaux,2022-10-24,Occasionnel,1
4421,F,40,Bouaké,Boutique,2022-12-10,Occasionnel,1
4422,F,32,Abidjan,Site Web,2024-04-21,VIP,1
4423,M,23,Man,Partenaire,2024-05-27,Occasionnel,1
4424,F,38,Bouaké,Réseaux sociaux,2022-03-21,Nouveau,1
4425,M,33,Abidjan,Site Web,2023-01-29,Régulier,1
4426,F,27,Abengourou,Mobile Money,2023-11-16,Occasionnel,1
4427,F,34,Divo,Mobile Money,2022-05-20,Nouveau,1
4428,F,32,Daloa,Boutique,2024-12-29,Régulier,0
4429,F,32,Daloa,Mobile Money,2022-08-17,VIP,1
4430,F,29,Gagnoa,Site Web,2024-08-06,Nouveau,0
4431,F,19,Bouaké,Site Web,2022-03-12,Occasionnel,0
4432,M,34,Korhogo,Boutique,2024-08-16,Occasionnel,0
4433,M,25,Abidjan,Mobile Money,2022-02-13,Régulier,0
4434,F,22,Bouaké,Réseaux sociaux,2024-01-15,Occasionnel,1
4435,M,31,Abidjan,Boutique,2023-01-30,Occasionnel,1
4436,M,42,Abidjan,Boutique,2023-05-20,Régulier,1
4437,M,36,Abidjan,Boutique,2022-04-29,VIP,1
4438,F,28,Abidjan,Mobile Money,2024-01-12,Nouveau,1
4439,F,27,Abidjan,Site Web,2023-11-13,Occasionnel,0
4440,F,40,Abidjan,Mobile Money,2022-12-18,Régulier,1
4441,F,18,Abidjan,Boutique,2023-06-02,Nouveau,1
4442,F,42,San-Pédro,Mobile Money,2023-08-29,Régulier,0
4443,M,18,Bouaké,Mobile Money,2024-01-24,Occasionnel,1
4444,M,18,Yamoussoukro,Mobile Money,2023-08-14,Nouveau,1
4445,F,28,Abidjan,Mobile Money,2022-03-06,Nouveau,1
4446,F,57,San-Pédro,Réseaux sociaux,2023-08-19,Nouveau,1
4447,F,52,Abidjan,Réseaux sociaux,2023-01-17,Régulier,1
4448,F,41,Abidjan,Mobile Money,2023-03-28,Régulier,1
4449,M,37,Abidjan,Mobile Money,2023-02-10,Régulier,1
4450,F,18,Man,Site Web,2023-01-22,Régulier,1
4451,M,35,Abengourou,Mobile Money,2022-09-16,Occasionnel,1
4452,M,27,Daloa,Boutique,2022-12-28,Fidèle,1
4453,M,25,Yamoussoukro,Mobile Money,2024-02-20,Fidèle,1
4454,M,35,Abidjan,Boutique,2022-09-04,Nouveau,1
4455,M,28,Yamoussoukro,Partenaire,2024-04-11,Régulier,0
4456,F,43,Abidjan,Mobile Money,2023-04-26,Régulier,1
4457,F,18,Abidjan,Partenaire,2023-10-31,Occasionnel,1
4458,M,34,Abengourou,Réseaux sociaux,2022-05-09,Nouveau,1
4459,F,24,Gagnoa,Partenaire,2022-08-15,Nouveau,1
4460,M,29,Abidjan,Site Web,2024-09-14,VIP,0
4461,F,37,Abidjan,Réseaux sociaux,2024-06-28,Régulier,0
4462,F,21,Abidjan,Boutique,2022-03-18,Régulier,1
4463,F,35,Abidjan,Réseaux sociaux,2024-09-16,Fidèle,1
4464,M,31,Abidjan,Mobile Money,2024-07-05,Nouveau,1
4465,F,26,Bouaké,Site Web,2022-05-31,VIP,1
4466,F,28,Abidjan,Site Web,2022-09-22,Occasionnel,1
4467,F,32,Abidjan,Mobile Money,2022-07-14,Régulier,1
4468,M,25,Abidjan,Mobile Money,2024-07-23,Nouveau,0
4469,M,34,Daloa,Mobile Money,2024-07-23,Nouveau,1
4470,F,30,Abidjan,Boutique,2024-02-28,Occasionnel,0
4471,M,27,Abidjan,Mobile Money,2022-10-01,Nouveau,1
4472,F,51,Yamoussoukro,Mobile Money,2024-10-05,Nouveau,0
4473,M,38,Daloa,Mobile Money,2024-07-16,Nouveau,0
4474,F,29,Abidjan,Boutique,2024-08-10,Régulier,1
4475,F,35,Daloa,Mobile Money,2023-01-30,Fidèle,1
4476,M,22,Abidjan,Mobile Money,2024-02-07,Nouveau,1
4477,M,29,Bouaké,Mobile Money,2024-01-10,Nouveau,1
4478,F,30,Abidjan,Boutique,2022-06-16,Occasionnel,1
4479,M,20,Man,Mobile Money,2023-10-01,Régulier,0
4480,M,38,Abengourou,Partenaire,2023-08-25,Régulier,1
4481,F,28,Daloa,Mobile Money,2023-10-03,VIP,0
4482,M,30,Man,Mobile Money,2023-01-08,Nouveau,1
4483,M,27,Abidjan,Boutique,2024-01-03,Occasionnel,1
4484,F,66,Yamoussoukro,Réseaux sociaux,2024-08-27,Fidèle,1
4485,M,26,Abidjan,Boutique,2023-10-25,Régulier,1
4486,F,18,Abidjan,Mobile Money,2024-08-13,Occasionnel,1
4487,M,18,Abidjan,Boutique,2024-04-24,Fidèle,1
4488,F,42,Daloa,Boutique,2022-12-10,Nouveau,1
4489,F,48,Yamoussoukro,Boutique,2024-03-16,Nouveau,1
4490,M,26,Korhogo,Partenaire,2024-01-06,Nouveau,1
4491,M,48,Bouaké,Partenaire,2024-10-30,Fidèle,1
4492,M,42,Man,Boutique,2023-01-06,Fidèle,1
4493,M,31,Korhogo,Mobile Money,2022-06-29,Nouveau,1
4494,F,31,San-Pédro,Boutique,2024-01-13,Occasionnel,1
4495,F,35,Abidjan,Partenaire,2023-11-24,Occasionnel,1
4496,F,43,Abidjan,Partenaire,2023-11-04,Nouveau,1
4497,F,38,Daloa,Mobile Money,2024-03-21,Fidèle,1
4498,F,26,Gagnoa,Mobile Money,2023-07-14,Occasionnel,1
4499,M,32,Abidjan,Mobile Money,2022-02-03,Fidèle,1
4500,M,55,Abidjan,Réseaux sociaux,2024-08-19,Régulier,0
4501,F,36,Abidjan,Boutique,2022-10-31,Nouveau,1
4502,F,43,Abidjan,Mobile Money,2022-09-27,Régulier,1
4503,M,39,San-Pédro,Mobile Money,2024-06-10,Régulier,1
4504,F,37,Abidjan,Mobile Money,2024-05-23,Nouveau,0
4505,F,35,Abidjan,Réseaux sociaux,2023-07-08,Nouveau,1
4506,F,43,Yamoussoukro,Boutique,2024-01-26,Fidèle,0
4507,F,41,Abidjan,Mobile Money,2022-03-30,Régulier,0
4508,F,36,Abidjan,Site Web,2022-11-04,Régulier,1
4509,M,26,Bouaké,Site Web,2022-09-23,Nouveau,1
4510,F,38,Abidjan,Site Web,2023-04-07,Régulier,1
4511,M,33,Abengourou,Réseaux sociaux,2023-01-27,Régulier,0
4512,F,30,Daloa,Mobile Money,2022-03-17,Nouveau,0
4513,M,63,Abengourou,Mobile Money,2024-01-25,Nouveau,0
4514,F,18,Abidjan,Mobile Money,2023-10-17,Occasionnel,0
4515,F,44,Daloa,Site Web,2023-02-20,Régulier,1
4516,F,24,Bouaké,Partenaire,2024-08-30,Nouveau,1
4517,F,35,Yamoussoukro,Mobile Money,2023-01-31,Fidèle,1
4518,F,62,Abidjan,Site Web,2022-05-10,Nouveau,1
4519,M,23,Abidjan,Site Web,2024-07-17,Fidèle,1
4520,F,26,Abidjan,Partenaire,2022-05-25,Nouveau,1
4521,F,33,San-Pédro,Boutique,2022-03-20,Régulier,1
4522,F,24,San-Pédro,Mobile Money,2023-06-04,Occasionnel,1
4523,M,43,Abidjan,Site Web,2023-09-27,Régulier,1
4524,M,28,Bouaké,Réseaux sociaux,2022-11-04,VIP,1
4525,M,41,Daloa,Site Web,2024-07-07,Nouveau,1
4526,M,19,Bouaké,Réseaux sociaux,2022-10-31,Nouveau,1
4527,M,18,Abidjan,Boutique,2024-11-21,Nouveau,1
4528,M,31,Korhogo,Site Web,2023-12-01,Occasionnel,1
4529,F,18,Bouaké,Mobile Money,2022-07-22,Régulier,1
4530,M,50,Yamoussoukro,Boutique,2023-03-26,Nouveau,1
4531,M,18,Yamoussoukro,Mobile Money,2022-03-25,Régulier,1
4532,F,22,Yamoussoukro,Mobile Money,2024-07-13,Occasionnel,1
4533,M,38,Abidjan,Mobile Money,2023-12-11,Fidèle,1
4534,F,27,Man,Site Web,2023-04-15,Occasionnel,1
4535,F,18,Abidjan,Réseaux sociaux,2024-01-14,VIP,0
4536,F,56,San-Pédro,Mobile Money,2023-11-05,Occasionnel,1
4537,M,22,Korhogo,Boutique,2023-10-19,VIP,1
4538,M,31,Yamoussoukro,Mobile Money,2023-03-12,Régulier,0
4539,F,31,Bouaké,Boutique,2023-01-20,Nouveau,1
4540,F,41,Abidjan,Mobile Money,2022-10-08,Régulier,1
4541,F,39,Abidjan,Boutique,2024-05-11,Occasionnel,1
4542,F,24,Bouaké,Réseaux sociaux,2023-06-01,Nouveau,1
4543,M,30,Abidjan,Boutique,2023-05-29,Occasionnel,1
4544,F,31,Abidjan,Site Web,2024-02-28,Fidèle,1
4545,F,42,Abengourou,Site Web,2023-08-05,Régulier,1
4546,F,21,Abidjan,Mobile Money,2024-11-09,Nouveau,1
4547,M,56,Abidjan,Boutique,2022-09-21,Fidèle,0
4548,F,25,Abidjan,Mobile Money,2022-02-16,Occasionnel,1
4549,M,33,Bouaké,Boutique,2023-04-07,Nouveau,0
4550,F,21,Abidjan,Réseaux sociaux,2023-08-06,Nouveau,1
4551,F,19,Daloa,Boutique,2024-06-18,Nouveau,1
4552,M,24,Abidjan,Boutique,2023-11-28,Régulier,1
4553,F,23,Abidjan,Mobile Money,2024-10-25,Nouveau,1
4554,M,29,Abidjan,Mobile Money,2022-04-04,Nouveau,1
4555,F,23,Abidjan,Partenaire,2023-08-12,Occasionnel,1
4556,M,41,San-Pédro,Mobile Money,2024-06-26,Fidèle,1
4557,M,25,Abidjan,Site Web,2023-07-04,Régulier,1
4558,M,24,Abidjan,Mobile Money,2022-10-30,Occasionnel,1
4559,F,29,Abidjan,Mobile Money,2024-04-21,Régulier,1
4560,M,44,Abidjan,Mobile Money,2024-08-16,Nouveau,1
4561,M,36,Abidjan,Réseaux sociaux,2022-10-11,Fidèle,1
4562,F,32,Abidjan,Mobile Money,2023-08-29,Nouveau,1
4563,F,18,Divo,Site Web,2024-05-31,Nouveau,1
4564,M,21,Abidjan,Mobile Money,2022-06-16,Occasionnel,1
4565,F,19,Bouaké,Site Web,2022-01-13,Nouveau,0
4566,M,48,Yamoussoukro,Boutique,2024-03-20,Nouveau,1
4567,M,39,Abidjan,Site Web,2024-04-03,Régulier,1
4568,F,24,Bouaké,Mobile Money,2022-06-22,Occasionnel,0
4569,M,27,Korhogo,Mobile Money,2023-10-16,Nouveau,1
4570,M,24,Daloa,Réseaux sociaux,2024-02-28,Régulier,1
4571,F,24,Man,Boutique,2024-11-20,Régulier,1
4572,M,39,Yamoussoukro,Mobile Money,2024-06-03,Fidèle,1
4573,F,30,Abidjan,Boutique,2022-08-29,Nouveau,1
4574,F,56,Man,Mobile Money,2023-09-23,Fidèle,0
4575,M,47,Abidjan,Boutique,2024-03-13,Régulier,1
4576,F,48,Bouaké,Boutique,2022-10-24,Occasionnel,1
4577,M,41,Daloa,Mobile Money,2022-06-28,Nouveau,1
4578,F,29,Korhogo,Boutique,2023-04-24,Occasionnel,1
4579,F,40,Man,Site Web,2024-02-27,Nouveau,0
4580,F,30,Abidjan,Partenaire,2023-08-02,Régulier,0
4581,M,51,Yamoussoukro,Site Web,2023-10-24,Régulier,0
4582,M,38,Abidjan,Boutique,2023-12-31,Nouveau,1
4583,M,36,Daloa,Site Web,2024-11-12,Nouveau,0
4584,M,35,Yamoussoukro,Mobile Money,2023-11-26,Fidèle,1
4585,M,53,Abidjan,Site Web,2022-05-28,Occasionnel,1
4586,M,18,San-Pédro,Mobile Money,2023-03-15,Occasionnel,1
4587,F,54,Abidjan,Mobile Money,2022-07-06,VIP,1
4588,M,31,Abidjan,Site Web,2024-04-10,Nouveau,1
4589,M,18,Gagnoa,Mobile Money,2024-12-27,Régulier,1
4590,M,25,Yamoussoukro,Site Web,2024-04-24,Régulier,0
4591,F,18,Bouaké,Site Web,2022-09-27,Nouveau,1
4592,F,41,Abidjan,Mobile Money,2024-02-02,Nouveau,1
4593,M,22,Abidjan,Boutique,2022-01-24,Fidèle,1
4594,F,35,Abidjan,Site Web,2022-10-26,Nouveau,1
4595,F,46,Abidjan,Site Web,2022-11-29,Nouveau,1
4596,M,26,Abidjan,Réseaux sociaux,2023-05-29,Occasionnel,1
4597,F,31,Abidjan,Mobile Money,2022-12-17,Régulier,1
4598,F,19,Yamoussoukro,Réseaux sociaux,2023-04-19,Occasionnel,1
4599,F,29,Abidjan,Boutique,2022-01-11,Nouveau,0
4600,F,62,Bouaké,Mobile Money,2024-06-13,Occasionnel,0
4601,M,42,Man,Site Web,2023-03-10,Occasionnel,1
4602,M,31,Abidjan,Mobile Money,2024-06-03,Régulier,1
4603,M,27,Yamoussoukro,Mobile Money,2022-03-05,Fidèle,1
4604,M,33,Abidjan,Mobile Money,2024-08-06,Nouveau,1
4605,M,35,Abidjan,Réseaux sociaux,2023-11-17,Régulier,1
4606,F,29,Daloa,Réseaux sociaux,2022-09-11,Régulier,1
4607,M,39,Abidjan,Partenaire,2024-04-04,Régulier,1
4608,F,23,Abidjan,Mobile Money,2024-03-30,Occasionnel,1
4609,F,23,Korhogo,Boutique,2024-03-06,Nouveau,0
4610,M,38,Abidjan,Réseaux sociaux,2024-08-11,Régulier,1
4611,M,21,Yamoussoukro,Mobile Money,2024-11-10,Régulier,1
4612,F,42,Bouaké,Boutique,2022-07-02,Régulier,0
4613,M,33,Abidjan,Mobile Money,2022-11-06,Nouveau,1
4614,F,18,Daloa,Boutique,2022-02-13,Nouveau,1
4615,F,35,Abidjan,Site Web,2022-03-14,Nouveau,1
4616,F,18,Abidjan,Mobile Money,2022-04-26,Nouveau,1
4617,F,41,Divo,Mobile Money,2024-01-28,Nouveau,1
4618,M,31,Abidjan,Site Web,2023-10-26,Nouveau,1
4619,F,54,Daloa,Site Web,2022-02-08,Nouveau,1
4620,F,45,Abidjan,Mobile Money,2023-04-07,Nouveau,1
4621,F,22,Abidjan,Mobile Money,2022-05-01,VIP,1
4622,M,18,Daloa,Partenaire,2022-08-02,Occasionnel,1
4623,M,25,Yamoussoukro,Site Web,2022-03-02,Nouveau,1
4624,M,20,Abidjan,Boutique,2023-08-02,Régulier,1
4625,F,54,Daloa,Site Web,2022-03-30,Occasionnel,1
4626,M,33,Abidjan,Partenaire,2024-05-10,Nouveau,0
4627,M,44,Abidjan,Mobile Money,2024-10-17,Occasionnel,1
4628,F,30,Daloa,Mobile Money,2024-07-26,Nouveau,1
4629,F,32,Bouaké,Boutique,2024-06-20,Occasionnel,1
4630,F,33,Abidjan,Réseaux sociaux,2024-04-03,Nouveau,1
4631,F,46,Daloa,Mobile Money,2024-09-24,Occasionnel,1
4632,F,37,Abidjan,Mobile Money,2024-08-27,Nouveau,1
4633,F,22,Man,Mobile Money,2022-08-25,Nouveau,1
4634,F,51,San-Pédro,Site Web,2023-10-24,Régulier,0
4635,M,30,Abidjan,Site Web,2022-12-02,Nouveau,1
4636,F,28,Abidjan,Boutique,2024-07-05,Occasionnel,1
4637,F,18,Divo,Mobile Money,2022-01-12,Nouveau,1
4638,M,40,Korhogo,Site Web,2023-04-02,Régulier,1
4639,F,35,Abidjan,Mobile Money,2023-02-20,Occasionnel,1
4640,F,35,Abidjan,Site Web,2024-07-22,Régulier,1
4641,F,29,Abidjan,Mobile Money,2022-11-19,Occasionnel,1
4642,F,27,Korhogo,Réseaux sociaux,2024-09-07,VIP,1
4643,F,29,Man,Boutique,2023-06-28,Nouveau,1
4644,F,39,San-Pédro,Site Web,2024-01-22,Régulier,1
4645,F,41,Abidjan,Mobile Money,2023-08-05,Occasionnel,1
4646,M,31,Korhogo,Mobile Money,2023-04-17,Occasionnel,1
4647,M,44,Abidjan,Site Web,2022-11-30,Régulier,1
4648,F,33,Abidjan,Boutique,2022-11-05,VIP,0
4649,F,28,Abidjan,Site Web,2023-12-03,Régulier,1
4650,F,36,Abidjan,Boutique,2022-12-23,Nouveau,0
4651,M,19,Bouaké,Boutique,2024-08-04,Occasionnel,1
4652,M,36,Abidjan,Réseaux sociaux,2022-05-25,Nouveau,1
4653,F,18,Abidjan,Boutique,2022-08-24,Régulier,1
4654,F,22,San-Pédro,Réseaux sociaux,2022-02-21,Occasionnel,1
4655,F,18,Abidjan,Boutique,2024-08-03,Nouveau,1
4656,M,32,Abidjan,Mobile Money,2023-03-30,Nouveau,1
4657,M,51,Abidjan,Site Web,2022-02-08,Fidèle,1
4658,F,32,Abidjan,Mobile Money,2022-02-16,Nouveau,1
4659,M,41,Abidjan,Mobile Money,2024-10-02,Nouveau,0
4660,F,59,Yamoussoukro,Mobile Money,2024-08-22,Nouveau,1
4661,M,38,Abidjan,Boutique,2022-10-31,Occasionnel,0
4662,M,25,Abidjan,Site Web,2023-12-13,Nouveau,0
4663,F,27,San-Pédro,Mobile Money,2022-10-04,Régulier,1
4664,F,34,Abidjan,Mobile Money,2024-07-12,Nouveau,1
4665,M,27,Daloa,Mobile Money,2024-02-23,Nouveau,1
4666,F,27,Abidjan,Mobile Money,2023-05-02,Nouveau,1
4667,M,44,Man,Mobile Money,2024-10-13,Nouveau,0
4668,F,45,Abidjan,Mobile Money,2022-09-03,Régulier,0
4669,M,18,Bouaké,Réseaux sociaux,2024-12-27,Nouveau,1
4670,F,25,Bouaké,Site Web,2022-11-14,Régulier,1
4671,F,28,Bouaké,Mobile Money,2024-08-31,Occasionnel,1
4672,F,40,San-Pédro,Mobile Money,2024-07-24,Nouveau,1
4673,F,46,Abidjan,Mobile Money,2023-09-09,Nouveau,1
4674,F,63,Abidjan,Boutique,2022-05-14,Occasionnel,1
4675,M,28,Korhogo,Boutique,2024-04-02,Occasionnel,1
4676,F,29,Korhogo,Réseaux sociaux,2024-02-04,Occasionnel,1
4677,F,40,Abidjan,Site Web,2024-08-05,Régulier,1
4678,F,26,Bouaké,Boutique,2022-09-05,Nouveau,0
4679,F,32,Daloa,Mobile Money,2022-09-20,Occasionnel,1
4680,M,29,Daloa,Site Web,2023-01-22,Occasionnel,1
4681,M,18,Korhogo,Partenaire,2023-02-08,Nouveau,1
4682,F,35,San-Pédro,Mobile Money,2022-01-04,Occasionnel,1
4683,M,31,Abidjan,Réseaux sociaux,2022-06-18,Occasionnel,1
4684,M,47,Bouaké,Mobile Money,2023-06-09,Occasionnel,1
4685,M,34,Abidjan,Site Web,2024-11-24,Régulier,1
4686,F,20,Abidjan,Mobile Money,2022-05-21,Nouveau,1
4687,F,31,San-Pédro,Site Web,2022-09-22,Occasionnel,1
4688,F,18,Bouaké,Mobile Money,2024-07-30,Régulier,1
4689,M,20,Abidjan,Boutique,2022-02-12,Occasionnel,1
4690,M,40,Yamoussoukro,Site Web,2022-04-18,Régulier,1
4691,F,31,Abidjan,Site Web,2024-09-01,Occasionnel,1
4692,F,44,Abidjan,Site Web,2022-10-02,Occasionnel,0
4693,M,18,Bouaké,Mobile Money,2022-12-04,Nouveau,1
4694,M,31,Daloa,Site Web,2022-01-17,Régulier,1
4695,F,28,Abidjan,Mobile Money,2023-03-21,Occasionnel,0
4696,M,44,Abidjan,Site Web,2024-12-23,Nouveau,1
4697,F,41,Bouaké,Mobile Money,2024-12-15,Nouveau,0
4698,F,41,Abidjan,Boutique,2023-12-04,Nouveau,1
4699,M,50,Man,Boutique,2024-01-10,Occasionnel,1
4700,M,29,Abidjan,Partenaire,2023-12-06,Nouveau,0
4701,M,48,Korhogo,Site Web,2024-01-31,Fidèle,1
4702,F,22,Abidjan,Mobile Money,2023-07-23,Fidèle,1
4703,F,22,Abidjan,Site Web,2022-08-14,VIP,1
4704,F,42,Abidjan,Mobile Money,2024-08-08,Nouveau,1
4705,F,18,Daloa,Mobile Money,2024-08-21,Occasionnel,1
4706,F,40,Divo,Boutique,2022-06-07,Fidèle,1
4707,F,35,Abidjan,Site Web,2022-04-14,Régulier,0
4708,F,45,Abidjan,Partenaire,2024-05-18,Nouveau,1
4709,F,33,Abidjan,Partenaire,2022-02-22,Fidèle,1
4710,F,34,Bouaké,Mobile Money,2024-06-02,Occasionnel,1
4711,M,39,Abidjan,Mobile Money,2024-12-11,Régulier,1
4712,F,26,Korhogo,Réseaux sociaux,2022-02-09,VIP,1
4713,M,26,Abidjan,Mobile Money,2024-05-24,VIP,1
4714,M,39,Daloa,Boutique,2022-05-26,Occasionnel,0
4715,M,33,San-Pédro,Partenaire,2022-11-14,Nouveau,1
4716,F,29,Abidjan,Mobile Money,2023-08-23,Régulier,1
4717,F,33,Abidjan,Boutique,2024-01-15,Régulier,1
4718,M,51,Korhogo,Réseaux sociaux,2022-04-09,Occasionnel,1
4719,F,29,Abidjan,Site Web,2022-04-30,Occasionnel,1
4720,F,28,Bouaké,Partenaire,2022-11-06,Occasionnel,1
4721,F,18,Korhogo,Site Web,2024-01-17,Occasionnel,1
4722,M,33,Abidjan,Mobile Money,2023-03-19,Fidèle,1
4723,F,41,Korhogo,Réseaux sociaux,2022-10-29,Fidèle,0
4724,M,43,Abidjan,Site Web,2022-06-22,Occasionnel,0
4725,F,35,Bouaké,Partenaire,2024-11-26,Occasionnel,1
4726,F,44,Abidjan,Boutique,2024-02-11,Occasionnel,1
4727,M,42,Abidjan,Boutique,2024-12-15,Occasionnel,0
4728,F,46,Abidjan,Mobile Money,2023-06-27,Nouveau,1
4729,M,44,Abidjan,Mobile Money,2024-06-15,Régulier,1
4730,F,51,Abidjan,Partenaire,2023-12-02,Régulier,1
4731,F,32,Abidjan,Partenaire,2023-07-30,Occasionnel,1
4732,M,19,Bouaké,Boutique,2023-06-04,Fidèle,0
4733,F,41,Abidjan,Partenaire,2023-07-02,VIP,1
4734,F,42,Abidjan,Boutique,2023-03-28,Régulier,1
4735,M,51,Abidjan,Réseaux sociaux,2023-12-02,Fidèle,1
4736,M,48,Abidjan,Site Web,2023-06-24,Occasionnel,1
4737,M,55,Abidjan,Site Web,2024-11-28,Fidèle,0
4738,F,40,Abidjan,Site Web,2024-09-11,Fidèle,1
4739,F,36,Bouaké,Site Web,2023-05-24,Régulier,0
4740,M,18,Daloa,Réseaux sociaux,2023-03-10,Nouveau,1
4741,F,37,Yamoussoukro,Boutique,2024-04-11,Nouveau,0
4742,F,27,Abidjan,Réseaux sociaux,2023-12-05,Occasionnel,0
4743,M,36,San-Pédro,Mobile Money,2022-09-11,Régulier,1
4744,F,34,Bouaké,Mobile Money,2024-07-02,Occasionnel,0
4745,F,39,Bouaké,Site Web,2024-01-18,Régulier,1
4746,F,32,Abidjan,Site Web,2023-11-12,Régulier,1
4747,F,44,Abidjan,Réseaux sociaux,2024-05-06,Nouveau,1
4748,M,18,Abidjan,Mobile Money,2022-09-05,Nouveau,1
4749,M,36,Abidjan,Mobile Money,2024-05-25,Régulier,0
4750,F,47,Yamoussoukro,Boutique,2022-05-14,Nouveau,1
4751,F,54,Abidjan,Réseaux sociaux,2024-05-18,Fidèle,1
4752,M,42,Abidjan,Partenaire,2023-10-10,Fidèle,0
4753,F,52,Abidjan,Réseaux sociaux,2023-09-30,Occasionnel,1
4754,F,35,Abidjan,Boutique,2024-03-07,Occasionnel,1
4755,M,34,Abidjan,Réseaux sociaux,2022-12-07,Fidèle,0
4756,M,39,Abidjan,Mobile Money,2024-04-21,Fidèle,1
4757,F,33,Abidjan,Partenaire,2022-01-29,Occasionnel,0
4758,M,25,Abidjan,Boutique,2024-01-30,VIP,1
4759,F,28,Bouaké,Boutique,2024-05-19,Occasionnel,1
4760,M,21,Man,Boutique,2022-01-04,Nouveau,1
4761,F,39,Korhogo,Site Web,2024-01-31,Occasionnel,1
4762,F,34,Bouaké,Mobile Money,2024-04-27,Régulier,1
4763,M,30,Abidjan,Mobile Money,2023-07-26,VIP,1
4764,F,27,Yamoussoukro,Site Web,2023-10-25,Nouveau,1
4765,F,39,Man,Partenaire,2022-03-07,Occasionnel,1
4766,F,42,Abidjan,Site Web,2024-12-18,Occasionnel,1
4767,M,21,Abidjan,Mobile Money,2024-11-24,Fidèle,1
4768,M,19,Daloa,Site Web,2024-04-17,Régulier,1
4769,F,44,Abidjan,Mobile Money,2022-01-17,Nouveau,1
4770,M,18,Daloa,Mobile Money,2023-04-17,Fidèle,1
4771,M,40,Abidjan,Mobile Money,2024-06-14,Régulier,1
4772,F,51,Abidjan,Boutique,2024-01-11,Fidèle,1
4773,F,51,Daloa,Mobile Money,2024-09-17,Fidèle,0
4774,F,42,Yamoussoukro,Mobile Money,2023-11-06,Nouveau,1
4775,F,41,Bouaké,Mobile Money,2024-02-21,VIP,1
4776,F,58,San-Pédro,Site Web,2023-01-05,Occasionnel,1
4777,F,18,San-Pédro,Mobile Money,2024-06-09,VIP,1
4778,F,28,Abidjan,Mobile Money,2023-08-08,Nouveau,1
4779,F,43,Abengourou,Boutique,2024-05-26,Régulier,1
4780,M,30,Abidjan,Site Web,2022-08-12,Nouveau,1
4781,F,47,Abidjan,Réseaux sociaux,2022-10-21,Nouveau,0
4782,M,33,San-Pédro,Boutique,2022-04-07,VIP,1
4783,M,35,Abidjan,Site Web,2024-01-10,Nouveau,0
4784,M,30,Korhogo,Réseaux sociaux,2024-03-13,Nouveau,1
4785,M,28,Abidjan,Site Web,2022-11-07,Fidèle,1
4786,M,27,Abidjan,Boutique,2023-02-25,Occasionnel,1
4787,F,36,Abidjan,Mobile Money,2023-09-16,Occasionnel,0
4788,M,25,Bouaké,Mobile Money,2024-04-07,VIP,1
4789,F,44,San-Pédro,Mobile Money,2022-11-28,Occasionnel,1
4790,M,41,Abidjan,Boutique,2023-06-19,Nouveau,1
4791,F,46,Abidjan,Partenaire,2022-07-23,Régulier,0
4792,F,21,Abidjan,Mobile Money,2024-06-05,Régulier,1
4793,F,18,Abidjan,Boutique,2024-08-14,Nouveau,1
4794,M,33,Bouaké,Partenaire,2024-03-20,Occasionnel,0
4795,F,65,Yamoussoukro,Site Web,2024-06-11,Occasionnel,0
4796,F,47,Abidjan,Mobile Money,2024-04-16,Nouveau,1
4797,F,27,Abidjan,Partenaire,2024-07-04,Nouveau,1
4798,F,38,Bouaké,Mobile Money,2023-04-16,Fidèle,1
4799,M,42,Abidjan,Mobile Money,2022-08-14,Nouveau,0
4800,M,18,Abidjan,Boutique,2024-11-18,Nouveau,1
4801,F,49,Bouaké,Mobile Money,2022-01-03,Fidèle,1
4802,F,32,Abidjan,Réseaux sociaux,2023-03-20,Occasionnel,1
4803,F,33,Abidjan,Mobile Money,2024-03-06,Fidèle,0
4804,F,34,Abidjan,Réseaux sociaux,2024-05-18,Fidèle,1
4805,M,46,Daloa,Mobile Money,2024-01-21,Occasionnel,1
4806,M,25,Abidjan,Partenaire,2023-06-21,Occasionnel,1
4807,F,18,San-Pédro,Mobile Money,2024-10-07,Nouveau,0
4808,M,37,Abidjan,Partenaire,2022-09-15,Nouveau,0
4809,F,18,Abidjan,Mobile Money,2022-06-05,Nouveau,1
4810,M,30,Daloa,Réseaux sociaux,2023-11-20,Occasionnel,1
4811,F,47,Abidjan,Réseaux sociaux,2022-12-17,Occasionnel,1
4812,M,40,Abidjan,Boutique,2023-05-29,Régulier,1
4813,F,45,Abidjan,Mobile Money,2023-05-16,Nouveau,1
4814,M,40,Yamoussoukro,Site Web,2022-10-17,Occasionnel,1
4815,F,60,Abidjan,Site Web,2024-12-29,Nouveau,1
4816,F,27,San-Pédro,Boutique,2023-02-23,Nouveau,1
4817,F,38,Abidjan,Site Web,2024-01-05,Régulier,1
4818,F,29,Abidjan,Partenaire,2022-06-25,Régulier,0
4819,M,44,Abidjan,Partenaire,2024-12-21,Occasionnel,1
4820,M,33,Abidjan,Boutique,2024-12-16,Occasionnel,1
4821,M,52,San-Pédro,Mobile Money,2022-03-17,Occasionnel,1
4822,F,28,Abidjan,Mobile Money,2023-12-06,Fidèle,1
4823,M,49,Korhogo,Site Web,2023-10-14,Occasionnel,1
4824,M,40,Abidjan,Partenaire,2022-07-10,Régulier,0
4825,F,33,Abidjan,Boutique,2024-04-22,Nouveau,1
4826,F,39,Abidjan,Mobile Money,2024-04-17,Occasionnel,0
4827,F,36,Daloa,Boutique,2024-07-13,Occasionnel,1
4828,F,37,Abidjan,Boutique,2023-10-22,Nouveau,1
4829,M,31,Bouaké,Partenaire,2024-02-14,Occasionnel,0
4830,M,26,Man,Site Web,2024-03-02,Occasionnel,1
4831,M,30,Bouaké,Mobile Money,2024-04-20,Nouveau,1
4832,F,18,Abidjan,Mobile Money,2023-10-03,VIP,1
4833,M,43,Daloa,Mobile Money,2024-03-26,Nouveau,1
4834,M,20,Abidjan,Site Web,2022-03-08,Fidèle,1
4835,F,31,Abidjan,Site Web,2023-11-08,Occasionnel,1
4836,M,41,Abidjan,Mobile Money,2022-08-11,Nouveau,1
4837,F,43,San-Pédro,Mobile Money,2023-03-22,Nouveau,1
4838,F,18,Abidjan,Réseaux sociaux,2024-04-21,Régulier,1
4839,F,32,Daloa,Réseaux sociaux,2022-05-05,Régulier,1
4840,F,39,Yamoussoukro,Boutique,2024-04-06,Régulier,1
4841,M,34,Abidjan,Boutique,2022-10-12,Occasionnel,1
4842,F,48,Abidjan,Partenaire,2024-04-05,Nouveau,1
4843,F,24,Yamoussoukro,Site Web,2024-04-19,Régulier,1
4844,F,18,Abidjan,Partenaire,2022-01-17,Fidèle,1
4845,F,42,Abidjan,Mobile Money,2022-09-13,Occasionnel,1
4846,F,28,Abidjan,Mobile Money,2024-05-31,Fidèle,1
4847,F,18,Korhogo,Mobile Money,2023-01-10,Régulier,1
4848,M,32,Abidjan,Réseaux sociaux,2023-04-26,Occasionnel,1
4849,F,47,Abidjan,Site Web,2022-01-18,Régulier,0
4850,M,20,Abidjan,Mobile Money,2024-01-30,Nouveau,0
4851,F,59,Abidjan,Partenaire,2022-04-13,Nouveau,1
4852,M,24,Gagnoa,Partenaire,2022-10-25,Régulier,1
4853,M,34,Abidjan,Mobile Money,2023-06-07,VIP,0
4854,F,20,Yamoussoukro,Site Web,2024-04-22,Occasionnel,1
4855,F,34,Daloa,Site Web,2023-06-30,Nouveau,1
4856,M,32,Abidjan,Mobile Money,2024-12-11,Nouveau,1
4857,F,18,Daloa,Site Web,2023-07-26,Occasionnel,1
4858,M,65,Gagnoa,Mobile Money,2022-10-05,Régulier,1
4859,F,28,Daloa,Réseaux sociaux,2022-07-28,Nouveau,0
4860,F,28,Yamoussoukro,Réseaux sociaux,2024-05-08,Nouveau,1
4861,F,44,Abidjan,Réseaux sociaux,2023-05-19,Régulier,0
4862,M,53,San-Pédro,Site Web,2023-10-25,Nouveau,1
4863,F,46,Abidjan,Mobile Money,2023-02-10,Occasionnel,0
4864,M,20,Daloa,Boutique,2022-10-27,Régulier,0
4865,M,36,Abidjan,Site Web,2023-10-19,Nouveau,1
4866,F,18,Bouaké,Mobile Money,2022-11-19,Occasionnel,1
4867,F,43,Korhogo,Site Web,2024-12-30,Nouveau,1
4868,F,18,Bouaké,Mobile Money,2024-03-12,Nouveau,1
4869,F,25,Abidjan,Mobile Money,2024-06-16,Fidèle,1
4870,M,33,Yamoussoukro,Boutique,2022-11-08,Régulier,1
4871,F,38,Man,Site Web,2022-02-02,Nouveau,0
4872,F,31,Bouaké,Boutique,2022-02-22,Nouveau,1
4873,M,50,Korhogo,Site Web,2024-07-29,Nouveau,1
4874,M,41,San-Pédro,Boutique,2024-08-14,Fidèle,1
4875,F,41,Korhogo,Site Web,2024-01-15,Régulier,1
4876,M,20,Abidjan,Site Web,2023-10-07,Régulier,0
4877,F,52,Abidjan,Boutique,2022-08-18,Nouveau,1
4878,M,25,San-Pédro,Boutique,2024-04-10,Fidèle,1
4879,F,53,Man,Boutique,2023-07-20,Régulier,0
4880,F,56,Abidjan,Mobile Money,2023-10-23,Nouveau,1
4881,F,39,Abidjan,Site Web,2022-01-27,Occasionnel,0
4882,M,45,Abidjan,Mobile Money,2023-07-20,Occasionnel,1
4883,M,18,Daloa,Réseaux sociaux,2024-01-30,Occasionnel,1
4884,F,31,Korhogo,Réseaux sociaux,2024-04-23,Occasionnel,1
4885,M,46,Bouaké,Boutique,2022-06-09,Nouveau,1
4886,M,44,Abidjan,Réseaux sociaux,2022-02-05,Régulier,1
4887,F,20,Abidjan,Site Web,2024-07-25,Régulier,0
4888,M,30,San-Pédro,Mobile Money,2022-12-08,Occasionnel,0
4889,F,18,Abidjan,Site Web,2023-06-02,Occasionnel,0
4890,M,38,Abidjan,Partenaire,2023-11-19,Nouveau,0
4891,F,18,Abidjan,Mobile Money,2023-06-23,Occasionnel,0
4892,F,46,San-Pédro,Mobile Money,2024-10-30,Régulier,1
4893,F,47,Abidjan,Boutique,2024-07-11,Occasionnel,1
4894,F,28,Abidjan,Boutique,2023-03-08,Fidèle,0
4895,M,39,Abidjan,Site Web,2022-07-29,Régulier,0
4896,F,31,Divo,Boutique,2024-12-03,Régulier,1
4897,F,36,Abidjan,Site Web,2024-02-15,Occasionnel,1
4898,F,21,Abidjan,Mobile Money,2024-04-07,Nouveau,1
4899,M,40,Abidjan,Boutique,2023-05-24,Fidèle,0
4900,M,18,Abidjan,Réseaux sociaux,2023-06-15,Régulier,0
4901,F,18,San-Pédro,Boutique,2022-07-19,Fidèle,1
4902,F,32,Daloa,Boutique,2023-04-15,Régulier,0
4903,F,31,Abidjan,Mobile Money,2023-08-18,Occasionnel,1
4904,M,36,Korhogo,Mobile Money,2022-05-22,Nouveau,1
4905,M,26,Abidjan,Boutique,2023-11-27,Occasionnel,0
4906,M,54,Korhogo,Boutique,2023-11-05,Occasionnel,0
4907,M,35,Abidjan,Site Web,2024-07-09,Fidèle,1
4908,F,36,Abidjan,Site Web,2022-02-27,Fidèle,0
4909,M,36,San-Pédro,Réseaux sociaux,2022-09-05,Occasionnel,0
4910,F,45,Korhogo,Réseaux sociaux,2023-04-15,Occasionnel,0
4911,F,40,Daloa,Mobile Money,2024-08-21,Nouveau,0
4912,F,38,Yamoussoukro,Mobile Money,2022-09-18,Occasionnel,1
4913,F,42,San-Pédro,Réseaux sociaux,2024-11-30,VIP,1
4914,M,18,Yamoussoukro,Mobile Money,2024-11-13,Régulier,1
4915,F,18,Abidjan,Boutique,2022-04-14,Occasionnel,1
4916,M,33,Abidjan,Mobile Money,2023-02-02,Fidèle,1
4917,M,31,Yamoussoukro,Site Web,2022-10-11,Nouveau,1
4918,M,40,Bouaké,Mobile Money,2023-06-20,VIP,1
4919,M,34,Korhogo,Mobile Money,2024-10-09,Régulier,1
4920,F,40,Abidjan,Boutique,2023-02-16,Nouveau,1
4921,F,20,Abidjan,Site Web,2023-12-27,Régulier,1
4922,F,33,Abidjan,Mobile Money,2022-05-31,Nouveau,1
4923,F,19,San-Pédro,Site Web,2023-09-17,Régulier,1
4924,M,38,Abidjan,Boutique,2023-01-22,Nouveau,1
4925,F,18,Korhogo,Boutique,2024-10-01,Nouveau,0
4926,F,37,Abidjan,Boutique,2024-05-03,Régulier,1
4927,F,18,Abidjan,Mobile Money,2022-08-24,Occasionnel,1
4928,F,29,San-Pédro,Mobile Money,2023-11-12,Nouveau,0
4929,M,43,Abidjan,Réseaux sociaux,2023-01-10,Fidèle,1
4930,F,36,San-Pédro,Mobile Money,2023-04-24,Nouveau,1
4931,M,18,Abidjan,Partenaire,2023-05-22,Régulier,1
4932,M,26,Abidjan,Mobile Money,2024-06-17,Régulier,1
4933,M,18,Bouaké,Boutique,2022-11-14,Nouveau,1
4934,F,18,Korhogo,Site Web,2022-01-05,VIP,0
4935,M,35,Abidjan,Réseaux sociaux,2022-07-31,Occasionnel,1
4936,F,40,Abidjan,Mobile Money,2024-06-24,Nouveau,0
4937,F,38,Yamoussoukro,Mobile Money,2022-11-21,Occasionnel,1
4938,M,40,Gagnoa,Site Web,2022-03-07,Régulier,0
4939,M,33,San-Pédro,Mobile Money,2023-03-15,Nouveau,1
4940,F,30,San-Pédro,Site Web,2024-08-10,Nouveau,1
4941,M,22,Abidjan,Réseaux sociaux,2024-08-14,Occasionnel,1
4942,F,29,Bouaké,Mobile Money,2024-11-03,Régulier,1
4943,M,19,San-Pédro,Réseaux sociaux,2024-01-19,Nouveau,1
4944,M,24,Korhogo,Mobile Money,2024-06-15,Occasionnel,0
4945,M,34,San-Pédro,Réseaux sociaux,2024-04-26,Nouveau,1
4946,M,32,San-Pédro,Partenaire,2022-01-22,Nouveau,1
4947,M,67,Korhogo,Site Web,2023-04-03,Régulier,1
4948,M,19,Abidjan,Partenaire,2023-07-31,Nouveau,1
4949,M,32,Abidjan,Réseaux sociaux,2023-05-23,Nouveau,1
4950,M,18,Gagnoa,Mobile Money,2024-06-26,Nouveau,1
4951,F,29,Abidjan,Mobile Money,2024-12-11,Régulier,0
4952,M,30,Abidjan,Mobile Money,2023-08-20,Occasionnel,1
4953,F,43,Abidjan,Boutique,2022-04-16,Occasionnel,0
4954,M,29,Bouaké,Site Web,2023-01-30,Régulier,1
4955,F,31,San-Pédro,Boutique,2022-08-05,Régulier,1
4956,F,29,San-Pédro,Site Web,2023-05-31,Nouveau,1
4957,M,18,Abidjan,Boutique,2022-09-14,Nouveau,1
4958,F,26,Abidjan,Mobile Money,2022-03-30,Nouveau,1
4959,F,29,Abidjan,Mobile Money,2022-07-07,Fidèle,1
4960,M,34,Korhogo,Partenaire,2023-06-28,Nouveau,1
4961,F,40,Abidjan,Boutique,2022-06-04,Nouveau,0
4962,F,31,Bouaké,Mobile Money,2022-01-31,Occasionnel,0
4963,F,31,Bouaké,Mobile Money,2022-11-04,Occasionnel,1
4964,F,18,Bouaké,Partenaire,2023-12-07,Régulier,1
4965,F,39,Bouaké,Mobile Money,2023-11-22,Occasionnel,1
4966,F,26,Yamoussoukro,Site Web,2023-03-04,Nouveau,1
4967,F,42,Bouaké,Mobile Money,2023-12-28,Régulier,1
4968,F,48,Abidjan,Mobile Money,2022-07-29,Régulier,1
4969,F,31,Abidjan,Site Web,2024-03-02,VIP,1
4970,M,22,Abidjan,Site Web,2022-01-20,Régulier,1
4971,M,33,Abidjan,Site Web,2022-05-28,Occasionnel,0
4972,F,37,Daloa,Mobile Money,2024-10-06,Nouveau,1
4973,F,30,Abidjan,Partenaire,2023-05-28,VIP,1
4974,M,27,San-Pédro,Boutique,2023-09-02,Régulier,1
4975,M,40,Abidjan,Partenaire,2023-03-12,Nouveau,1
4976,F,39,Daloa,Mobile Money,2023-12-10,Occasionnel,1
4977,F,30,Abidjan,Boutique,2024-03-30,Occasionnel,1
4978,F,18,Abidjan,Mobile Money,2024-05-03,Nouveau,1
4979,M,39,Abidjan,Site Web,2022-09-30,Régulier,1
4980,M,25,Bouaké,Site Web,2023-11-18,Régulier,1
4981,M,36,Abidjan,Boutique,2024-05-08,Nouveau,1
4982,F,35,Daloa,Mobile Money,2023-03-29,VIP,1
4983,F,18,Bouaké,Mobile Money,2023-02-23,Fidèle,0
4984,F,34,Divo,Mobile Money,2023-11-19,Nouveau,0
4985,F,39,Yamoussoukro,Réseaux sociaux,2023-09-21,Occasionnel,1
4986,F,41,Bouaké,Mobile Money,2022-10-04,Fidèle,1
4987,M,35,San-Pédro,Mobile Money,2024-11-14,Occasionnel,1
4988,F,18,Abidjan,Boutique,2023-09-07,VIP,0
4989,M,48,Bouaké,Mobile Money,2023-09-11,Nouveau,1
4990,F,38,Abidjan,Partenaire,2022-08-14,Régulier,1
4991,F,20,Daloa,Mobile Money,2024-01-10,Occasionnel,1
4992,M,25,Abidjan,Partenaire,2024-10-01,Nouveau,1
4993,M,36,Abidjan,Site Web,2024-03-06,Régulier,0
4994,F,41,Yamoussoukro,Boutique,2023-07-12,Nouveau,1
4995,M,28,Abidjan,Boutique,2023-11-29,Nouveau,1
4996,F,43,Abidjan,Site Web,2022-09-14,Nouveau,0
4997,F,18,Abidjan,Site Web,2022-03-08,Nouveau,1
4998,F,22,San-Pédro,Mobile Money,2023-12-02,Nouveau,1
4999,F,18,Abidjan,Réseaux sociaux,2022-07-19,Occasionnel,1
5000,M,24,Abidjan,Boutique,2022-04-09,Nouveau,1
